symbol,stage,product,entry_time,exit_time,entry_price,exit_price,shares,gross_pnl,net_pnl,r_multiple,exit_reason
CGPOWER,bollinger_meanrev,MIS,2026-06-04 10:50:00,2026-06-04 11:10:00,947.7,948.4,31,-21.7,-52.87,-0.08,trailing_stop
DABUR,bollinger_meanrev,MIS,2026-06-04 10:50:00,2026-06-04 11:10:00,425.0,425.6857142857143,70,-48.0,-79.58,-0.3,trailing_stop
LICHSGFIN,bollinger_meanrev,MIS,2026-06-04 10:50:00,2026-06-04 12:00:00,545.35,544.2857142857142,55,58.54,26.77,0.39,trailing_stop
WIPRO,bollinger_meanrev,MIS,2026-06-04 10:55:00,2026-06-04 11:00:00,204.6,204.06,146,78.84,47.21,0.63,trailing_stop
ADANIENSOL,bollinger_meanrev,MIS,2026-06-04 11:00:00,2026-06-04 11:50:00,1517.6,1507.7,19,188.1,157.64,1.09,target_mid_band
NAUKRI,bollinger_meanrev,MIS,2026-06-04 11:10:00,2026-06-04 11:55:00,1021.7,1019.7642857142857,29,56.14,24.75,0.28,trailing_stop
SUPREMEIND,bollinger_meanrev,MIS,2026-06-04 11:15:00,2026-06-04 12:05:00,3673.8,3678.042857142857,8,-33.94,-65.13,-0.19,trailing_stop
COALINDIA,bollinger_meanrev,MIS,2026-06-04 11:25:00,2026-06-04 13:10:00,481.7,481.0,62,43.4,11.76,0.27,target_mid_band
HAVELLS,bollinger_meanrev,MIS,2026-06-04 11:25:00,2026-06-04 11:55:00,1171.6,1174.0857142857144,25,-62.14,-93.24,-0.58,trailing_stop
RECLTD,bollinger_meanrev,MIS,2026-06-04 11:40:00,2026-06-04 12:05:00,332.85,334.4857142857143,90,-147.21,-179.08,-0.97,trailing_stop
BSE,bollinger_meanrev,MIS,2026-06-04 11:45:00,2026-06-04 12:45:00,4092.6,4086.5,7,42.7,12.35,0.2,trailing_stop
PFC,bollinger_meanrev,MIS,2026-06-04 11:45:00,2026-06-04 13:05:00,426.9,426.1,70,56.0,24.35,0.29,target_mid_band
GMRAIRPORT,bollinger_meanrev,MIS,2026-06-04 11:50:00,2026-06-04 12:50:00,103.14,102.57,290,165.3,133.69,0.46,target_mid_band
CUMMINSIND,bollinger_meanrev,MIS,2026-06-04 12:10:00,2026-06-04 12:15:00,5855.0,5855.285714285715,5,-1.43,-32.47,-0.01,trailing_stop
IRCTC,bollinger_meanrev,MIS,2026-06-04 12:10:00,2026-06-04 13:10:00,530.5,528.2928571428572,56,123.6,92.18,0.94,trailing_stop
SBILIFE,bollinger_meanrev,MIS,2026-06-04 12:25:00,2026-06-04 13:05:00,1778.9,1779.2285714285713,16,-5.26,-35.44,-0.06,trailing_stop
AUROPHARMA,bollinger_meanrev,MIS,2026-06-04 12:40:00,2026-06-04 13:25:00,1474.1,1478.2428571428572,20,-82.86,-114.17,-0.64,trailing_stop
ABCAPITAL,bollinger_meanrev,MIS,2026-06-04 12:55:00,2026-06-04 13:45:00,356.0,355.60714285714283,84,33.0,1.31,0.24,trailing_stop
CHOLAFIN,bollinger_meanrev,MIS,2026-06-04 13:00:00,2026-06-04 13:05:00,1489.3,1488.9,20,8.0,-23.58,0.07,trailing_stop
TATACAP,bollinger_meanrev,MIS,2026-06-04 13:05:00,2026-06-04 13:10:00,309.55,310.2,96,-62.4,-93.95,-0.61,trailing_stop
TATACOMM,bollinger_meanrev,MIS,2026-06-04 13:15:00,2026-06-04 14:00:00,1991.2,1999.9571428571428,15,-131.36,-163.11,-0.65,trailing_stop
BAJAJ-AUTO,bollinger_meanrev,MIS,2026-06-04 13:40:00,2026-06-04 14:10:00,10385.0,10417.857142857143,2,-65.71,-87.78,-0.54,trailing_stop
TVSMOTOR,bollinger_meanrev,MIS,2026-06-04 13:40:00,2026-06-04 14:50:00,3386.1,3364.7,8,171.2,142.58,1.15,target_mid_band
TMCV,bollinger_meanrev,MIS,2026-06-04 14:20:00,2026-06-04 14:55:00,378.05,376.85,79,94.8,63.19,0.87,target_mid_band
POWERGRID,bollinger_meanrev,MIS,2026-06-04 14:25:00,2026-06-04 15:10:00,283.95,284.57142857142856,105,-65.25,-96.91,-0.7,trailing_stop
PNB,bollinger_meanrev,MIS,2026-06-04 14:30:00,2026-06-04 15:15:00,102.76,102.76,291,-0.0,-31.71,-0.0,forced_close
AUBANK,bollinger_meanrev,MIS,2026-06-04 14:35:00,2026-06-04 15:00:00,960.0,961.9071428571428,31,-59.12,-90.72,-0.62,trailing_stop
INDIANB,bollinger_meanrev,MIS,2026-06-04 14:35:00,2026-06-04 15:15:00,821.45,818.65,36,100.8,69.5,1.1,target_mid_band
NHPC,bollinger_meanrev,MIS,2026-06-04 14:35:00,2026-06-04 14:45:00,75.96,76.29714285714286,394,-132.83,-164.66,-1.02,trailing_stop
NYKAA,bollinger_meanrev,MIS,2026-06-04 14:35:00,2026-06-04 14:45:00,268.85,267.1214285714285,111,191.87,160.35,1.97,trailing_stop
TRENT,bollinger_meanrev,MIS,2026-06-04 14:35:00,2026-06-04 15:10:00,2823.6,2841.1285714285714,10,-175.29,-205.34,-0.83,trailing_stop
UNIONBANK,bollinger_meanrev,MIS,2026-06-04 14:35:00,2026-06-04 14:45:00,161.87,162.09857142857143,185,-42.29,-74.07,-0.44,trailing_stop
COROMANDEL,bollinger_meanrev,MIS,2026-06-04 14:40:00,2026-06-04 14:50:00,1759.1,1759.8428571428572,17,-12.63,-44.35,-0.14,trailing_stop
FEDERALBNK,bollinger_meanrev,MIS,2026-06-04 14:40:00,2026-06-04 15:05:00,299.85,299.8071428571428,100,4.29,-27.51,0.03,trailing_stop
BHARTIARTL,bollinger_meanrev,MIS,2026-06-04 14:45:00,2026-06-04 15:00:00,1812.1,1817.4571428571428,16,-85.71,-116.52,-0.89,trailing_stop
VEDL,bollinger_meanrev,MIS,2026-06-04 14:55:00,2026-06-04 15:10:00,329.5,327.0,91,227.5,195.85,1.26,target_mid_band
TITAN,bollinger_meanrev,MIS,2026-06-04 15:20:00,2026-06-04 15:25:00,4245.1,4250.0,7,-34.3,-65.83,-0.21,forced_close
APOLLOHOSP,bollinger_meanrev,MIS,2026-06-05 09:15:00,2026-06-05 10:25:00,8332.5,8289.5,3,129.0,102.57,1.06,target_mid_band
CONCOR,bollinger_meanrev,MIS,2026-06-05 09:15:00,2026-06-05 09:30:00,457.0,456.48571428571427,65,33.43,1.95,0.22,trailing_stop
GAIL,bollinger_meanrev,MIS,2026-06-05 09:15:00,2026-06-05 09:40:00,168.71,169.06714285714287,177,-63.21,-94.92,-0.35,trailing_stop
LAURUSLABS,bollinger_meanrev,MIS,2026-06-05 09:15:00,2026-06-05 09:20:00,1438.0,1443.7,20,-114.0,-144.57,-1.13,trailing_stop
LTF,bollinger_meanrev,MIS,2026-06-05 09:15:00,2026-06-05 10:00:00,269.55,271.5,111,-216.45,-248.32,-1.43,trailing_stop
LUPIN,bollinger_meanrev,MIS,2026-06-05 09:15:00,2026-06-05 09:20:00,2292.5,2305.7428571428572,13,-172.16,-203.87,-1.03,trailing_stop
RECLTD,bollinger_meanrev,MIS,2026-06-05 09:15:00,2026-06-05 09:30:00,341.45,341.66428571428565,87,-18.64,-50.16,-0.1,trailing_stop
TCS,bollinger_meanrev,MIS,2026-06-05 09:15:00,2026-06-05 10:15:00,2259.7,2244.8,13,193.7,162.67,1.34,target_mid_band
TECHM,bollinger_meanrev,MIS,2026-06-05 09:15:00,2026-06-05 10:15:00,1478.3,1458.5,20,396.0,364.9,1.82,target_mid_band
TITAN,bollinger_meanrev,MIS,2026-06-05 09:15:00,2026-06-05 09:35:00,4250.5,4271.971428571428,7,-150.3,-181.95,-0.71,trailing_stop
ULTRACEMCO,bollinger_meanrev,MIS,2026-06-05 09:15:00,2026-06-05 09:20:00,10815,10773,2,84,61.12,1.02,target_mid_band
VMM,bollinger_meanrev,MIS,2026-06-05 09:15:00,2026-06-05 09:20:00,119.52,119.2057142857143,251,78.89,47.12,0.64,trailing_stop
BANKINDIA,bollinger_meanrev,MIS,2026-06-05 09:20:00,2026-06-05 09:50:00,141.74,142.0857142857143,211,-72.95,-104.71,-0.41,trailing_stop
CUMMINSIND,bollinger_meanrev,MIS,2026-06-05 09:20:00,2026-06-05 09:50:00,5846.5,5796.5,5,250.0,219.16,1.63,target_mid_band
DRREDDY,bollinger_meanrev,MIS,2026-06-05 09:20:00,2026-06-05 09:25:00,1279.2,1278.3428571428572,23,19.71,-11.47,0.17,trailing_stop
GROWW,bollinger_meanrev,MIS,2026-06-05 09:20:00,2026-06-05 10:25:00,194.16,194.24714285714285,154,-13.42,-45.14,-0.06,trailing_stop
HDFCLIFE,bollinger_meanrev,MIS,2026-06-05 09:20:00,2026-06-05 09:30:00,585.6,588.1142857142858,51,-128.23,-159.98,-0.72,trailing_stop
SHRIRAMFIN,bollinger_meanrev,MIS,2026-06-05 09:20:00,2026-06-05 09:55:00,922.7,927.0357142857143,32,-138.74,-170.14,-0.87,trailing_stop
UNIONBANK,bollinger_meanrev,MIS,2026-06-05 09:20:00,2026-06-05 09:30:00,163.23,164.09428571428572,183,-158.16,-189.94,-1.06,trailing_stop
ADANIENT,bollinger_meanrev,MIS,2026-06-05 09:25:00,2026-06-05 10:40:00,3032.0,3028.342857142857,9,32.91,4.0,0.1,trailing_stop
ADANIGREEN,bollinger_meanrev,MIS,2026-06-05 09:30:00,2026-06-05 10:05:00,1458.0,1470.3857142857144,20,-247.71,-278.8,-0.9,trailing_stop
SBILIFE,bollinger_meanrev,MIS,2026-06-05 09:30:00,2026-06-05 09:35:00,1790.6,1795.6857142857143,16,-81.37,-111.81,-0.52,trailing_stop
BAJFINANCE,bollinger_meanrev,MIS,2026-06-05 09:35:00,2026-06-05 09:50:00,886.5,892.2928571428571,33,-191.16,-222.31,-1.11,trailing_stop
MFSL,bollinger_meanrev,MIS,2026-06-05 09:40:00,2026-06-05 10:05:00,1606.9,1618.0571428571427,18,-200.83,-231.63,-0.83,trailing_stop
BANKBARODA,bollinger_meanrev,MIS,2026-06-05 09:45:00,2026-06-05 09:55:00,266.8,268.3357142857143,112,-172.0,-203.8,-0.98,trailing_stop
CANBK,bollinger_meanrev,MIS,2026-06-05 09:45:00,2026-06-05 09:50:00,130.35,131.14714285714285,230,-183.34,-215.25,-0.93,trailing_stop
PNB,bollinger_meanrev,MIS,2026-06-05 09:45:00,2026-06-05 09:50:00,104.19,104.85142857142857,287,-189.83,-221.66,-1.07,trailing_stop
AUBANK,bollinger_meanrev,MIS,2026-06-05 10:05:00,2026-06-05 11:05:00,975.65,977.7071428571429,30,-61.71,-92.79,-0.29,trailing_stop
CHOLAFIN,bollinger_meanrev,MIS,2026-06-05 10:05:00,2026-06-05 10:50:00,1538.4,1505.7,19,621.3,590.7,1.57,target_mid_band
COROMANDEL,bollinger_meanrev,MIS,2026-06-05 10:05:00,2026-06-05 11:10:00,1803.5,1798.1,16,86.4,55.85,0.3,trailing_stop
M&MFIN,bollinger_meanrev,MIS,2026-06-05 10:05:00,2026-06-05 10:30:00,288.85,290.1,103,-128.75,-160.38,-0.46,trailing_stop
MUTHOOTFIN,bollinger_meanrev,MIS,2026-06-05 10:05:00,2026-06-05 10:35:00,3222.8,3186.7,9,324.9,294.35,1.16,target_mid_band
INDUSINDBK,bollinger_meanrev,MIS,2026-06-05 10:25:00,2026-06-05 11:05:00,915.75,921.1214285714286,32,-171.89,-203.07,-0.77,trailing_stop
PRESTIGE,bollinger_meanrev,MIS,2026-06-05 11:05:00,2026-06-05 12:10:00,1408.4,1397.0,21,239.4,208.19,0.86,target_mid_band
VBL,bollinger_meanrev,MIS,2026-06-05 11:45:00,2026-06-05 13:00:00,527.85,523.65,56,235.2,204.0,1.62,target_mid_band
TMPV,bollinger_meanrev,MIS,2026-06-05 11:50:00,2026-06-05 12:40:00,400.45,399.0,74,107.3,75.94,0.68,target_mid_band
TORNTPHARM,bollinger_meanrev,MIS,2026-06-05 12:10:00,2026-06-05 13:20:00,4443.6,4429.1,6,87.0,58.78,0.56,target_mid_band
DIVISLAB,bollinger_meanrev,MIS,2026-06-05 14:30:00,2026-06-05 15:15:00,6616.0,6629.285714285715,4,-53.14,-81.24,-0.71,trailing_stop
HDFCAMC,bollinger_meanrev,MIS,2026-06-05 14:30:00,2026-06-05 14:40:00,2492.5,2496.6,12,-49.2,-80.95,-0.38,trailing_stop
TVSMOTOR,bollinger_meanrev,MIS,2026-06-05 14:30:00,2026-06-05 14:40:00,3385.6,3392.4142857142856,8,-54.51,-83.27,-0.63,trailing_stop
ZYDUSLIFE,bollinger_meanrev,MIS,2026-06-05 14:30:00,2026-06-05 14:35:00,1091.2,1091.642857142857,27,-11.96,-43.21,-0.14,trailing_stop
MANKIND,bollinger_meanrev,MIS,2026-06-05 14:35:00,2026-06-05 14:40:00,2348.5,2353.5857142857144,12,-61.03,-90.95,-0.88,trailing_stop
WAAREEENER,bollinger_meanrev,MIS,2026-06-05 14:35:00,2026-06-05 15:15:00,3053.3,3057.0,9,-33.3,-62.46,-0.39,forced_close
360ONE,bollinger_meanrev,MIS,2026-06-05 14:40:00,2026-06-05 15:15:00,1077.4,1076.657142857143,27,20.06,-10.78,0.11,trailing_stop
INDHOTEL,bollinger_meanrev,MIS,2026-06-05 14:40:00,2026-06-05 15:15:00,659.15,657.65,45,67.5,36.09,0.57,forced_close
INDIGO,bollinger_meanrev,MIS,2026-06-05 14:40:00,2026-06-05 14:45:00,4494.1,4497.814285714286,6,-22.29,-50.89,-0.22,trailing_stop
JSWSTEEL,bollinger_meanrev,MIS,2026-06-05 14:40:00,2026-06-05 15:15:00,1284.6,1284.8,23,-4.6,-35.93,-0.03,forced_close
LTM,bollinger_meanrev,MIS,2026-06-05 14:40:00,2026-06-05 15:15:00,4038.0,4035.7,7,16.1,-13.86,0.17,forced_close
M&M,bollinger_meanrev,MIS,2026-06-05 14:40:00,2026-06-05 15:10:00,3052.7,3038.1,9,131.4,102.35,1.45,target_mid_band
NMDC,bollinger_meanrev,MIS,2026-06-05 14:40:00,2026-06-05 15:15:00,92.95,93.12285714285716,322,-55.66,-87.43,-0.36,trailing_stop
TATASTEEL,bollinger_meanrev,MIS,2026-06-05 14:40:00,2026-06-05 15:15:00,207.0,207.06,144,-8.64,-40.26,-0.07,forced_close
TRENT,bollinger_meanrev,MIS,2026-06-05 14:40:00,2026-06-05 15:15:00,2783.0,2771.0,10,120.0,90.56,1.0,forced_close
WIPRO,bollinger_meanrev,MIS,2026-06-05 14:40:00,2026-06-05 15:00:00,197.95,198.36142857142858,151,-62.13,-93.86,-0.58,trailing_stop
FEDERALBNK,bollinger_meanrev,MIS,2026-06-05 14:45:00,2026-06-05 14:50:00,301.95,303.5357142857143,99,-156.99,-188.79,-1.02,trailing_stop
RVNL,bollinger_meanrev,MIS,2026-06-05 14:50:00,2026-06-05 15:15:00,235.97,235.8,127,21.59,-10.18,0.17,forced_close
SIEMENS,bollinger_meanrev,MIS,2026-06-05 15:00:00,2026-06-05 15:15:00,3702.8,3705.9,8,-24.8,-56.23,-0.17,forced_close
NHPC,bollinger_meanrev,MIS,2026-06-05 15:05:00,2026-06-05 15:15:00,74.93,74.98,400,-20.0,-51.8,-0.11,forced_close
GRASIM,bollinger_meanrev,MIS,2026-06-05 15:15:00,2026-06-05 15:20:00,3092.7,3089.5,9,28.8,-0.7,0.28,forced_close
NATIONALUM,bollinger_meanrev,MIS,2026-06-05 15:15:00,2026-06-05 15:20:00,396.6,395.2,75,105.0,73.52,0.71,forced_close
NESTLEIND,bollinger_meanrev,MIS,2026-06-05 15:25:00,2026-06-05 15:25:00,1391.3,1391.3,21,-0.0,-30.98,-0.0,eod_data_end
AMBUJACEM,bollinger_meanrev,MIS,2026-06-08 09:15:00,2026-06-08 09:25:00,420.4,422.3571428571429,71,-138.96,-170.7,-0.7,trailing_stop
FORTIS,bollinger_meanrev,MIS,2026-06-08 09:55:00,2026-06-08 10:55:00,1001.7,998.9928571428571,29,78.51,47.75,0.19,trailing_stop
VBL,bollinger_meanrev,MIS,2026-06-08 10:30:00,2026-06-08 11:05:00,525.85,527.8928571428571,57,-116.44,-148.3,-0.48,trailing_stop
TECHM,bollinger_meanrev,MIS,2026-06-08 10:35:00,2026-06-08 11:20:00,1458.1,1460.1571428571428,20,-41.14,-72.09,-0.2,trailing_stop
TMCV,bollinger_meanrev,MIS,2026-06-08 10:50:00,2026-06-08 12:10:00,366.3,366.15,81,12.15,-19.31,0.05,target_mid_band
DLF,bollinger_meanrev,MIS,2026-06-08 10:55:00,2026-06-08 11:45:00,568.65,567.8642857142856,52,40.86,9.53,0.23,trailing_stop
NAUKRI,bollinger_meanrev,MIS,2026-06-08 10:55:00,2026-06-08 12:20:00,1002.65,1001.8714285714285,29,22.58,-8.24,0.1,trailing_stop
PFC,bollinger_meanrev,MIS,2026-06-08 10:55:00,2026-06-08 11:30:00,433.95,429.95,69,276.0,244.42,1.39,target_mid_band
COLPAL,bollinger_meanrev,MIS,2026-06-08 11:15:00,2026-06-08 12:35:00,2018.0,2015.5285714285715,14,34.6,4.66,0.26,trailing_stop
ITC,bollinger_meanrev,MIS,2026-06-08 11:25:00,2026-06-08 11:40:00,282.55,283.38571428571424,106,-88.59,-120.4,-0.84,trailing_stop
POWERGRID,bollinger_meanrev,MIS,2026-06-08 11:45:00,2026-06-08 13:10:00,291.45,291.1,102,35.7,4.2,0.32,target_mid_band
MARUTI,bollinger_meanrev,MIS,2026-06-08 11:50:00,2026-06-08 12:50:00,13025,13004.285714285714,2,41.43,13.83,0.59,trailing_stop
INDHOTEL,bollinger_meanrev,MIS,2026-06-08 12:00:00,2026-06-08 12:35:00,659.15,656.0,45,141.75,110.39,1.24,target_mid_band
OIL,bollinger_meanrev,MIS,2026-06-08 12:00:00,2026-06-08 12:15:00,492.3,493.1571428571428,60,-51.43,-82.79,-0.38,trailing_stop
AXISBANK,bollinger_meanrev,MIS,2026-06-08 12:35:00,2026-06-08 12:40:00,1274.9,1278.3714285714286,23,-79.84,-110.99,-0.92,trailing_stop
MCX,bollinger_meanrev,MIS,2026-06-08 12:40:00,2026-06-08 13:50:00,2831.2,2841.857142857143,10,-106.57,-136.66,-0.6,trailing_stop
BEL,bollinger_meanrev,MIS,2026-06-08 12:45:00,2026-06-08 12:50:00,415.3,415.44999999999993,72,-10.8,-42.52,-0.08,trailing_stop
HAL,bollinger_meanrev,MIS,2026-06-08 12:45:00,2026-06-08 13:15:00,4236.0,4210.0,7,182.0,150.67,1.97,target_mid_band
MAZDOCK,bollinger_meanrev,MIS,2026-06-08 12:45:00,2026-06-08 12:50:00,2408.0,2411.1000000000004,12,-37.2,-67.87,-0.42,trailing_stop
NATIONALUM,bollinger_meanrev,MIS,2026-06-08 12:45:00,2026-06-08 13:20:00,388.6,385.1,77,269.5,237.94,1.83,target_mid_band
ULTRACEMCO,bollinger_meanrev,MIS,2026-06-08 12:45:00,2026-06-08 13:30:00,10658,10647.0,2,22.0,-0.59,0.41,trailing_stop
LICHSGFIN,bollinger_meanrev,MIS,2026-06-08 12:50:00,2026-06-08 13:05:00,548.7,549.8928571428572,54,-64.41,-95.88,-0.68,trailing_stop
JINDALSTEL,bollinger_meanrev,MIS,2026-06-08 12:55:00,2026-06-08 13:15:00,1180.7,1172.6,25,202.5,171.33,1.6,target_mid_band
GRASIM,bollinger_meanrev,MIS,2026-06-08 13:00:00,2026-06-08 13:40:00,3094.5,3087.3142857142857,9,64.67,35.18,0.77,trailing_stop
PREMIERENE,bollinger_meanrev,MIS,2026-06-08 13:20:00,2026-06-08 13:30:00,1099.3,1101.1,27,-48.6,-80.11,-0.26,trailing_stop
BRITANNIA,bollinger_meanrev,MIS,2026-06-08 14:20:00,2026-06-08 14:35:00,5090.0,5100.928571428572,5,-54.64,-81.67,-0.88,trailing_stop
GAIL,bollinger_meanrev,MIS,2026-06-08 14:30:00,2026-06-08 14:35:00,169.55,169.88714285714286,176,-59.34,-91.02,-0.56,trailing_stop
UNITDSPR,bollinger_meanrev,MIS,2026-06-08 14:45:00,2026-06-08 15:00:00,1245.0,1242.7428571428572,24,54.17,22.52,0.61,trailing_stop
BSE,bollinger_meanrev,MIS,2026-06-09 09:15:00,2026-06-09 10:35:00,4024.0,4015.3285714285716,7,60.7,30.87,0.24,trailing_stop
ICICIGI,bollinger_meanrev,MIS,2026-06-09 09:15:00,2026-06-09 09:25:00,1776.2,1791.6142857142856,16,-246.63,-276.92,-1.18,trailing_stop
TCS,bollinger_meanrev,MIS,2026-06-09 09:15:00,2026-06-09 09:35:00,2159.3,2148.1,13,145.6,115.93,1.06,target_mid_band
TATACOMM,bollinger_meanrev,MIS,2026-06-09 09:20:00,2026-06-09 10:25:00,1982.0,1982.4142857142856,15,-6.21,-37.75,-0.01,trailing_stop
ICICIBANK,bollinger_meanrev,MIS,2026-06-09 09:25:00,2026-06-09 10:45:00,1268.9,1267.0,23,43.7,12.78,0.29,target_mid_band
DIVISLAB,bollinger_meanrev,MIS,2026-06-09 09:45:00,2026-06-09 11:10:00,6773.0,6727.5,4,182.0,153.39,0.56,target_mid_band
CANBK,bollinger_meanrev,MIS,2026-06-09 10:55:00,2026-06-09 11:05:00,130.36,130.9057142857143,230,-125.51,-157.39,-0.74,trailing_stop
HEROMOTOCO,bollinger_meanrev,MIS,2026-06-09 10:55:00,2026-06-09 11:50:00,4828.1,4828.528571428571,6,-2.57,-33.29,-0.02,trailing_stop
VOLTAS,bollinger_meanrev,MIS,2026-06-09 11:00:00,2026-06-09 11:20:00,1309.5,1300.8,22,191.4,160.97,1.85,target_mid_band
BANKINDIA,bollinger_meanrev,MIS,2026-06-09 11:05:00,2026-06-09 11:50:00,144.9,144.6,207,62.1,30.33,0.32,trailing_stop
EXIDEIND,bollinger_meanrev,MIS,2026-06-09 11:05:00,2026-06-09 11:20:00,393.2,390.2,76,228.0,196.46,1.54,target_mid_band
PNB,bollinger_meanrev,MIS,2026-06-09 11:05:00,2026-06-09 11:45:00,105.52,105.27142857142857,284,70.59,38.86,0.4,trailing_stop
HINDPETRO,bollinger_meanrev,MIS,2026-06-09 11:10:00,2026-06-09 12:05:00,379.85,379.95714285714286,78,-8.36,-39.78,-0.07,trailing_stop
PIDILITIND,bollinger_meanrev,MIS,2026-06-09 11:30:00,2026-06-09 11:35:00,1483.0,1487.9,20,-98.0,-129.52,-1.1,trailing_stop
HAL,bollinger_meanrev,MIS,2026-06-09 11:40:00,2026-06-09 12:30:00,4256.0,4244.0,7,84.0,52.46,0.67,target_mid_band
HINDZINC,bollinger_meanrev,MIS,2026-06-09 11:40:00,2026-06-09 11:45:00,566.85,570.25,52,-176.8,-208.17,-1.03,trailing_stop
ADANIENT,bollinger_meanrev,MIS,2026-06-09 11:45:00,2026-06-09 12:50:00,2991.6,2982.2999999999997,10,93.0,61.34,0.54,trailing_stop
MARUTI,bollinger_meanrev,MIS,2026-06-09 11:45:00,2026-06-09 12:05:00,12964,12997.42857142857,2,-66.86,-94.4,-0.88,trailing_stop
COROMANDEL,bollinger_meanrev,MIS,2026-06-09 11:50:00,2026-06-09 12:05:00,1802.1,1808.242857142857,16,-98.29,-128.93,-0.85,trailing_stop
SRF,bollinger_meanrev,MIS,2026-06-09 11:50:00,2026-06-09 12:50:00,2729.9,2720.6,10,93.0,64.11,0.95,trailing_stop
SWIGGY,bollinger_meanrev,MIS,2026-06-09 11:50:00,2026-06-09 12:05:00,246.1,247.41428571428574,121,-159.03,-190.71,-0.85,trailing_stop
INDIGO,bollinger_meanrev,MIS,2026-06-09 11:55:00,2026-06-09 12:00:00,4504.0,4529.185714285714,6,-151.11,-179.87,-1.1,trailing_stop
MUTHOOTFIN,bollinger_meanrev,MIS,2026-06-09 11:55:00,2026-06-09 12:25:00,2990.1,2993.342857142857,10,-32.43,-64.16,-0.18,trailing_stop
ASIANPAINT,bollinger_meanrev,MIS,2026-06-09 12:20:00,2026-06-09 13:00:00,2697.7,2701.214285714286,11,-38.66,-70.15,-0.34,trailing_stop
BHEL,bollinger_meanrev,MIS,2026-06-09 12:20:00,2026-06-09 13:25:00,394.6,392.3,76,174.8,143.11,1.16,target_mid_band
EICHERMOT,bollinger_meanrev,MIS,2026-06-09 12:25:00,2026-06-09 12:35:00,7215.0,7233.214285714285,4,-72.86,-103.51,-0.75,trailing_stop
POLYCAB,bollinger_meanrev,MIS,2026-06-09 12:25:00,2026-06-09 12:50:00,9689.0,9657.5,3,94.5,63.74,1.18,target_mid_band
TVSMOTOR,bollinger_meanrev,MIS,2026-06-09 12:25:00,2026-06-09 12:50:00,3370.0,3368.242857142857,8,14.06,-14.52,0.15,trailing_stop
AMBUJACEM,bollinger_meanrev,MIS,2026-06-09 12:30:00,2026-06-09 12:55:00,417.2,416.4142857142857,71,55.79,24.41,0.49,trailing_stop
HUDCO,bollinger_meanrev,MIS,2026-06-09 12:30:00,2026-06-09 13:05:00,206.55,207.50428571428571,145,-138.37,-170.22,-1.11,trailing_stop
SBICARD,bollinger_meanrev,MIS,2026-06-09 12:30:00,2026-06-09 12:40:00,580.25,580.7785714285715,51,-26.96,-58.36,-0.3,trailing_stop
SHRIRAMFIN,bollinger_meanrev,MIS,2026-06-09 12:30:00,2026-06-09 13:10:00,910.8,912.4785714285714,32,-53.71,-84.66,-0.37,trailing_stop
TATACAP,bollinger_meanrev,MIS,2026-06-09 12:30:00,2026-06-09 13:05:00,318.65,319.17857142857144,94,-49.69,-81.48,-0.41,trailing_stop
BAJAJHLDNG,bollinger_meanrev,MIS,2026-06-09 12:40:00,2026-06-09 13:25:00,10220,10168,2,104,82.39,1.7,target_mid_band
APOLLOHOSP,bollinger_meanrev,MIS,2026-06-09 13:10:00,2026-06-09 13:25:00,8510.5,8524.0,3,-40.5,-67.6,-0.62,trailing_stop
HDFCBANK,bollinger_meanrev,MIS,2026-06-09 13:10:00,2026-06-09 13:45:00,741.8,738.85,40,118.0,86.61,0.91,target_mid_band
GROWW,bollinger_meanrev,MIS,2026-06-09 13:45:00,2026-06-09 14:55:00,194.27,194.89714285714285,154,-96.58,-128.37,-0.68,trailing_stop
ADANIPORTS,bollinger_meanrev,MIS,2026-06-09 14:05:00,2026-06-09 14:15:00,1818.3,1825.8285714285714,16,-120.46,-151.39,-1.06,trailing_stop
BIOCON,bollinger_meanrev,MIS,2026-06-09 14:05:00,2026-06-09 14:10:00,415.3,415.37142857142857,72,-5.14,-36.86,-0.07,trailing_stop
CUMMINSIND,bollinger_meanrev,MIS,2026-06-09 14:05:00,2026-06-09 14:40:00,5615.0,5618.714285714285,5,-18.57,-48.36,-0.19,trailing_stop
HINDALCO,bollinger_meanrev,MIS,2026-06-09 14:05:00,2026-06-09 15:15:00,1080.5,1076.0,27,121.5,90.64,0.97,target_mid_band
ADANIENSOL,bollinger_meanrev,MIS,2026-06-09 14:10:00,2026-06-09 14:30:00,1584.7,1589.757142857143,18,-91.03,-121.34,-0.51,trailing_stop
ADANIGREEN,bollinger_meanrev,MIS,2026-06-09 14:10:00,2026-06-09 14:20:00,1529.1,1533.4857142857145,19,-83.33,-114.19,-0.46,trailing_stop
UNITDSPR,bollinger_meanrev,MIS,2026-06-09 14:10:00,2026-06-09 14:30:00,1256.7,1255.3,23,32.2,1.57,0.75,trailing_stop
BRITANNIA,bollinger_meanrev,MIS,2026-06-09 14:15:00,2026-06-09 14:35:00,5104.0,5115.785714285715,5,-58.93,-86.03,-0.86,trailing_stop
GAIL,bollinger_meanrev,MIS,2026-06-09 14:25:00,2026-06-09 14:55:00,167.76,168.07714285714286,178,-56.45,-88.15,-0.87,trailing_stop
COCHINSHIP,bollinger_meanrev,MIS,2026-06-09 14:35:00,2026-06-09 14:45:00,1426.1,1429.7714285714285,21,-77.1,-108.91,-0.71,trailing_stop
CONCOR,bollinger_meanrev,MIS,2026-06-09 14:35:00,2026-06-09 14:55:00,451.3,452.8357142857143,66,-101.36,-133.01,-1.08,trailing_stop
M&M,bollinger_meanrev,MIS,2026-06-09 14:35:00,2026-06-09 15:00:00,3002.6,2995.9142857142856,9,60.17,31.55,0.91,trailing_stop
HINDUNILVR,bollinger_meanrev,MIS,2026-06-09 14:40:00,2026-06-09 15:00:00,2137.4,2136.114285714286,14,18.0,-13.72,0.25,trailing_stop
INDUSINDBK,bollinger_meanrev,MIS,2026-06-09 14:40:00,2026-06-09 15:15:00,926.15,920.6,32,177.6,146.29,1.31,forced_close
IOC,bollinger_meanrev,MIS,2026-06-09 14:40:00,2026-06-09 15:05:00,137.97,138.29142857142855,217,-69.75,-101.54,-0.64,trailing_stop
JUBLFOOD,bollinger_meanrev,MIS,2026-06-09 14:40:00,2026-06-09 15:00:00,421.0,422.0357142857143,71,-73.54,-105.28,-0.53,trailing_stop
OFSS,bollinger_meanrev,MIS,2026-06-09 14:40:00,2026-06-09 14:55:00,9571.0,9620.142857142857,3,-147.43,-177.97,-1.02,trailing_stop
UPL,bollinger_meanrev,MIS,2026-06-09 14:40:00,2026-06-09 14:55:00,627.7,628.15,47,-21.15,-52.45,-0.24,trailing_stop
VBL,bollinger_meanrev,MIS,2026-06-09 14:40:00,2026-06-09 15:00:00,529.85,529.2071428571429,56,36.0,4.56,0.4,trailing_stop
VMM,bollinger_meanrev,MIS,2026-06-09 14:40:00,2026-06-09 14:55:00,118.48,118.55857142857144,253,-19.88,-51.68,-0.19,trailing_stop
GODFRYPHLP,bollinger_meanrev,MIS,2026-06-09 14:50:00,2026-06-09 15:00:00,2240.2,2248.385714285714,13,-106.41,-137.37,-1.24,trailing_stop
LICHSGFIN,bollinger_meanrev,MIS,2026-06-09 14:50:00,2026-06-09 15:05:00,553.5,553.7,54,-10.8,-42.5,-0.11,trailing_stop
IRFC,bollinger_meanrev,MIS,2026-06-09 14:55:00,2026-06-09 15:00:00,96.03,96.04285714285714,312,-4.01,-35.79,-0.04,trailing_stop
MARICO,bollinger_meanrev,MIS,2026-06-09 14:55:00,2026-06-09 15:00:00,813.2,813.7785714285715,36,-20.83,-51.89,-0.24,trailing_stop
RELIANCE,bollinger_meanrev,MIS,2026-06-09 14:55:00,2026-06-09 15:15:00,1269.6,1269.3,23,6.9,-24.06,0.07,forced_close
TATAELXSI,bollinger_meanrev,MIS,2026-06-09 14:55:00,2026-06-09 15:00:00,4244.3,4248.157142857142,7,-27.0,-58.52,-0.31,trailing_stop
COLPAL,bollinger_meanrev,MIS,2026-06-09 15:00:00,2026-06-09 15:15:00,2025.7,2021.0,14,65.8,35.77,0.63,forced_close
INFY,bollinger_meanrev,MIS,2026-06-09 15:00:00,2026-06-09 15:05:00,1153.4,1156.6714285714286,26,-85.06,-116.91,-1.03,trailing_stop
IREDA,bollinger_meanrev,MIS,2026-06-09 15:00:00,2026-06-09 15:15:00,122.44,122.55,245,-26.95,-58.78,-0.26,forced_close
COFORGE,bollinger_meanrev,MIS,2026-06-09 15:05:00,2026-06-09 15:15:00,1416.8,1412.1,21,98.7,67.21,0.6,forced_close
DIXON,bollinger_meanrev,MIS,2026-06-09 15:05:00,2026-06-09 15:15:00,11620,11604,2,32,7.38,0.34,forced_close
DLF,bollinger_meanrev,MIS,2026-06-09 15:05:00,2026-06-09 15:15:00,576.2,574.35,52,96.2,64.49,0.74,forced_close
GODREJPROP,bollinger_meanrev,MIS,2026-06-09 15:05:00,2026-06-09 15:15:00,1687.5,1685.0,17,42.5,12.11,0.31,forced_close
ITC,bollinger_meanrev,MIS,2026-06-09 15:05:00,2026-06-09 15:15:00,280.2,279.9,107,32.1,0.33,0.39,forced_close
KALYANKJIL,bollinger_meanrev,MIS,2026-06-09 15:05:00,2026-06-09 15:15:00,355.7,354.8,84,75.6,43.96,0.51,forced_close
KPITTECH,bollinger_meanrev,MIS,2026-06-09 15:05:00,2026-06-09 15:15:00,757.8,755.8,39,78.0,46.71,0.58,forced_close
LTM,bollinger_meanrev,MIS,2026-06-09 15:05:00,2026-06-09 15:15:00,4001.1,4000.2,7,6.3,-23.4,0.06,forced_close
MAZDOCK,bollinger_meanrev,MIS,2026-06-09 15:05:00,2026-06-09 15:15:00,2434.7,2435.0,12,-3.6,-34.58,-0.03,forced_close
MOTILALOFS,bollinger_meanrev,MIS,2026-06-09 15:05:00,2026-06-09 15:15:00,865.5,865.0,34,17.0,-14.2,0.11,forced_close
BDL,bollinger_meanrev,MIS,2026-06-09 15:10:00,2026-06-09 15:15:00,1202.7,1206.2714285714285,24,-85.71,-116.38,-0.78,trailing_stop
BRITANNIA,bollinger_meanrev,MIS,2026-06-10 09:15:00,2026-06-10 09:30:00,5193.0,5205.785714285715,5,-63.93,-91.5,-0.42,trailing_stop
COLPAL,bollinger_meanrev,MIS,2026-06-10 09:15:00,2026-06-10 09:20:00,2064.5,2076.942857142857,14,-174.2,-204.96,-0.84,trailing_stop
DABUR,bollinger_meanrev,MIS,2026-06-10 09:15:00,2026-06-10 09:20:00,432.25,434.61428571428576,69,-163.14,-194.87,-1.1,trailing_stop
DIXON,bollinger_meanrev,MIS,2026-06-10 09:15:00,2026-06-10 09:30:00,11662,11689.0,2,-54.0,-78.77,-0.41,trailing_stop
GODREJCP,bollinger_meanrev,MIS,2026-06-10 09:15:00,2026-06-10 09:30:00,1026.2,1033.057142857143,29,-198.86,-230.54,-1.22,trailing_stop
HINDUNILVR,bollinger_meanrev,MIS,2026-06-10 09:15:00,2026-06-10 09:45:00,2183.9,2195.8714285714286,13,-155.63,-185.84,-0.96,trailing_stop
ICICIAMC,bollinger_meanrev,MIS,2026-06-10 09:15:00,2026-06-10 09:20:00,3294.7,3315.3142857142857,9,-185.53,-217.09,-1.1,trailing_stop
INFY,bollinger_meanrev,MIS,2026-06-10 09:15:00,2026-06-10 09:20:00,1165.3,1165.8,25,-12.5,-43.4,-0.1,trailing_stop
IOC,bollinger_meanrev,MIS,2026-06-10 09:15:00,2026-06-10 09:45:00,138.79,138.89714285714285,216,-23.14,-54.95,-0.13,trailing_stop
IRFC,bollinger_meanrev,MIS,2026-06-10 09:15:00,2026-06-10 09:20:00,97.05,96.99142857142857,309,18.1,-13.69,0.09,trailing_stop
KOTAKBANK,bollinger_meanrev,MIS,2026-06-10 09:15:00,2026-06-10 09:25:00,384.45,386.29285714285714,78,-143.74,-175.63,-0.93,trailing_stop
LTM,bollinger_meanrev,MIS,2026-06-10 09:15:00,2026-06-10 09:55:00,4021.0,3997.9,7,161.7,131.95,1.14,target_mid_band
MARICO,bollinger_meanrev,MIS,2026-06-10 09:15:00,2026-06-10 09:30:00,823.7,829.3285714285714,36,-202.63,-234.2,-1.1,trailing_stop
NESTLEIND,bollinger_meanrev,MIS,2026-06-10 09:15:00,2026-06-10 09:25:00,1435.2,1439.4428571428573,20,-84.86,-115.35,-0.57,trailing_stop
PIDILITIND,bollinger_meanrev,MIS,2026-06-10 09:15:00,2026-06-10 09:20:00,1498.9,1507.9428571428573,20,-180.86,-212.76,-1.22,trailing_stop
POLICYBZR,bollinger_meanrev,MIS,2026-06-10 09:15:00,2026-06-10 09:40:00,1509.3,1512.0,19,-51.3,-81.74,-0.23,trailing_stop
RELIANCE,bollinger_meanrev,MIS,2026-06-10 09:15:00,2026-06-10 09:30:00,1289.0,1294.3428571428574,23,-122.89,-154.4,-0.68,trailing_stop
SBICARD,bollinger_meanrev,MIS,2026-06-10 09:15:00,2026-06-10 09:25:00,587.3,589.2857142857143,51,-101.27,-133.1,-0.83,trailing_stop
HDFCLIFE,bollinger_meanrev,MIS,2026-06-10 09:20:00,2026-06-10 10:20:00,565.9,563.0,53,153.7,121.99,1.04,target_mid_band
LTF,bollinger_meanrev,MIS,2026-06-10 09:20:00,2026-06-10 09:55:00,267.2,265.7,112,168.0,136.37,0.82,target_mid_band
TATACONSUM,bollinger_meanrev,MIS,2026-06-10 09:20:00,2026-06-10 09:30:00,1121.9,1128.1000000000001,26,-161.2,-192.24,-0.81,trailing_stop
APOLLOHOSP,bollinger_meanrev,MIS,2026-06-10 09:25:00,2026-06-10 10:25:00,8583.5,8612.642857142857,3,-87.43,-114.79,-0.7,trailing_stop
INDHOTEL,bollinger_meanrev,MIS,2026-06-10 09:25:00,2026-06-10 10:30:00,671.65,674.0928571428572,44,-107.49,-138.89,-0.54,trailing_stop
ITC,bollinger_meanrev,MIS,2026-06-10 09:25:00,2026-06-10 10:05:00,282.55,283.35714285714283,106,-85.56,-117.37,-0.55,trailing_stop
VMM,bollinger_meanrev,MIS,2026-06-10 09:30:00,2026-06-10 10:50:00,121.4,120.1,247,321.1,289.51,1.17,target_mid_band
HEROMOTOCO,bollinger_meanrev,MIS,2026-06-10 09:35:00,2026-06-10 10:40:00,4940.1,4922.7,6,104.4,73.03,0.44,target_mid_band
MFSL,bollinger_meanrev,MIS,2026-06-10 09:35:00,2026-06-10 09:50:00,1612.2,1623.2714285714287,18,-199.29,-230.19,-1.2,trailing_stop
ONGC,bollinger_meanrev,MIS,2026-06-10 09:35:00,2026-06-10 10:05:00,261.35,259.6,114,199.5,168.03,1.13,target_mid_band
ASTRAL,bollinger_meanrev,MIS,2026-06-10 09:40:00,2026-06-10 10:25:00,1543.2,1532.0,19,212.8,181.84,0.95,target_mid_band
BLUESTARCO,bollinger_meanrev,MIS,2026-06-10 09:40:00,2026-06-10 09:50:00,1590.1,1603.7571428571428,18,-245.83,-276.34,-1.17,trailing_stop
SUPREMEIND,bollinger_meanrev,MIS,2026-06-10 09:40:00,2026-06-10 10:15:00,3523.4,3509.5,8,111.2,81.38,0.71,target_mid_band
DMART,bollinger_meanrev,MIS,2026-06-10 09:50:00,2026-06-10 11:00:00,4198.0,4173.7,7,170.1,139.05,0.69,target_mid_band
TORNTPHARM,bollinger_meanrev,MIS,2026-06-10 10:00:00,2026-06-10 10:40:00,4514.3,4527.071428571428,6,-76.63,-105.4,-0.53,trailing_stop
MAXHEALTH,bollinger_meanrev,MIS,2026-06-10 10:10:00,2026-06-10 10:30:00,1017.05,1021.0071428571429,29,-114.76,-146.11,-0.64,trailing_stop
PAYTM,bollinger_meanrev,MIS,2026-06-10 11:10:00,2026-06-10 11:15:00,1108.9,1112.2,27,-89.1,-120.91,-0.27,trailing_stop
SHREECEM,bollinger_meanrev,MIS,2026-06-10 11:10:00,2026-06-10 11:40:00,23720,23799.285714285714,1,-79.29,-104.49,-0.62,trailing_stop
SRF,bollinger_meanrev,MIS,2026-06-10 11:10:00,2026-06-10 11:25:00,2738.9,2746.4857142857145,10,-75.86,-104.95,-0.59,trailing_stop
HINDALCO,bollinger_meanrev,MIS,2026-06-10 11:25:00,2026-06-10 11:50:00,1049.6,1054.1285714285714,28,-126.8,-158.05,-0.84,trailing_stop
JINDALSTEL,bollinger_meanrev,MIS,2026-06-10 11:25:00,2026-06-10 12:25:00,1142.8,1135.7,26,184.6,153.21,1.09,target_mid_band
JSWSTEEL,bollinger_meanrev,MIS,2026-06-10 11:25:00,2026-06-10 12:45:00,1287.9,1285.6,23,52.9,21.52,0.25,target_mid_band
HINDZINC,bollinger_meanrev,MIS,2026-06-10 11:35:00,2026-06-10 11:55:00,550.55,552.6285714285714,54,-112.24,-143.84,-0.71,trailing_stop
AXISBANK,bollinger_meanrev,MIS,2026-06-10 11:40:00,2026-06-10 12:35:00,1318.5,1321.857142857143,22,-73.86,-104.66,-0.57,trailing_stop
GRASIM,bollinger_meanrev,MIS,2026-06-10 12:00:00,2026-06-10 12:05:00,3116.7,3125.042857142857,9,-75.09,-104.88,-0.79,trailing_stop
TATACOMM,bollinger_meanrev,MIS,2026-06-10 12:00:00,2026-06-10 12:30:00,1988.5,1980.9571428571428,15,113.14,81.58,0.67,trailing_stop
COROMANDEL,bollinger_meanrev,MIS,2026-06-10 12:05:00,2026-06-10 13:35:00,1884.1,1884.142857142857,15,-0.64,-30.61,-0.0,trailing_stop
ENRIN,bollinger_meanrev,MIS,2026-06-10 12:05:00,2026-06-10 12:15:00,3526.4,3534.928571428571,8,-68.23,-98.19,-0.6,trailing_stop
TATACAP,bollinger_meanrev,MIS,2026-06-10 12:10:00,2026-06-10 12:25:00,324.15,324.8142857142857,92,-61.11,-92.78,-0.63,trailing_stop
BHARATFORG,bollinger_meanrev,MIS,2026-06-10 12:20:00,2026-06-10 13:00:00,1916.7,1920.4714285714285,15,-56.57,-87.1,-0.3,trailing_stop
HAVELLS,bollinger_meanrev,MIS,2026-06-10 13:00:00,2026-06-10 13:10:00,1162.1,1164.7285714285713,25,-65.71,-96.57,-0.79,trailing_stop
HDFCBANK,bollinger_meanrev,MIS,2026-06-10 13:00:00,2026-06-10 13:05:00,750.0,753.4214285714286,40,-136.86,-168.76,-1.11,trailing_stop
PHOENIXLTD,bollinger_meanrev,MIS,2026-06-10 13:00:00,2026-06-10 13:45:00,1810.0,1794.7,16,244.8,214.25,1.34,target_mid_band
GAIL,bollinger_meanrev,MIS,2026-06-10 13:05:00,2026-06-10 13:25:00,169.58,169.00285714285718,176,101.58,69.99,0.96,trailing_stop
AMBUJACEM,bollinger_meanrev,MIS,2026-06-10 13:10:00,2026-06-10 13:20:00,416.5,415.35,72,82.8,51.05,1.07,target_mid_band
MANKIND,bollinger_meanrev,MIS,2026-06-10 13:30:00,2026-06-10 14:50:00,2401.2,2390.7571428571428,12,125.31,94.84,1.57,trailing_stop
LGEINDIA,bollinger_meanrev,MIS,2026-06-10 14:20:00,2026-06-10 14:45:00,1546.1,1542.2,19,74.1,43.0,1.12,target_mid_band
AUROPHARMA,bollinger_meanrev,MIS,2026-06-11 09:35:00,2026-06-11 10:45:00,1468.5,1464.3,20,84.0,52.91,0.45,target_mid_band
IRCTC,bollinger_meanrev,MIS,2026-06-11 09:40:00,2026-06-11 09:45:00,522.8,527.8428571428572,57,-287.44,-319.23,-0.99,trailing_stop
ICICIBANK,bollinger_meanrev,MIS,2026-06-11 09:50:00,2026-06-11 10:20:00,1311.3,1318.1571428571428,22,-150.86,-181.55,-0.76,trailing_stop
CGPOWER,bollinger_meanrev,MIS,2026-06-11 10:15:00,2026-06-11 11:05:00,923.0,916.6,32,204.8,173.61,0.7,target_mid_band
IDEA,bollinger_meanrev,MIS,2026-06-11 10:15:00,2026-06-11 10:25:00,14.23,14.302857142857142,2108,-153.58,-185.49,-0.42,trailing_stop
CIPLA,bollinger_meanrev,MIS,2026-06-11 10:20:00,2026-06-11 10:55:00,1386.9,1382.7,21,88.2,57.37,0.57,target_mid_band
TORNTPHARM,bollinger_meanrev,MIS,2026-06-11 10:20:00,2026-06-11 11:25:00,4576.0,4586.814285714286,6,-64.89,-94.04,-0.23,trailing_stop
ATGL,bollinger_meanrev,MIS,2026-06-11 10:30:00,2026-06-11 10:50:00,751.0,736.55,39,563.55,532.85,1.46,target_mid_band
HYUNDAI,bollinger_meanrev,MIS,2026-06-11 11:20:00,2026-06-11 11:30:00,1921.6,1931.357142857143,15,-146.36,-177.02,-0.93,trailing_stop
AXISBANK,bollinger_meanrev,MIS,2026-06-11 11:40:00,2026-06-11 12:30:00,1333.6,1336.6000000000001,22,-66.0,-97.16,-0.58,trailing_stop
SBILIFE,bollinger_meanrev,MIS,2026-06-11 12:00:00,2026-06-11 12:30:00,1730.8,1729.8428571428572,17,16.27,-14.92,0.16,trailing_stop
ALKEM,bollinger_meanrev,MIS,2026-06-11 12:05:00,2026-06-11 12:20:00,5320.5,5325.5,5,-25.0,-53.23,-0.41,trailing_stop
HDFCBANK,bollinger_meanrev,MIS,2026-06-11 12:05:00,2026-06-11 12:30:00,752.25,755.3142857142857,39,-119.51,-150.69,-0.92,trailing_stop
M&M,bollinger_meanrev,MIS,2026-06-11 12:10:00,2026-06-11 12:30:00,3000.5,3008.8857142857146,9,-75.47,-104.16,-0.56,trailing_stop
FORTIS,bollinger_meanrev,MIS,2026-06-11 12:25:00,2026-06-11 12:55:00,995.55,996.0785714285714,30,-15.86,-47.54,-0.11,trailing_stop
GLENMARK,bollinger_meanrev,MIS,2026-06-11 12:30:00,2026-06-11 13:20:00,2166.9,2158.9,13,104.0,74.19,0.97,target_mid_band
SUNPHARMA,bollinger_meanrev,MIS,2026-06-11 12:30:00,2026-06-11 13:55:00,1801.9,1800.1,16,28.8,-1.75,0.37,target_mid_band
ICICIAMC,bollinger_meanrev,MIS,2026-06-11 12:55:00,2026-06-11 13:10:00,3263.9,3253.9285714285716,9,89.74,58.65,0.92,trailing_stop
360ONE,bollinger_meanrev,MIS,2026-06-11 14:00:00,2026-06-11 14:25:00,1064.9,1068.2714285714287,28,-94.4,-126.08,-0.55,trailing_stop
BANKBARODA,bollinger_meanrev,MIS,2026-06-11 14:25:00,2026-06-11 14:35:00,266.65,267.7785714285714,112,-126.4,-158.15,-0.75,trailing_stop
BPCL,bollinger_meanrev,MIS,2026-06-11 14:25:00,2026-06-11 15:05:00,285.45,286.3142857142857,105,-90.75,-122.59,-0.82,trailing_stop
CANBK,bollinger_meanrev,MIS,2026-06-11 14:25:00,2026-06-11 15:15:00,127.75,127.3,234,105.3,73.67,0.84,forced_close
COCHINSHIP,bollinger_meanrev,MIS,2026-06-11 14:25:00,2026-06-11 15:15:00,1392.7,1390.0,21,56.7,25.72,0.31,forced_close
EICHERMOT,bollinger_meanrev,MIS,2026-06-11 14:25:00,2026-06-11 14:45:00,7223.5,7190.0,4,134.0,103.45,1.31,target_mid_band
INDIANB,bollinger_meanrev,MIS,2026-06-11 14:25:00,2026-06-11 15:00:00,831.75,825.75,36,216.0,184.39,1.32,target_mid_band
PNB,bollinger_meanrev,MIS,2026-06-11 14:25:00,2026-06-11 15:10:00,103.24,103.26428571428572,290,-7.04,-38.8,-0.05,trailing_stop
SAIL,bollinger_meanrev,MIS,2026-06-11 14:25:00,2026-06-11 15:05:00,181.24,181.29,165,-8.25,-39.97,-0.06,trailing_stop
UNIONBANK,bollinger_meanrev,MIS,2026-06-11 14:25:00,2026-06-11 15:15:00,160.08,160.03,187,9.35,-22.39,0.06,trailing_stop
MOTHERSON,bollinger_meanrev,MIS,2026-06-11 14:55:00,2026-06-11 15:15:00,140.8,140.56,213,51.12,19.35,0.38,forced_close
ABB,bollinger_meanrev,MIS,2026-06-12 09:15:00,2026-06-12 10:40:00,6826.0,6779.5,4,186.0,157.16,1.0,target_mid_band
ABCAPITAL,bollinger_meanrev,MIS,2026-06-12 09:15:00,2026-06-12 10:25:00,346.9,345.87142857142857,86,88.46,56.88,0.29,trailing_stop
ASHOKLEY,bollinger_meanrev,MIS,2026-06-12 09:15:00,2026-06-12 10:25:00,143.73,145.0285714285714,208,-270.1,-301.98,-0.83,trailing_stop
ASIANPAINT,bollinger_meanrev,MIS,2026-06-12 09:15:00,2026-06-12 10:25:00,2729.5,2720.6285714285714,10,88.71,59.83,0.47,trailing_stop
AUBANK,bollinger_meanrev,MIS,2026-06-12 09:15:00,2026-06-12 10:30:00,979.05,970.8,30,247.5,216.51,1.43,target_mid_band
BAJAJHLDNG,bollinger_meanrev,MIS,2026-06-12 09:15:00,2026-06-12 10:40:00,9988,9946,3,126,94.31,0.81,target_mid_band
BANKINDIA,bollinger_meanrev,MIS,2026-06-12 09:15:00,2026-06-12 10:05:00,144.13,144.47714285714287,208,-72.21,-104.04,-0.24,trailing_stop
BHARTIARTL,bollinger_meanrev,MIS,2026-06-12 09:15:00,2026-06-12 10:00:00,1803.2,1806.5857142857142,16,-54.17,-84.8,-0.35,trailing_stop
BPCL,bollinger_meanrev,MIS,2026-06-12 09:15:00,2026-06-12 09:20:00,295.65,298.2,101,-257.55,-289.38,-1.03,trailing_stop
CHOLAFIN,bollinger_meanrev,MIS,2026-06-12 09:15:00,2026-06-12 10:35:00,1502.1,1492.0,19,191.9,161.76,0.66,target_mid_band
COCHINSHIP,bollinger_meanrev,MIS,2026-06-12 09:15:00,2026-06-12 10:00:00,1425.1,1399.5,21,537.6,506.21,2.04,target_mid_band
COLPAL,bollinger_meanrev,MIS,2026-06-12 09:15:00,2026-06-12 10:10:00,2063.2,2070.442857142857,14,-101.4,-132.1,-0.57,trailing_stop
CONCOR,bollinger_meanrev,MIS,2026-06-12 09:15:00,2026-06-12 10:30:00,447.6,447.15,67,30.15,-1.63,0.2,trailing_stop
DLF,bollinger_meanrev,MIS,2026-06-12 09:15:00,2026-06-12 10:25:00,577.2,569.85,51,374.85,343.87,1.4,target_mid_band
ENRIN,bollinger_meanrev,MIS,2026-06-12 09:15:00,2026-06-12 10:15:00,3484.5,3436.0,8,388.0,358.69,1.3,target_mid_band
FEDERALBNK,bollinger_meanrev,MIS,2026-06-12 09:15:00,2026-06-12 10:20:00,314.4,315.4642857142857,95,-101.11,-132.85,-0.57,trailing_stop
GMRAIRPORT,bollinger_meanrev,MIS,2026-06-12 09:15:00,2026-06-12 10:40:00,102.47,101.47,292,292.0,260.46,1.1,target_mid_band
GODREJPROP,bollinger_meanrev,MIS,2026-06-12 09:15:00,2026-06-12 10:25:00,1663.2,1659.3857142857144,18,68.66,36.95,0.26,trailing_stop
GVT&D,bollinger_meanrev,MIS,2026-06-12 09:15:00,2026-06-12 09:25:00,4836.5,4839.571428571428,6,-18.43,-49.21,-0.07,trailing_stop
HINDPETRO,bollinger_meanrev,MIS,2026-06-12 09:15:00,2026-06-12 09:20:00,376.25,379.8071428571428,79,-281.01,-312.71,-1.04,trailing_stop
HINDZINC,bollinger_meanrev,MIS,2026-06-12 09:15:00,2026-06-12 10:25:00,560.6,559.4642857142858,53,60.19,28.72,0.22,trailing_stop
IDFCFIRSTB,bollinger_meanrev,MIS,2026-06-12 09:15:00,2026-06-12 10:20:00,73.58,73.78714285714285,407,-84.31,-116.12,-0.47,trailing_stop
INDIGO,bollinger_meanrev,MIS,2026-06-12 09:15:00,2026-06-12 09:35:00,4642.4,4678.871428571429,6,-218.83,-248.51,-0.87,trailing_stop
IOC,bollinger_meanrev,MIS,2026-06-12 09:15:00,2026-06-12 09:20:00,137.12,138.10857142857142,218,-215.51,-247.35,-1.02,trailing_stop
IREDA,bollinger_meanrev,MIS,2026-06-12 09:15:00,2026-06-12 10:25:00,121.09,120.79714285714286,247,72.34,40.66,0.32,trailing_stop
IRFC,bollinger_meanrev,MIS,2026-06-12 09:15:00,2026-06-12 10:25:00,94.69,94.43285714285715,316,81.26,49.58,0.37,trailing_stop
JIOFIN,bollinger_meanrev,MIS,2026-06-12 09:15:00,2026-06-12 10:25:00,231.9,231.06571428571428,129,107.62,75.97,0.62,trailing_stop
KEI,bollinger_meanrev,MIS,2026-06-12 09:15:00,2026-06-12 10:25:00,5280.0,5231.0,5,245.0,217.16,1.12,target_mid_band
KPITTECH,bollinger_meanrev,MIS,2026-06-12 09:15:00,2026-06-12 09:55:00,749.65,739.75,40,396.0,364.45,1.46,target_mid_band
LICHSGFIN,bollinger_meanrev,MIS,2026-06-12 09:15:00,2026-06-12 10:20:00,547.45,546.9499999999999,54,27.0,-4.33,0.12,trailing_stop
LT,bollinger_meanrev,MIS,2026-06-12 09:15:00,2026-06-12 10:25:00,4000.0,3932.0,7,476.0,446.61,1.97,target_mid_band
LTF,bollinger_meanrev,MIS,2026-06-12 09:15:00,2026-06-12 10:25:00,265.35,265.1428571428571,113,23.41,-8.38,0.08,trailing_stop
MAZDOCK,bollinger_meanrev,MIS,2026-06-12 09:15:00,2026-06-12 10:25:00,2403.1,2385.5714285714284,12,210.34,179.9,0.83,trailing_stop
MCX,bollinger_meanrev,MIS,2026-06-12 09:15:00,2026-06-12 10:25:00,2820.0,2819.828571428571,10,1.71,-28.19,0.01,trailing_stop
MOTHERSON,bollinger_meanrev,MIS,2026-06-12 09:15:00,2026-06-12 09:20:00,144.11,145.35714285714286,208,-259.41,-291.36,-0.95,trailing_stop
MOTILALOFS,bollinger_meanrev,MIS,2026-06-12 09:15:00,2026-06-12 09:20:00,870.0,880.8785714285714,34,-369.87,-401.48,-1.06,trailing_stop
MUTHOOTFIN,bollinger_meanrev,MIS,2026-06-12 09:15:00,2026-06-12 10:25:00,2985.3,2971.4285714285716,10,138.71,107.15,0.51,trailing_stop
NATIONALUM,bollinger_meanrev,MIS,2026-06-12 09:15:00,2026-06-12 10:15:00,383.4,383.5142857142857,78,-8.91,-40.63,-0.03,trailing_stop
NAUKRI,bollinger_meanrev,MIS,2026-06-12 09:15:00,2026-06-12 10:00:00,979.0,968.0,30,330.0,299.07,1.71,target_mid_band
NHPC,bollinger_meanrev,MIS,2026-06-12 09:15:00,2026-06-12 10:25:00,73.15,73.16999999999999,410,-8.2,-40.01,-0.05,trailing_stop
NMDC,bollinger_meanrev,MIS,2026-06-12 09:15:00,2026-06-12 10:00:00,90.18,90.44857142857143,332,-89.17,-120.97,-0.38,trailing_stop
NYKAA,bollinger_meanrev,MIS,2026-06-12 09:15:00,2026-06-12 09:30:00,263.85,264.99285714285713,113,-129.14,-160.84,-0.8,trailing_stop
PNB,bollinger_meanrev,MIS,2026-06-12 09:15:00,2026-06-12 10:25:00,105.27,105.28285714285715,284,-3.65,-35.36,-0.01,trailing_stop
PRESTIGE,bollinger_meanrev,MIS,2026-06-12 09:15:00,2026-06-12 10:25:00,1357.7,1341.9,22,347.6,316.15,1.01,target_mid_band
RADICO,bollinger_meanrev,MIS,2026-06-12 09:15:00,2026-06-12 09:20:00,3486.1,3494.7571428571428,8,-69.26,-98.88,-0.57,trailing_stop
SAIL,bollinger_meanrev,MIS,2026-06-12 09:15:00,2026-06-12 10:35:00,184.73,182.72,162,325.62,294.09,1.43,target_mid_band
SHREECEM,bollinger_meanrev,MIS,2026-06-12 09:15:00,2026-06-12 10:40:00,24150,24064.285714285714,1,85.71,60.16,0.54,trailing_stop
SHRIRAMFIN,bollinger_meanrev,MIS,2026-06-12 09:15:00,2026-06-12 10:25:00,914.9,907.9285714285714,32,223.09,192.18,0.79,trailing_stop
TATAINVEST,bollinger_meanrev,MIS,2026-06-12 09:15:00,2026-06-12 09:20:00,660.95,668.5928571428572,45,-343.93,-375.69,-1.13,trailing_stop
TMCV,bollinger_meanrev,MIS,2026-06-12 09:15:00,2026-06-12 09:20:00,365.7,368.5571428571429,82,-234.29,-266.24,-0.99,trailing_stop
UNIONBANK,bollinger_meanrev,MIS,2026-06-12 09:15:00,2026-06-12 10:05:00,162.12,163.07714285714286,185,-177.07,-208.99,-0.74,trailing_stop
WAAREEENER,bollinger_meanrev,MIS,2026-06-12 09:15:00,2026-06-12 09:20:00,3071.5,3077.4285714285716,9,-53.36,-82.71,-0.29,trailing_stop
YESBANK,bollinger_meanrev,MIS,2026-06-12 09:15:00,2026-06-12 10:25:00,22.67,22.560000000000002,1323,145.53,113.82,0.62,trailing_stop
LODHA,bollinger_meanrev,MIS,2026-06-12 09:20:00,2026-06-12 10:25:00,898.0,880.4,33,580.8,549.75,1.76,target_mid_band
M&M,bollinger_meanrev,MIS,2026-06-12 09:25:00,2026-06-12 09:50:00,3030.7,3007.8,9,206.1,177.31,1.23,target_mid_band
MARUTI,bollinger_meanrev,MIS,2026-06-12 09:25:00,2026-06-12 10:20:00,13387,13236,2,302,273.8,1.71,target_mid_band
AUROPHARMA,bollinger_meanrev,MIS,2026-06-12 09:30:00,2026-06-12 10:05:00,1478.9,1470.2,20,174.0,142.75,1.15,target_mid_band
BAJFINANCE,bollinger_meanrev,MIS,2026-06-12 09:30:00,2026-06-12 10:45:00,891.55,887.757142857143,33,125.16,94.04,0.57,trailing_stop
PIDILITIND,bollinger_meanrev,MIS,2026-06-12 09:30:00,2026-06-12 10:15:00,1528.6,1534.9142857142858,19,-119.97,-150.85,-0.64,trailing_stop
TRENT,bollinger_meanrev,MIS,2026-06-12 09:30:00,2026-06-12 10:30:00,2767.9,2744.8,10,231.0,201.8,1.01,target_mid_band
UPL,bollinger_meanrev,MIS,2026-06-12 09:30:00,2026-06-12 10:35:00,611.95,606.35,49,274.4,242.78,1.05,target_mid_band
BANKBARODA,bollinger_meanrev,MIS,2026-06-12 10:55:00,2026-06-12 11:30:00,275.6,273.25,108,253.8,222.4,1.23,target_mid_band
TCS,bollinger_meanrev,MIS,2026-06-12 11:05:00,2026-06-12 12:10:00,2164.9,2156.4,13,110.5,80.73,1.12,target_mid_band
UNITDSPR,bollinger_meanrev,MIS,2026-06-12 11:05:00,2026-06-12 11:50:00,1271.3,1267.8,23,80.5,49.54,0.82,target_mid_band
GLENMARK,bollinger_meanrev,MIS,2026-06-12 11:20:00,2026-06-12 11:35:00,2160.5,2163.3142857142857,13,-36.59,-66.39,-0.23,trailing_stop
HUDCO,bollinger_meanrev,MIS,2026-06-12 11:20:00,2026-06-12 11:25:00,207.6,207.20714285714286,144,56.57,24.91,0.31,trailing_stop
BIOCON,bollinger_meanrev,MIS,2026-06-12 11:30:00,2026-06-12 12:40:00,421.25,419.5,71,124.25,92.61,0.86,target_mid_band
ITC,bollinger_meanrev,MIS,2026-06-12 11:35:00,2026-06-12 12:30:00,285.1,284.35,105,78.75,47.06,1.18,target_mid_band
GODFRYPHLP,bollinger_meanrev,MIS,2026-06-12 11:40:00,2026-06-12 12:25:00,2286.0,2270.4,13,202.8,171.42,1.08,target_mid_band
MARICO,bollinger_meanrev,MIS,2026-06-12 11:40:00,2026-06-12 13:05:00,816.1,816.8428571428572,36,-26.74,-57.92,-0.27,trailing_stop
IDEA,bollinger_meanrev,MIS,2026-06-12 11:55:00,2026-06-12 12:05:00,14.79,14.887142857142857,2028,-197.01,-228.94,-0.94,trailing_stop
SUZLON,bollinger_meanrev,MIS,2026-06-12 11:55:00,2026-06-12 12:05:00,54.91,54.88571428571428,546,13.26,-18.52,0.11,trailing_stop
BSE,bollinger_meanrev,MIS,2026-06-12 13:30:00,2026-06-12 13:35:00,3973.7,3989.6,7,-111.3,-140.87,-1.02,trailing_stop
HDFCBANK,bollinger_meanrev,MIS,2026-06-12 13:30:00,2026-06-12 14:00:00,765.3,767.1928571428572,39,-73.82,-105.52,-0.81,trailing_stop
TIINDIA,bollinger_meanrev,MIS,2026-06-12 13:30:00,2026-06-12 13:40:00,3094.0,3101.557142857143,9,-68.01,-97.59,-0.98,trailing_stop
INDHOTEL,bollinger_meanrev,MIS,2026-06-12 13:35:00,2026-06-12 13:45:00,671.0,674.1142857142856,44,-137.03,-168.43,-1.18,trailing_stop
INDUSINDBK,bollinger_meanrev,MIS,2026-06-12 13:35:00,2026-06-12 13:45:00,904.5,908.1071428571428,33,-119.04,-150.76,-0.99,trailing_stop
RELIANCE,bollinger_meanrev,MIS,2026-06-12 13:35:00,2026-06-12 13:45:00,1276.0,1280.0428571428572,23,-92.99,-124.17,-0.93,trailing_stop
ADANIPORTS,bollinger_meanrev,MIS,2026-06-12 13:40:00,2026-06-12 14:25:00,1804.8,1804.2285714285713,16,9.14,-21.47,0.08,trailing_stop
AMBUJACEM,bollinger_meanrev,MIS,2026-06-12 13:40:00,2026-06-12 13:50:00,415.25,417.1642857142857,72,-137.83,-169.62,-1.03,trailing_stop
APLAPOLLO,bollinger_meanrev,MIS,2026-06-12 13:40:00,2026-06-12 14:10:00,1778.9,1781.442857142857,16,-40.69,-70.89,-0.31,trailing_stop
TATAPOWER,bollinger_meanrev,MIS,2026-06-12 13:40:00,2026-06-12 14:00:00,392.15,393.7285714285714,76,-119.97,-151.65,-1.18,trailing_stop
BHEL,bollinger_meanrev,MIS,2026-06-12 13:45:00,2026-06-12 14:15:00,375.75,377.12142857142857,79,-108.34,-139.89,-0.66,trailing_stop
JINDALSTEL,bollinger_meanrev,MIS,2026-06-12 13:45:00,2026-06-12 14:25:00,1147.0,1146.4142857142858,26,15.23,-16.39,0.1,trailing_stop
POLYCAB,bollinger_meanrev,MIS,2026-06-12 13:45:00,2026-06-12 14:30:00,9504.0,9524.92857142857,3,-62.79,-93.06,-0.56,trailing_stop
RVNL,bollinger_meanrev,MIS,2026-06-12 13:45:00,2026-06-12 14:00:00,228.44,229.02714285714285,131,-76.92,-108.7,-0.55,trailing_stop
TMPV,bollinger_meanrev,MIS,2026-06-12 13:45:00,2026-06-12 14:00:00,383.85,385.5142857142857,78,-129.81,-161.65,-0.99,trailing_stop
ADANIPOWER,bollinger_meanrev,MIS,2026-06-12 13:50:00,2026-06-12 14:25:00,219.71,220.8357142857143,136,-153.1,-184.88,-1.14,trailing_stop
BAJAJFINSV,bollinger_meanrev,MIS,2026-06-12 13:50:00,2026-06-12 14:40:00,1680.5,1685.9428571428573,17,-92.53,-122.88,-0.59,trailing_stop
COALINDIA,bollinger_meanrev,MIS,2026-06-12 13:50:00,2026-06-12 14:00:00,442.4,443.7214285714286,67,-88.54,-120.03,-0.93,trailing_stop
GROWW,bollinger_meanrev,MIS,2026-06-12 13:50:00,2026-06-12 14:10:00,197.97,198.47857142857143,151,-76.79,-108.54,-0.46,trailing_stop
HDFCAMC,bollinger_meanrev,MIS,2026-06-12 13:50:00,2026-06-12 14:00:00,2425.9,2439.3999999999996,12,-162.0,-192.97,-1.0,trailing_stop
KALYANKJIL,bollinger_meanrev,MIS,2026-06-12 13:50:00,2026-06-12 14:20:00,341.05,343.1928571428571,87,-186.43,-218.01,-1.22,trailing_stop
SRF,bollinger_meanrev,MIS,2026-06-12 13:50:00,2026-06-12 14:05:00,2719.9,2724.9,11,-55.0,-86.76,-0.69,trailing_stop
GAIL,bollinger_meanrev,MIS,2026-06-12 13:55:00,2026-06-12 14:10:00,168.08,168.64428571428573,178,-100.44,-132.23,-1.06,trailing_stop
RECLTD,bollinger_meanrev,MIS,2026-06-12 13:55:00,2026-06-12 14:20:00,345.55,346.56428571428575,86,-87.23,-118.8,-0.83,trailing_stop
ULTRACEMCO,bollinger_meanrev,MIS,2026-06-12 13:55:00,2026-06-12 14:35:00,10824,10866.0,2,-84.0,-107.01,-0.79,trailing_stop
HDFCLIFE,bollinger_meanrev,MIS,2026-06-12 14:00:00,2026-06-12 14:25:00,553.75,556.2142857142857,54,-133.07,-164.87,-0.97,trailing_stop
PAYTM,bollinger_meanrev,MIS,2026-06-12 14:05:00,2026-06-12 14:15:00,1063.1,1066.0142857142857,28,-81.6,-113.22,-0.35,trailing_stop
COROMANDEL,bollinger_meanrev,MIS,2026-06-12 14:10:00,2026-06-12 15:00:00,1901.9,1909.5285714285715,15,-114.43,-144.75,-0.92,trailing_stop
KOTAKBANK,bollinger_meanrev,MIS,2026-06-12 14:10:00,2026-06-12 14:55:00,403.55,404.2714285714286,74,-53.39,-85.09,-0.43,trailing_stop
M&MFIN,bollinger_meanrev,MIS,2026-06-12 14:10:00,2026-06-12 14:20:00,279.7,281.7357142857143,107,-217.82,-249.7,-0.9,trailing_stop
ICICIGI,bollinger_meanrev,MIS,2026-06-12 14:15:00,2026-06-12 15:00:00,1686.7,1691.742857142857,17,-85.73,-116.19,-0.7,trailing_stop
GODREJCP,bollinger_meanrev,MIS,2026-06-12 14:20:00,2026-06-12 14:30:00,1028.6,1031.857142857143,29,-94.46,-126.15,-0.83,trailing_stop
DABUR,bollinger_meanrev,MIS,2026-06-12 14:30:00,2026-06-12 15:15:00,426.55,425.65,70,63.0,31.38,0.42,forced_close
HINDUNILVR,bollinger_meanrev,MIS,2026-06-12 14:30:00,2026-06-12 15:00:00,2168.0,2174.157142857143,13,-80.04,-109.98,-0.6,trailing_stop
POLICYBZR,bollinger_meanrev,MIS,2026-06-12 14:30:00,2026-06-12 14:40:00,1527.0,1534.7857142857144,19,-147.93,-178.79,-0.75,trailing_stop
SBICARD,bollinger_meanrev,MIS,2026-06-12 14:30:00,2026-06-12 14:40:00,584.7,587.1071428571428,51,-122.76,-154.47,-0.77,trailing_stop
AXISBANK,bollinger_meanrev,MIS,2026-06-12 14:45:00,2026-06-12 15:15:00,1354.6,1356.0,22,-30.8,-62.42,-0.28,forced_close
TITAN,bollinger_meanrev,MIS,2026-06-12 14:45:00,2026-06-12 15:00:00,4160.1,4177.271428571428,7,-120.2,-151.16,-1.11,trailing_stop
BLUESTARCO,bollinger_meanrev,MIS,2026-06-12 15:00:00,2026-06-12 15:15:00,1586.9,1583.8,18,55.8,25.54,0.42,forced_close
BRITANNIA,bollinger_meanrev,MIS,2026-06-12 15:00:00,2026-06-12 15:10:00,5164.5,5176.714285714285,5,-61.07,-88.49,-0.62,trailing_stop
CGPOWER,bollinger_meanrev,MIS,2026-06-12 15:00:00,2026-06-12 15:15:00,913.85,915.3,32,-46.4,-77.44,-0.39,forced_close
INDIANB,bollinger_meanrev,MIS,2026-06-12 15:00:00,2026-06-12 15:15:00,844.85,847.7142857142857,35,-100.25,-131.67,-0.65,trailing_stop
JSWENERGY,bollinger_meanrev,MIS,2026-06-12 15:00:00,2026-06-12 15:15:00,560.1,560.5,53,-21.2,-52.69,-0.15,forced_close
JUBLFOOD,bollinger_meanrev,MIS,2026-06-12 15:00:00,2026-06-12 15:15:00,419.65,419.7,71,-3.55,-35.15,-0.02,forced_close
SIEMENS,bollinger_meanrev,MIS,2026-06-12 15:00:00,2026-06-12 15:15:00,3578.0,3567.7,8,82.4,52.1,0.65,forced_close
VMM,bollinger_meanrev,MIS,2026-06-12 15:00:00,2026-06-12 15:15:00,119.87,119.84,250,7.5,-24.27,0.06,forced_close
DIXON,bollinger_meanrev,MIS,2026-06-12 15:10:00,2026-06-12 15:15:00,11558,11544,2,28,3.5,0.35,forced_close
MFSL,bollinger_meanrev,MIS,2026-06-12 15:15:00,2026-06-12 15:20:00,1583.1,1583.0,18,1.8,-28.42,0.01,forced_close
OBEROIRLTY,bollinger_meanrev,MIS,2026-06-12 15:20:00,2026-06-12 15:25:00,1630.7,1632.0,18,-23.4,-54.54,-0.15,forced_close
LTM,bollinger_meanrev,MIS,2026-06-12 15:25:00,2026-06-12 15:25:00,3854.0,3854.0,7,-0.0,-28.61,-0.0,eod_data_end
ABCAPITAL,bollinger_meanrev,MIS,2026-06-15 09:15:00,2026-06-15 10:25:00,370.45,369.79285714285714,80,52.57,21.18,0.18,trailing_stop
ADANIPORTS,bollinger_meanrev,MIS,2026-06-15 09:15:00,2026-06-15 10:25:00,1834.7,1826.5,16,131.2,100.15,0.61,target_mid_band
AMBUJACEM,bollinger_meanrev,MIS,2026-06-15 09:15:00,2026-06-15 10:40:00,434.25,430.05,69,289.8,258.21,0.96,target_mid_band
APLAPOLLO,bollinger_meanrev,MIS,2026-06-15 09:15:00,2026-06-15 09:55:00,1842.0,1843.3714285714286,16,-21.94,-53.21,-0.1,trailing_stop
ASHOKLEY,bollinger_meanrev,MIS,2026-06-15 09:15:00,2026-06-15 10:30:00,159.76,160.33285714285716,187,-107.12,-138.87,-0.25,trailing_stop
ATGL,bollinger_meanrev,MIS,2026-06-15 09:15:00,2026-06-15 10:05:00,737.4,730.9,40,260.0,228.89,1.1,target_mid_band
AUBANK,bollinger_meanrev,MIS,2026-06-15 09:15:00,2026-06-15 10:30:00,1042.95,1029.7785714285715,28,368.8,338.07,0.94,trailing_stop
AXISBANK,bollinger_meanrev,MIS,2026-06-15 09:15:00,2026-06-15 10:35:00,1368.0,1366.6571428571428,21,28.2,-2.25,0.15,trailing_stop
BAJAJFINSV,bollinger_meanrev,MIS,2026-06-15 09:15:00,2026-06-15 09:40:00,1738.0,1749.8285714285714,17,-201.09,-232.55,-0.9,trailing_stop
BAJAJHLDNG,bollinger_meanrev,MIS,2026-06-15 09:15:00,2026-06-15 09:20:00,10400,10453.0,2,-106.0,-128.13,-0.66,trailing_stop
BAJFINANCE,bollinger_meanrev,MIS,2026-06-15 09:15:00,2026-06-15 10:15:00,955.35,954.8142857142857,31,16.61,-14.79,0.05,trailing_stop
BANKBARODA,bollinger_meanrev,MIS,2026-06-15 09:15:00,2026-06-15 10:45:00,280.2,279.75,107,48.15,16.39,0.21,target_mid_band
BANKINDIA,bollinger_meanrev,MIS,2026-06-15 09:15:00,2026-06-15 10:35:00,148.9,147.46,201,289.44,257.89,0.97,target_mid_band
BDL,bollinger_meanrev,MIS,2026-06-15 09:15:00,2026-06-15 10:10:00,1216.1,1205.5,24,254.4,223.61,1.3,target_mid_band
BEL,bollinger_meanrev,MIS,2026-06-15 09:15:00,2026-06-15 10:20:00,409.4,409.32142857142856,73,5.74,-25.95,0.04,trailing_stop
BLUESTARCO,bollinger_meanrev,MIS,2026-06-15 09:15:00,2026-06-15 10:00:00,1600.0,1616.0285714285715,18,-288.51,-319.24,-1.26,trailing_stop
BPCL,bollinger_meanrev,MIS,2026-06-15 09:15:00,2026-06-15 10:40:00,314.45,310.59999999999997,95,365.75,334.31,0.98,trailing_stop
BRITANNIA,bollinger_meanrev,MIS,2026-06-15 09:15:00,2026-06-15 10:20:00,5207.0,5217.928571428572,5,-54.64,-82.29,-0.34,trailing_stop
CANBK,bollinger_meanrev,MIS,2026-06-15 09:15:00,2026-06-15 10:40:00,133.7,133.5,224,44.8,13.07,0.2,target_mid_band
CGPOWER,bollinger_meanrev,MIS,2026-06-15 09:15:00,2026-06-15 09:35:00,921.35,923.9714285714285,32,-83.89,-115.2,-0.47,trailing_stop
CHOLAFIN,bollinger_meanrev,MIS,2026-06-15 09:15:00,2026-06-15 10:25:00,1650.5,1647.2428571428572,18,58.63,27.16,0.12,trailing_stop
COCHINSHIP,bollinger_meanrev,MIS,2026-06-15 09:15:00,2026-06-15 10:45:00,1457.9,1452.0,20,118.0,87.15,0.49,target_mid_band
COFORGE,bollinger_meanrev,MIS,2026-06-15 09:15:00,2026-06-15 10:25:00,1390.8,1388.5,21,48.3,17.36,0.21,trailing_stop
COLPAL,bollinger_meanrev,MIS,2026-06-15 09:15:00,2026-06-15 09:20:00,2125.6,2127.171428571429,14,-22.0,-53.57,-0.11,trailing_stop
CONCOR,bollinger_meanrev,MIS,2026-06-15 09:15:00,2026-06-15 10:25:00,459.0,460.72142857142853,65,-111.89,-143.6,-0.45,trailing_stop
DABUR,bollinger_meanrev,MIS,2026-06-15 09:15:00,2026-06-15 10:40:00,435.15,432.2142857142857,68,199.63,168.38,0.91,trailing_stop
DIXON,bollinger_meanrev,MIS,2026-06-15 09:15:00,2026-06-15 09:20:00,11719,11796.857142857143,2,-155.71,-180.67,-1.13,trailing_stop
DLF,bollinger_meanrev,MIS,2026-06-15 09:15:00,2026-06-15 09:30:00,601.0,605.4785714285714,49,-219.45,-250.82,-0.74,trailing_stop
EICHERMOT,bollinger_meanrev,MIS,2026-06-15 09:15:00,2026-06-15 09:20:00,7388.5,7407.571428571428,4,-76.29,-107.68,-0.56,trailing_stop
ETERNAL,bollinger_meanrev,MIS,2026-06-15 09:15:00,2026-06-15 09:45:00,252.0,254.25714285714284,119,-268.6,-300.57,-0.98,trailing_stop
GAIL,bollinger_meanrev,MIS,2026-06-15 09:15:00,2026-06-15 10:00:00,174.33,175.64142857142858,172,-225.57,-257.51,-0.83,trailing_stop
GMRAIRPORT,bollinger_meanrev,MIS,2026-06-15 09:15:00,2026-06-15 09:45:00,106.55,107.2957142857143,281,-209.55,-241.43,-0.81,trailing_stop
GODREJCP,bollinger_meanrev,MIS,2026-06-15 09:15:00,2026-06-15 10:40:00,1051.1,1044.6,28,182.0,150.91,0.9,target_mid_band
GODREJPROP,bollinger_meanrev,MIS,2026-06-15 09:15:00,2026-06-15 10:05:00,1748.2,1774.5714285714284,17,-448.31,-480.12,-1.45,trailing_stop
GRASIM,bollinger_meanrev,MIS,2026-06-15 09:15:00,2026-06-15 09:25:00,3140.9,3160.628571428572,9,-177.56,-207.65,-1.01,trailing_stop
HAL,bollinger_meanrev,MIS,2026-06-15 09:15:00,2026-06-15 09:30:00,4226.9,4225.757142857143,7,8.0,-23.37,0.06,trailing_stop
HAVELLS,bollinger_meanrev,MIS,2026-06-15 09:15:00,2026-06-15 10:30:00,1181.0,1182.9285714285713,25,-48.21,-79.55,-0.21,trailing_stop
HCLTECH,bollinger_meanrev,MIS,2026-06-15 09:15:00,2026-06-15 10:05:00,1119.1,1114.0,26,132.6,101.83,0.9,target_mid_band
HDFCAMC,bollinger_meanrev,MIS,2026-06-15 09:15:00,2026-06-15 10:25:00,2567.2,2573.971428571429,11,-74.49,-104.48,-0.25,trailing_stop
HDFCBANK,bollinger_meanrev,MIS,2026-06-15 09:15:00,2026-06-15 10:40:00,788.05,787.4,38,24.7,-7.04,0.11,trailing_stop
HEROMOTOCO,bollinger_meanrev,MIS,2026-06-15 09:15:00,2026-06-15 09:50:00,5038.0,5054.528571428571,5,-82.64,-109.41,-0.63,trailing_stop
HINDPETRO,bollinger_meanrev,MIS,2026-06-15 09:15:00,2026-06-15 10:30:00,404.25,403.37142857142857,74,65.01,33.33,0.17,trailing_stop
HINDZINC,bollinger_meanrev,MIS,2026-06-15 09:15:00,2026-06-15 09:25:00,573.75,579.2142857142857,52,-284.14,-315.96,-1.12,trailing_stop
HYUNDAI,bollinger_meanrev,MIS,2026-06-15 09:15:00,2026-06-15 09:20:00,2024.1,2034.3857142857141,14,-144.0,-174.14,-1.01,trailing_stop
ICICIAMC,bollinger_meanrev,MIS,2026-06-15 09:15:00,2026-06-15 09:55:00,3295.6,3251.4,9,397.8,366.6,1.38,target_mid_band
ICICIGI,bollinger_meanrev,MIS,2026-06-15 09:15:00,2026-06-15 09:20:00,1723.9,1728.3428571428572,17,-75.53,-106.65,-0.43,trailing_stop
IDFCFIRSTB,bollinger_meanrev,MIS,2026-06-15 09:15:00,2026-06-15 10:40:00,77.95,77.4,384,211.2,179.59,0.63,target_mid_band
INDHOTEL,bollinger_meanrev,MIS,2026-06-15 09:15:00,2026-06-15 10:10:00,693.2,695.0142857142857,43,-78.01,-109.67,-0.33,trailing_stop
INDIANB,bollinger_meanrev,MIS,2026-06-15 09:15:00,2026-06-15 10:30:00,858.35,857.6214285714286,34,24.77,-6.16,0.09,trailing_stop
INDIGO,bollinger_meanrev,MIS,2026-06-15 09:15:00,2026-06-15 10:00:00,4877.0,4926.214285714286,6,-295.29,-326.51,-0.91,trailing_stop
INDUSINDBK,bollinger_meanrev,MIS,2026-06-15 09:15:00,2026-06-15 10:25:00,937.0,934.3000000000001,32,86.4,54.66,0.37,trailing_stop
IOC,bollinger_meanrev,MIS,2026-06-15 09:15:00,2026-06-15 10:50:00,145.15,145.25,206,-20.6,-52.32,-0.06,target_mid_band
IREDA,bollinger_meanrev,MIS,2026-06-15 09:15:00,2026-06-15 10:25:00,125.52,125.44999999999999,239,16.73,-15.07,0.07,trailing_stop
IRFC,bollinger_meanrev,MIS,2026-06-15 09:15:00,2026-06-15 11:05:00,98.57,98.08,304,148.96,117.28,0.6,target_mid_band
ITC,bollinger_meanrev,MIS,2026-06-15 09:15:00,2026-06-15 10:40:00,287.55,287.3,104,26.0,-5.7,0.22,target_mid_band
JIOFIN,bollinger_meanrev,MIS,2026-06-15 09:15:00,2026-06-15 09:45:00,241.64,243.40142857142857,124,-218.42,-250.33,-0.98,trailing_stop
JSWENERGY,bollinger_meanrev,MIS,2026-06-15 09:15:00,2026-06-15 10:30:00,566.85,567.4928571428571,52,-33.43,-64.71,-0.14,trailing_stop
JSWSTEEL,bollinger_meanrev,MIS,2026-06-15 09:15:00,2026-06-15 10:50:00,1315.0,1312.257142857143,22,60.34,29.7,0.38,trailing_stop
JUBLFOOD,bollinger_meanrev,MIS,2026-06-15 09:15:00,2026-06-15 09:45:00,428.95,433.40714285714284,69,-307.54,-339.13,-1.2,trailing_stop
KALYANKJIL,bollinger_meanrev,MIS,2026-06-15 09:15:00,2026-06-15 09:30:00,355.85,359.0928571428571,84,-272.4,-304.27,-0.93,trailing_stop
KEI,bollinger_meanrev,MIS,2026-06-15 09:15:00,2026-06-15 09:25:00,5429.5,5453.642857142857,5,-120.71,-149.58,-0.63,trailing_stop
KPITTECH,bollinger_meanrev,MIS,2026-06-15 09:15:00,2026-06-15 09:40:00,760.55,765.5142857142857,39,-193.61,-225.19,-0.91,trailing_stop
LODHA,bollinger_meanrev,MIS,2026-06-15 09:15:00,2026-06-15 10:25:00,931.5,929.9428571428571,32,49.83,18.25,0.17,trailing_stop
LT,bollinger_meanrev,MIS,2026-06-15 09:15:00,2026-06-15 10:25:00,4167.7,4179.728571428572,7,-84.2,-115.19,-0.31,trailing_stop
LTF,bollinger_meanrev,MIS,2026-06-15 09:15:00,2026-06-15 09:20:00,294.3,297.2857142857143,101,-301.56,-333.27,-0.73,trailing_stop
LTM,bollinger_meanrev,MIS,2026-06-15 09:15:00,2026-06-15 10:25:00,3899.0,3903.957142857143,7,-34.7,-63.67,-0.23,trailing_stop
M&M,bollinger_meanrev,MIS,2026-06-15 09:15:00,2026-06-15 09:30:00,3107.0,3104.057142857143,9,26.49,-3.15,0.13,trailing_stop
M&MFIN,bollinger_meanrev,MIS,2026-06-15 09:15:00,2026-06-15 09:25:00,293.7,294.6142857142857,102,-93.26,-125.09,-0.25,trailing_stop
MARUTI,bollinger_meanrev,MIS,2026-06-15 09:15:00,2026-06-15 09:40:00,13670,13761.285714285714,2,-182.57,-211.68,-0.82,trailing_stop
MAZDOCK,bollinger_meanrev,MIS,2026-06-15 09:15:00,2026-06-15 10:30:00,2453.0,2450.3714285714286,12,31.54,0.35,0.15,trailing_stop
MFSL,bollinger_meanrev,MIS,2026-06-15 09:15:00,2026-06-15 10:35:00,1625.7,1622.2285714285713,18,62.49,31.49,0.26,trailing_stop
MOTHERSON,bollinger_meanrev,MIS,2026-06-15 09:15:00,2026-06-15 09:30:00,147.08,148.21714285714285,203,-230.84,-262.65,-0.85,trailing_stop
MOTILALOFS,bollinger_meanrev,MIS,2026-06-15 09:15:00,2026-06-15 09:30:00,912.1,922.2785714285715,32,-325.71,-356.87,-1.17,trailing_stop
MPHASIS,bollinger_meanrev,MIS,2026-06-15 09:15:00,2026-06-15 09:20:00,2234.1,2245.3142857142857,13,-145.79,-176.68,-0.94,trailing_stop
MUTHOOTFIN,bollinger_meanrev,MIS,2026-06-15 09:15:00,2026-06-15 10:25:00,3155.0,3182.957142857143,9,-251.61,-281.89,-0.8,trailing_stop
NAUKRI,bollinger_meanrev,MIS,2026-06-15 09:15:00,2026-06-15 10:00:00,986.0,990.8357142857143,30,-145.07,-176.53,-0.74,trailing_stop
OBEROIRLTY,bollinger_meanrev,MIS,2026-06-15 09:15:00,2026-06-15 10:05:00,1673.4,1672.3,17,18.7,-11.46,0.07,trailing_stop
OFSS,bollinger_meanrev,MIS,2026-06-15 09:15:00,2026-06-15 10:05:00,9472.0,9370.0,3,306.0,276.06,1.64,target_mid_band
PATANJALI,bollinger_meanrev,MIS,2026-06-15 09:15:00,2026-06-15 10:25:00,431.5,427.6,69,269.1,237.7,1.33,target_mid_band
PFC,bollinger_meanrev,MIS,2026-06-15 09:15:00,2026-06-15 09:30:00,428.4,430.6,70,-154.0,-185.9,-0.71,trailing_stop
PHOENIXLTD,bollinger_meanrev,MIS,2026-06-15 09:15:00,2026-06-15 10:20:00,1802.1,1808.5,16,-102.4,-133.04,-0.33,trailing_stop
PIIND,bollinger_meanrev,MIS,2026-06-15 09:15:00,2026-06-15 10:20:00,2913.1,2873.0,10,401.0,370.36,1.63,target_mid_band
PNB,bollinger_meanrev,MIS,2026-06-15 09:15:00,2026-06-15 10:50:00,108.73,108.35,275,104.5,72.86,0.49,target_mid_band
POWERGRID,bollinger_meanrev,MIS,2026-06-15 09:15:00,2026-06-15 09:40:00,286.8,288.55,104,-182.0,-213.75,-1.0,trailing_stop
PRESTIGE,bollinger_meanrev,MIS,2026-06-15 09:15:00,2026-06-15 10:10:00,1425.2,1431.9714285714285,21,-142.2,-174.03,-0.4,trailing_stop
RECLTD,bollinger_meanrev,MIS,2026-06-15 09:15:00,2026-06-15 10:25:00,352.5,352.54285714285714,85,-3.64,-35.42,-0.02,trailing_stop
RELIANCE,bollinger_meanrev,MIS,2026-06-15 09:15:00,2026-06-15 09:45:00,1308.5,1320.7571428571428,22,-269.66,-300.36,-1.22,trailing_stop
RVNL,bollinger_meanrev,MIS,2026-06-15 09:15:00,2026-06-15 10:50:00,242.53,241.62,123,111.93,80.37,0.36,target_mid_band
SBICARD,bollinger_meanrev,MIS,2026-06-15 09:15:00,2026-06-15 10:30:00,603.3,604.2214285714285,49,-45.15,-76.53,-0.15,trailing_stop
SBIN,bollinger_meanrev,MIS,2026-06-15 09:15:00,2026-06-15 10:35:00,1027.7,1024.25,29,100.05,68.51,0.62,target_mid_band
SHREECEM,bollinger_meanrev,MIS,2026-06-15 09:15:00,2026-06-15 10:45:00,24915,24705,1,210,183.71,0.83,target_mid_band
SHRIRAMFIN,bollinger_meanrev,MIS,2026-06-15 09:15:00,2026-06-15 10:25:00,998.4,1000.0214285714286,30,-48.64,-80.44,-0.12,trailing_stop
SIEMENS,bollinger_meanrev,MIS,2026-06-15 09:15:00,2026-06-15 09:20:00,3625.2,3621.1714285714284,8,32.23,1.49,0.15,trailing_stop
SUPREMEIND,bollinger_meanrev,MIS,2026-06-15 09:15:00,2026-06-15 10:30:00,3576.3,3578.4142857142856,8,-16.91,-47.27,-0.08,trailing_stop
SUZLON,bollinger_meanrev,MIS,2026-06-15 09:15:00,2026-06-15 09:40:00,56.29,56.68571428571428,532,-210.52,-242.41,-0.84,trailing_stop
SWIGGY,bollinger_meanrev,MIS,2026-06-15 09:15:00,2026-06-15 09:20:00,256.8,260.0785714285714,116,-380.31,-412.15,-1.19,trailing_stop
TATACAP,bollinger_meanrev,MIS,2026-06-15 09:15:00,2026-06-15 09:20:00,338.7,337.73571428571427,88,84.86,53.3,0.4,trailing_stop
TATAELXSI,bollinger_meanrev,MIS,2026-06-15 09:15:00,2026-06-15 10:25:00,4114.7,4096.0,7,130.9,100.44,0.76,target_mid_band
TATAPOWER,bollinger_meanrev,MIS,2026-06-15 09:15:00,2026-06-15 10:15:00,398.9,395.8,75,232.5,200.92,1.27,target_mid_band
TCS,bollinger_meanrev,MIS,2026-06-15 09:15:00,2026-06-15 10:10:00,2172.9,2165.9,13,91.0,61.1,0.66,target_mid_band
TIINDIA,bollinger_meanrev,MIS,2026-06-15 09:15:00,2026-06-15 09:45:00,3197.0,3203.842857142857,9,-61.59,-92.14,-0.25,trailing_stop
TITAN,bollinger_meanrev,MIS,2026-06-15 09:15:00,2026-06-15 09:40:00,4242.4,4267.785714285715,7,-177.7,-209.31,-0.73,trailing_stop
TMCV,bollinger_meanrev,MIS,2026-06-15 09:15:00,2026-06-15 10:25:00,419.2,412.3857142857143,71,483.81,452.56,0.73,trailing_stop
TMPV,bollinger_meanrev,MIS,2026-06-15 09:15:00,2026-06-15 09:30:00,402.45,407.4142857142857,74,-367.36,-399.17,-1.16,trailing_stop
TRENT,bollinger_meanrev,MIS,2026-06-15 09:15:00,2026-06-15 09:30:00,2806.2,2828.5142857142855,10,-223.14,-253.04,-1.1,trailing_stop
TVSMOTOR,bollinger_meanrev,MIS,2026-06-15 09:15:00,2026-06-15 09:35:00,3390.7,3406.3714285714286,8,-125.37,-154.22,-0.43,trailing_stop
ULTRACEMCO,bollinger_meanrev,MIS,2026-06-15 09:15:00,2026-06-15 10:00:00,11249,11279.42857142857,2,-60.86,-84.75,-0.29,trailing_stop
UNIONBANK,bollinger_meanrev,MIS,2026-06-15 09:15:00,2026-06-15 10:25:00,167.4,167.2057142857143,179,34.78,3.02,0.14,trailing_stop
UPL,bollinger_meanrev,MIS,2026-06-15 09:15:00,2026-06-15 10:30:00,619.55,619.3714285714286,48,8.57,-22.96,0.04,trailing_stop
VEDL,bollinger_meanrev,MIS,2026-06-15 09:15:00,2026-06-15 09:20:00,314.15,314.04285714285714,95,10.18,-21.46,0.04,trailing_stop
VMM,bollinger_meanrev,MIS,2026-06-15 09:15:00,2026-06-15 09:25:00,121.16,122.19714285714285,247,-256.17,-288.07,-1.18,trailing_stop
WIPRO,bollinger_meanrev,MIS,2026-06-15 09:15:00,2026-06-15 10:25:00,181.85,181.63714285714286,164,34.91,3.3,0.21,trailing_stop
YESBANK,bollinger_meanrev,MIS,2026-06-15 09:15:00,2026-06-15 10:25:00,23.29,23.34857142857143,1288,-75.44,-107.3,-0.4,trailing_stop
BSE,bollinger_meanrev,MIS,2026-06-15 09:20:00,2026-06-15 09:30:00,4095.0,4140.6,7,-319.2,-349.8,-1.12,trailing_stop
INFY,bollinger_meanrev,MIS,2026-06-15 09:20:00,2026-06-15 10:25:00,1130.0,1130.0,26,-0.0,-31.16,-0.0,trailing_stop
TECHM,bollinger_meanrev,MIS,2026-06-15 09:20:00,2026-06-15 10:05:00,1410.2,1396.5,21,287.7,256.48,1.61,target_mid_band
WAAREEENER,bollinger_meanrev,MIS,2026-06-15 09:20:00,2026-06-15 10:30:00,3064.8,3063.7285714285713,9,9.64,-19.6,0.06,trailing_stop
ASIANPAINT,bollinger_meanrev,MIS,2026-06-15 09:25:00,2026-06-15 10:30:00,2827.4,2782.7,10,447.0,417.3,1.68,target_mid_band
COROMANDEL,bollinger_meanrev,MIS,2026-06-15 09:25:00,2026-06-15 10:10:00,1934.4,1948.642857142857,15,-213.64,-244.55,-0.75,trailing_stop
JINDALSTEL,bollinger_meanrev,MIS,2026-06-15 09:25:00,2026-06-15 10:25:00,1163.2,1155.9,25,182.5,151.78,0.89,target_mid_band
NATIONALUM,bollinger_meanrev,MIS,2026-06-15 09:25:00,2026-06-15 10:30:00,386.05,381.0,77,388.85,357.58,1.3,target_mid_band
TATAINVEST,bollinger_meanrev,MIS,2026-06-15 09:25:00,2026-06-15 10:45:00,677.85,677.8,44,2.2,-29.43,0.01,trailing_stop
TATASTEEL,bollinger_meanrev,MIS,2026-06-15 09:25:00,2026-06-15 10:15:00,200.21,198.99,149,181.78,150.26,0.97,target_mid_band
VOLTAS,bollinger_meanrev,MIS,2026-06-15 09:25:00,2026-06-15 10:00:00,1313.8,1327.257142857143,22,-296.06,-326.9,-1.17,trailing_stop
EXIDEIND,bollinger_meanrev,MIS,2026-06-15 09:30:00,2026-06-15 10:30:00,398.0,397.95714285714286,75,3.21,-28.44,0.01,trailing_stop
NHPC,bollinger_meanrev,MIS,2026-06-15 09:30:00,2026-06-15 09:35:00,75.04,75.41000000000001,399,-147.63,-179.48,-0.66,trailing_stop
GROWW,bollinger_meanrev,MIS,2026-06-15 09:40:00,2026-06-15 10:05:00,204.81,206.64000000000001,146,-267.18,-299.06,-0.72,trailing_stop
BHEL,bollinger_meanrev,MIS,2026-06-15 09:50:00,2026-06-15 11:00:00,389.05,390.2857142857143,77,-95.15,-126.98,-0.28,trailing_stop
ABB,bollinger_meanrev,MIS,2026-06-15 10:30:00,2026-06-15 11:20:00,6925.0,6923.428571428572,4,6.29,-23.08,0.04,trailing_stop
BHARATFORG,bollinger_meanrev,MIS,2026-06-15 10:30:00,2026-06-15 11:40:00,2012.4,2005.1,14,102.2,72.39,0.43,target_mid_band
CUMMINSIND,bollinger_meanrev,MIS,2026-06-15 10:30:00,2026-06-15 11:30:00,5728.0,5716.357142857143,5,58.21,27.88,0.41,trailing_stop
MAXHEALTH,bollinger_meanrev,MIS,2026-06-15 10:35:00,2026-06-15 10:40:00,1025.5,1031.3857142857144,29,-170.69,-202.33,-1.08,trailing_stop
HDFCLIFE,bollinger_meanrev,MIS,2026-06-15 10:50:00,2026-06-15 11:45:00,574.45,572.5,52,101.4,69.79,0.79,target_mid_band
PAYTM,bollinger_meanrev,MIS,2026-06-15 10:50:00,2026-06-15 10:55:00,1123.7,1131.5142857142857,26,-203.17,-234.28,-0.99,trailing_stop
SBILIFE,bollinger_meanrev,MIS,2026-06-15 11:00:00,2026-06-15 11:55:00,1750.7,1750.1857142857143,17,8.74,-22.81,0.06,trailing_stop
ADANIENSOL,bollinger_meanrev,MIS,2026-06-15 11:40:00,2026-06-15 12:25:00,1531.7,1528.5571428571427,19,59.71,28.89,0.37,trailing_stop
CIPLA,bollinger_meanrev,MIS,2026-06-15 11:40:00,2026-06-15 12:15:00,1387.0,1381.4,21,117.6,86.79,1.33,target_mid_band
GVT&D,bollinger_meanrev,MIS,2026-06-15 11:50:00,2026-06-15 12:25:00,4908.0,4882.0,6,156.0,124.87,0.65,trailing_stop
OIL,bollinger_meanrev,MIS,2026-06-15 12:10:00,2026-06-15 12:50:00,419.3,416.9,71,170.4,138.94,1.5,target_mid_band
ASTRAL,bollinger_meanrev,MIS,2026-06-15 13:05:00,2026-06-15 13:30:00,1547.9,1550.2857142857142,19,-45.33,-76.55,-0.46,trailing_stop
POLICYBZR,bollinger_meanrev,MIS,2026-06-15 13:35:00,2026-06-15 13:50:00,1579.0,1578.8999999999999,18,1.8,-28.34,0.02,trailing_stop
BHARTIARTL,bollinger_meanrev,MIS,2026-06-15 14:20:00,2026-06-15 15:00:00,1852.0,1842.0,16,160.0,128.68,1.75,target_mid_band
DMART,bollinger_meanrev,MIS,2026-06-15 14:20:00,2026-06-15 15:05:00,4129.2,4093.1,7,252.7,222.21,1.52,target_mid_band
360ONE,bollinger_meanrev,MIS,2026-06-16 09:15:00,2026-06-16 10:10:00,1161.6,1142.6,25,475.0,444.51,2.29,target_mid_band
HCLTECH,bollinger_meanrev,MIS,2026-06-16 09:15:00,2026-06-16 09:30:00,1146.3,1153.1,26,-176.8,-208.52,-0.87,trailing_stop
LENSKART,bollinger_meanrev,MIS,2026-06-16 09:15:00,2026-06-16 09:20:00,505.3,508.9,59,-212.4,-244.15,-1.19,trailing_stop
LGEINDIA,bollinger_meanrev,MIS,2026-06-16 09:15:00,2026-06-16 09:30:00,1549.4,1560.3285714285714,19,-207.64,-238.99,-1.14,trailing_stop
NESTLEIND,bollinger_meanrev,MIS,2026-06-16 09:15:00,2026-06-16 10:05:00,1395.2,1394.2428571428572,21,20.1,-10.96,0.14,trailing_stop
TATACAP,bollinger_meanrev,MIS,2026-06-16 09:15:00,2026-06-16 09:40:00,346.3,344.4428571428571,86,159.71,128.23,0.7,trailing_stop
TECHM,bollinger_meanrev,MIS,2026-06-16 09:15:00,2026-06-16 09:30:00,1403.9,1406.9,21,-63.0,-94.3,-0.54,trailing_stop
SBILIFE,bollinger_meanrev,MIS,2026-06-16 09:20:00,2026-06-16 10:50:00,1785.2,1781.6857142857143,16,56.23,25.97,0.24,trailing_stop
TCS,bollinger_meanrev,MIS,2026-06-16 09:35:00,2026-06-16 10:00:00,2194.8,2199.685714285714,13,-63.51,-93.81,-0.4,trailing_stop
COFORGE,bollinger_meanrev,MIS,2026-06-16 09:40:00,2026-06-16 10:10:00,1430.5,1440.7,20,-204.0,-234.47,-0.93,trailing_stop
PERSISTENT,bollinger_meanrev,MIS,2026-06-16 09:45:00,2026-06-16 10:15:00,4997.0,5025.285714285715,6,-169.71,-201.62,-0.69,trailing_stop
PIIND,bollinger_meanrev,MIS,2026-06-16 09:45:00,2026-06-16 10:35:00,2884.0,2888.714285714286,10,-47.14,-77.76,-0.25,trailing_stop
BAJAJFINSV,bollinger_meanrev,MIS,2026-06-16 09:50:00,2026-06-16 10:45:00,1793.9,1794.6714285714286,16,-12.34,-42.79,-0.05,trailing_stop
OIL,bollinger_meanrev,MIS,2026-06-16 09:50:00,2026-06-16 11:00:00,420.5,420.52142857142854,71,-1.52,-33.18,-0.01,trailing_stop
YESBANK,bollinger_meanrev,MIS,2026-06-16 09:50:00,2026-06-16 10:55:00,24.22,24.14,1238,99.04,67.31,0.24,target_mid_band
SUZLON,bollinger_meanrev,MIS,2026-06-16 09:55:00,2026-06-16 10:05:00,58.16,58.91571428571429,515,-389.19,-421.21,-0.72,trailing_stop
ITC,bollinger_meanrev,MIS,2026-06-16 10:30:00,2026-06-16 11:30:00,290.4,290.5,103,-10.3,-42.03,-0.11,trailing_stop
COALINDIA,bollinger_meanrev,MIS,2026-06-16 10:45:00,2026-06-16 11:50:00,451.0,449.4,66,105.6,74.1,0.54,trailing_stop
RELIANCE,bollinger_meanrev,MIS,2026-06-16 10:45:00,2026-06-16 11:05:00,1326.3,1330.7714285714287,22,-98.37,-129.38,-0.9,trailing_stop
ADANIPORTS,bollinger_meanrev,MIS,2026-06-16 10:50:00,2026-06-16 11:25:00,1819.9,1810.9,16,144.0,113.21,0.89,target_mid_band
POLYCAB,bollinger_meanrev,MIS,2026-06-16 11:15:00,2026-06-16 12:00:00,9602.5,9558.0,3,133.5,103.04,1.2,target_mid_band
BDL,bollinger_meanrev,MIS,2026-06-16 11:20:00,2026-06-16 11:30:00,1230.7,1235.1714285714286,24,-107.31,-138.71,-0.77,trailing_stop
ICICIGI,bollinger_meanrev,MIS,2026-06-16 12:25:00,2026-06-16 13:00:00,1769.0,1771.6142857142856,16,-41.83,-71.87,-0.7,trailing_stop
UNITDSPR,bollinger_meanrev,MIS,2026-06-16 12:55:00,2026-06-16 13:25:00,1295.0,1296.8857142857141,23,-43.37,-74.98,-0.46,trailing_stop
M&M,bollinger_meanrev,MIS,2026-06-16 13:10:00,2026-06-16 14:10:00,3149.8,3151.3571428571427,9,-14.01,-44.09,-0.17,trailing_stop
CANBK,bollinger_meanrev,MIS,2026-06-16 13:25:00,2026-06-16 14:10:00,132.92,133.16714285714284,225,-55.61,-87.36,-0.59,trailing_stop
LTM,bollinger_meanrev,MIS,2026-06-16 13:25:00,2026-06-16 14:00:00,3963.0,3973.328571428571,7,-72.3,-101.76,-0.72,trailing_stop
TATASTEEL,bollinger_meanrev,MIS,2026-06-16 13:25:00,2026-06-16 14:10:00,195.17,195.60857142857142,153,-67.1,-98.81,-0.7,trailing_stop
ADANIPOWER,bollinger_meanrev,MIS,2026-06-16 13:35:00,2026-06-16 13:40:00,223.41,223.68857142857144,134,-37.33,-69.1,-0.25,trailing_stop
GVT&D,bollinger_meanrev,MIS,2026-06-16 13:35:00,2026-06-16 14:10:00,4856.5,4873.428571428572,6,-101.57,-132.54,-0.8,trailing_stop
SBICARD,bollinger_meanrev,MIS,2026-06-16 13:35:00,2026-06-16 14:30:00,623.5,620.7,48,134.4,102.75,0.98,target_mid_band
GAIL,bollinger_meanrev,MIS,2026-06-16 13:45:00,2026-06-16 14:25:00,177.37,176.5,169,147.03,115.34,1.27,target_mid_band
BAJAJ-AUTO,bollinger_meanrev,MIS,2026-06-16 13:50:00,2026-06-16 14:10:00,9946.0,9964.285714285714,3,-54.86,-86.53,-1.08,trailing_stop
HINDALCO,bollinger_meanrev,MIS,2026-06-16 13:55:00,2026-06-16 14:20:00,978.3,979.7142857142857,30,-42.43,-73.58,-0.5,trailing_stop
DIVISLAB,bollinger_meanrev,MIS,2026-06-16 14:00:00,2026-06-16 14:50:00,6716.5,6698.0,4,74.0,45.56,0.63,target_mid_band
ENRIN,bollinger_meanrev,MIS,2026-06-16 14:00:00,2026-06-16 14:10:00,3621.2,3637.157142857143,8,-127.66,-158.46,-1.04,trailing_stop
MOTHERSON,bollinger_meanrev,MIS,2026-06-16 14:00:00,2026-06-16 14:20:00,148.55,148.74571428571429,201,-39.34,-71.03,-0.34,trailing_stop
VOLTAS,bollinger_meanrev,MIS,2026-06-16 14:00:00,2026-06-16 14:20:00,1329.2,1327.8428571428572,22,29.86,-1.13,0.31,trailing_stop
COLPAL,bollinger_meanrev,MIS,2026-06-16 14:05:00,2026-06-16 14:35:00,2091.0,2096.7,14,-79.8,-110.89,-0.92,trailing_stop
ADANIENSOL,bollinger_meanrev,MIS,2026-06-16 14:10:00,2026-06-16 15:05:00,1503.7,1493.9,19,186.2,156.02,1.09,target_mid_band
AMBUJACEM,bollinger_meanrev,MIS,2026-06-16 14:10:00,2026-06-16 14:40:00,427.85,425.55,70,161.0,129.34,1.36,target_mid_band
GODREJCP,bollinger_meanrev,MIS,2026-06-16 14:10:00,2026-06-16 14:20:00,1033.6,1032.3,29,37.7,5.94,0.41,trailing_stop
LODHA,bollinger_meanrev,MIS,2026-06-16 14:10:00,2026-06-16 14:40:00,933.45,935.5071428571429,32,-65.83,-97.55,-0.56,trailing_stop
NATIONALUM,bollinger_meanrev,MIS,2026-06-16 14:10:00,2026-06-16 14:25:00,362.75,364.5,82,-143.5,-175.14,-0.95,trailing_stop
PFC,bollinger_meanrev,MIS,2026-06-16 14:10:00,2026-06-16 14:40:00,428.0,426.1,70,133.0,101.31,1.49,target_mid_band
TMPV,bollinger_meanrev,MIS,2026-06-16 14:10:00,2026-06-16 14:50:00,393.65,393.75,76,-7.6,-39.33,-0.07,trailing_stop
DABUR,bollinger_meanrev,MIS,2026-06-16 14:15:00,2026-06-16 14:40:00,435.4,435.4428571428571,68,-2.91,-34.31,-0.05,trailing_stop
HAVELLS,bollinger_meanrev,MIS,2026-06-16 14:15:00,2026-06-16 14:20:00,1184.9,1184.4714285714285,25,10.71,-20.69,0.14,trailing_stop
TATAPOWER,bollinger_meanrev,MIS,2026-06-16 14:15:00,2026-06-16 15:00:00,403.45,402.7,74,55.5,23.88,0.66,target_mid_band
OBEROIRLTY,bollinger_meanrev,MIS,2026-06-16 14:25:00,2026-06-16 14:35:00,1689.0,1694.6857142857145,17,-96.66,-127.17,-1.05,trailing_stop
SUNPHARMA,bollinger_meanrev,MIS,2026-06-16 14:25:00,2026-06-16 14:40:00,1807.0,1809.7714285714287,16,-44.34,-75.03,-0.82,trailing_stop
TMCV,bollinger_meanrev,MIS,2026-06-16 14:25:00,2026-06-16 14:30:00,405.75,405.47142857142853,73,20.34,-11.06,0.18,trailing_stop
M&MFIN,bollinger_meanrev,MIS,2026-06-16 14:35:00,2026-06-16 15:15:00,292.0,291.2,102,81.6,50.07,0.67,forced_close
MPHASIS,bollinger_meanrev,MIS,2026-06-16 14:35:00,2026-06-16 14:40:00,2270.4,2269.4142857142856,13,12.81,-18.48,0.15,trailing_stop
DIXON,bollinger_meanrev,MIS,2026-06-16 14:40:00,2026-06-16 15:15:00,12218,12233,2,-30,-55.93,-0.15,forced_close
ABCAPITAL,bollinger_meanrev,MIS,2026-06-16 14:45:00,2026-06-16 15:15:00,375.3,373.35,79,154.05,122.71,1.13,forced_close
WIPRO,bollinger_meanrev,MIS,2026-06-16 14:45:00,2026-06-16 15:15:00,182.99,182.63,163,58.68,27.09,1.05,target_mid_band
IRCTC,bollinger_meanrev,MIS,2026-06-16 15:00:00,2026-06-16 15:15:00,522.7,523.0357142857143,57,-19.14,-50.74,-0.39,trailing_stop
MAZDOCK,bollinger_meanrev,MIS,2026-06-16 15:05:00,2026-06-16 15:15:00,2467.0,2468.3,12,-15.6,-47.0,-0.21,forced_close
ONGC,bollinger_meanrev,MIS,2026-06-16 15:15:00,2026-06-16 15:20:00,248.4,248.74285714285713,120,-41.14,-72.78,-0.56,trailing_stop
DLF,bollinger_meanrev,MIS,2026-06-16 15:25:00,2026-06-16 15:25:00,632.0,632.0,47,-0.0,-31.5,-0.0,eod_data_end
BLUESTARCO,bollinger_meanrev,MIS,2026-06-17 09:15:00,2026-06-17 09:20:00,1649.8,1659.4142857142858,18,-173.06,-204.66,-0.94,trailing_stop
BSE,bollinger_meanrev,MIS,2026-06-17 09:15:00,2026-06-17 09:25:00,4196.0,4195.557142857142,7,3.1,-28.05,0.02,trailing_stop
COCHINSHIP,bollinger_meanrev,MIS,2026-06-17 09:15:00,2026-06-17 09:45:00,1442.7,1444.0428571428572,20,-26.86,-57.47,-0.17,trailing_stop
COFORGE,bollinger_meanrev,MIS,2026-06-17 09:15:00,2026-06-17 09:20:00,1473.3,1485.2142857142856,20,-238.29,-269.69,-1.13,trailing_stop
DIXON,bollinger_meanrev,MIS,2026-06-17 09:15:00,2026-06-17 09:25:00,12513,12689.857142857143,2,-353.71,-380.48,-1.01,trailing_stop
DMART,bollinger_meanrev,MIS,2026-06-17 09:15:00,2026-06-17 09:30:00,4237.1,4246.771428571428,7,-67.7,-99.2,-0.47,trailing_stop
MAZDOCK,bollinger_meanrev,MIS,2026-06-17 09:15:00,2026-06-17 10:15:00,2488.4,2494.4,12,-72.0,-103.71,-0.54,trailing_stop
MOTILALOFS,bollinger_meanrev,MIS,2026-06-17 09:15:00,2026-06-17 09:40:00,952.25,958.4571428571429,31,-192.42,-223.85,-0.89,trailing_stop
NAUKRI,bollinger_meanrev,MIS,2026-06-17 09:15:00,2026-06-17 09:20:00,1015.75,1021.5785714285714,29,-169.03,-200.37,-0.8,trailing_stop
NYKAA,bollinger_meanrev,MIS,2026-06-17 09:15:00,2026-06-17 09:25:00,278.3,279.82142857142856,107,-162.79,-194.48,-0.86,trailing_stop
OFSS,bollinger_meanrev,MIS,2026-06-17 09:15:00,2026-06-17 09:40:00,9567.5,9493.5,3,222.0,191.7,1.32,target_mid_band
PERSISTENT,bollinger_meanrev,MIS,2026-06-17 09:15:00,2026-06-17 09:30:00,5060.0,5085.785714285715,5,-128.93,-155.84,-0.76,trailing_stop
PIDILITIND,bollinger_meanrev,MIS,2026-06-17 09:15:00,2026-06-17 09:25:00,1574.5,1576.5428571428572,19,-38.81,-70.56,-0.4,trailing_stop
RADICO,bollinger_meanrev,MIS,2026-06-17 09:15:00,2026-06-17 09:20:00,3592.4,3584.157142857143,8,65.94,35.51,0.54,trailing_stop
SWIGGY,bollinger_meanrev,MIS,2026-06-17 09:15:00,2026-06-17 09:20:00,263.7,264.0785714285715,113,-42.78,-74.41,-0.21,trailing_stop
TCS,bollinger_meanrev,MIS,2026-06-17 09:15:00,2026-06-17 09:30:00,2223.6,2227.7714285714287,13,-54.23,-84.92,-0.44,trailing_stop
TECHM,bollinger_meanrev,MIS,2026-06-17 09:15:00,2026-06-17 09:30:00,1428.9,1431.1142857142859,20,-44.29,-74.62,-0.34,trailing_stop
TRENT,bollinger_meanrev,MIS,2026-06-17 09:15:00,2026-06-17 09:20:00,2928.4,2943.542857142857,10,-151.43,-182.58,-1.09,trailing_stop
WIPRO,bollinger_meanrev,MIS,2026-06-17 09:15:00,2026-06-17 10:35:00,185.09,184.58,162,82.62,50.88,0.7,trailing_stop
YESBANK,bollinger_meanrev,MIS,2026-06-17 09:15:00,2026-06-17 09:20:00,24.25,24.33,1237,-98.96,-130.83,-0.45,trailing_stop
VOLTAS,bollinger_meanrev,MIS,2026-06-17 09:20:00,2026-06-17 09:45:00,1363.2,1376.2428571428572,22,-286.94,-318.93,-1.12,trailing_stop
AUROPHARMA,bollinger_meanrev,MIS,2026-06-17 09:25:00,2026-06-17 10:45:00,1431.6,1420.4,20,224.0,193.78,1.0,target_mid_band
HAVELLS,bollinger_meanrev,MIS,2026-06-17 09:25:00,2026-06-17 09:45:00,1196.0,1202.2571428571428,25,-156.43,-188.24,-1.27,trailing_stop
VBL,bollinger_meanrev,MIS,2026-06-17 09:25:00,2026-06-17 09:30:00,546.55,549.6642857142857,54,-168.17,-199.58,-1.16,trailing_stop
GROWW,bollinger_meanrev,MIS,2026-06-17 09:30:00,2026-06-17 10:10:00,202.4,200.78,148,239.76,208.15,1.12,target_mid_band
APOLLOHOSP,bollinger_meanrev,MIS,2026-06-17 09:35:00,2026-06-17 10:45:00,8460.0,8440.0,3,60.0,33.12,0.77,target_mid_band
ETERNAL,bollinger_meanrev,MIS,2026-06-17 09:35:00,2026-06-17 09:40:00,258.15,260.14285714285717,116,-231.17,-263.08,-1.09,trailing_stop
KALYANKJIL,bollinger_meanrev,MIS,2026-06-17 09:35:00,2026-06-17 10:05:00,382.65,384.65,78,-156.0,-187.75,-0.67,trailing_stop
KEI,bollinger_meanrev,MIS,2026-06-17 09:35:00,2026-06-17 09:45:00,5480.5,5515.642857142857,5,-175.71,-204.89,-0.98,trailing_stop
HAL,bollinger_meanrev,MIS,2026-06-17 09:45:00,2026-06-17 11:15:00,4316.0,4317.614285714285,6,-9.69,-37.15,-0.07,trailing_stop
POLYCAB,bollinger_meanrev,MIS,2026-06-17 09:45:00,2026-06-17 10:05:00,9738.0,9796.357142857143,3,-175.07,-206.16,-1.06,trailing_stop
HDFCLIFE,bollinger_meanrev,MIS,2026-06-17 09:50:00,2026-06-17 10:55:00,580.8,579.3,51,76.5,45.14,0.5,target_mid_band
ENRIN,bollinger_meanrev,MIS,2026-06-17 09:55:00,2026-06-17 11:00:00,3717.8,3697.3,8,164.0,132.56,0.44,target_mid_band
TITAN,bollinger_meanrev,MIS,2026-06-17 10:00:00,2026-06-17 11:20:00,4377.5,4369.028571428572,6,50.83,23.01,0.4,trailing_stop
TATACOMM,bollinger_meanrev,MIS,2026-06-17 10:25:00,2026-06-17 10:40:00,1941.0,1956.7285714285713,15,-235.93,-266.95,-1.16,trailing_stop
VEDL,bollinger_meanrev,MIS,2026-06-17 10:30:00,2026-06-17 10:35:00,303.1,305.5,98,-235.2,-266.85,-1.18,trailing_stop
HINDALCO,bollinger_meanrev,MIS,2026-06-17 10:35:00,2026-06-17 11:40:00,1003.2,993.0,29,295.8,265.14,1.14,target_mid_band
HDFCBANK,bollinger_meanrev,MIS,2026-06-17 10:40:00,2026-06-17 11:25:00,790.8,791.85,37,-38.85,-69.9,-0.4,trailing_stop
APLAPOLLO,bollinger_meanrev,MIS,2026-06-17 11:10:00,2026-06-17 11:25:00,1862.0,1870.7714285714285,16,-140.34,-172.03,-1.03,trailing_stop
CANBK,bollinger_meanrev,MIS,2026-06-17 11:10:00,2026-06-17 12:00:00,134.71,134.96142857142857,222,-55.82,-87.57,-0.28,trailing_stop
FEDERALBNK,bollinger_meanrev,MIS,2026-06-17 11:10:00,2026-06-17 11:55:00,322.2,321.2,93,93.0,61.28,0.93,target_mid_band
COALINDIA,bollinger_meanrev,MIS,2026-06-17 11:15:00,2026-06-17 12:45:00,455.3,455.2,65,6.5,-24.88,0.04,target_mid_band
LT,bollinger_meanrev,MIS,2026-06-17 11:20:00,2026-06-17 12:40:00,4211.0,4204.5,7,45.5,14.27,0.46,trailing_stop
BDL,bollinger_meanrev,MIS,2026-06-17 11:35:00,2026-06-17 11:40:00,1265.5,1272.6857142857143,23,-165.27,-196.24,-1.01,trailing_stop
SIEMENS,bollinger_meanrev,MIS,2026-06-17 11:35:00,2026-06-17 12:00:00,3675.0,3646.8,8,225.6,194.57,1.75,target_mid_band
BEL,bollinger_meanrev,MIS,2026-06-17 12:15:00,2026-06-17 12:25:00,414.2,415.4357142857143,72,-88.97,-120.65,-0.72,trailing_stop
SOLARINDS,bollinger_meanrev,MIS,2026-06-17 12:15:00,2026-06-17 13:20:00,17370,17392.714285714286,1,-22.71,-41.15,-0.22,trailing_stop
MFSL,bollinger_meanrev,MIS,2026-06-17 12:25:00,2026-06-17 12:45:00,1631.8,1634.4,18,-46.8,-77.98,-0.46,trailing_stop
BANKINDIA,bollinger_meanrev,MIS,2026-06-17 12:45:00,2026-06-17 13:05:00,147.59,147.8185714285714,203,-46.4,-78.2,-0.31,trailing_stop
RECLTD,bollinger_meanrev,MIS,2026-06-17 12:45:00,2026-06-17 13:05:00,357.95,358.29285714285714,83,-28.46,-59.98,-0.53,trailing_stop
UNIONBANK,bollinger_meanrev,MIS,2026-06-17 12:45:00,2026-06-17 13:05:00,167.37,167.82857142857142,179,-82.08,-113.91,-0.56,trailing_stop
IRFC,bollinger_meanrev,MIS,2026-06-17 12:55:00,2026-06-17 13:00:00,99.95,99.97571428571429,300,-7.71,-39.52,-0.07,trailing_stop
PFC,bollinger_meanrev,MIS,2026-06-17 13:15:00,2026-06-17 14:05:00,429.35,428.1,69,86.25,54.89,1.01,target_mid_band
SUZLON,bollinger_meanrev,MIS,2026-06-17 13:15:00,2026-06-17 13:35:00,58.83,58.99714285714286,509,-85.08,-116.88,-0.53,trailing_stop
IREDA,bollinger_meanrev,MIS,2026-06-17 13:20:00,2026-06-17 14:30:00,126.33,126.04,237,68.73,37.02,0.6,target_mid_band
MCX,bollinger_meanrev,MIS,2026-06-17 13:25:00,2026-06-17 13:35:00,2855.1,2858.8142857142857,10,-37.14,-67.44,-0.34,trailing_stop
RVNL,bollinger_meanrev,MIS,2026-06-17 13:30:00,2026-06-17 14:25:00,245.3,244.18,122,136.64,104.99,0.68,target_mid_band
JSWENERGY,bollinger_meanrev,MIS,2026-06-17 13:45:00,2026-06-17 14:00:00,562.5,563.8071428571429,53,-69.28,-100.94,-0.57,trailing_stop
BHARTIARTL,bollinger_meanrev,MIS,2026-06-17 14:00:00,2026-06-17 14:20:00,1866.2,1866.5142857142855,16,-5.03,-36.7,-0.07,trailing_stop
SBILIFE,bollinger_meanrev,MIS,2026-06-17 14:05:00,2026-06-17 14:55:00,1787.3,1787.1714285714286,16,2.06,-28.27,0.03,trailing_stop
LUPIN,bollinger_meanrev,MIS,2026-06-17 14:10:00,2026-06-17 14:40:00,2262.4,2257.4,13,65.0,33.85,1.36,target_mid_band
BHEL,bollinger_meanrev,MIS,2026-06-17 14:15:00,2026-06-17 14:25:00,386.65,388.12142857142857,77,-113.3,-144.94,-0.86,trailing_stop
SRF,bollinger_meanrev,MIS,2026-06-17 14:15:00,2026-06-17 14:50:00,2692.0,2701.2428571428572,11,-101.67,-133.14,-0.69,trailing_stop
COROMANDEL,bollinger_meanrev,MIS,2026-06-17 14:35:00,2026-06-17 14:55:00,2038.5,2041.0857142857142,14,-36.2,-66.49,-0.6,trailing_stop
INDHOTEL,bollinger_meanrev,MIS,2026-06-17 14:35:00,2026-06-17 14:55:00,697.0,698.2214285714285,43,-52.52,-84.34,-0.78,trailing_stop
BAJAJ-AUTO,bollinger_meanrev,MIS,2026-06-17 14:45:00,2026-06-17 14:55:00,10025.0,10049.285714285714,2,-48.57,-69.86,-1.13,trailing_stop
GRASIM,bollinger_meanrev,MIS,2026-06-17 14:45:00,2026-06-17 15:15:00,3148.4,3150.0,9,-14.4,-44.46,-0.15,forced_close
CGPOWER,bollinger_meanrev,MIS,2026-06-17 14:50:00,2026-06-17 15:15:00,961.35,962.9,31,-48.05,-79.68,-0.36,forced_close
ABB,bollinger_meanrev,MIS,2026-06-17 14:55:00,2026-06-17 15:15:00,7145.5,7175.0,4,-118.0,-148.39,-0.74,forced_close
GVT&D,bollinger_meanrev,MIS,2026-06-17 14:55:00,2026-06-17 15:00:00,5123.5,5155.642857142857,5,-160.71,-187.98,-1.24,trailing_stop
HDFCAMC,bollinger_meanrev,MIS,2026-06-17 14:55:00,2026-06-17 15:15:00,2708.6,2709.3,11,-7.7,-39.3,-0.08,forced_close
TIINDIA,bollinger_meanrev,MIS,2026-06-17 14:55:00,2026-06-17 15:00:00,3256.6,3272.285714285714,9,-141.17,-172.34,-1.17,trailing_stop
MOTHERSON,bollinger_meanrev,MIS,2026-06-17 15:00:00,2026-06-17 15:15:00,145.4,144.92,206,98.88,67.18,0.54,forced_close
POLICYBZR,bollinger_meanrev,MIS,2026-06-17 15:00:00,2026-06-17 15:15:00,1628.2,1623.7,18,81.0,49.97,0.75,forced_close
POWERGRID,bollinger_meanrev,MIS,2026-06-17 15:00:00,2026-06-17 15:15:00,286.45,286.3,104,15.6,-15.98,0.15,forced_close
LAURUSLABS,bollinger_meanrev,MIS,2026-06-17 15:05:00,2026-06-17 15:15:00,1370.1,1369.7,21,8.4,-22.11,0.11,forced_close
TATACONSUM,bollinger_meanrev,MIS,2026-06-17 15:05:00,2026-06-17 15:15:00,1125.1,1123.7,26,36.4,5.4,0.47,forced_close
NTPC,bollinger_meanrev,MIS,2026-06-17 15:10:00,2026-06-17 15:15:00,355.55,355.7,84,-12.6,-44.28,-0.15,forced_close
VMM,bollinger_meanrev,MIS,2026-06-17 15:10:00,2026-06-17 15:15:00,118.66,118.83,252,-42.84,-74.58,-0.38,forced_close
GODREJPROP,bollinger_meanrev,MIS,2026-06-17 15:15:00,2026-06-17 15:20:00,1790.5,1793.8857142857141,16,-54.17,-84.59,-0.48,trailing_stop
NATIONALUM,bollinger_meanrev,MIS,2026-06-17 15:20:00,2026-06-17 15:25:00,370.95,372.0,80,-84.0,-115.52,-0.7,forced_close
ADANIENT,bollinger_meanrev,MIS,2026-06-18 09:15:00,2026-06-18 09:20:00,2976.3,2979.657142857143,10,-33.57,-65.16,-0.24,trailing_stop
ADANIPOWER,bollinger_meanrev,MIS,2026-06-18 09:15:00,2026-06-18 09:20:00,222.2,221.99571428571429,135,27.58,-4.21,0.19,trailing_stop
BANKBARODA,bollinger_meanrev,MIS,2026-06-18 09:15:00,2026-06-18 09:20:00,286.1,285.59999999999997,104,52.0,20.48,0.32,trailing_stop
BHARATFORG,bollinger_meanrev,MIS,2026-06-18 09:15:00,2026-06-18 10:10:00,2046.1,2034.0,14,169.4,139.13,1.06,target_mid_band
DLF,bollinger_meanrev,MIS,2026-06-18 09:15:00,2026-06-18 09:20:00,629.65,629.3000000000001,47,16.45,-14.92,0.12,trailing_stop
HAVELLS,bollinger_meanrev,MIS,2026-06-18 09:15:00,2026-06-18 10:05:00,1207.7,1198.3,24,225.6,195.01,1.42,target_mid_band
HEROMOTOCO,bollinger_meanrev,MIS,2026-06-18 09:15:00,2026-06-18 09:30:00,5031.9,5032.771428571428,5,-4.36,-31.04,-0.05,trailing_stop
INDIGO,bollinger_meanrev,MIS,2026-06-18 09:15:00,2026-06-18 10:00:00,4903.0,4881.1,6,131.4,100.29,1.14,target_mid_band
JSWENERGY,bollinger_meanrev,MIS,2026-06-18 09:15:00,2026-06-18 10:30:00,579.45,578.2857142857142,51,59.38,28.08,0.23,trailing_stop
MANKIND,bollinger_meanrev,MIS,2026-06-18 09:15:00,2026-06-18 09:20:00,2371.6,2381.614285714286,12,-120.17,-150.43,-1.14,trailing_stop
MARICO,bollinger_meanrev,MIS,2026-06-18 09:15:00,2026-06-18 09:20:00,816.55,822.7857142857143,36,-224.49,-255.8,-1.12,trailing_stop
NYKAA,bollinger_meanrev,MIS,2026-06-18 09:15:00,2026-06-18 09:20:00,289.05,289.1,103,-5.15,-36.73,-0.02,trailing_stop
POLYCAB,bollinger_meanrev,MIS,2026-06-18 09:15:00,2026-06-18 10:05:00,9999.0,9940.0,3,177.0,145.3,1.16,target_mid_band
RADICO,bollinger_meanrev,MIS,2026-06-18 09:15:00,2026-06-18 09:20:00,3624.5,3630.342857142857,8,-46.74,-77.52,-0.26,trailing_stop
SBILIFE,bollinger_meanrev,MIS,2026-06-18 09:15:00,2026-06-18 09:30:00,1805.6,1815.4142857142858,16,-157.03,-187.77,-1.08,trailing_stop
SOLARINDS,bollinger_meanrev,MIS,2026-06-18 09:15:00,2026-06-18 09:20:00,17644,17739.85714285714,1,-95.86,-114.63,-0.79,trailing_stop
SUPREMEIND,bollinger_meanrev,MIS,2026-06-18 09:15:00,2026-06-18 10:30:00,3560.0,3542.0,8,144.0,113.89,1.03,target_mid_band
TATACONSUM,bollinger_meanrev,MIS,2026-06-18 09:15:00,2026-06-18 09:45:00,1127.0,1127.1571428571428,26,-4.09,-35.16,-0.04,trailing_stop
TRENT,bollinger_meanrev,MIS,2026-06-18 09:15:00,2026-06-18 09:20:00,3132.1,3132.6,9,-4.5,-34.4,-0.02,trailing_stop
UNIONBANK,bollinger_meanrev,MIS,2026-06-18 09:15:00,2026-06-18 09:35:00,170.08,171.10142857142858,176,-179.77,-211.63,-0.96,trailing_stop
UNITDSPR,bollinger_meanrev,MIS,2026-06-18 09:15:00,2026-06-18 09:20:00,1335.2,1345.3285714285714,22,-222.83,-254.12,-1.15,trailing_stop
UPL,bollinger_meanrev,MIS,2026-06-18 09:15:00,2026-06-18 09:40:00,616.1,613.2,48,139.2,107.93,1.38,target_mid_band
VMM,bollinger_meanrev,MIS,2026-06-18 09:15:00,2026-06-18 10:05:00,119.25,118.76,251,122.99,91.33,0.79,target_mid_band
CIPLA,bollinger_meanrev,MIS,2026-06-18 09:20:00,2026-06-18 10:35:00,1365.0,1356.7,21,174.3,144.01,1.47,target_mid_band
DRREDDY,bollinger_meanrev,MIS,2026-06-18 09:20:00,2026-06-18 09:55:00,1278.8,1269.5,23,213.9,182.85,1.7,target_mid_band
GLENMARK,bollinger_meanrev,MIS,2026-06-18 09:20:00,2026-06-18 09:25:00,2157.0,2157.2714285714287,13,-3.53,-33.27,-0.03,trailing_stop
GODFRYPHLP,bollinger_meanrev,MIS,2026-06-18 09:20:00,2026-06-18 09:35:00,2267.0,2278.4285714285716,13,-148.57,-179.92,-1.07,trailing_stop
HDFCLIFE,bollinger_meanrev,MIS,2026-06-18 09:20:00,2026-06-18 09:30:00,587.15,590.2285714285714,51,-157.01,-188.86,-1.13,trailing_stop
HINDUNILVR,bollinger_meanrev,MIS,2026-06-18 09:20:00,2026-06-18 09:40:00,2203.1,2206.785714285714,13,-47.91,-78.32,-0.51,trailing_stop
ICICIGI,bollinger_meanrev,MIS,2026-06-18 09:20:00,2026-06-18 09:25:00,1807.8,1819.8714285714286,16,-193.14,-223.94,-1.0,trailing_stop
IOC,bollinger_meanrev,MIS,2026-06-18 09:20:00,2026-06-18 10:35:00,146.55,146.36,204,38.76,7.08,0.34,target_mid_band
LAURUSLABS,bollinger_meanrev,MIS,2026-06-18 09:20:00,2026-06-18 09:50:00,1377.6,1365.8,21,247.8,217.28,1.9,target_mid_band
LUPIN,bollinger_meanrev,MIS,2026-06-18 09:20:00,2026-06-18 10:30:00,2290.1,2288.6857142857143,13,18.39,-13.17,0.12,trailing_stop
OBEROIRLTY,bollinger_meanrev,MIS,2026-06-18 09:20:00,2026-06-18 09:30:00,1700.8,1704.0285714285715,17,-54.89,-85.58,-0.37,trailing_stop
SAIL,bollinger_meanrev,MIS,2026-06-18 09:20:00,2026-06-18 09:40:00,183.18,183.63857142857142,163,-74.75,-106.46,-0.43,trailing_stop
SUNPHARMA,bollinger_meanrev,MIS,2026-06-18 09:20:00,2026-06-18 09:50:00,1828.5,1819.3,16,147.2,116.27,1.33,target_mid_band
ZYDUSLIFE,bollinger_meanrev,MIS,2026-06-18 09:20:00,2026-06-18 09:30:00,1071.0,1074.3857142857144,28,-94.8,-126.66,-0.6,trailing_stop
MFSL,bollinger_meanrev,MIS,2026-06-18 09:25:00,2026-06-18 09:50:00,1649.0,1657.2,18,-147.6,-179.17,-0.73,trailing_stop
IDFCFIRSTB,bollinger_meanrev,MIS,2026-06-18 09:30:00,2026-06-18 09:55:00,78.02,78.32142857142857,384,-115.75,-147.59,-0.7,trailing_stop
MAXHEALTH,bollinger_meanrev,MIS,2026-06-18 09:30:00,2026-06-18 09:40:00,1042.8,1049.5285714285715,28,-188.4,-219.48,-0.92,trailing_stop
HDFCBANK,bollinger_meanrev,MIS,2026-06-18 09:35:00,2026-06-18 09:40:00,794.45,797.9785714285715,37,-130.56,-161.81,-1.15,trailing_stop
INDHOTEL,bollinger_meanrev,MIS,2026-06-18 09:35:00,2026-06-18 10:45:00,705.4,703.6,42,75.6,44.23,0.51,target_mid_band
NHPC,bollinger_meanrev,MIS,2026-06-18 09:40:00,2026-06-18 10:50:00,75.44,75.70857142857142,397,-106.62,-138.45,-0.65,trailing_stop
NTPC,bollinger_meanrev,MIS,2026-06-18 09:45:00,2026-06-18 10:30:00,357.75,356.6,83,95.45,64.02,0.63,target_mid_band
EICHERMOT,bollinger_meanrev,MIS,2026-06-18 10:00:00,2026-06-18 10:40:00,7624.5,7630.785714285715,3,-18.86,-43.13,-0.15,trailing_stop
TATACOMM,bollinger_meanrev,MIS,2026-06-18 10:00:00,2026-06-18 10:20:00,1947.7,1965.6857142857143,15,-269.79,-300.94,-0.89,trailing_stop
M&MFIN,bollinger_meanrev,MIS,2026-06-18 10:05:00,2026-06-18 10:30:00,296.5,292.15,101,439.35,407.87,1.64,target_mid_band
360ONE,bollinger_meanrev,MIS,2026-06-18 10:10:00,2026-06-18 11:15:00,1161.9,1154.8,25,177.5,146.81,0.75,target_mid_band
EXIDEIND,bollinger_meanrev,MIS,2026-06-18 10:10:00,2026-06-18 10:15:00,392.1,391.6714285714286,76,32.57,0.99,0.21,trailing_stop
RECLTD,bollinger_meanrev,MIS,2026-06-18 10:10:00,2026-06-18 10:55:00,363.7,360.9,82,229.6,198.12,1.08,target_mid_band
PATANJALI,bollinger_meanrev,MIS,2026-06-18 10:50:00,2026-06-18 10:55:00,424.7,426.32142857142856,70,-113.5,-145.1,-0.88,trailing_stop
TMCV,bollinger_meanrev,MIS,2026-06-18 11:15:00,2026-06-18 11:35:00,403.95,403.0214285714286,74,68.71,37.06,0.43,trailing_stop
GVT&D,bollinger_meanrev,MIS,2026-06-18 11:35:00,2026-06-18 12:00:00,5215.0,5207.214285714285,5,38.93,11.3,0.14,trailing_stop
SBIN,bollinger_meanrev,MIS,2026-06-18 11:40:00,2026-06-18 11:50:00,1040.4,1045.45,28,-141.4,-172.38,-1.08,trailing_stop
ULTRACEMCO,bollinger_meanrev,MIS,2026-06-18 11:45:00,2026-06-18 12:00:00,11096,11116.857142857143,2,-41.71,-65.27,-0.65,trailing_stop
SHREECEM,bollinger_meanrev,MIS,2026-06-18 11:55:00,2026-06-18 12:20:00,25135,25212.85714285714,1,-77.86,-104.56,-0.71,trailing_stop
TATAINVEST,bollinger_meanrev,MIS,2026-06-18 11:55:00,2026-06-18 12:00:00,701.0,703.8714285714286,42,-120.6,-151.9,-0.44,trailing_stop
ICICIAMC,bollinger_meanrev,MIS,2026-06-18 12:15:00,2026-06-18 12:25:00,3333.4,3351.214285714286,8,-142.51,-170.88,-1.07,trailing_stop
ABB,bollinger_meanrev,MIS,2026-06-18 12:20:00,2026-06-18 13:35:00,7195.0,7174.0,4,84.0,53.53,0.7,target_mid_band
BHEL,bollinger_meanrev,MIS,2026-06-18 12:20:00,2026-06-18 12:55:00,402.65,405.1642857142857,74,-186.06,-217.77,-0.97,trailing_stop
CGPOWER,bollinger_meanrev,MIS,2026-06-18 12:20:00,2026-06-18 12:35:00,953.25,953.3428571428572,31,-2.88,-34.22,-0.04,trailing_stop
GODREJPROP,bollinger_meanrev,MIS,2026-06-18 12:20:00,2026-06-18 12:35:00,1811.0,1820.8999999999999,16,-158.4,-189.23,-1.0,trailing_stop
PRESTIGE,bollinger_meanrev,MIS,2026-06-18 12:20:00,2026-06-18 12:35:00,1526.6,1534.9857142857143,19,-159.33,-190.19,-0.85,trailing_stop
ADANIENSOL,bollinger_meanrev,MIS,2026-06-18 12:25:00,2026-06-18 12:55:00,1517.1,1517.9857142857143,19,-16.83,-47.41,-0.1,trailing_stop
ADANIGREEN,bollinger_meanrev,MIS,2026-06-18 12:25:00,2026-06-18 12:30:00,1489.0,1491.757142857143,20,-55.14,-86.76,-0.45,trailing_stop
ADANIPORTS,bollinger_meanrev,MIS,2026-06-18 12:25:00,2026-06-18 12:40:00,1831.9,1837.8714285714286,16,-95.54,-126.69,-1.07,trailing_stop
ATGL,bollinger_meanrev,MIS,2026-06-18 12:25:00,2026-06-18 12:30:00,700.1,703.3857142857144,42,-138.0,-169.27,-0.97,trailing_stop
ETERNAL,bollinger_meanrev,MIS,2026-06-18 12:25:00,2026-06-18 12:55:00,257.95,258.4,116,-52.2,-83.96,-0.4,trailing_stop
IREDA,bollinger_meanrev,MIS,2026-06-18 12:25:00,2026-06-18 13:40:00,127.8,127.58,234,51.48,19.8,0.47,target_mid_band
LODHA,bollinger_meanrev,MIS,2026-06-18 12:25:00,2026-06-18 13:30:00,932.2,925.5,32,214.4,182.9,1.13,target_mid_band
LT,bollinger_meanrev,MIS,2026-06-18 12:30:00,2026-06-18 13:20:00,4195.7,4187.6,7,56.7,25.59,0.88,target_mid_band
COROMANDEL,bollinger_meanrev,MIS,2026-06-18 12:45:00,2026-06-18 13:05:00,2026.9,2031.0142857142857,14,-57.6,-87.73,-0.47,trailing_stop
AUBANK,bollinger_meanrev,MIS,2026-06-18 12:55:00,2026-06-18 13:25:00,1026.5,1027.0214285714285,29,-15.12,-46.7,-0.14,trailing_stop
LENSKART,bollinger_meanrev,MIS,2026-06-18 13:00:00,2026-06-18 13:05:00,505.6,505.49285714285713,59,6.32,-25.31,0.15,trailing_stop
GMRAIRPORT,bollinger_meanrev,MIS,2026-06-18 13:10:00,2026-06-18 13:15:00,110.03,110.37714285714286,272,-94.42,-126.22,-0.75,trailing_stop
IRCTC,bollinger_meanrev,MIS,2026-06-18 13:45:00,2026-06-18 13:55:00,524.0,523.2,57,45.6,13.96,0.79,target_mid_band
DIVISLAB,bollinger_meanrev,MIS,2026-06-18 14:15:00,2026-06-18 14:25:00,6730.5,6753.642857142857,4,-92.57,-121.18,-0.86,trailing_stop
GROWW,bollinger_meanrev,MIS,2026-06-18 14:30:00,2026-06-18 14:40:00,201.35,202.43857142857144,148,-161.11,-192.81,-0.98,trailing_stop
MUTHOOTFIN,bollinger_meanrev,MIS,2026-06-18 14:50:00,2026-06-18 14:55:00,3169.6,3178.457142857143,9,-79.71,-110.02,-1.0,trailing_stop
ALKEM,bollinger_meanrev,MIS,2026-06-18 15:00:00,2026-06-18 15:10:00,5383.0,5376.928571428572,5,30.36,1.83,0.42,trailing_stop
BAJAJFINSV,bollinger_meanrev,MIS,2026-06-18 15:00:00,2026-06-18 15:15:00,1773.0,1771.9,16,17.6,-12.47,0.17,forced_close
PIDILITIND,bollinger_meanrev,MIS,2026-06-18 15:00:00,2026-06-18 15:15:00,1580.4,1582.7,18,-41.4,-71.59,-0.49,forced_close
TATACAP,bollinger_meanrev,MIS,2026-06-18 15:00:00,2026-06-18 15:10:00,343.25,346.3071428571429,87,-265.97,-297.81,-1.14,trailing_stop
HCLTECH,bollinger_meanrev,MIS,2026-06-18 15:05:00,2026-06-18 15:15:00,1163.6,1162.9,25,17.5,-13.34,0.19,forced_close
KEI,bollinger_meanrev,MIS,2026-06-18 15:05:00,2026-06-18 15:15:00,5659.0,5637.5,5,107.5,77.56,0.95,forced_close
TMPV,bollinger_meanrev,MIS,2026-06-18 15:05:00,2026-06-18 15:15:00,364.75,365.0,82,-20.5,-52.23,-0.2,forced_close
BAJAJ-AUTO,bollinger_meanrev,MIS,2026-06-18 15:10:00,2026-06-18 15:15:00,10077.0,10095.0,2,-36.0,-57.4,-0.81,forced_close
CHOLAFIN,bollinger_meanrev,MIS,2026-06-18 15:10:00,2026-06-18 15:15:00,1691.1,1688.1,17,51.0,20.55,0.6,forced_close
AMBUJACEM,bollinger_meanrev,MIS,2026-06-18 15:15:00,2026-06-18 15:20:00,431.5,432.4,69,-62.1,-93.71,-0.42,trailing_stop
HINDZINC,bollinger_meanrev,MIS,2026-06-18 15:15:00,2026-06-18 15:20:00,572.2,573.0,52,-41.6,-73.18,-0.47,forced_close
LGEINDIA,bollinger_meanrev,MIS,2026-06-18 15:15:00,2026-06-18 15:20:00,1609.9,1610.0,18,-1.8,-32.53,-0.02,forced_close
AUROPHARMA,bollinger_meanrev,MIS,2026-06-18 15:20:00,2026-06-18 15:25:00,1446.5,1444.7,20,36.0,5.34,0.35,forced_close
BAJAJHLDNG,bollinger_meanrev,MIS,2026-06-18 15:20:00,2026-06-18 15:25:00,10700,10690,2,20,-2.68,0.19,forced_close
PFC,bollinger_meanrev,MIS,2026-06-18 15:20:00,2026-06-18 15:25:00,429.8,429.25,69,37.95,6.53,0.32,forced_close
INDUSINDBK,bollinger_meanrev,MIS,2026-06-18 15:25:00,2026-06-18 15:25:00,939.95,939.95,31,-0.0,-30.9,-0.0,eod_data_end
POLICYBZR,bollinger_meanrev,MIS,2026-06-18 15:25:00,2026-06-18 15:25:00,1626.7,1626.7,18,-0.0,-31.05,-0.0,eod_data_end
ATGL,bollinger_meanrev,MIS,2026-06-19 09:15:00,2026-06-19 10:30:00,732.85,728.0,40,194.0,163.04,0.52,target_mid_band
AUROPHARMA,bollinger_meanrev,MIS,2026-06-19 09:15:00,2026-06-19 09:25:00,1466.5,1466.3857142857144,20,2.29,-28.82,0.01,trailing_stop
ABB,bollinger_meanrev,MIS,2026-06-19 09:20:00,2026-06-19 10:20:00,7285.0,7234.0,4,204.0,173.23,1.01,target_mid_band
ADANIPOWER,bollinger_meanrev,MIS,2026-06-19 09:20:00,2026-06-19 09:40:00,233.5,233.70714285714286,128,-26.51,-58.23,-0.1,trailing_stop
BHARTIARTL,bollinger_meanrev,MIS,2026-06-19 09:20:00,2026-06-19 10:00:00,1881.9,1892.6428571428573,15,-161.14,-191.18,-1.22,trailing_stop
CUMMINSIND,bollinger_meanrev,MIS,2026-06-19 09:20:00,2026-06-19 10:00:00,5892.0,5867.5,5,122.5,91.34,0.77,target_mid_band
SOLARINDS,bollinger_meanrev,MIS,2026-06-19 09:20:00,2026-06-19 09:25:00,17901,18018.14285714286,1,-117.14,-136.2,-1.19,trailing_stop
TRENT,bollinger_meanrev,MIS,2026-06-19 09:20:00,2026-06-19 09:45:00,3196.0,3181.0,9,135.0,104.58,0.83,target_mid_band
PFC,bollinger_meanrev,MIS,2026-06-19 09:25:00,2026-06-19 10:10:00,431.7,431.2928571428571,69,28.09,-3.48,0.17,trailing_stop
PHOENIXLTD,bollinger_meanrev,MIS,2026-06-19 09:25:00,2026-06-19 09:50:00,1877.4,1888.2857142857142,15,-163.29,-193.25,-0.84,trailing_stop
WAAREEENER,bollinger_meanrev,MIS,2026-06-19 09:25:00,2026-06-19 09:35:00,3115.0,3131.857142857143,9,-151.71,-181.54,-0.97,trailing_stop
BHARATFORG,bollinger_meanrev,MIS,2026-06-19 09:30:00,2026-06-19 09:40:00,2043.1,2056.785714285714,14,-191.6,-222.06,-1.12,trailing_stop
NATIONALUM,bollinger_meanrev,MIS,2026-06-19 09:30:00,2026-06-19 09:35:00,370.15,372.8571428571429,81,-219.28,-251.21,-1.12,trailing_stop
APOLLOHOSP,bollinger_meanrev,MIS,2026-06-19 09:35:00,2026-06-19 10:30:00,8465.5,8470.214285714286,3,-14.14,-41.08,-0.17,trailing_stop
VBL,bollinger_meanrev,MIS,2026-06-19 09:40:00,2026-06-19 10:10:00,538.3,533.75,55,250.25,219.01,1.09,target_mid_band
BHEL,bollinger_meanrev,MIS,2026-06-19 09:45:00,2026-06-19 10:35:00,412.3,412.15,72,10.8,-20.67,0.04,trailing_stop
NTPC,bollinger_meanrev,MIS,2026-06-19 09:45:00,2026-06-19 10:45:00,367.65,365.55,81,170.1,138.63,0.72,target_mid_band
INDHOTEL,bollinger_meanrev,MIS,2026-06-19 09:55:00,2026-06-19 11:05:00,720.8,721.5285714285715,41,-29.87,-61.23,-0.13,trailing_stop
BDL,bollinger_meanrev,MIS,2026-06-19 10:45:00,2026-06-19 11:00:00,1348.5,1356.8428571428572,22,-183.54,-215.12,-0.68,trailing_stop
JINDALSTEL,bollinger_meanrev,MIS,2026-06-19 11:05:00,2026-06-19 11:20:00,1135.5,1136.6999999999998,26,-31.2,-62.53,-0.32,trailing_stop
CONCOR,bollinger_meanrev,MIS,2026-06-19 11:10:00,2026-06-19 11:15:00,471.2,471.8857142857143,63,-43.2,-74.71,-0.32,trailing_stop
LAURUSLABS,bollinger_meanrev,MIS,2026-06-19 11:10:00,2026-06-19 11:30:00,1405.2,1407.0,21,-37.8,-69.12,-0.2,trailing_stop
GVT&D,bollinger_meanrev,MIS,2026-06-19 11:25:00,2026-06-19 12:30:00,5407.0,5427.5,5,-102.5,-131.23,-0.54,trailing_stop
WIPRO,bollinger_meanrev,MIS,2026-06-19 11:25:00,2026-06-19 12:20:00,177.55,177.8557142857143,168,-51.36,-83.02,-0.51,trailing_stop
KALYANKJIL,bollinger_meanrev,MIS,2026-06-19 11:30:00,2026-06-19 11:35:00,386.0,386.31428571428575,77,-24.2,-55.73,-0.11,trailing_stop
OFSS,bollinger_meanrev,MIS,2026-06-19 11:30:00,2026-06-19 12:15:00,9454.5,9465.714285714286,3,-33.64,-63.74,-0.25,trailing_stop
VOLTAS,bollinger_meanrev,MIS,2026-06-19 11:30:00,2026-06-19 12:25:00,1362.2,1363.2857142857144,22,-23.89,-55.68,-0.15,trailing_stop
KPITTECH,bollinger_meanrev,MIS,2026-06-19 11:35:00,2026-06-19 12:05:00,731.9,735.2428571428571,40,-133.71,-164.85,-0.85,trailing_stop
ICICIGI,bollinger_meanrev,MIS,2026-06-19 11:40:00,2026-06-19 12:35:00,1853.7,1845.2,16,136.0,104.63,0.96,target_mid_band
LENSKART,bollinger_meanrev,MIS,2026-06-19 11:50:00,2026-06-19 11:55:00,518.25,518.8000000000001,57,-31.35,-62.7,-0.15,trailing_stop
LT,bollinger_meanrev,MIS,2026-06-19 11:55:00,2026-06-19 12:00:00,4203.2,4210.242857142857,7,-49.3,-80.53,-0.57,trailing_stop
GODREJPROP,bollinger_meanrev,MIS,2026-06-19 12:00:00,2026-06-19 12:25:00,1789.8,1793.3857142857144,16,-57.37,-87.78,-0.65,trailing_stop
HINDALCO,bollinger_meanrev,MIS,2026-06-19 12:25:00,2026-06-19 12:40:00,1011.6,1011.9142857142857,29,-9.11,-40.23,-0.09,trailing_stop
LUPIN,bollinger_meanrev,MIS,2026-06-19 12:30:00,2026-06-19 13:35:00,2347.9,2339.0,12,106.8,76.99,1.16,target_mid_band
MOTHERSON,bollinger_meanrev,MIS,2026-06-19 12:45:00,2026-06-19 13:15:00,145.58,145.74,206,-32.96,-64.78,-0.28,trailing_stop
ITC,bollinger_meanrev,MIS,2026-06-19 12:50:00,2026-06-19 13:55:00,290.15,289.85,103,30.9,-0.77,0.55,target_mid_band
LTM,bollinger_meanrev,MIS,2026-06-19 12:50:00,2026-06-19 13:45:00,3818.0,3823.285714285714,7,-37.0,-65.37,-0.34,trailing_stop
KEI,bollinger_meanrev,MIS,2026-06-19 13:25:00,2026-06-19 13:55:00,5572.0,5594.285714285715,5,-111.43,-141.04,-0.8,trailing_stop
PRESTIGE,bollinger_meanrev,MIS,2026-06-19 13:35:00,2026-06-19 13:55:00,1491.0,1494.0142857142857,20,-60.29,-91.95,-0.84,trailing_stop
COFORGE,bollinger_meanrev,MIS,2026-06-19 13:45:00,2026-06-19 14:30:00,1457.1,1455.4,20,34.0,3.12,0.26,trailing_stop
PERSISTENT,bollinger_meanrev,MIS,2026-06-19 13:45:00,2026-06-19 14:25:00,4751.5,4765.785714285715,6,-85.71,-116.0,-0.65,trailing_stop
NAUKRI,bollinger_meanrev,MIS,2026-06-19 13:50:00,2026-06-19 14:15:00,987.75,987.3714285714285,30,11.36,-20.06,0.09,trailing_stop
APLAPOLLO,bollinger_meanrev,MIS,2026-06-19 14:00:00,2026-06-19 14:30:00,1856.7,1859.6571428571426,16,-47.31,-78.85,-1.0,trailing_stop
ONGC,bollinger_meanrev,MIS,2026-06-19 14:10:00,2026-06-19 14:35:00,245.3,245.4142857142857,122,-13.94,-45.69,-0.16,trailing_stop
TVSMOTOR,bollinger_meanrev,MIS,2026-06-19 14:10:00,2026-06-19 14:30:00,3447.5,3453.4142857142856,8,-47.31,-76.59,-0.54,trailing_stop
AUBANK,bollinger_meanrev,MIS,2026-06-19 14:15:00,2026-06-19 14:30:00,1037.85,1040.5428571428572,28,-75.4,-106.26,-0.77,trailing_stop
RELIANCE,bollinger_meanrev,MIS,2026-06-19 14:15:00,2026-06-19 14:20:00,1333.9,1316.0714285714287,22,392.23,361.36,3.48,trailing_stop
YESBANK,bollinger_meanrev,MIS,2026-06-19 14:15:00,2026-06-19 14:50:00,25.52,25.41,1175,129.25,97.53,1.71,target_mid_band
PATANJALI,bollinger_meanrev,MIS,2026-06-19 14:25:00,2026-06-19 14:50:00,422.7,423.07142857142856,70,-26.0,-57.39,-0.34,trailing_stop
FEDERALBNK,bollinger_meanrev,MIS,2026-06-19 14:30:00,2026-06-19 14:35:00,323.95,324.82142857142856,92,-80.17,-111.83,-1.02,trailing_stop
INDIGO,bollinger_meanrev,MIS,2026-06-19 14:30:00,2026-06-19 15:00:00,5014.4,5016.2,5,-9.0,-35.59,-0.13,trailing_stop
TECHM,bollinger_meanrev,MIS,2026-06-19 14:35:00,2026-06-19 15:00:00,1356.8,1361.8714285714286,22,-111.57,-143.3,-0.88,trailing_stop
GLENMARK,bollinger_meanrev,MIS,2026-06-19 14:45:00,2026-06-19 14:50:00,2213.7,2211.542857142857,13,28.04,-2.46,0.25,trailing_stop
TCS,bollinger_meanrev,MIS,2026-06-19 14:55:00,2026-06-19 15:00:00,2110.7,2120.4999999999995,14,-137.2,-168.62,-0.97,trailing_stop
TATAINVEST,bollinger_meanrev,MIS,2026-06-19 15:00:00,2026-06-19 15:10:00,690.1,694.1785714285713,43,-175.38,-206.96,-1.12,trailing_stop
NHPC,bollinger_meanrev,MIS,2026-06-19 15:05:00,2026-06-19 15:15:00,75.94,75.89,395,19.75,-12.05,0.2,forced_close
ENRIN,bollinger_meanrev,MIS,2026-06-19 15:10:00,2026-06-19 15:15:00,3835.9,3837.1,7,-8.4,-36.88,-0.07,forced_close
HCLTECH,bollinger_meanrev,MIS,2026-06-19 15:10:00,2026-06-19 15:15:00,1133.0,1134.4,26,-36.4,-67.66,-0.23,forced_close
MPHASIS,bollinger_meanrev,MIS,2026-06-19 15:10:00,2026-06-19 15:15:00,2211.5,2210.7,13,10.4,-20.08,0.05,forced_close
TATACAP,bollinger_meanrev,MIS,2026-06-19 15:10:00,2026-06-19 15:15:00,366.4,372.93571428571425,81,-529.39,-561.2,-1.03,trailing_stop
ICICIAMC,bollinger_meanrev,MIS,2026-06-19 15:15:00,2026-06-19 15:20:00,3438.7,3487.3714285714286,8,-389.37,-418.79,-1.24,trailing_stop
INFY,bollinger_meanrev,MIS,2026-06-19 15:15:00,2026-06-19 15:20:00,1054.6,1055.4,28,-22.4,-53.73,-0.16,forced_close
GODFRYPHLP,bollinger_meanrev,MIS,2026-06-19 15:20:00,2026-06-19 15:25:00,2291.1,2286.6,13,58.5,26.95,0.29,forced_close
LGEINDIA,bollinger_meanrev,MIS,2026-06-19 15:20:00,2026-06-19 15:25:00,1696.5,1700.0,17,-59.5,-90.12,-0.11,trailing_stop
TATACOMM,bollinger_meanrev,MIS,2026-06-19 15:25:00,2026-06-19 15:25:00,2010.0,2010.0,14,-0.0,-29.84,-0.0,eod_data_end
ASIANPAINT,bollinger_meanrev,MIS,2026-06-22 09:15:00,2026-06-22 09:20:00,2751.0,2748.7999999999997,10,22.0,-7.16,0.19,trailing_stop
BLUESTARCO,bollinger_meanrev,MIS,2026-06-22 09:15:00,2026-06-22 09:20:00,1712.0,1705.6714285714286,17,107.59,76.79,0.4,trailing_stop
CIPLA,bollinger_meanrev,MIS,2026-06-22 09:15:00,2026-06-22 09:55:00,1383.4,1393.357142857143,21,-209.1,-240.04,-1.05,trailing_stop
COFORGE,bollinger_meanrev,MIS,2026-06-22 09:15:00,2026-06-22 09:35:00,1486.0,1498.5285714285715,20,-250.57,-282.25,-0.86,trailing_stop
ENRIN,bollinger_meanrev,MIS,2026-06-22 09:15:00,2026-06-22 09:20:00,3860.1,3855.3142857142857,7,33.5,4.87,0.2,trailing_stop
ETERNAL,bollinger_meanrev,MIS,2026-06-22 09:15:00,2026-06-22 09:55:00,266.1,265.48571428571427,112,68.8,37.24,0.32,trailing_stop
GODFRYPHLP,bollinger_meanrev,MIS,2026-06-22 09:15:00,2026-06-22 10:25:00,2290.9,2285.2285714285717,13,73.73,42.19,0.29,trailing_stop
HCLTECH,bollinger_meanrev,MIS,2026-06-22 09:15:00,2026-06-22 10:30:00,1143.1,1140.0,26,80.6,49.13,0.34,target_mid_band
ICICIGI,bollinger_meanrev,MIS,2026-06-22 09:15:00,2026-06-22 10:00:00,1886.7,1886.0142857142857,15,10.29,-19.72,0.05,trailing_stop
INFY,bollinger_meanrev,MIS,2026-06-22 09:15:00,2026-06-22 10:25:00,1066.2,1063.9714285714285,28,62.4,30.78,0.3,trailing_stop
JINDALSTEL,bollinger_meanrev,MIS,2026-06-22 09:15:00,2026-06-22 09:50:00,1145.4,1138.2,26,187.2,155.74,1.51,target_mid_band
MCX,bollinger_meanrev,MIS,2026-06-22 09:15:00,2026-06-22 10:30:00,2847.5,2855.2714285714287,10,-77.71,-107.96,-0.36,trailing_stop
MUTHOOTFIN,bollinger_meanrev,MIS,2026-06-22 09:15:00,2026-06-22 09:20:00,3163.8,3159.828571428571,9,35.74,5.57,0.2,trailing_stop
NATIONALUM,bollinger_meanrev,MIS,2026-06-22 09:15:00,2026-06-22 09:45:00,378.45,375.35,79,244.9,213.35,1.36,target_mid_band
OFSS,bollinger_meanrev,MIS,2026-06-22 09:15:00,2026-06-22 09:20:00,9707.0,9774.42857142857,3,-202.29,-233.3,-0.94,trailing_stop
PERSISTENT,bollinger_meanrev,MIS,2026-06-22 09:15:00,2026-06-22 10:30:00,4897.0,4868.0,6,174.0,142.95,0.62,target_mid_band
POLICYBZR,bollinger_meanrev,MIS,2026-06-22 09:15:00,2026-06-22 10:25:00,1695.3,1686.8857142857144,17,143.04,112.57,0.48,trailing_stop
RVNL,bollinger_meanrev,MIS,2026-06-22 09:15:00,2026-06-22 10:30:00,249.4,249.14,120,31.2,-0.52,0.13,trailing_stop
SBICARD,bollinger_meanrev,MIS,2026-06-22 09:15:00,2026-06-22 10:45:00,627.35,627.6928571428573,47,-16.11,-47.39,-0.07,trailing_stop
SWIGGY,bollinger_meanrev,MIS,2026-06-22 09:15:00,2026-06-22 09:50:00,257.45,257.52142857142854,116,-8.29,-39.96,-0.04,trailing_stop
TATAELXSI,bollinger_meanrev,MIS,2026-06-22 09:15:00,2026-06-22 09:55:00,4110.4,4128.742857142857,7,-128.4,-158.99,-0.56,trailing_stop
TECHM,bollinger_meanrev,MIS,2026-06-22 09:15:00,2026-06-22 09:50:00,1390.5,1399.4142857142856,21,-187.2,-218.29,-0.72,trailing_stop
VEDL,bollinger_meanrev,MIS,2026-06-22 09:15:00,2026-06-22 09:35:00,304.8,305.26428571428573,98,-45.5,-77.21,-0.33,trailing_stop
VOLTAS,bollinger_meanrev,MIS,2026-06-22 09:15:00,2026-06-22 10:05:00,1401.3,1358.6,21,896.7,866.07,2.54,target_mid_band
LTM,bollinger_meanrev,MIS,2026-06-22 09:20:00,2026-06-22 09:50:00,3863.0,3871.0142857142855,7,-56.1,-84.81,-0.32,trailing_stop
MFSL,bollinger_meanrev,MIS,2026-06-22 09:20:00,2026-06-22 10:00:00,1686.9,1684.7,17,37.4,7.01,0.15,trailing_stop
NYKAA,bollinger_meanrev,MIS,2026-06-22 09:20:00,2026-06-22 09:50:00,305.85,303.0,98,279.3,247.69,1.38,target_mid_band
RELIANCE,bollinger_meanrev,MIS,2026-06-22 09:20:00,2026-06-22 10:50:00,1342.4,1338.4,22,88.0,56.74,0.3,target_mid_band
SRF,bollinger_meanrev,MIS,2026-06-22 09:20:00,2026-06-22 09:40:00,2743.0,2712.2,10,308.0,279.11,2.01,target_mid_band
HDFCLIFE,bollinger_meanrev,MIS,2026-06-22 09:25:00,2026-06-22 09:50:00,596.0,598.5785714285714,50,-128.93,-160.61,-0.79,trailing_stop
LUPIN,bollinger_meanrev,MIS,2026-06-22 09:30:00,2026-06-22 10:20:00,2366.7,2358.1,12,103.2,73.15,0.66,target_mid_band
NHPC,bollinger_meanrev,MIS,2026-06-22 09:45:00,2026-06-22 10:00:00,76.7,76.98714285714286,391,-112.27,-144.15,-0.52,trailing_stop
TMPV,bollinger_meanrev,MIS,2026-06-22 09:50:00,2026-06-22 10:00:00,366.1,369.2785714285714,81,-257.46,-289.08,-1.15,trailing_stop
BAJAJ-AUTO,bollinger_meanrev,MIS,2026-06-22 09:55:00,2026-06-22 10:50:00,10234.0,10189.0,2,90.0,68.35,0.83,target_mid_band
EXIDEIND,bollinger_meanrev,MIS,2026-06-22 10:00:00,2026-06-22 10:05:00,383.55,385.52142857142854,78,-153.77,-185.6,-0.84,trailing_stop
HYUNDAI,bollinger_meanrev,MIS,2026-06-22 10:00:00,2026-06-22 10:30:00,1991.8,1998.7285714285715,15,-103.93,-135.68,-0.72,trailing_stop
TATACOMM,bollinger_meanrev,MIS,2026-06-22 10:00:00,2026-06-22 10:45:00,2060.1,2070.785714285714,14,-149.6,-180.28,-0.31,trailing_stop
PFC,bollinger_meanrev,MIS,2026-06-22 10:15:00,2026-06-22 10:30:00,440.95,443.75,68,-190.4,-222.32,-0.77,trailing_stop
UNITDSPR,bollinger_meanrev,MIS,2026-06-22 10:25:00,2026-06-22 10:35:00,1331.7,1339.9714285714285,22,-181.97,-213.16,-1.0,trailing_stop
BANKBARODA,bollinger_meanrev,MIS,2026-06-22 10:40:00,2026-06-22 11:00:00,283.7,284.45714285714286,105,-79.5,-111.14,-0.55,trailing_stop
DRREDDY,bollinger_meanrev,MIS,2026-06-22 10:50:00,2026-06-22 11:05:00,1284.4,1285.8142857142857,23,-32.53,-63.88,-0.34,trailing_stop
GAIL,bollinger_meanrev,MIS,2026-06-22 10:55:00,2026-06-22 11:25:00,176.94,177.53857142857143,169,-101.16,-132.93,-0.95,trailing_stop
IREDA,bollinger_meanrev,MIS,2026-06-22 11:00:00,2026-06-22 11:30:00,131.74,132.76857142857145,227,-233.49,-265.35,-0.84,trailing_stop
INDIGO,bollinger_meanrev,MIS,2026-06-22 11:05:00,2026-06-22 11:25:00,5012.0,5022.742857142857,5,-53.71,-80.32,-0.59,trailing_stop
LENSKART,bollinger_meanrev,MIS,2026-06-22 11:05:00,2026-06-22 11:20:00,514.35,516.35,58,-116.0,-147.71,-0.71,trailing_stop
IDFCFIRSTB,bollinger_meanrev,MIS,2026-06-22 11:10:00,2026-06-22 11:15:00,79.57,79.94,377,-139.49,-171.39,-1.07,trailing_stop
RADICO,bollinger_meanrev,MIS,2026-06-22 11:10:00,2026-06-22 11:30:00,3788.0,3797.157142857143,7,-64.1,-92.26,-0.71,trailing_stop
MANKIND,bollinger_meanrev,MIS,2026-06-22 11:20:00,2026-06-22 11:40:00,2448.8,2455.257142857143,12,-77.49,-108.7,-0.82,trailing_stop
ATGL,bollinger_meanrev,MIS,2026-06-22 11:40:00,2026-06-22 12:10:00,731.8,724.0,40,312.0,281.16,1.66,target_mid_band
BRITANNIA,bollinger_meanrev,MIS,2026-06-22 11:40:00,2026-06-22 12:15:00,5227.5,5210.0,5,87.5,59.84,1.64,target_mid_band
BIOCON,bollinger_meanrev,MIS,2026-06-22 11:50:00,2026-06-22 13:15:00,420.65,419.55,71,78.1,46.48,0.73,trailing_stop
TORNTPHARM,bollinger_meanrev,MIS,2026-06-22 12:10:00,2026-06-22 12:25:00,4448.5,4459.6,6,-66.6,-94.95,-0.9,trailing_stop
BHARATFORG,bollinger_meanrev,MIS,2026-06-22 12:20:00,2026-06-22 12:30:00,2059.8,2065.4142857142856,14,-78.6,-109.23,-0.87,trailing_stop
MPHASIS,bollinger_meanrev,MIS,2026-06-22 12:25:00,2026-06-22 13:00:00,2243.1,2234.2,13,115.7,84.85,1.09,target_mid_band
FORTIS,bollinger_meanrev,MIS,2026-06-22 12:30:00,2026-06-22 13:05:00,972.5,973.9642857142857,30,-43.93,-74.9,-0.45,trailing_stop
MAXHEALTH,bollinger_meanrev,MIS,2026-06-22 13:10:00,2026-06-22 13:20:00,1089.7,1093.6714285714284,27,-107.23,-138.5,-1.13,trailing_stop
DIVISLAB,bollinger_meanrev,MIS,2026-06-22 13:35:00,2026-06-22 13:40:00,6751.0,6763.571428571428,4,-50.29,-78.95,-1.11,trailing_stop
M&MFIN,bollinger_meanrev,MIS,2026-06-22 13:35:00,2026-06-22 14:35:00,288.05,288.3642857142857,104,-32.69,-64.47,-0.38,trailing_stop
OIL,bollinger_meanrev,MIS,2026-06-22 13:35:00,2026-06-22 14:05:00,420.35,420.3642857142857,71,-1.01,-32.66,-0.01,trailing_stop
ABCAPITAL,bollinger_meanrev,MIS,2026-06-22 13:50:00,2026-06-22 14:00:00,390.45,391.9142857142857,76,-111.29,-142.83,-0.86,trailing_stop
CANBK,bollinger_meanrev,MIS,2026-06-22 13:50:00,2026-06-22 14:55:00,134.28,134.43857142857144,223,-35.36,-67.14,-0.34,trailing_stop
HDFCBANK,bollinger_meanrev,MIS,2026-06-22 14:00:00,2026-06-22 15:00:00,788.65,786.85,38,68.4,36.66,1.1,target_mid_band
INDUSTOWER,bollinger_meanrev,MIS,2026-06-22 14:05:00,2026-06-22 14:25:00,413.75,414.59285714285716,72,-60.69,-92.32,-0.87,trailing_stop
ADANIENSOL,bollinger_meanrev,MIS,2026-06-22 14:25:00,2026-06-22 14:45:00,1528.8,1527.6285714285714,19,22.26,-8.53,0.19,trailing_stop
HAL,bollinger_meanrev,MIS,2026-06-22 14:25:00,2026-06-22 14:30:00,4452.6,4455.128571428571,6,-15.17,-43.51,-0.21,trailing_stop
ADANIENT,bollinger_meanrev,MIS,2026-06-22 14:30:00,2026-06-22 15:00:00,3058.7,3060.714285714286,9,-18.13,-47.33,-0.15,trailing_stop
ADANIGREEN,bollinger_meanrev,MIS,2026-06-22 14:30:00,2026-06-22 15:00:00,1539.0,1541.242857142857,19,-42.61,-73.65,-0.36,trailing_stop
BEL,bollinger_meanrev,MIS,2026-06-22 14:35:00,2026-06-22 14:45:00,431.45,432.12857142857143,69,-46.82,-78.42,-0.6,trailing_stop
LODHA,bollinger_meanrev,MIS,2026-06-22 14:35:00,2026-06-22 15:00:00,924.4,925.8642857142858,32,-46.86,-78.26,-0.55,trailing_stop
INDHOTEL,bollinger_meanrev,MIS,2026-06-22 14:45:00,2026-06-22 14:50:00,735.55,734.6928571428571,40,34.29,3.11,0.49,trailing_stop
SUPREMEIND,bollinger_meanrev,MIS,2026-06-22 14:45:00,2026-06-22 15:15:00,3591.0,3587.0,8,32.0,1.56,0.37,forced_close
BAJFINANCE,bollinger_meanrev,MIS,2026-06-22 14:50:00,2026-06-22 15:15:00,968.95,969.35,30,-12.0,-42.83,-0.17,forced_close
CGPOWER,bollinger_meanrev,MIS,2026-06-22 14:50:00,2026-06-22 14:55:00,962.55,963.7,31,-35.65,-67.32,-0.5,trailing_stop
HINDZINC,bollinger_meanrev,MIS,2026-06-22 14:50:00,2026-06-22 15:00:00,571.95,573.0642857142857,52,-57.94,-89.52,-0.56,trailing_stop
SOLARINDS,bollinger_meanrev,MIS,2026-06-22 14:50:00,2026-06-22 15:15:00,18404,18459.285714285714,1,-55.29,-74.84,-0.58,trailing_stop
ABB,bollinger_meanrev,MIS,2026-06-22 15:00:00,2026-06-22 15:15:00,7265.0,7259.5,4,22.0,-8.8,0.26,forced_close
BAJAJHLDNG,bollinger_meanrev,MIS,2026-06-22 15:00:00,2026-06-22 15:15:00,10893,10910,2,-34,-57.12,-0.36,forced_close
COCHINSHIP,bollinger_meanrev,MIS,2026-06-22 15:00:00,2026-06-22 15:15:00,1471.8,1481.057142857143,20,-185.14,-216.48,-0.76,trailing_stop
PIDILITIND,bollinger_meanrev,MIS,2026-06-22 15:00:00,2026-06-22 15:15:00,1573.0,1573.0,19,-0.0,-31.69,-0.0,forced_close
PNB,bollinger_meanrev,MIS,2026-06-22 15:00:00,2026-06-22 15:15:00,109.8,109.84,273,-10.92,-42.71,-0.13,forced_close
SIEMENS,bollinger_meanrev,MIS,2026-06-22 15:00:00,2026-06-22 15:15:00,3775.9,3764.0,7,83.3,55.32,0.92,forced_close
ZYDUSLIFE,bollinger_meanrev,MIS,2026-06-22 15:00:00,2026-06-22 15:05:00,1083.0,1086.3857142857141,27,-91.41,-122.48,-1.17,trailing_stop
SAIL,bollinger_meanrev,MIS,2026-06-22 15:10:00,2026-06-22 15:15:00,175.52,175.48,170,6.8,-24.84,0.04,forced_close
TVSMOTOR,bollinger_meanrev,MIS,2026-06-22 15:15:00,2026-06-22 15:20:00,3495.0,3491.1,8,31.2,1.57,0.28,forced_close
ALKEM,bollinger_meanrev,MIS,2026-06-23 09:15:00,2026-06-23 09:35:00,5455.5,5487.714285714285,5,-161.07,-190.1,-1.04,trailing_stop
APOLLOHOSP,bollinger_meanrev,MIS,2026-06-23 09:15:00,2026-06-23 09:35:00,8515.5,8530.785714285714,3,-45.86,-72.98,-0.63,trailing_stop
BDL,bollinger_meanrev,MIS,2026-06-23 09:15:00,2026-06-23 10:05:00,1427.2,1424.1857142857143,21,63.3,31.56,0.17,trailing_stop
BHARATFORG,bollinger_meanrev,MIS,2026-06-23 09:15:00,2026-06-23 09:40:00,2119.8,2131.4714285714285,14,-163.4,-194.98,-0.85,trailing_stop
DIVISLAB,bollinger_meanrev,MIS,2026-06-23 09:15:00,2026-06-23 09:25:00,6827.0,6858.142857142857,4,-124.57,-153.61,-0.95,trailing_stop
GVT&D,bollinger_meanrev,MIS,2026-06-23 09:15:00,2026-06-23 09:20:00,5576.0,5559.5,5,82.5,52.99,0.36,trailing_stop
MANKIND,bollinger_meanrev,MIS,2026-06-23 09:15:00,2026-06-23 09:35:00,2575.0,2590.9714285714285,11,-175.69,-205.84,-0.73,trailing_stop
MAZDOCK,bollinger_meanrev,MIS,2026-06-23 09:15:00,2026-06-23 09:50:00,2552.0,2538.8,11,145.2,115.52,0.83,target_mid_band
NAUKRI,bollinger_meanrev,MIS,2026-06-23 09:15:00,2026-06-23 09:55:00,1002.95,1008.0928571428572,29,-149.14,-180.08,-0.56,trailing_stop
SIEMENS,bollinger_meanrev,MIS,2026-06-23 09:15:00,2026-06-23 10:00:00,3802.3,3767.9,7,240.8,212.73,1.41,target_mid_band
ZYDUSLIFE,bollinger_meanrev,MIS,2026-06-23 09:15:00,2026-06-23 09:25:00,1094.5,1097.7142857142856,27,-86.79,-118.18,-0.55,trailing_stop
AUROPHARMA,bollinger_meanrev,MIS,2026-06-23 09:20:00,2026-06-23 10:40:00,1524.7,1522.4571428571428,19,42.61,11.92,0.2,trailing_stop
LAURUSLABS,bollinger_meanrev,MIS,2026-06-23 09:20:00,2026-06-23 09:25:00,1458.4,1465.9142857142856,20,-150.29,-181.31,-1.01,trailing_stop
SRF,bollinger_meanrev,MIS,2026-06-23 09:20:00,2026-06-23 09:35:00,2748.1,2762.6285714285714,10,-145.29,-174.52,-1.17,trailing_stop
SUNPHARMA,bollinger_meanrev,MIS,2026-06-23 09:20:00,2026-06-23 09:25:00,1877.0,1883.1571428571428,15,-92.36,-122.27,-0.9,trailing_stop
SUPREMEIND,bollinger_meanrev,MIS,2026-06-23 09:20:00,2026-06-23 10:05:00,3632.3,3640.3571428571427,8,-64.46,-95.31,-0.41,trailing_stop
CHOLAFIN,bollinger_meanrev,MIS,2026-06-23 09:25:00,2026-06-23 10:55:00,1734.5,1732.7,17,30.6,-0.65,0.16,target_mid_band
CIPLA,bollinger_meanrev,MIS,2026-06-23 09:25:00,2026-06-23 09:30:00,1428.6,1431.8428571428572,20,-64.86,-95.2,-0.55,trailing_stop
DRREDDY,bollinger_meanrev,MIS,2026-06-23 09:25:00,2026-06-23 09:30:00,1315.7,1321.9285714285716,22,-137.03,-167.81,-0.81,trailing_stop
GLENMARK,bollinger_meanrev,MIS,2026-06-23 09:25:00,2026-06-23 09:30:00,2211.2,2221.3142857142857,13,-131.49,-162.05,-1.04,trailing_stop
SBIN,bollinger_meanrev,MIS,2026-06-23 09:25:00,2026-06-23 09:55:00,1045.3,1041.5,28,106.4,75.43,1.1,target_mid_band
CONCOR,bollinger_meanrev,MIS,2026-06-23 09:30:00,2026-06-23 10:45:00,483.05,480.2,62,176.7,145.05,0.84,target_mid_band
TVSMOTOR,bollinger_meanrev,MIS,2026-06-23 09:45:00,2026-06-23 10:20:00,3518.0,3497.1,8,167.2,137.46,0.99,target_mid_band
LODHA,bollinger_meanrev,MIS,2026-06-23 09:50:00,2026-06-23 10:10:00,937.95,942.75,31,-148.8,-179.73,-0.7,trailing_stop
SHREECEM,bollinger_meanrev,MIS,2026-06-23 09:50:00,2026-06-23 10:25:00,25130,25040,1,90,63.41,1.15,target_mid_band
LTF,bollinger_meanrev,MIS,2026-06-23 09:55:00,2026-06-23 10:30:00,291.15,289.7,103,149.35,117.64,0.86,target_mid_band
OBEROIRLTY,bollinger_meanrev,MIS,2026-06-23 09:55:00,2026-06-23 10:40:00,1731.5,1739.4285714285713,17,-134.79,-166.09,-0.56,trailing_stop
COLPAL,bollinger_meanrev,MIS,2026-06-23 10:00:00,2026-06-23 10:50:00,1995.8,1990.5,15,79.5,47.8,0.58,target_mid_band
HAVELLS,bollinger_meanrev,MIS,2026-06-23 10:05:00,2026-06-23 11:25:00,1192.3,1190.1,25,55.0,23.43,0.4,target_mid_band
EXIDEIND,bollinger_meanrev,MIS,2026-06-23 10:15:00,2026-06-23 10:35:00,387.7,389.25714285714287,77,-119.9,-151.63,-0.63,trailing_stop
DLF,bollinger_meanrev,MIS,2026-06-23 10:20:00,2026-06-23 10:40:00,633.7,636.3428571428572,47,-124.21,-155.88,-0.79,trailing_stop
AXISBANK,bollinger_meanrev,MIS,2026-06-23 11:10:00,2026-06-23 11:45:00,1370.9,1363.0,21,165.9,135.48,1.99,target_mid_band
BAJFINANCE,bollinger_meanrev,MIS,2026-06-23 11:20:00,2026-06-23 11:55:00,977.65,969.7,30,238.5,207.55,2.33,target_mid_band
TMCV,bollinger_meanrev,MIS,2026-06-23 11:20:00,2026-06-23 11:55:00,409.4,406.5,73,211.7,180.14,1.5,target_mid_band
MFSL,bollinger_meanrev,MIS,2026-06-23 11:40:00,2026-06-23 11:45:00,1711.0,1708.5857142857144,17,41.04,10.22,0.36,trailing_stop
HYUNDAI,bollinger_meanrev,MIS,2026-06-23 13:55:00,2026-06-23 14:30:00,1971.4,1975.3428571428572,15,-59.14,-90.54,-0.52,trailing_stop
ADANIPOWER,bollinger_meanrev,MIS,2026-06-23 14:00:00,2026-06-23 14:50:00,231.6,232.01142857142858,129,-53.07,-84.79,-0.26,trailing_stop
LUPIN,bollinger_meanrev,MIS,2026-06-23 14:00:00,2026-06-23 14:40:00,2362.3,2367.785714285714,12,-65.83,-95.93,-0.7,trailing_stop
BANKINDIA,bollinger_meanrev,MIS,2026-06-23 14:10:00,2026-06-23 15:00:00,144.95,144.6,206,72.1,40.48,0.73,target_mid_band
MARICO,bollinger_meanrev,MIS,2026-06-23 14:20:00,2026-06-23 14:45:00,821.35,821.9285714285714,36,-20.83,-52.2,-0.24,trailing_stop
COFORGE,bollinger_meanrev,MIS,2026-06-23 14:30:00,2026-06-23 15:15:00,1481.7,1480.6,20,22.0,-9.41,0.19,forced_close
OIL,bollinger_meanrev,MIS,2026-06-23 14:30:00,2026-06-23 14:40:00,416.5,417.6428571428571,72,-82.29,-114.14,-0.86,trailing_stop
TMPV,bollinger_meanrev,MIS,2026-06-23 14:30:00,2026-06-23 14:35:00,360.1,360.33571428571423,83,-19.56,-51.27,-0.09,trailing_stop
HAL,bollinger_meanrev,MIS,2026-06-23 14:40:00,2026-06-23 15:15:00,4520.0,4496.3,6,142.2,113.53,0.99,forced_close
MARUTI,bollinger_meanrev,MIS,2026-06-23 14:40:00,2026-06-23 14:50:00,13469,13512.42857142857,2,-86.86,-115.48,-0.85,trailing_stop
MPHASIS,bollinger_meanrev,MIS,2026-06-23 14:40:00,2026-06-23 15:15:00,2189.9,2184.9,13,65.0,34.85,0.5,forced_close
HEROMOTOCO,bollinger_meanrev,MIS,2026-06-23 14:45:00,2026-06-23 15:00:00,4991.0,4984.614285714286,6,38.31,6.58,0.38,trailing_stop
TATACOMM,bollinger_meanrev,MIS,2026-06-23 14:45:00,2026-06-23 15:15:00,2022.4,2022.0,14,5.6,-24.42,0.03,forced_close
TECHM,bollinger_meanrev,MIS,2026-06-23 14:50:00,2026-06-23 15:00:00,1385.5,1383.8428571428572,21,34.8,3.97,0.27,trailing_stop
M&MFIN,bollinger_meanrev,MIS,2026-06-23 15:20:00,2026-06-23 15:25:00,286.95,286.75,104,20.8,-10.83,0.13,forced_close
DRREDDY,bollinger_meanrev,MIS,2026-06-24 09:15:00,2026-06-24 09:30:00,1328.1,1337.3857142857144,22,-204.29,-235.4,-1.08,trailing_stop
TECHM,bollinger_meanrev,MIS,2026-06-24 09:15:00,2026-06-24 09:45:00,1415.2,1423.942857142857,21,-183.6,-215.23,-0.73,trailing_stop
AMBUJACEM,bollinger_meanrev,MIS,2026-06-24 09:20:00,2026-06-24 09:35:00,422.85,422.7071428571429,70,10.0,-21.38,0.05,trailing_stop
MANKIND,bollinger_meanrev,MIS,2026-06-24 09:20:00,2026-06-24 10:15:00,2560.0,2538.1,11,240.9,211.19,1.07,target_mid_band
TATACOMM,bollinger_meanrev,MIS,2026-06-24 09:20:00,2026-06-24 09:40:00,2051.2,2057.842857142857,14,-93.0,-123.51,-0.35,trailing_stop
TIINDIA,bollinger_meanrev,MIS,2026-06-24 09:20:00,2026-06-24 09:35:00,3297.1,3328.057142857143,9,-278.61,-310.26,-1.17,trailing_stop
ASTRAL,bollinger_meanrev,MIS,2026-06-24 10:15:00,2026-06-24 11:15:00,1535.5,1531.0,19,85.5,54.62,0.43,target_mid_band
INDIGO,bollinger_meanrev,MIS,2026-06-24 10:15:00,2026-06-24 11:05:00,5055.0,5081.871428571429,5,-134.36,-161.25,-0.78,trailing_stop
INDUSINDBK,bollinger_meanrev,MIS,2026-06-24 10:50:00,2026-06-24 11:40:00,913.8,917.2642857142856,32,-110.86,-141.94,-0.65,trailing_stop
POLICYBZR,bollinger_meanrev,MIS,2026-06-24 10:50:00,2026-06-24 11:10:00,1630.9,1628.5000000000002,18,43.2,12.1,0.24,trailing_stop
HAVELLS,bollinger_meanrev,MIS,2026-06-24 10:55:00,2026-06-24 11:10:00,1182.8,1188.3428571428572,25,-138.57,-170.02,-1.01,trailing_stop
MOTILALOFS,bollinger_meanrev,MIS,2026-06-24 10:55:00,2026-06-24 11:55:00,940.55,939.0,31,48.05,17.16,0.26,target_mid_band
AXISBANK,bollinger_meanrev,MIS,2026-06-24 11:00:00,2026-06-24 12:10:00,1378.6,1377.8,21,16.8,-13.89,0.13,target_mid_band
BAJAJFINSV,bollinger_meanrev,MIS,2026-06-24 11:00:00,2026-06-24 11:55:00,1784.5,1778.8,16,91.2,60.98,0.7,target_mid_band
CHOLAFIN,bollinger_meanrev,MIS,2026-06-24 11:00:00,2026-06-24 11:05:00,1753.6,1762.9714285714285,17,-159.31,-191.03,-1.16,trailing_stop
M&MFIN,bollinger_meanrev,MIS,2026-06-24 11:00:00,2026-06-24 11:05:00,287.65,289.13571428571424,104,-154.51,-186.34,-1.01,trailing_stop
SHRIRAMFIN,bollinger_meanrev,MIS,2026-06-24 11:00:00,2026-06-24 12:05:00,1000.0,1004.4071428571428,30,-132.21,-164.11,-0.77,trailing_stop
LTF,bollinger_meanrev,MIS,2026-06-24 11:05:00,2026-06-24 11:55:00,293.45,293.48571428571427,102,-3.64,-35.39,-0.02,trailing_stop
M&M,bollinger_meanrev,MIS,2026-06-24 11:05:00,2026-06-24 12:10:00,3065.2,3057.0,9,73.8,44.59,0.68,target_mid_band
LENSKART,bollinger_meanrev,MIS,2026-06-24 11:25:00,2026-06-24 12:45:00,519.5,520.4571428571428,57,-54.56,-85.99,-0.33,trailing_stop
IDEA,bollinger_meanrev,MIS,2026-06-24 11:35:00,2026-06-24 12:00:00,14.48,14.532857142857143,2071,-109.47,-141.34,-0.51,trailing_stop
SBIN,bollinger_meanrev,MIS,2026-06-24 11:35:00,2026-06-24 11:40:00,1033.0,1036.4857142857145,29,-101.09,-132.92,-1.05,trailing_stop
BANKBARODA,bollinger_meanrev,MIS,2026-06-24 11:40:00,2026-06-24 11:55:00,279.35,280.1714285714286,107,-87.89,-119.65,-0.69,trailing_stop
CANBK,bollinger_meanrev,MIS,2026-06-24 11:45:00,2026-06-24 12:40:00,130.72,130.3,229,96.18,64.5,0.79,target_mid_band
GODREJPROP,bollinger_meanrev,MIS,2026-06-24 11:45:00,2026-06-24 12:20:00,1811.2,1799.2,16,192.0,161.39,1.24,target_mid_band
PNB,bollinger_meanrev,MIS,2026-06-24 11:45:00,2026-06-24 12:55:00,107.76,107.84857142857143,278,-24.62,-56.41,-0.26,trailing_stop
NHPC,bollinger_meanrev,MIS,2026-06-24 12:05:00,2026-06-24 12:20:00,78.9,79.18285714285715,380,-107.49,-139.35,-0.87,trailing_stop
DABUR,bollinger_meanrev,MIS,2026-06-24 12:15:00,2026-06-24 12:40:00,422.5,422.1785714285714,71,22.82,-8.97,0.29,trailing_stop
SRF,bollinger_meanrev,MIS,2026-06-24 12:20:00,2026-06-24 12:50:00,2765.0,2750.2,10,148.0,118.77,1.5,target_mid_band
VMM,bollinger_meanrev,MIS,2026-06-24 12:20:00,2026-06-24 13:10:00,118.0,118.3457142857143,254,-87.81,-119.65,-0.98,trailing_stop
EXIDEIND,bollinger_meanrev,MIS,2026-06-24 12:25:00,2026-06-24 13:30:00,397.65,397.9214285714286,75,-20.36,-52.0,-0.07,trailing_stop
NAUKRI,bollinger_meanrev,MIS,2026-06-24 12:35:00,2026-06-24 12:55:00,1009.4,1013.5642857142858,29,-120.76,-151.88,-0.82,trailing_stop
GLENMARK,bollinger_meanrev,MIS,2026-06-24 12:40:00,2026-06-24 13:05:00,2174.6,2180.357142857143,13,-74.84,-104.87,-0.82,trailing_stop
BAJAJ-AUTO,bollinger_meanrev,MIS,2026-06-24 12:55:00,2026-06-24 13:15:00,9814.0,9824.857142857143,3,-32.57,-63.81,-0.42,trailing_stop
ICICIGI,bollinger_meanrev,MIS,2026-06-24 13:00:00,2026-06-24 14:10:00,1829.0,1829.0285714285715,16,-0.46,-31.49,-0.01,trailing_stop
ABCAPITAL,bollinger_meanrev,MIS,2026-06-24 13:05:00,2026-06-24 14:10:00,394.85,394.25,75,45.0,13.62,0.21,target_mid_band
MARICO,bollinger_meanrev,MIS,2026-06-24 13:05:00,2026-06-24 13:30:00,820.3,821.7,36,-50.4,-81.75,-0.47,trailing_stop
PAYTM,bollinger_meanrev,MIS,2026-06-24 13:05:00,2026-06-24 13:10:00,1088.8,1092.4571428571428,27,-98.74,-129.98,-1.02,trailing_stop
TITAN,bollinger_meanrev,MIS,2026-06-24 13:05:00,2026-06-24 13:40:00,4305.0,4289.4,6,93.6,66.27,1.35,target_mid_band
NTPC,bollinger_meanrev,MIS,2026-06-24 13:10:00,2026-06-24 13:45:00,360.55,361.11428571428576,83,-46.84,-78.6,-0.52,trailing_stop
PFC,bollinger_meanrev,MIS,2026-06-24 13:10:00,2026-06-24 13:40:00,437.75,438.17857142857144,68,-29.14,-60.73,-0.31,trailing_stop
NMDC,bollinger_meanrev,MIS,2026-06-24 13:15:00,2026-06-24 14:15:00,86.5,86.0,346,173.0,141.37,1.22,target_mid_band
POWERGRID,bollinger_meanrev,MIS,2026-06-24 13:15:00,2026-06-24 14:10:00,292.05,292.4,102,-35.7,-67.31,-0.41,trailing_stop
BAJFINANCE,bollinger_meanrev,MIS,2026-06-24 13:20:00,2026-06-24 14:10:00,988.0,985.45,30,76.5,45.12,0.57,target_mid_band
DLF,bollinger_meanrev,MIS,2026-06-24 13:25:00,2026-06-24 13:55:00,618.3,621.2142857142858,48,-139.89,-171.45,-0.94,trailing_stop
IREDA,bollinger_meanrev,MIS,2026-06-24 13:25:00,2026-06-24 13:40:00,127.44,127.93142857142857,235,-115.49,-147.32,-0.83,trailing_stop
LODHA,bollinger_meanrev,MIS,2026-06-24 13:25:00,2026-06-24 13:45:00,926.9,932.5714285714286,32,-181.49,-213.06,-1.01,trailing_stop
OBEROIRLTY,bollinger_meanrev,MIS,2026-06-24 13:25:00,2026-06-24 13:45:00,1758.9,1761.1285714285714,17,-37.89,-69.62,-0.21,trailing_stop
SAIL,bollinger_meanrev,MIS,2026-06-24 13:25:00,2026-06-24 13:30:00,172.25,173.52,174,-220.98,-252.9,-1.11,trailing_stop
TATAINVEST,bollinger_meanrev,MIS,2026-06-24 13:25:00,2026-06-24 13:55:00,671.65,673.8,44,-94.6,-126.0,-1.0,trailing_stop
MUTHOOTFIN,bollinger_meanrev,MIS,2026-06-24 13:30:00,2026-06-24 14:10:00,3126.0,3129.6857142857143,9,-33.17,-63.03,-0.33,trailing_stop
PRESTIGE,bollinger_meanrev,MIS,2026-06-24 13:30:00,2026-06-24 13:35:00,1539.8,1534.6428571428573,19,97.99,67.02,0.68,trailing_stop
TVSMOTOR,bollinger_meanrev,MIS,2026-06-24 13:30:00,2026-06-24 13:35:00,3447.4,3464.6714285714284,8,-138.17,-167.51,-0.98,trailing_stop
COLPAL,bollinger_meanrev,MIS,2026-06-24 13:35:00,2026-06-24 13:45:00,1977.0,1985.2428571428572,15,-123.64,-155.17,-1.01,trailing_stop
EICHERMOT,bollinger_meanrev,MIS,2026-06-24 13:35:00,2026-06-24 13:45:00,7632.0,7639.857142857143,3,-23.57,-47.87,-0.32,trailing_stop
HINDPETRO,bollinger_meanrev,MIS,2026-06-24 13:35:00,2026-06-24 13:40:00,406.9,408.85,73,-142.35,-173.94,-1.01,trailing_stop
IOC,bollinger_meanrev,MIS,2026-06-24 13:35:00,2026-06-24 13:40:00,145.73,146.39142857142855,205,-135.59,-167.36,-1.17,trailing_stop
BPCL,bollinger_meanrev,MIS,2026-06-24 13:40:00,2026-06-24 14:15:00,313.8,314.40714285714284,95,-57.68,-89.33,-0.51,trailing_stop
BRITANNIA,bollinger_meanrev,MIS,2026-06-24 13:40:00,2026-06-24 14:25:00,5272.0,5260.5,5,57.5,29.58,1.1,target_mid_band
HINDUNILVR,bollinger_meanrev,MIS,2026-06-24 13:40:00,2026-06-24 14:25:00,2161.6,2156.4,13,67.6,37.84,1.03,target_mid_band
LICHSGFIN,bollinger_meanrev,MIS,2026-06-24 13:40:00,2026-06-24 13:55:00,548.55,550.8428571428572,54,-123.81,-155.31,-1.07,trailing_stop
HUDCO,bollinger_meanrev,MIS,2026-06-24 13:45:00,2026-06-24 14:00:00,208.15,207.93,144,31.68,-0.09,0.32,trailing_stop
INFY,bollinger_meanrev,MIS,2026-06-24 13:45:00,2026-06-24 14:10:00,1055.4,1060.0,28,-128.8,-160.22,-1.07,trailing_stop
RVNL,bollinger_meanrev,MIS,2026-06-24 13:45:00,2026-06-24 14:45:00,240.88,239.98,124,111.6,80.0,0.98,target_mid_band
SWIGGY,bollinger_meanrev,MIS,2026-06-24 13:45:00,2026-06-24 14:00:00,245.0,245.90714285714287,122,-110.67,-142.44,-0.56,trailing_stop
FEDERALBNK,bollinger_meanrev,MIS,2026-06-24 13:55:00,2026-06-24 14:45:00,326.9,325.6,91,118.3,86.83,0.95,target_mid_band
OFSS,bollinger_meanrev,MIS,2026-06-24 14:15:00,2026-06-24 14:35:00,10297.0,10351.785714285714,2,-109.57,-131.48,-1.09,trailing_stop
AUBANK,bollinger_meanrev,MIS,2026-06-24 14:20:00,2026-06-24 15:05:00,1070.1,1065.0,28,142.8,111.12,1.04,target_mid_band
ENRIN,bollinger_meanrev,MIS,2026-06-24 14:25:00,2026-06-24 15:00:00,3740.3,3743.0428571428574,8,-21.94,-53.69,-0.19,trailing_stop
TATACAP,bollinger_meanrev,MIS,2026-06-24 14:40:00,2026-06-24 15:05:00,353.15,354.8428571428571,84,-142.2,-173.75,-0.9,trailing_stop
ADANIPORTS,bollinger_meanrev,MIS,2026-06-24 14:50:00,2026-06-24 15:15:00,1817.3,1812.4,16,78.4,47.62,0.62,forced_close
COROMANDEL,bollinger_meanrev,MIS,2026-06-24 15:00:00,2026-06-24 15:10:00,1978.7,1984.4285714285716,15,-85.93,-117.46,-1.19,trailing_stop
ADANIGREEN,bollinger_meanrev,MIS,2026-06-24 15:05:00,2026-06-24 15:15:00,1532.6,1521.2,19,216.6,185.86,1.14,forced_close
UNITDSPR,bollinger_meanrev,MIS,2026-06-24 15:05:00,2026-06-24 15:15:00,1361.0,1358.4,22,57.2,25.48,0.59,forced_close
BAJFINANCE,bollinger_meanrev,MIS,2026-06-25 09:15:00,2026-06-25 09:25:00,999.85,1004.5142857142857,30,-139.93,-171.83,-0.76,trailing_stop
HDFCLIFE,bollinger_meanrev,MIS,2026-06-25 09:15:00,2026-06-25 09:30:00,594.65,591.8,50,142.5,111.06,1.1,target_mid_band
HUDCO,bollinger_meanrev,MIS,2026-06-25 09:15:00,2026-06-25 09:20:00,212.5,213.86142857142858,141,-191.96,-223.86,-1.02,trailing_stop
INDIGO,bollinger_meanrev,MIS,2026-06-25 09:15:00,2026-06-25 09:35:00,5317.5,5379.371428571429,5,-309.36,-337.75,-1.25,trailing_stop
LODHA,bollinger_meanrev,MIS,2026-06-25 09:15:00,2026-06-25 09:20:00,959.45,969.2928571428572,31,-305.13,-336.86,-1.18,trailing_stop
LTF,bollinger_meanrev,MIS,2026-06-25 09:15:00,2026-06-25 09:55:00,301.8,302.65,99,-84.15,-115.89,-0.42,trailing_stop
PIDILITIND,bollinger_meanrev,MIS,2026-06-25 09:15:00,2026-06-25 09:30:00,1598.6,1604.9571428571428,18,-114.43,-145.02,-0.86,trailing_stop
TATACAP,bollinger_meanrev,MIS,2026-06-25 09:15:00,2026-06-25 09:20:00,365.45,370.77142857142854,82,-436.36,-468.41,-1.19,trailing_stop
UNITDSPR,bollinger_meanrev,MIS,2026-06-25 09:15:00,2026-06-25 09:35:00,1374.2,1377.0142857142857,21,-59.1,-89.74,-0.44,trailing_stop
AMBUJACEM,bollinger_meanrev,MIS,2026-06-25 09:20:00,2026-06-25 09:35:00,430.65,432.83571428571423,69,-150.81,-182.42,-0.93,trailing_stop
AXISBANK,bollinger_meanrev,MIS,2026-06-25 09:20:00,2026-06-25 09:55:00,1389.5,1392.3857142857144,21,-60.6,-91.58,-0.52,trailing_stop
MOTHERSON,bollinger_meanrev,MIS,2026-06-25 09:20:00,2026-06-25 09:30:00,146.81,147.83142857142857,204,-208.37,-240.26,-1.02,trailing_stop
PRESTIGE,bollinger_meanrev,MIS,2026-06-25 09:20:00,2026-06-25 10:20:00,1569.2,1550.4,19,357.2,325.81,1.47,target_mid_band
TMPV,bollinger_meanrev,MIS,2026-06-25 09:20:00,2026-06-25 10:30:00,359.5,354.75,83,394.25,362.86,1.68,target_mid_band
ASHOKLEY,bollinger_meanrev,MIS,2026-06-25 09:25:00,2026-06-25 10:45:00,159.42,159.49571428571429,188,-14.23,-46.03,-0.06,trailing_stop
HINDUNILVR,bollinger_meanrev,MIS,2026-06-25 09:25:00,2026-06-25 09:45:00,2174.8,2186.3428571428576,13,-150.06,-180.13,-1.17,trailing_stop
M&M,bollinger_meanrev,MIS,2026-06-25 09:25:00,2026-06-25 10:20:00,3153.9,3161.3571428571427,9,-67.11,-97.26,-0.31,trailing_stop
SBICARD,bollinger_meanrev,MIS,2026-06-25 09:25:00,2026-06-25 10:10:00,620.3,625.3928571428571,48,-244.46,-276.19,-1.2,trailing_stop
ULTRACEMCO,bollinger_meanrev,MIS,2026-06-25 09:25:00,2026-06-25 10:25:00,11385,11318,2,134,109.94,1.21,target_mid_band
LICHSGFIN,bollinger_meanrev,MIS,2026-06-25 09:30:00,2026-06-25 09:45:00,553.5,556.25,54,-148.5,-180.29,-1.07,trailing_stop
MARUTI,bollinger_meanrev,MIS,2026-06-25 09:30:00,2026-06-25 10:15:00,13596,13724.42857142857,2,-256.86,-285.86,-1.21,trailing_stop
DABUR,bollinger_meanrev,MIS,2026-06-25 09:35:00,2026-06-25 09:50:00,427.05,428.75000000000006,70,-119.0,-150.78,-0.71,trailing_stop
DRREDDY,bollinger_meanrev,MIS,2026-06-25 09:35:00,2026-06-25 10:45:00,1354.9,1359.9857142857143,22,-111.89,-143.57,-0.51,trailing_stop
LT,bollinger_meanrev,MIS,2026-06-25 09:40:00,2026-06-25 10:35:00,4208.9,4220.099999999999,7,-78.4,-109.69,-0.59,trailing_stop
UPL,bollinger_meanrev,MIS,2026-06-25 09:40:00,2026-06-25 10:05:00,604.95,606.7642857142857,49,-88.9,-120.39,-0.59,trailing_stop
PNB,bollinger_meanrev,MIS,2026-06-25 09:45:00,2026-06-25 10:25:00,108.87,108.22,275,178.75,147.12,1.27,target_mid_band
NESTLEIND,bollinger_meanrev,MIS,2026-06-25 09:50:00,2026-06-25 11:10:00,1399.9,1402.2857142857144,21,-50.1,-81.31,-0.33,trailing_stop
GODREJCP,bollinger_meanrev,MIS,2026-06-25 09:55:00,2026-06-25 10:25:00,1033.9,1026.2,29,223.3,191.65,1.19,target_mid_band
RADICO,bollinger_meanrev,MIS,2026-06-25 10:05:00,2026-06-25 11:30:00,3795.0,3790.0285714285715,7,34.8,6.65,0.26,trailing_stop
MAXHEALTH,bollinger_meanrev,MIS,2026-06-25 10:25:00,2026-06-25 10:35:00,1115.0,1122.65,26,-198.9,-229.77,-0.83,trailing_stop
PAYTM,bollinger_meanrev,MIS,2026-06-25 10:40:00,2026-06-25 11:50:00,1113.0,1112.6285714285714,26,9.66,-21.02,0.05,trailing_stop
APOLLOHOSP,bollinger_meanrev,MIS,2026-06-25 10:50:00,2026-06-25 11:10:00,8638.0,8661.57142857143,3,-70.71,-98.24,-0.77,trailing_stop
FORTIS,bollinger_meanrev,MIS,2026-06-25 10:50:00,2026-06-25 11:40:00,981.4,975.3,30,183.0,151.9,1.22,target_mid_band
TVSMOTOR,bollinger_meanrev,MIS,2026-06-25 11:10:00,2026-06-25 11:20:00,3570.2,3585.8714285714286,8,-125.37,-155.74,-0.86,trailing_stop
GRASIM,bollinger_meanrev,MIS,2026-06-25 11:30:00,2026-06-25 12:20:00,3151.3,3137.2,9,126.9,96.91,1.38,target_mid_band
TATACONSUM,bollinger_meanrev,MIS,2026-06-25 11:35:00,2026-06-25 11:40:00,1109.1,1111.2571428571428,27,-58.24,-90.04,-0.45,trailing_stop
EICHERMOT,bollinger_meanrev,MIS,2026-06-25 11:45:00,2026-06-25 12:15:00,7730.0,7736.071428571428,3,-18.21,-42.82,-0.2,trailing_stop
POWERGRID,bollinger_meanrev,MIS,2026-06-25 11:50:00,2026-06-25 12:35:00,288.55,289.2,103,-66.95,-98.51,-0.6,trailing_stop
HINDALCO,bollinger_meanrev,MIS,2026-06-25 11:55:00,2026-06-25 12:15:00,969.8,963.6,30,186.0,155.27,1.19,target_mid_band
DLF,bollinger_meanrev,MIS,2026-06-25 12:00:00,2026-06-25 12:45:00,630.95,627.0,47,185.65,154.32,1.14,target_mid_band
GODREJPROP,bollinger_meanrev,MIS,2026-06-25 12:00:00,2026-06-25 12:55:00,1882.8,1866.9,15,238.5,208.7,1.36,target_mid_band
ICICIBANK,bollinger_meanrev,MIS,2026-06-25 12:00:00,2026-06-25 12:10:00,1397.6,1401.7285714285715,21,-86.7,-117.88,-1.08,trailing_stop
MPHASIS,bollinger_meanrev,MIS,2026-06-25 12:00:00,2026-06-25 12:05:00,2212.7,2221.957142857143,13,-120.34,-150.92,-1.06,trailing_stop
SBIN,bollinger_meanrev,MIS,2026-06-25 12:00:00,2026-06-25 12:25:00,1055.0,1051.15,28,107.8,76.54,1.54,target_mid_band
HDFCBANK,bollinger_meanrev,MIS,2026-06-25 12:05:00,2026-06-25 13:20:00,803.65,802.6714285714286,37,36.21,4.7,0.41,trailing_stop
M&MFIN,bollinger_meanrev,MIS,2026-06-25 12:10:00,2026-06-25 12:30:00,315.45,312.95,95,237.5,205.87,1.83,target_mid_band
TMCV,bollinger_meanrev,MIS,2026-06-25 12:15:00,2026-06-25 13:25:00,433.0,429.45,69,244.95,213.42,1.16,target_mid_band
CGPOWER,bollinger_meanrev,MIS,2026-06-25 12:50:00,2026-06-25 13:15:00,945.45,945.7642857142857,31,-9.74,-40.83,-0.07,trailing_stop
KEI,bollinger_meanrev,MIS,2026-06-25 13:05:00,2026-06-25 13:30:00,5400.0,5359.0,5,205.0,176.5,1.23,target_mid_band
COLPAL,bollinger_meanrev,MIS,2026-06-25 13:15:00,2026-06-25 14:00:00,1997.5,1993.6,15,58.5,26.76,0.61,target_mid_band
WIPRO,bollinger_meanrev,MIS,2026-06-25 14:05:00,2026-06-25 14:40:00,175.85,174.88,170,164.9,133.3,1.75,target_mid_band
COROMANDEL,bollinger_meanrev,MIS,2026-06-25 14:25:00,2026-06-25 14:35:00,1992.5,1996.9857142857143,15,-67.29,-99.02,-0.9,trailing_stop
ALKEM,bollinger_meanrev,MIS,2026-06-29 09:15:00,2026-06-29 09:30:00,5479.0,5494.285714285715,5,-76.43,-105.53,-0.71,trailing_stop
COROMANDEL,bollinger_meanrev,MIS,2026-06-29 09:15:00,2026-06-29 09:20:00,2022.1,2019.757142857143,14,32.8,2.8,0.15,trailing_stop
DRREDDY,bollinger_meanrev,MIS,2026-06-29 09:15:00,2026-06-29 10:15:00,1408.1,1414.8285714285714,21,-141.3,-172.75,-0.49,trailing_stop
JSWSTEEL,bollinger_meanrev,MIS,2026-06-29 09:15:00,2026-06-29 09:50:00,1243.8,1247.8857142857144,24,-98.06,-129.78,-0.8,trailing_stop
LAURUSLABS,bollinger_meanrev,MIS,2026-06-29 09:15:00,2026-06-29 09:30:00,1460.2,1461.5285714285712,20,-26.57,-57.56,-0.19,trailing_stop
MARICO,bollinger_meanrev,MIS,2026-06-29 09:15:00,2026-06-29 09:25:00,834.3,836.6142857142858,35,-81.0,-112.02,-0.55,trailing_stop
COLPAL,bollinger_meanrev,MIS,2026-06-29 09:20:00,2026-06-29 09:30:00,2022.0,2026.0428571428572,14,-56.6,-86.66,-0.32,trailing_stop
COALINDIA,bollinger_meanrev,MIS,2026-06-29 09:25:00,2026-06-29 10:20:00,437.95,438.35,68,-27.2,-58.8,-0.21,trailing_stop
GMRAIRPORT,bollinger_meanrev,MIS,2026-06-29 09:25:00,2026-06-29 09:40:00,110.8,111.56428571428572,270,-206.36,-238.21,-0.84,trailing_stop
BSE,bollinger_meanrev,MIS,2026-06-29 09:30:00,2026-06-29 09:35:00,3967.0,3967.042857142857,7,-0.3,-29.75,-0.0,trailing_stop
NYKAA,bollinger_meanrev,MIS,2026-06-29 09:30:00,2026-06-29 10:25:00,307.55,304.4,97,305.55,274.11,1.23,target_mid_band
MAXHEALTH,bollinger_meanrev,MIS,2026-06-29 09:40:00,2026-06-29 11:10:00,1153.8,1150.65,26,81.9,50.14,0.31,target_mid_band
NESTLEIND,bollinger_meanrev,MIS,2026-06-29 09:40:00,2026-06-29 10:40:00,1425.3,1416.3,21,189.0,157.38,0.84,target_mid_band
GLENMARK,bollinger_meanrev,MIS,2026-06-29 09:50:00,2026-06-29 10:50:00,2208.8,2212.957142857143,13,-54.04,-84.53,-0.22,trailing_stop
CIPLA,bollinger_meanrev,MIS,2026-06-29 09:55:00,2026-06-29 10:15:00,1475.3,1487.5142857142857,20,-244.29,-275.73,-1.04,trailing_stop
AMBUJACEM,bollinger_meanrev,MIS,2026-06-29 11:15:00,2026-06-29 11:45:00,426.8,423.55,70,227.5,195.96,1.35,target_mid_band
ATGL,bollinger_meanrev,MIS,2026-06-29 11:20:00,2026-06-29 11:50:00,714.3,718.6857142857143,41,-179.81,-210.99,-1.1,trailing_stop
NATIONALUM,bollinger_meanrev,MIS,2026-06-29 11:45:00,2026-06-29 12:25:00,341.75,342.77142857142854,87,-88.86,-120.45,-0.75,trailing_stop
POWERGRID,bollinger_meanrev,MIS,2026-06-29 11:55:00,2026-06-29 12:55:00,287.05,286.7,104,36.4,4.77,0.37,target_mid_band
COCHINSHIP,bollinger_meanrev,MIS,2026-06-29 12:45:00,2026-06-29 12:55:00,1444.3,1449.1714285714286,20,-97.43,-128.12,-0.91,trailing_stop
IDEA,bollinger_meanrev,MIS,2026-06-29 13:05:00,2026-06-29 13:35:00,14.17,14.202857142857143,2117,-69.56,-101.41,-0.49,trailing_stop
CGPOWER,bollinger_meanrev,MIS,2026-06-29 13:20:00,2026-06-29 14:05:00,951.8,953.1428571428571,31,-41.63,-72.94,-0.29,trailing_stop
ENRIN,bollinger_meanrev,MIS,2026-06-29 13:20:00,2026-06-29 14:40:00,3620.5,3616.9,8,28.8,-1.9,0.16,target_mid_band
SOLARINDS,bollinger_meanrev,MIS,2026-06-29 13:30:00,2026-06-29 14:25:00,17834,17795.571428571428,1,38.43,19.54,0.27,trailing_stop
RADICO,bollinger_meanrev,MIS,2026-06-29 13:35:00,2026-06-29 13:50:00,3834.8,3848.114285714286,7,-93.2,-121.73,-0.8,trailing_stop
AUBANK,bollinger_meanrev,MIS,2026-06-29 13:40:00,2026-06-29 14:05:00,1025.15,1029.3357142857144,29,-121.39,-152.99,-0.86,trailing_stop
NMDC,bollinger_meanrev,MIS,2026-06-29 13:45:00,2026-06-29 14:40:00,85.55,85.36999999999999,350,63.0,31.29,0.53,trailing_stop
GROWW,bollinger_meanrev,MIS,2026-06-29 13:50:00,2026-06-29 13:55:00,203.8,205.02428571428572,147,-179.97,-211.85,-0.77,trailing_stop
BANKINDIA,bollinger_meanrev,MIS,2026-06-29 13:55:00,2026-06-29 14:40:00,143.03,143.44571428571427,209,-86.88,-118.64,-0.65,trailing_stop
INDUSTOWER,bollinger_meanrev,MIS,2026-06-29 13:55:00,2026-06-29 14:15:00,390.8,392.3071428571428,76,-114.54,-146.11,-0.97,trailing_stop
LTF,bollinger_meanrev,MIS,2026-06-29 13:55:00,2026-06-29 14:50:00,302.45,299.75,99,267.3,235.72,1.62,target_mid_band
M&MFIN,bollinger_meanrev,MIS,2026-06-29 13:55:00,2026-06-29 14:00:00,303.35,305.2,98,-181.3,-212.94,-1.37,trailing_stop
LICHSGFIN,bollinger_meanrev,MIS,2026-06-29 14:00:00,2026-06-29 14:05:00,556.3,558.6785714285714,53,-126.06,-157.41,-1.16,trailing_stop
TIINDIA,bollinger_meanrev,MIS,2026-06-29 14:10:00,2026-06-29 14:35:00,3045.1,3028.3,9,151.2,122.23,0.86,target_mid_band
MUTHOOTFIN,bollinger_meanrev,MIS,2026-06-29 14:25:00,2026-06-29 15:00:00,3027.0,3031.3,9,-38.7,-67.61,-0.22,trailing_stop
TATACAP,bollinger_meanrev,MIS,2026-06-29 14:25:00,2026-06-29 14:35:00,360.5,360.8571428571429,83,-29.64,-61.39,-0.22,trailing_stop
HEROMOTOCO,bollinger_meanrev,MIS,2026-06-29 14:30:00,2026-06-29 14:50:00,4825.3,4803.5,6,130.8,100.18,1.11,target_mid_band
MFSL,bollinger_meanrev,MIS,2026-06-29 14:30:00,2026-06-29 15:00:00,1599.4,1602.8714285714286,18,-62.49,-93.06,-0.47,trailing_stop
UNIONBANK,bollinger_meanrev,MIS,2026-06-29 14:30:00,2026-06-29 15:15:00,170.01,169.32,176,121.44,89.79,0.76,forced_close
BAJFINANCE,bollinger_meanrev,MIS,2026-06-29 14:35:00,2026-06-29 14:50:00,989.4,985.15,30,127.5,96.11,0.86,target_mid_band
IRCTC,bollinger_meanrev,MIS,2026-06-29 14:40:00,2026-06-29 15:00:00,512.0,507.35,58,269.7,238.38,3.78,trailing_stop
TVSMOTOR,bollinger_meanrev,MIS,2026-06-29 14:45:00,2026-06-29 15:00:00,3474.8,3455.3,8,156.0,126.62,1.14,target_mid_band
ABB,bollinger_meanrev,MIS,2026-06-29 15:00:00,2026-06-29 15:05:00,7143.0,7204.714285714285,4,-246.86,-277.31,-1.17,trailing_stop
NHPC,bollinger_meanrev,MIS,2026-06-29 15:00:00,2026-06-29 15:15:00,81.48,81.79142857142858,368,-114.61,-146.48,-0.64,trailing_stop
BEL,bollinger_meanrev,MIS,2026-06-29 15:05:00,2026-06-29 15:15:00,411.7,411.85,72,-10.8,-42.24,-0.09,forced_close
LGEINDIA,bollinger_meanrev,MIS,2026-06-29 15:05:00,2026-06-29 15:10:00,1569.1,1574.0428571428572,19,-93.91,-125.59,-0.8,trailing_stop
LUPIN,bollinger_meanrev,MIS,2026-06-29 15:05:00,2026-06-29 15:15:00,2411.1,2420.885714285714,12,-117.43,-148.19,-0.85,trailing_stop
VEDL,bollinger_meanrev,MIS,2026-06-29 15:05:00,2026-06-29 15:15:00,284.25,285.55,105,-136.5,-168.24,-0.57,forced_close
BHARATFORG,bollinger_meanrev,MIS,2026-06-29 15:15:00,2026-06-29 15:20:00,2198.3,2230.6285714285714,13,-420.27,-450.85,-1.11,trailing_stop
KEI,bollinger_meanrev,MIS,2026-06-29 15:20:00,2026-06-29 15:25:00,5588.0,5523.5,5,322.5,293.08,0.86,trailing_stop
ZYDUSLIFE,bollinger_meanrev,MIS,2026-06-29 15:20:00,2026-06-29 15:25:00,1123.3,1122.0,26,33.8,2.85,0.25,forced_close
FORTIS,bollinger_meanrev,MIS,2026-06-29 15:25:00,2026-06-29 15:25:00,963.4,963.4,31,-0.0,-31.67,-0.0,eod_data_end
SBILIFE,bollinger_meanrev,MIS,2026-06-29 15:25:00,2026-06-29 15:25:00,1764.0,1764.0,17,-0.0,-31.8,-0.0,eod_data_end
PAYTM,bollinger_meanrev,MIS,2026-06-30 09:15:00,2026-06-30 09:40:00,1140.4,1132.6,26,202.8,171.49,0.94,target_mid_band
PREMIERENE,bollinger_meanrev,MIS,2026-06-30 09:15:00,2026-06-30 10:25:00,1044.5,1039.5714285714284,28,138.0,107.07,0.64,trailing_stop
HAL,bollinger_meanrev,MIS,2026-06-30 09:20:00,2026-06-30 10:25:00,4378.4,4370.0,6,50.4,22.57,0.25,target_mid_band
EXIDEIND,bollinger_meanrev,MIS,2026-06-30 09:30:00,2026-06-30 10:45:00,394.35,393.6428571428571,76,53.74,21.99,0.24,trailing_stop
GMRAIRPORT,bollinger_meanrev,MIS,2026-06-30 09:40:00,2026-06-30 09:50:00,111.3,112.36857142857143,269,-287.45,-319.38,-1.09,trailing_stop
SOLARINDS,bollinger_meanrev,MIS,2026-06-30 09:40:00,2026-06-30 10:45:00,18160,18099.85714285714,1,60.14,40.92,0.3,trailing_stop
COCHINSHIP,bollinger_meanrev,MIS,2026-06-30 10:20:00,2026-06-30 10:45:00,1465.0,1478.8285714285714,20,-276.57,-307.82,-1.06,trailing_stop
CHOLAFIN,bollinger_meanrev,MIS,2026-06-30 10:30:00,2026-06-30 11:20:00,1798.9,1801.8285714285712,16,-46.86,-77.41,-0.27,trailing_stop
GODREJPROP,bollinger_meanrev,MIS,2026-06-30 10:40:00,2026-06-30 11:15:00,1875.3,1883.1,15,-117.0,-146.9,-0.55,trailing_stop
INDHOTEL,bollinger_meanrev,MIS,2026-06-30 10:45:00,2026-06-30 11:20:00,712.9,715.3000000000001,42,-100.8,-132.62,-0.74,trailing_stop
PHOENIXLTD,bollinger_meanrev,MIS,2026-06-30 10:50:00,2026-06-30 11:15:00,1955.1,1961.3,15,-93.0,-124.16,-0.7,trailing_stop
SBILIFE,bollinger_meanrev,MIS,2026-06-30 10:50:00,2026-06-30 11:05:00,1750.5,1753.8857142857144,17,-57.56,-89.15,-0.73,trailing_stop
JIOFIN,bollinger_meanrev,MIS,2026-06-30 10:55:00,2026-06-30 11:10:00,236.75,237.3042857142857,126,-69.84,-101.52,-0.86,trailing_stop
MARUTI,bollinger_meanrev,MIS,2026-06-30 10:55:00,2026-06-30 11:20:00,13905,13971.42857142857,2,-132.86,-162.43,-0.78,trailing_stop
TMPV,bollinger_meanrev,MIS,2026-06-30 10:55:00,2026-06-30 11:10:00,348.8,349.8571428571429,86,-90.91,-122.78,-0.61,trailing_stop
ALKEM,bollinger_meanrev,MIS,2026-06-30 11:15:00,2026-06-30 11:30:00,5502.5,5512.571428571428,5,-50.36,-79.57,-0.71,trailing_stop
HDFCAMC,bollinger_meanrev,MIS,2026-06-30 11:15:00,2026-06-30 12:15:00,2648.0,2647.442857142857,11,6.13,-24.76,0.05,trailing_stop
LUPIN,bollinger_meanrev,MIS,2026-06-30 11:15:00,2026-06-30 11:25:00,2416.4,2427.8714285714286,12,-137.66,-168.49,-1.09,trailing_stop
PFC,bollinger_meanrev,MIS,2026-06-30 11:15:00,2026-06-30 11:45:00,427.4,425.5,70,133.0,101.36,1.19,target_mid_band
BRITANNIA,bollinger_meanrev,MIS,2026-06-30 11:20:00,2026-06-30 12:15:00,5152.5,5133.0,5,97.5,70.24,1.05,target_mid_band
HAVELLS,bollinger_meanrev,MIS,2026-06-30 11:20:00,2026-06-30 11:50:00,1156.8,1157.1857142857143,25,-9.64,-40.32,-0.07,trailing_stop
HYUNDAI,bollinger_meanrev,MIS,2026-06-30 11:20:00,2026-06-30 11:40:00,1916.2,1920.3714285714286,15,-62.57,-93.09,-0.56,trailing_stop
JUBLFOOD,bollinger_meanrev,MIS,2026-06-30 11:25:00,2026-06-30 12:35:00,420.25,419.4,71,60.35,28.75,0.39,target_mid_band
POLYCAB,bollinger_meanrev,MIS,2026-06-30 11:25:00,2026-06-30 12:15:00,9917.0,9948.785714285714,3,-95.36,-126.97,-0.5,trailing_stop
TVSMOTOR,bollinger_meanrev,MIS,2026-06-30 11:30:00,2026-06-30 12:30:00,3506.9,3482.6,8,194.4,164.77,1.49,target_mid_band
BPCL,bollinger_meanrev,MIS,2026-06-30 11:45:00,2026-06-30 12:20:00,303.65,303.8285714285714,98,-17.5,-49.07,-0.18,trailing_stop
GVT&D,bollinger_meanrev,MIS,2026-06-30 11:50:00,2026-06-30 12:00:00,5029.5,5062.785714285715,5,-166.43,-193.2,-0.94,trailing_stop
RADICO,bollinger_meanrev,MIS,2026-06-30 11:50:00,2026-06-30 12:30:00,3974.9,3970.7285714285717,7,29.2,-0.29,0.29,trailing_stop
DIXON,bollinger_meanrev,MIS,2026-06-30 11:55:00,2026-06-30 12:00:00,12177,12156.57142857143,2,40.86,15.06,0.24,trailing_stop
SUZLON,bollinger_meanrev,MIS,2026-06-30 11:55:00,2026-06-30 12:45:00,58.13,57.97571428571429,516,79.61,47.85,0.48,trailing_stop
HINDZINC,bollinger_meanrev,MIS,2026-06-30 12:05:00,2026-06-30 12:45:00,528.35,530.1071428571429,56,-98.4,-129.84,-0.64,trailing_stop
SRF,bollinger_meanrev,MIS,2026-06-30 12:05:00,2026-06-30 12:10:00,2723.4,2737.0857142857144,11,-150.54,-182.41,-1.06,trailing_stop
VMM,bollinger_meanrev,MIS,2026-06-30 12:10:00,2026-06-30 12:40:00,118.31,117.31,253,253.0,221.42,1.29,target_mid_band
UPL,bollinger_meanrev,MIS,2026-06-30 12:20:00,2026-06-30 12:45:00,572.3,569.6,52,140.4,108.93,1.62,target_mid_band
BAJFINANCE,bollinger_meanrev,MIS,2026-06-30 12:35:00,2026-06-30 12:50:00,1000.15,1001.55,29,-40.6,-71.38,-0.42,trailing_stop
ABB,bollinger_meanrev,MIS,2026-06-30 12:40:00,2026-06-30 13:05:00,7096.5,7066.0,4,122.0,91.98,1.03,target_mid_band
AUROPHARMA,bollinger_meanrev,MIS,2026-06-30 12:45:00,2026-06-30 13:25:00,1586.0,1578.4,18,136.8,106.61,0.98,target_mid_band
HINDPETRO,bollinger_meanrev,MIS,2026-06-30 12:45:00,2026-06-30 13:25:00,395.25,395.3714285714285,75,-9.11,-40.55,-0.07,trailing_stop
PIDILITIND,bollinger_meanrev,MIS,2026-06-30 12:45:00,2026-06-30 12:50:00,1600.4,1603.6714285714288,18,-58.89,-89.47,-0.79,trailing_stop
LENSKART,bollinger_meanrev,MIS,2026-06-30 12:55:00,2026-06-30 13:55:00,517.05,515.4214285714286,58,94.46,62.72,0.56,trailing_stop
APOLLOHOSP,bollinger_meanrev,MIS,2026-06-30 13:00:00,2026-06-30 13:10:00,8749.5,8742.57142857143,3,20.79,-7.04,0.38,trailing_stop
NAUKRI,bollinger_meanrev,MIS,2026-06-30 13:20:00,2026-06-30 13:55:00,980.35,983.6428571428571,30,-98.79,-130.04,-0.93,trailing_stop
OBEROIRLTY,bollinger_meanrev,MIS,2026-06-30 13:30:00,2026-06-30 14:15:00,1778.9,1779.1285714285714,16,-3.66,-33.84,-0.04,trailing_stop
VBL,bollinger_meanrev,MIS,2026-06-30 13:30:00,2026-06-30 13:50:00,507.3,508.1142857142857,59,-48.04,-79.81,-0.53,trailing_stop
LODHA,bollinger_meanrev,MIS,2026-06-30 13:35:00,2026-06-30 14:00:00,955.45,950.95,31,139.5,108.18,1.18,target_mid_band
MAXHEALTH,bollinger_meanrev,MIS,2026-06-30 13:35:00,2026-06-30 14:05:00,1150.4,1146.8428571428572,26,92.49,60.83,1.12,trailing_stop
INDIGO,bollinger_meanrev,MIS,2026-06-30 13:40:00,2026-06-30 14:25:00,5386.0,5392.814285714286,5,-34.07,-62.65,-0.42,trailing_stop
ICICIAMC,bollinger_meanrev,MIS,2026-06-30 13:45:00,2026-06-30 14:45:00,3318.2,3324.471428571429,9,-56.44,-88.15,-0.24,trailing_stop
TITAN,bollinger_meanrev,MIS,2026-06-30 13:45:00,2026-06-30 14:20:00,4418.5,4414.9857142857145,6,21.09,-7.01,0.22,trailing_stop
ADANIENT,bollinger_meanrev,MIS,2026-06-30 14:20:00,2026-06-30 14:30:00,3036.0,3049.985714285714,9,-125.87,-154.93,-1.04,trailing_stop
BIOCON,bollinger_meanrev,MIS,2026-06-30 14:20:00,2026-06-30 14:25:00,419.35,420.8857142857143,71,-109.04,-140.68,-1.06,trailing_stop
CUMMINSIND,bollinger_meanrev,MIS,2026-06-30 14:20:00,2026-06-30 15:00:00,5689.5,5674.5,5,75.0,44.88,0.52,trailing_stop
LTF,bollinger_meanrev,MIS,2026-06-30 14:25:00,2026-06-30 14:30:00,308.45,309.4428571428571,97,-96.31,-128.1,-0.88,trailing_stop
MAZDOCK,bollinger_meanrev,MIS,2026-06-30 14:25:00,2026-06-30 14:55:00,2534.0,2515.1,11,207.9,178.47,1.57,target_mid_band
TATACAP,bollinger_meanrev,MIS,2026-06-30 14:25:00,2026-06-30 14:40:00,365.7,366.79285714285714,82,-89.61,-121.47,-0.58,trailing_stop
IREDA,bollinger_meanrev,MIS,2026-06-30 14:30:00,2026-06-30 14:35:00,130.48,130.43571428571428,229,10.14,-21.54,0.08,trailing_stop
HDFCLIFE,bollinger_meanrev,MIS,2026-06-30 14:35:00,2026-06-30 15:00:00,581.85,579.8642857142858,51,101.27,69.87,0.62,trailing_stop
WAAREEENER,bollinger_meanrev,MIS,2026-06-30 15:10:00,2026-06-30 15:15:00,2950.7,2952.3,10,-16.0,-47.3,-0.1,forced_close
ENRIN,bollinger_meanrev,MIS,2026-07-01 09:15:00,2026-07-01 09:20:00,3745.8,3745.914285714286,8,-0.91,-32.69,-0.0,trailing_stop
COLPAL,bollinger_meanrev,MIS,2026-07-01 09:25:00,2026-07-01 10:05:00,2024.0,2034.6714285714286,14,-149.4,-179.54,-1.02,trailing_stop
DABUR,bollinger_meanrev,MIS,2026-07-01 09:25:00,2026-07-01 09:30:00,434.6,438.4357142857143,69,-264.66,-296.63,-1.21,trailing_stop
HINDUNILVR,bollinger_meanrev,MIS,2026-07-01 09:25:00,2026-07-01 09:40:00,2150.0,2165.4285714285716,13,-200.57,-230.34,-1.38,trailing_stop
MCX,bollinger_meanrev,MIS,2026-07-01 09:25:00,2026-07-01 10:15:00,2923.2,2959.1428571428573,10,-359.43,-390.66,-1.16,trailing_stop
HUDCO,bollinger_meanrev,MIS,2026-07-01 09:30:00,2026-07-01 09:55:00,209.08,211.3142857142857,143,-319.5,-351.41,-1.24,trailing_stop
NESTLEIND,bollinger_meanrev,MIS,2026-07-01 09:30:00,2026-07-01 10:50:00,1438.5,1444.3285714285716,20,-116.57,-147.16,-0.47,trailing_stop
VBL,bollinger_meanrev,MIS,2026-07-01 09:30:00,2026-07-01 09:40:00,513.4,516.8000000000001,58,-197.2,-228.9,-1.08,trailing_stop
GODREJCP,bollinger_meanrev,MIS,2026-07-01 09:35:00,2026-07-01 10:00:00,1034.0,1040.9142857142856,29,-200.51,-232.44,-0.82,trailing_stop
ITC,bollinger_meanrev,MIS,2026-07-01 09:35:00,2026-07-01 10:10:00,288.6,289.54285714285714,103,-97.11,-128.7,-0.8,trailing_stop
MARUTI,bollinger_meanrev,MIS,2026-07-01 09:50:00,2026-07-01 11:00:00,14490,14343,2,294,263.46,1.0,target_mid_band
AXISBANK,bollinger_meanrev,MIS,2026-07-01 09:55:00,2026-07-01 10:10:00,1359.7,1364.2571428571428,22,-100.26,-132.04,-0.58,trailing_stop
ULTRACEMCO,bollinger_meanrev,MIS,2026-07-01 09:55:00,2026-07-01 11:00:00,11246,11193,2,106,82.22,0.77,target_mid_band
VMM,bollinger_meanrev,MIS,2026-07-01 09:55:00,2026-07-01 10:25:00,120.4,118.63,249,440.73,409.22,1.47,target_mid_band
ADANIPORTS,bollinger_meanrev,MIS,2026-07-01 10:05:00,2026-07-01 10:30:00,1857.7,1853.7571428571428,16,63.09,31.61,0.27,trailing_stop
PAYTM,bollinger_meanrev,MIS,2026-07-01 10:15:00,2026-07-01 11:15:00,1188.7,1186.5714285714287,25,53.21,21.73,0.15,trailing_stop
ADANIENT,bollinger_meanrev,MIS,2026-07-01 10:30:00,2026-07-01 10:45:00,3091.4,3108.2571428571428,9,-151.71,-181.32,-0.66,trailing_stop
ATGL,bollinger_meanrev,MIS,2026-07-01 10:30:00,2026-07-01 10:45:00,737.0,740.5285714285714,40,-141.14,-172.5,-0.68,trailing_stop
RECLTD,bollinger_meanrev,MIS,2026-07-01 10:30:00,2026-07-01 10:45:00,365.5,366.8214285714285,82,-108.36,-140.21,-0.93,trailing_stop
ADANIENSOL,bollinger_meanrev,MIS,2026-07-01 10:35:00,2026-07-01 10:45:00,1521.9,1533.7285714285713,19,-224.74,-255.55,-0.76,trailing_stop
ADANIGREEN,bollinger_meanrev,MIS,2026-07-01 10:35:00,2026-07-01 10:45:00,1519.9,1531.8,19,-226.1,-256.87,-0.9,trailing_stop
OFSS,bollinger_meanrev,MIS,2026-07-01 10:45:00,2026-07-01 11:35:00,11109.0,10905.0,2,408.0,384.7,1.36,target_mid_band
HAL,bollinger_meanrev,MIS,2026-07-01 10:50:00,2026-07-01 11:00:00,4442.0,4455.171428571429,6,-79.03,-107.34,-0.66,trailing_stop
MAZDOCK,bollinger_meanrev,MIS,2026-07-01 10:50:00,2026-07-01 11:00:00,2511.9,2519.842857142857,11,-87.37,-116.73,-0.66,trailing_stop
MFSL,bollinger_meanrev,MIS,2026-07-01 11:00:00,2026-07-01 11:10:00,1597.4,1602.9,18,-99.0,-129.55,-0.67,trailing_stop
NTPC,bollinger_meanrev,MIS,2026-07-01 11:05:00,2026-07-01 12:15:00,359.8,358.2,83,132.8,101.22,1.02,target_mid_band
COROMANDEL,bollinger_meanrev,MIS,2026-07-01 11:25:00,2026-07-01 12:00:00,1977.4,1988.1714285714288,15,-161.57,-193.13,-0.75,trailing_stop
OIL,bollinger_meanrev,MIS,2026-07-01 11:30:00,2026-07-01 12:30:00,417.1,416.86428571428576,71,16.74,-14.66,0.15,trailing_stop
DMART,bollinger_meanrev,MIS,2026-07-01 11:40:00,2026-07-01 12:30:00,4292.3,4311.042857142857,6,-112.46,-139.84,-0.98,trailing_stop
IDEA,bollinger_meanrev,MIS,2026-07-01 11:40:00,2026-07-01 11:45:00,14.83,14.795714285714286,2022,69.33,37.57,0.26,trailing_stop
ONGC,bollinger_meanrev,MIS,2026-07-01 11:40:00,2026-07-01 11:55:00,235.29,235.79999999999998,127,-64.77,-96.5,-0.87,trailing_stop
BAJFINANCE,bollinger_meanrev,MIS,2026-07-01 11:45:00,2026-07-01 12:45:00,1021.8,1019.3,29,72.5,41.12,0.58,target_mid_band
HDFCAMC,bollinger_meanrev,MIS,2026-07-01 11:45:00,2026-07-01 12:20:00,2719.0,2708.542857142857,11,115.03,83.39,0.84,trailing_stop
INDIANB,bollinger_meanrev,MIS,2026-07-01 11:55:00,2026-07-01 12:10:00,825.2,827.5428571428571,36,-84.34,-115.9,-0.67,trailing_stop
GODREJPROP,bollinger_meanrev,MIS,2026-07-01 12:50:00,2026-07-01 13:10:00,1922.1,1932.3285714285714,15,-153.43,-184.1,-1.07,trailing_stop
ETERNAL,bollinger_meanrev,MIS,2026-07-01 13:20:00,2026-07-01 14:10:00,277.05,278.0928571428571,108,-112.63,-144.43,-0.77,trailing_stop
SBILIFE,bollinger_meanrev,MIS,2026-07-01 13:35:00,2026-07-01 13:40:00,1781.0,1786.2285714285715,16,-83.66,-113.93,-1.0,trailing_stop
SWIGGY,bollinger_meanrev,MIS,2026-07-01 13:35:00,2026-07-01 13:40:00,246.66,248.4242857142857,121,-213.48,-245.27,-1.05,trailing_stop
CGPOWER,bollinger_meanrev,MIS,2026-07-01 13:40:00,2026-07-01 13:55:00,967.0,969.7642857142857,31,-85.69,-117.54,-0.63,trailing_stop
MAXHEALTH,bollinger_meanrev,MIS,2026-07-01 13:40:00,2026-07-01 14:40:00,1141.3,1141.6142857142859,26,-8.17,-39.64,-0.12,trailing_stop
LENSKART,bollinger_meanrev,MIS,2026-07-01 13:45:00,2026-07-01 13:55:00,527.1,529.3785714285714,56,-127.6,-158.98,-1.25,trailing_stop
BAJAJFINSV,bollinger_meanrev,MIS,2026-07-01 13:50:00,2026-07-01 14:15:00,1797.5,1803.5857142857142,16,-97.37,-127.93,-0.68,trailing_stop
GROWW,bollinger_meanrev,MIS,2026-07-01 13:50:00,2026-07-01 13:55:00,203.76,204.44142857142856,147,-100.17,-132.0,-0.68,trailing_stop
HDFCLIFE,bollinger_meanrev,MIS,2026-07-01 13:50:00,2026-07-01 14:55:00,573.4,570.7,52,140.4,108.87,1.08,target_mid_band
HAVELLS,bollinger_meanrev,MIS,2026-07-01 13:55:00,2026-07-01 14:30:00,1194.2,1186.3,25,197.5,165.97,1.41,target_mid_band
LODHA,bollinger_meanrev,MIS,2026-07-01 14:00:00,2026-07-01 14:20:00,987.0,991.0285714285714,30,-120.86,-152.33,-1.04,trailing_stop
TORNTPHARM,bollinger_meanrev,MIS,2026-07-01 14:00:00,2026-07-01 14:30:00,4629.0,4640.657142857142,6,-69.94,-99.44,-0.81,trailing_stop
DLF,bollinger_meanrev,MIS,2026-07-01 14:05:00,2026-07-01 14:30:00,643.5,645.0285714285714,46,-70.31,-101.75,-0.66,trailing_stop
LT,bollinger_meanrev,MIS,2026-07-01 14:10:00,2026-07-01 14:15:00,4106.2,4111.9571428571435,7,-40.3,-70.81,-0.73,trailing_stop
BRITANNIA,bollinger_meanrev,MIS,2026-07-01 14:20:00,2026-07-01 15:10:00,5275.0,5256.5,5,92.5,64.59,1.09,target_mid_band
TMCV,bollinger_meanrev,MIS,2026-07-01 14:20:00,2026-07-01 14:30:00,434.65,436.74285714285713,69,-144.41,-176.3,-0.65,trailing_stop
TMPV,bollinger_meanrev,MIS,2026-07-01 14:25:00,2026-07-01 14:30:00,352.7,353.4357142857143,85,-62.54,-94.37,-0.44,trailing_stop
INDIGO,bollinger_meanrev,MIS,2026-07-01 14:40:00,2026-07-01 15:15:00,5411.0,5400.5,5,52.5,23.84,0.61,forced_close
TIINDIA,bollinger_meanrev,MIS,2026-07-01 14:40:00,2026-07-01 14:50:00,3078.9,3093.457142857143,9,-131.01,-160.48,-0.99,trailing_stop
SUPREMEIND,bollinger_meanrev,MIS,2026-07-01 14:45:00,2026-07-01 14:50:00,3206.5,3219.8,9,-119.7,-150.38,-0.9,trailing_stop
WIPRO,bollinger_meanrev,MIS,2026-07-01 14:45:00,2026-07-01 14:50:00,172.0,171.49142857142857,174,88.49,56.81,0.68,trailing_stop
YESBANK,bollinger_meanrev,MIS,2026-07-01 14:50:00,2026-07-01 15:15:00,24.6,24.55,1219,60.95,29.19,0.34,forced_close
ASTRAL,bollinger_meanrev,MIS,2026-07-01 14:55:00,2026-07-01 15:00:00,1365.8,1368.4142857142858,21,-54.9,-85.35,-0.45,trailing_stop
SBIN,bollinger_meanrev,MIS,2026-07-01 15:00:00,2026-07-01 15:15:00,1049.8,1046.0,28,106.4,75.3,1.23,forced_close
LICHSGFIN,bollinger_meanrev,MIS,2026-07-01 15:05:00,2026-07-01 15:15:00,555.0,554.55,54,24.3,-7.47,0.26,forced_close
UNIONBANK,bollinger_meanrev,MIS,2026-07-01 15:05:00,2026-07-01 15:15:00,169.92,169.98,176,-10.56,-42.28,-0.09,forced_close
ICICIAMC,bollinger_meanrev,MIS,2026-07-01 15:15:00,2026-07-01 15:20:00,3415.4,3412.4,8,24.0,-4.96,0.16,forced_close
INDHOTEL,bollinger_meanrev,MIS,2026-07-01 15:25:00,2026-07-01 15:25:00,722.0,722.0,41,-0.0,-31.39,-0.0,eod_data_end
DLF,bollinger_meanrev,MIS,2026-07-02 09:15:00,2026-07-02 09:25:00,652.75,653.7071428571429,45,-43.07,-74.25,-0.25,trailing_stop
ETERNAL,bollinger_meanrev,MIS,2026-07-02 09:15:00,2026-07-02 09:35:00,283.85,285.6928571428572,105,-193.5,-225.23,-0.88,trailing_stop
EXIDEIND,bollinger_meanrev,MIS,2026-07-02 09:15:00,2026-07-02 09:20:00,404.55,407.54285714285714,74,-221.47,-253.36,-0.84,trailing_stop
HINDPETRO,bollinger_meanrev,MIS,2026-07-02 09:15:00,2026-07-02 09:25:00,398.6,400.5785714285714,75,-148.39,-180.19,-0.96,trailing_stop
INDHOTEL,bollinger_meanrev,MIS,2026-07-02 09:15:00,2026-07-02 09:55:00,723.8,722.9785714285714,41,33.68,2.23,0.24,trailing_stop
INFY,bollinger_meanrev,MIS,2026-07-02 09:15:00,2026-07-02 09:45:00,1023.1,1034.7714285714285,29,-338.47,-370.15,-1.04,trailing_stop
LTM,bollinger_meanrev,MIS,2026-07-02 09:15:00,2026-07-02 09:25:00,3661.0,3679.857142857143,8,-150.86,-182.01,-0.66,trailing_stop
MFSL,bollinger_meanrev,MIS,2026-07-02 09:15:00,2026-07-02 09:35:00,1619.0,1628.9571428571428,18,-179.23,-210.25,-1.24,trailing_stop
MPHASIS,bollinger_meanrev,MIS,2026-07-02 09:15:00,2026-07-02 09:20:00,2134.7,2156.642857142857,14,-307.2,-339.09,-1.19,trailing_stop
NAUKRI,bollinger_meanrev,MIS,2026-07-02 09:15:00,2026-07-02 09:20:00,1019.95,1029.1214285714286,29,-265.97,-297.51,-1.18,trailing_stop
NMDC,bollinger_meanrev,MIS,2026-07-02 09:15:00,2026-07-02 10:50:00,86.28,86.08,347,69.4,37.7,0.27,target_mid_band
OBEROIRLTY,bollinger_meanrev,MIS,2026-07-02 09:15:00,2026-07-02 10:30:00,1827.0,1833.3285714285714,16,-101.26,-132.32,-0.51,trailing_stop
PAYTM,bollinger_meanrev,MIS,2026-07-02 09:15:00,2026-07-02 10:10:00,1212.5,1215.0857142857142,24,-62.06,-92.96,-0.22,trailing_stop
PRESTIGE,bollinger_meanrev,MIS,2026-07-02 09:15:00,2026-07-02 09:50:00,1651.9,1661.1285714285714,18,-166.11,-197.75,-0.75,trailing_stop
TECHM,bollinger_meanrev,MIS,2026-07-02 09:15:00,2026-07-02 09:40:00,1357.7,1366.7142857142856,22,-198.31,-230.12,-1.02,trailing_stop
TVSMOTOR,bollinger_meanrev,MIS,2026-07-02 09:15:00,2026-07-02 10:25:00,3567.7,3556.0,8,93.6,63.39,0.43,trailing_stop
VMM,bollinger_meanrev,MIS,2026-07-02 09:15:00,2026-07-02 10:20:00,120.36,118.63,249,430.77,399.26,1.8,target_mid_band
BPCL,bollinger_meanrev,MIS,2026-07-02 09:20:00,2026-07-02 09:25:00,308.55,309.84285714285716,97,-125.41,-157.23,-0.87,trailing_stop
DABUR,bollinger_meanrev,MIS,2026-07-02 09:20:00,2026-07-02 09:55:00,449.25,443.15,66,402.6,371.41,1.73,target_mid_band
HCLTECH,bollinger_meanrev,MIS,2026-07-02 09:20:00,2026-07-02 10:50:00,1074.6,1076.1857142857143,27,-42.81,-73.61,-0.15,trailing_stop
JUBLFOOD,bollinger_meanrev,MIS,2026-07-02 09:20:00,2026-07-02 10:25:00,428.8,426.1,69,186.3,155.04,0.94,target_mid_band
PERSISTENT,bollinger_meanrev,MIS,2026-07-02 09:20:00,2026-07-02 10:45:00,4490.8,4466.0,6,148.8,120.32,0.53,target_mid_band
PIIND,bollinger_meanrev,MIS,2026-07-02 09:20:00,2026-07-02 10:00:00,2612.6,2613.085714285714,11,-5.34,-35.82,-0.04,trailing_stop
SWIGGY,bollinger_meanrev,MIS,2026-07-02 09:20:00,2026-07-02 10:15:00,252.61,249.17,118,405.92,374.57,1.44,target_mid_band
TATAELXSI,bollinger_meanrev,MIS,2026-07-02 09:20:00,2026-07-02 10:35:00,3715.2,3671.6,8,348.8,317.5,1.13,target_mid_band
TCS,bollinger_meanrev,MIS,2026-07-02 09:20:00,2026-07-02 10:25:00,2044.2,2044.1142857142859,14,1.2,-29.15,0.0,trailing_stop
COALINDIA,bollinger_meanrev,MIS,2026-07-02 09:25:00,2026-07-02 10:20:00,436.55,435.3,68,85.0,53.57,0.69,target_mid_band
GODREJCP,bollinger_meanrev,MIS,2026-07-02 09:25:00,2026-07-02 10:20:00,1052.9,1046.8,28,170.8,139.65,1.08,target_mid_band
IOC,bollinger_meanrev,MIS,2026-07-02 09:25:00,2026-07-02 09:40:00,142.09,142.85571428571427,211,-161.57,-193.46,-0.92,trailing_stop
OFSS,bollinger_meanrev,MIS,2026-07-02 09:25:00,2026-07-02 09:55:00,11139.0,11262.285714285714,2,-246.57,-270.35,-1.13,trailing_stop
M&MFIN,bollinger_meanrev,MIS,2026-07-02 09:30:00,2026-07-02 09:40:00,311.6,311.9642857142857,96,-34.97,-66.72,-0.18,trailing_stop
MOTILALOFS,bollinger_meanrev,MIS,2026-07-02 09:35:00,2026-07-02 09:45:00,970.45,974.5999999999999,30,-124.5,-155.45,-0.62,trailing_stop
BAJAJFINSV,bollinger_meanrev,MIS,2026-07-02 09:40:00,2026-07-02 10:10:00,1823.5,1829.1571428571428,16,-90.51,-121.51,-0.58,trailing_stop
JSWSTEEL,bollinger_meanrev,MIS,2026-07-02 09:40:00,2026-07-02 10:10:00,1230.1,1234.1571428571428,24,-97.37,-128.74,-0.56,trailing_stop
AMBUJACEM,bollinger_meanrev,MIS,2026-07-02 09:45:00,2026-07-02 10:25:00,426.2,427.3642857142857,70,-81.5,-113.19,-0.41,trailing_stop
GRASIM,bollinger_meanrev,MIS,2026-07-02 09:45:00,2026-07-02 10:30:00,3163.1,3157.628571428571,9,49.24,19.09,0.37,trailing_stop
ICICIBANK,bollinger_meanrev,MIS,2026-07-02 09:45:00,2026-07-02 10:45:00,1395.4,1390.9571428571428,21,93.3,62.28,0.54,trailing_stop
UPL,bollinger_meanrev,MIS,2026-07-02 09:55:00,2026-07-02 10:45:00,580.35,583.3357142857143,51,-152.27,-183.76,-0.74,trailing_stop
IRCTC,bollinger_meanrev,MIS,2026-07-02 10:10:00,2026-07-02 10:40:00,506.5,504.8,59,100.3,68.67,0.84,target_mid_band
MARICO,bollinger_meanrev,MIS,2026-07-02 10:50:00,2026-07-02 11:35:00,857.7,852.75,34,168.3,137.48,1.25,target_mid_band
POWERGRID,bollinger_meanrev,MIS,2026-07-02 10:50:00,2026-07-02 11:55:00,288.8,287.6,103,123.6,92.13,1.03,target_mid_band
MUTHOOTFIN,bollinger_meanrev,MIS,2026-07-02 10:55:00,2026-07-02 11:20:00,2993.7,2967.6,10,261.0,229.42,1.42,target_mid_band
TATACONSUM,bollinger_meanrev,MIS,2026-07-02 11:15:00,2026-07-02 11:35:00,1102.8,1106.2714285714285,27,-93.73,-125.36,-0.72,trailing_stop
SUPREMEIND,bollinger_meanrev,MIS,2026-07-02 11:25:00,2026-07-02 12:40:00,3285.7,3280.6,9,45.9,14.57,0.3,trailing_stop
TMCV,bollinger_meanrev,MIS,2026-07-02 11:40:00,2026-07-02 11:50:00,443.05,445.0357142857143,67,-133.04,-164.61,-1.12,trailing_stop
DIXON,bollinger_meanrev,MIS,2026-07-02 11:55:00,2026-07-02 12:15:00,12367,12386.714285714286,2,-39.43,-65.68,-0.24,trailing_stop
UNITDSPR,bollinger_meanrev,MIS,2026-07-02 11:55:00,2026-07-02 12:50:00,1370.8,1369.7857142857142,21,21.3,-9.21,0.15,trailing_stop
APOLLOHOSP,bollinger_meanrev,MIS,2026-07-02 12:00:00,2026-07-02 12:10:00,8669.5,8681.357142857143,3,-35.57,-63.17,-0.66,trailing_stop
COCHINSHIP,bollinger_meanrev,MIS,2026-07-02 12:05:00,2026-07-02 13:10:00,1526.3,1521.4,19,93.1,62.41,0.5,trailing_stop
BRITANNIA,bollinger_meanrev,MIS,2026-07-02 12:10:00,2026-07-02 12:40:00,5343.5,5355.571428571428,5,-60.36,-88.73,-0.81,trailing_stop
HINDUNILVR,bollinger_meanrev,MIS,2026-07-02 12:15:00,2026-07-02 12:35:00,2196.6,2197.2428571428572,13,-8.36,-38.64,-0.09,trailing_stop
COLPAL,bollinger_meanrev,MIS,2026-07-02 12:20:00,2026-07-02 13:30:00,2060.0,2055.6,14,61.6,31.06,0.52,target_mid_band
RADICO,bollinger_meanrev,MIS,2026-07-02 12:20:00,2026-07-02 12:25:00,3963.8,3962.842857142857,7,6.7,-22.72,0.16,trailing_stop
ABCAPITAL,bollinger_meanrev,MIS,2026-07-02 12:25:00,2026-07-02 13:25:00,397.2,392.8,75,330.0,298.62,1.8,target_mid_band
DIVISLAB,bollinger_meanrev,MIS,2026-07-02 12:25:00,2026-07-02 12:55:00,6659.0,6681.928571428572,4,-91.71,-120.02,-0.91,trailing_stop
HYUNDAI,bollinger_meanrev,MIS,2026-07-02 12:25:00,2026-07-02 12:30:00,1928.2,1933.7142857142858,15,-82.71,-113.44,-1.1,trailing_stop
BANKINDIA,bollinger_meanrev,MIS,2026-07-02 12:30:00,2026-07-02 13:35:00,144.25,144.26,207,-2.07,-33.74,-0.01,trailing_stop
ASTRAL,bollinger_meanrev,MIS,2026-07-02 12:35:00,2026-07-02 12:40:00,1372.2,1371.4142857142858,21,16.5,-14.05,0.17,trailing_stop
HEROMOTOCO,bollinger_meanrev,MIS,2026-07-02 12:35:00,2026-07-02 12:55:00,4845.4,4851.799999999999,6,-38.4,-69.25,-0.46,trailing_stop
RECLTD,bollinger_meanrev,MIS,2026-07-02 12:35:00,2026-07-02 13:20:00,370.65,370.10714285714283,80,43.43,12.01,0.49,trailing_stop
SBILIFE,bollinger_meanrev,MIS,2026-07-02 12:35:00,2026-07-02 13:30:00,1780.1,1779.257142857143,16,13.49,-16.71,0.24,trailing_stop
ITC,bollinger_meanrev,MIS,2026-07-02 12:40:00,2026-07-02 14:10:00,290.6,289.95,103,66.95,35.25,0.96,target_mid_band
HUDCO,bollinger_meanrev,MIS,2026-07-02 12:50:00,2026-07-02 13:25:00,209.19,208.49,143,100.1,68.44,0.83,target_mid_band
ICICIGI,bollinger_meanrev,MIS,2026-07-02 13:05:00,2026-07-02 13:50:00,1764.3,1766.7714285714285,17,-42.01,-73.85,-0.49,trailing_stop
EICHERMOT,bollinger_meanrev,MIS,2026-07-02 13:10:00,2026-07-02 14:10:00,7252.5,7233.0,4,78.0,47.29,0.65,target_mid_band
BAJAJ-AUTO,bollinger_meanrev,MIS,2026-07-02 13:20:00,2026-07-02 14:25:00,9814.0,9795.0,3,57.0,25.81,0.63,target_mid_band
NYKAA,bollinger_meanrev,MIS,2026-07-02 13:35:00,2026-07-02 14:15:00,314.3,314.72857142857146,95,-40.71,-72.4,-0.32,trailing_stop
PHOENIXLTD,bollinger_meanrev,MIS,2026-07-02 13:55:00,2026-07-02 14:05:00,2007.6,2010.1714285714286,14,-36.0,-65.83,-0.69,trailing_stop
GODFRYPHLP,bollinger_meanrev,MIS,2026-07-02 14:00:00,2026-07-02 14:05:00,2192.1,2190.957142857143,13,14.86,-15.35,0.15,trailing_stop
TITAN,bollinger_meanrev,MIS,2026-07-02 14:10:00,2026-07-02 14:40:00,4479.4,4490.842857142858,6,-68.66,-97.2,-0.65,trailing_stop
NHPC,bollinger_meanrev,MIS,2026-07-02 14:35:00,2026-07-02 14:45:00,80.39,80.6557142857143,373,-99.11,-130.97,-0.87,trailing_stop
BAJFINANCE,bollinger_meanrev,MIS,2026-07-02 14:40:00,2026-07-02 15:15:00,1019.2,1019.5714285714286,29,-10.77,-42.12,-0.1,trailing_stop
BHARTIARTL,bollinger_meanrev,MIS,2026-07-02 14:40:00,2026-07-02 15:15:00,1878.5,1871.4,15,106.5,76.69,0.98,forced_close
LT,bollinger_meanrev,MIS,2026-07-02 14:50:00,2026-07-02 15:15:00,4063.4,4058.1,7,37.1,6.96,0.37,forced_close
M&M,bollinger_meanrev,MIS,2026-07-02 14:50:00,2026-07-02 15:10:00,3168.3,3176.614285714286,9,-74.83,-105.11,-0.68,trailing_stop
INDIGO,bollinger_meanrev,MIS,2026-07-02 14:55:00,2026-07-02 15:15:00,5444.0,5437.5,5,32.5,3.66,0.38,forced_close
TATACOMM,bollinger_meanrev,MIS,2026-07-02 14:55:00,2026-07-02 15:15:00,1944.0,1937.0,15,105.0,74.14,0.61,forced_close
SOLARINDS,bollinger_meanrev,MIS,2026-07-02 15:05:00,2026-07-02 15:15:00,18654,18661,1,-7,-26.79,-0.09,forced_close
SAIL,bollinger_meanrev,MIS,2026-07-02 15:10:00,2026-07-02 15:15:00,168.35,168.63,178,-49.84,-81.65,-0.39,forced_close
SRF,bollinger_meanrev,MIS,2026-07-02 15:20:00,2026-07-02 15:25:00,2803.2,2800.1,10,31.0,1.29,0.32,forced_close
TATASTEEL,bollinger_meanrev,MIS,2026-07-02 15:20:00,2026-07-02 15:25:00,187.26,187.79142857142855,160,-85.03,-116.86,-1.31,trailing_stop
360ONE,bollinger_meanrev,MIS,2026-07-03 09:15:00,2026-07-03 09:20:00,1085.5,1088.5,27,-81.0,-112.13,-0.47,trailing_stop
BAJAJ-AUTO,bollinger_meanrev,MIS,2026-07-03 09:15:00,2026-07-03 10:15:00,9905.5,9855.0,3,151.5,120.08,1.13,target_mid_band
BAJAJFINSV,bollinger_meanrev,MIS,2026-07-03 09:15:00,2026-07-03 09:20:00,1882.5,1895.242857142857,15,-191.14,-221.21,-1.2,trailing_stop
BDL,bollinger_meanrev,MIS,2026-07-03 09:15:00,2026-07-03 09:50:00,1413.9,1419.6571428571428,21,-120.9,-152.46,-0.67,trailing_stop
BEL,bollinger_meanrev,MIS,2026-07-03 09:15:00,2026-07-03 09:35:00,420.4,422.39285714285717,71,-141.49,-173.24,-1.07,trailing_stop
BLUESTARCO,bollinger_meanrev,MIS,2026-07-03 09:15:00,2026-07-03 10:00:00,1620.0,1601.8,18,327.6,296.89,1.95,target_mid_band
DIVISLAB,bollinger_meanrev,MIS,2026-07-03 09:15:00,2026-07-03 10:35:00,6778.5,6786.785714285715,4,-33.14,-61.92,-0.22,trailing_stop
DIXON,bollinger_meanrev,MIS,2026-07-03 09:15:00,2026-07-03 10:05:00,12478,12392,2,172,145.65,1.46,target_mid_band
HCLTECH,bollinger_meanrev,MIS,2026-07-03 09:15:00,2026-07-03 10:30:00,1122.9,1126.3285714285714,26,-89.14,-120.16,-0.3,trailing_stop
HEROMOTOCO,bollinger_meanrev,MIS,2026-07-03 09:15:00,2026-07-03 09:20:00,4903.0,4890.471428571429,6,75.17,44.02,0.84,trailing_stop
HINDALCO,bollinger_meanrev,MIS,2026-07-03 09:15:00,2026-07-03 09:20:00,976.25,977.7357142857143,30,-44.57,-75.66,-0.22,trailing_stop
HINDZINC,bollinger_meanrev,MIS,2026-07-03 09:15:00,2026-07-03 09:25:00,542.7,543.9928571428571,55,-71.11,-102.81,-0.39,trailing_stop
HYUNDAI,bollinger_meanrev,MIS,2026-07-03 09:15:00,2026-07-03 09:20:00,1968.3,1970.5,15,-33.0,-64.33,-0.31,trailing_stop
IRCTC,bollinger_meanrev,MIS,2026-07-03 09:15:00,2026-07-03 09:20:00,511.25,513.3714285714285,58,-123.04,-154.57,-0.91,trailing_stop
JINDALSTEL,bollinger_meanrev,MIS,2026-07-03 09:15:00,2026-07-03 09:20:00,1063.4,1067.357142857143,28,-110.8,-142.45,-0.64,trailing_stop
JSWSTEEL,bollinger_meanrev,MIS,2026-07-03 09:15:00,2026-07-03 09:40:00,1238.9,1244.9714285714285,24,-145.71,-177.34,-1.11,trailing_stop
LODHA,bollinger_meanrev,MIS,2026-07-03 09:15:00,2026-07-03 09:25:00,1026.75,1033.607142857143,29,-198.86,-230.56,-0.97,trailing_stop
LTF,bollinger_meanrev,MIS,2026-07-03 09:15:00,2026-07-03 09:20:00,321.3,322.3357142857143,93,-96.32,-128.07,-0.49,trailing_stop
MOTHERSON,bollinger_meanrev,MIS,2026-07-03 09:15:00,2026-07-03 09:20:00,148.78,148.5157142857143,201,53.12,21.44,0.48,trailing_stop
MPHASIS,bollinger_meanrev,MIS,2026-07-03 09:15:00,2026-07-03 09:30:00,2239.5,2259.557142857143,13,-260.74,-291.78,-0.99,trailing_stop
NATIONALUM,bollinger_meanrev,MIS,2026-07-03 09:15:00,2026-07-03 09:30:00,347.3,348.2,86,-77.4,-109.12,-0.29,trailing_stop
PERSISTENT,bollinger_meanrev,MIS,2026-07-03 09:15:00,2026-07-03 10:05:00,4686.2,4727.285714285714,6,-246.51,-276.49,-1.02,trailing_stop
PIIND,bollinger_meanrev,MIS,2026-07-03 09:15:00,2026-07-03 09:20:00,2640.8,2654.2428571428572,11,-147.87,-178.77,-1.19,trailing_stop
SAIL,bollinger_meanrev,MIS,2026-07-03 09:15:00,2026-07-03 09:35:00,172.1,172.81857142857143,174,-125.03,-156.87,-0.48,trailing_stop
SHREECEM,bollinger_meanrev,MIS,2026-07-03 09:15:00,2026-07-03 09:20:00,26435,26556.428571428572,1,-121.43,-149.54,-1.21,trailing_stop
SRF,bollinger_meanrev,MIS,2026-07-03 09:15:00,2026-07-03 09:20:00,2815.0,2824.4142857142856,10,-94.14,-124.05,-0.72,trailing_stop
SWIGGY,bollinger_meanrev,MIS,2026-07-03 09:15:00,2026-07-03 09:50:00,252.07,253.16285714285715,119,-130.05,-161.94,-0.79,trailing_stop
TATACOMM,bollinger_meanrev,MIS,2026-07-03 09:15:00,2026-07-03 09:55:00,1958.1,1942.0,15,241.5,210.51,1.04,target_mid_band
TATASTEEL,bollinger_meanrev,MIS,2026-07-03 09:15:00,2026-07-03 09:25:00,190.84,191.56,157,-113.04,-144.89,-0.75,trailing_stop
TCS,bollinger_meanrev,MIS,2026-07-03 09:15:00,2026-07-03 10:45:00,2103.0,2097.6714285714284,14,74.6,43.43,0.38,trailing_stop
TECHM,bollinger_meanrev,MIS,2026-07-03 09:15:00,2026-07-03 10:25:00,1414.4,1422.8999999999999,21,-178.5,-210.11,-0.77,trailing_stop
UPL,bollinger_meanrev,MIS,2026-07-03 09:15:00,2026-07-03 09:20:00,600.25,604.4071428571428,49,-203.7,-235.02,-1.13,trailing_stop
WIPRO,bollinger_meanrev,MIS,2026-07-03 09:15:00,2026-07-03 10:55:00,177.6,177.32,168,47.04,15.43,0.24,trailing_stop
AMBUJACEM,bollinger_meanrev,MIS,2026-07-03 09:20:00,2026-07-03 09:30:00,433.15,435.07142857142856,69,-132.58,-164.36,-0.83,trailing_stop
BAJAJHLDNG,bollinger_meanrev,MIS,2026-07-03 09:20:00,2026-07-03 09:45:00,10973,11004.285714285714,2,-62.57,-85.88,-0.47,trailing_stop
BAJFINANCE,bollinger_meanrev,MIS,2026-07-03 09:20:00,2026-07-03 10:30:00,1027.9,1032.857142857143,29,-143.76,-175.46,-0.61,trailing_stop
EICHERMOT,bollinger_meanrev,MIS,2026-07-03 09:20:00,2026-07-03 10:20:00,7315.0,7332.285714285715,4,-69.14,-100.22,-0.46,trailing_stop
GODREJCP,bollinger_meanrev,MIS,2026-07-03 09:20:00,2026-07-03 09:30:00,1086.8,1093.4142857142856,27,-178.59,-209.82,-0.85,trailing_stop
HAL,bollinger_meanrev,MIS,2026-07-03 09:20:00,2026-07-03 09:40:00,4472.5,4495.0142857142855,6,-135.09,-163.63,-0.89,trailing_stop
ICICIBANK,bollinger_meanrev,MIS,2026-07-03 09:20:00,2026-07-03 10:35:00,1413.8,1412.7857142857142,21,21.3,-10.17,0.14,trailing_stop
JIOFIN,bollinger_meanrev,MIS,2026-07-03 09:20:00,2026-07-03 10:05:00,241.18,241.6242857142857,124,-55.09,-86.84,-0.61,trailing_stop
JUBLFOOD,bollinger_meanrev,MIS,2026-07-03 09:20:00,2026-07-03 10:00:00,437.3,433.4,68,265.2,233.84,1.86,target_mid_band
KPITTECH,bollinger_meanrev,MIS,2026-07-03 09:20:00,2026-07-03 09:45:00,562.9,558.7,53,222.6,191.11,0.96,target_mid_band
LICHSGFIN,bollinger_meanrev,MIS,2026-07-03 09:20:00,2026-07-03 09:50:00,559.4,561.8857142857142,53,-131.74,-163.27,-0.97,trailing_stop
MOTILALOFS,bollinger_meanrev,MIS,2026-07-03 09:20:00,2026-07-03 09:30:00,962.4,967.3357142857143,31,-153.01,-184.74,-0.91,trailing_stop
NAUKRI,bollinger_meanrev,MIS,2026-07-03 09:20:00,2026-07-03 10:10:00,1043.45,1050.5071428571428,28,-197.6,-228.71,-0.93,trailing_stop
ONGC,bollinger_meanrev,MIS,2026-07-03 09:20:00,2026-07-03 10:15:00,237.29,237.57999999999998,126,-36.54,-68.27,-0.36,trailing_stop
ULTRACEMCO,bollinger_meanrev,MIS,2026-07-03 09:20:00,2026-07-03 09:30:00,11436,11470.285714285714,2,-68.57,-92.87,-0.72,trailing_stop
VMM,bollinger_meanrev,MIS,2026-07-03 09:20:00,2026-07-03 10:05:00,123.39,123.39,243,-0.0,-31.8,-0.0,trailing_stop
ZYDUSLIFE,bollinger_meanrev,MIS,2026-07-03 09:20:00,2026-07-03 09:35:00,1108.7,1111.3,27,-70.2,-101.99,-0.57,trailing_stop
ABCAPITAL,bollinger_meanrev,MIS,2026-07-03 09:25:00,2026-07-03 09:35:00,396.95,398.9571428571429,75,-150.54,-182.2,-0.89,trailing_stop
AUBANK,bollinger_meanrev,MIS,2026-07-03 09:25:00,2026-07-03 10:15:00,1067.4,1063.6285714285714,28,105.6,73.97,0.78,trailing_stop
ICICIGI,bollinger_meanrev,MIS,2026-07-03 09:25:00,2026-07-03 10:20:00,1781.6,1767.4,16,227.2,197.12,1.67,target_mid_band
INDHOTEL,bollinger_meanrev,MIS,2026-07-03 09:25:00,2026-07-03 09:35:00,724.75,728.8785714285714,41,-169.27,-200.89,-1.11,trailing_stop
AUROPHARMA,bollinger_meanrev,MIS,2026-07-03 09:30:00,2026-07-03 09:40:00,1588.7,1600.8857142857144,18,-219.34,-249.81,-1.12,trailing_stop
GRASIM,bollinger_meanrev,MIS,2026-07-03 09:30:00,2026-07-03 10:40:00,3209.7,3194.6,9,135.9,105.35,0.88,target_mid_band
LENSKART,bollinger_meanrev,MIS,2026-07-03 09:30:00,2026-07-03 09:50:00,542.2,546.8142857142857,55,-253.79,-285.57,-1.04,trailing_stop
LUPIN,bollinger_meanrev,MIS,2026-07-03 09:35:00,2026-07-03 09:45:00,2434.5,2450.9142857142856,12,-196.97,-228.08,-1.11,trailing_stop
SUNPHARMA,bollinger_meanrev,MIS,2026-07-03 09:35:00,2026-07-03 09:55:00,1898.3,1908.9857142857143,15,-160.29,-190.58,-1.17,trailing_stop
TORNTPHARM,bollinger_meanrev,MIS,2026-07-03 09:35:00,2026-07-03 10:30:00,4737.2,4749.299999999999,6,-72.6,-102.79,-0.37,trailing_stop
BIOCON,bollinger_meanrev,MIS,2026-07-03 09:40:00,2026-07-03 10:40:00,424.55,426.25,70,-119.0,-150.59,-0.64,trailing_stop
INDUSINDBK,bollinger_meanrev,MIS,2026-07-03 09:45:00,2026-07-03 10:25:00,956.0,952.3785714285714,31,112.26,80.91,0.59,trailing_stop
M&MFIN,bollinger_meanrev,MIS,2026-07-03 09:45:00,2026-07-03 10:50:00,323.1,325.1,92,-184.0,-215.64,-0.39,trailing_stop
HUDCO,bollinger_meanrev,MIS,2026-07-03 10:00:00,2026-07-03 11:20:00,215.06,213.74571428571429,139,182.69,151.1,0.45,trailing_stop
NHPC,bollinger_meanrev,MIS,2026-07-03 10:00:00,2026-07-03 10:25:00,81.63,81.80857142857143,367,-65.54,-97.35,-0.36,trailing_stop
TATAPOWER,bollinger_meanrev,MIS,2026-07-03 10:00:00,2026-07-03 10:40:00,380.45,378.65,78,140.4,109.02,1.07,target_mid_band
TRENT,bollinger_meanrev,MIS,2026-07-03 10:10:00,2026-07-03 10:15:00,3375.0,3399.3142857142857,8,-194.51,-223.27,-0.89,trailing_stop
DLF,bollinger_meanrev,MIS,2026-07-03 10:20:00,2026-07-03 11:40:00,666.55,668.3071428571429,45,-79.07,-110.93,-0.33,trailing_stop
OIL,bollinger_meanrev,MIS,2026-07-03 10:20:00,2026-07-03 10:40:00,425.0,426.48571428571427,70,-104.0,-135.62,-0.51,trailing_stop
COALINDIA,bollinger_meanrev,MIS,2026-07-03 10:30:00,2026-07-03 10:55:00,442.9,444.9142857142857,67,-134.96,-166.51,-1.04,trailing_stop
COROMANDEL,bollinger_meanrev,MIS,2026-07-03 10:55:00,2026-07-03 12:00:00,2028.8,2033.4857142857143,14,-65.6,-95.76,-0.37,trailing_stop
GODFRYPHLP,bollinger_meanrev,MIS,2026-07-03 10:55:00,2026-07-03 11:00:00,2177.7,2183.5285714285715,13,-75.77,-105.84,-0.61,trailing_stop
UNITDSPR,bollinger_meanrev,MIS,2026-07-03 10:55:00,2026-07-03 12:05:00,1386.8,1390.7285714285715,21,-82.5,-113.44,-0.64,trailing_stop
ALKEM,bollinger_meanrev,MIS,2026-07-03 11:20:00,2026-07-03 11:45:00,5617.0,5585.0,5,160.0,130.32,1.07,target_mid_band
MANKIND,bollinger_meanrev,MIS,2026-07-03 11:20:00,2026-07-03 11:50:00,2525.6,2520.385714285714,11,57.36,27.93,0.5,trailing_stop
ADANIENSOL,bollinger_meanrev,MIS,2026-07-03 11:25:00,2026-07-03 11:50:00,1559.0,1565.3428571428572,19,-120.51,-152.0,-0.45,trailing_stop
POWERGRID,bollinger_meanrev,MIS,2026-07-03 11:50:00,2026-07-03 12:35:00,290.8,290.7142857142857,103,8.83,-22.93,0.12,trailing_stop
MAXHEALTH,bollinger_meanrev,MIS,2026-07-03 12:10:00,2026-07-03 13:25:00,1158.4,1155.8,25,65.0,34.33,0.43,target_mid_band
ABB,bollinger_meanrev,MIS,2026-07-03 12:35:00,2026-07-03 13:25:00,6903.5,6907.142857142857,4,-14.57,-43.86,-0.11,trailing_stop
ADANIENT,bollinger_meanrev,MIS,2026-07-03 12:45:00,2026-07-03 13:35:00,3215.0,3185.5,9,265.5,234.99,1.26,target_mid_band
DRREDDY,bollinger_meanrev,MIS,2026-07-03 12:55:00,2026-07-03 13:15:00,1387.2,1378.5,21,182.7,151.92,1.43,target_mid_band
OBEROIRLTY,bollinger_meanrev,MIS,2026-07-03 13:40:00,2026-07-03 14:05:00,1923.7,1931.5428571428572,15,-117.64,-148.32,-0.95,trailing_stop
CONCOR,bollinger_meanrev,MIS,2026-07-03 14:05:00,2026-07-03 15:15:00,489.6,487.2,61,146.4,114.82,0.94,target_mid_band
IDFCFIRSTB,bollinger_meanrev,MIS,2026-07-03 14:30:00,2026-07-03 14:35:00,80.9,81.19999999999999,370,-111.0,-142.81,-0.57,trailing_stop
TATACONSUM,bollinger_meanrev,MIS,2026-07-03 14:30:00,2026-07-03 15:05:00,1115.8,1119.8285714285714,26,-104.74,-135.57,-0.93,trailing_stop
ASTRAL,bollinger_meanrev,MIS,2026-07-03 14:35:00,2026-07-03 14:40:00,1370.0,1374.2571428571428,21,-89.4,-119.97,-1.13,trailing_stop
INDIANB,bollinger_meanrev,MIS,2026-07-03 14:45:00,2026-07-03 14:55:00,797.55,799.8714285714286,37,-85.89,-117.24,-0.79,trailing_stop
INDIGO,bollinger_meanrev,MIS,2026-07-03 14:50:00,2026-07-03 15:15:00,5430.0,5419.0,5,55.0,26.24,0.73,forced_close
OFSS,bollinger_meanrev,MIS,2026-07-03 14:50:00,2026-07-03 15:15:00,11275.0,11240.0,2,70.0,46.13,0.78,forced_close
PAYTM,bollinger_meanrev,MIS,2026-07-03 15:00:00,2026-07-03 15:10:00,1228.2,1227.242857142857,24,22.97,-8.27,0.14,trailing_stop
WAAREEENER,bollinger_meanrev,MIS,2026-07-03 15:00:00,2026-07-03 15:15:00,2869.9,2853.8,10,161.0,130.67,1.56,forced_close
ADANIPOWER,bollinger_meanrev,MIS,2026-07-03 15:05:00,2026-07-03 15:15:00,222.36,221.43,134,124.62,93.1,0.92,forced_close
APOLLOHOSP,bollinger_meanrev,MIS,2026-07-03 15:05:00,2026-07-03 15:15:00,8912.0,8904.0,3,24.0,-4.34,0.28,forced_close
ADANIGREEN,bollinger_meanrev,MIS,2026-07-06 09:15:00,2026-07-06 10:15:00,1570.0,1572.142857142857,19,-40.71,-72.37,-0.16,trailing_stop
APLAPOLLO,bollinger_meanrev,MIS,2026-07-06 09:15:00,2026-07-06 09:20:00,1832.5,1827.9857142857145,16,72.23,41.18,0.32,trailing_stop
BAJAJ-AUTO,bollinger_meanrev,MIS,2026-07-06 09:15:00,2026-07-06 09:50:00,9889.5,9918.285714285714,3,-86.36,-117.87,-0.74,trailing_stop
BEL,bollinger_meanrev,MIS,2026-07-06 09:15:00,2026-07-06 09:20:00,425.7,428.2285714285714,70,-177.0,-208.71,-1.11,trailing_stop
CHOLAFIN,bollinger_meanrev,MIS,2026-07-06 09:15:00,2026-07-06 09:45:00,1817.0,1824.0,16,-112.0,-142.9,-0.66,trailing_stop
GLENMARK,bollinger_meanrev,MIS,2026-07-06 09:15:00,2026-07-06 09:25:00,2226.6,2238.8,13,-158.6,-189.4,-1.15,trailing_stop
GODREJCP,bollinger_meanrev,MIS,2026-07-06 09:15:00,2026-07-06 09:20:00,1103.5,1103.1714285714286,27,8.87,-22.72,0.03,trailing_stop
HDFCBANK,bollinger_meanrev,MIS,2026-07-06 09:15:00,2026-07-06 09:35:00,815.85,818.5785714285714,36,-98.23,-129.44,-0.74,trailing_stop
ICICIBANK,bollinger_meanrev,MIS,2026-07-06 09:15:00,2026-07-06 09:25:00,1427.6,1428.4714285714285,21,-18.3,-50.1,-0.17,trailing_stop
LUPIN,bollinger_meanrev,MIS,2026-07-06 09:15:00,2026-07-06 09:25:00,2483.9,2494.7714285714287,12,-130.46,-162.15,-0.9,trailing_stop
AUBANK,bollinger_meanrev,MIS,2026-07-06 09:20:00,2026-07-06 09:30:00,1070.9,1074.8428571428572,28,-110.4,-142.27,-0.5,trailing_stop
INDUSTOWER,bollinger_meanrev,MIS,2026-07-06 09:20:00,2026-07-06 10:15:00,393.2,388.0,76,395.2,363.76,1.57,target_mid_band
RADICO,bollinger_meanrev,MIS,2026-07-06 09:20:00,2026-07-06 09:30:00,3957.7,3973.0142857142855,7,-107.2,-136.65,-0.68,trailing_stop
ALKEM,bollinger_meanrev,MIS,2026-07-06 09:25:00,2026-07-06 09:40:00,5621.0,5576.0,5,225.0,195.34,1.57,target_mid_band
ZYDUSLIFE,bollinger_meanrev,MIS,2026-07-06 09:25:00,2026-07-06 09:30:00,1147.0,1146.6571428571428,26,8.91,-22.7,0.05,trailing_stop
GVT&D,bollinger_meanrev,MIS,2026-07-06 09:30:00,2026-07-06 09:50:00,4523.3,4575.1,6,-310.8,-339.78,-0.86,trailing_stop
INDHOTEL,bollinger_meanrev,MIS,2026-07-06 09:30:00,2026-07-06 09:50:00,740.3,745.1999999999999,40,-196.0,-227.53,-0.97,trailing_stop
SIEMENS,bollinger_meanrev,MIS,2026-07-06 09:30:00,2026-07-06 09:35:00,3569.0,3552.0428571428574,8,135.66,105.47,0.92,trailing_stop
CGPOWER,bollinger_meanrev,MIS,2026-07-06 09:35:00,2026-07-06 09:50:00,913.0,918.6999999999999,32,-182.4,-213.5,-0.56,trailing_stop
HINDALCO,bollinger_meanrev,MIS,2026-07-06 09:35:00,2026-07-06 10:25:00,967.95,972.4642857142857,30,-135.43,-166.31,-0.78,trailing_stop
OBEROIRLTY,bollinger_meanrev,MIS,2026-07-06 09:35:00,2026-07-06 11:00:00,1973.3,1981.8571428571427,15,-128.36,-159.83,-0.43,trailing_stop
ONGC,bollinger_meanrev,MIS,2026-07-06 09:45:00,2026-07-06 10:50:00,241.1,240.97,124,16.12,-15.57,0.08,trailing_stop
DIXON,bollinger_meanrev,MIS,2026-07-06 09:50:00,2026-07-06 10:30:00,12675,12742.714285714286,2,-135.43,-162.4,-0.62,trailing_stop
ENRIN,bollinger_meanrev,MIS,2026-07-06 09:50:00,2026-07-06 10:25:00,3386.0,3433.7000000000003,8,-381.6,-410.57,-0.85,trailing_stop
SRF,bollinger_meanrev,MIS,2026-07-06 09:50:00,2026-07-06 10:50:00,2846.7,2833.0,10,137.0,106.9,0.63,target_mid_band
CUMMINSIND,bollinger_meanrev,MIS,2026-07-06 10:00:00,2026-07-06 11:15:00,5572.5,5542.0,5,152.5,123.05,0.75,target_mid_band
PHOENIXLTD,bollinger_meanrev,MIS,2026-07-06 10:05:00,2026-07-06 10:55:00,2084.6,2083.7999999999997,14,11.2,-19.74,0.03,trailing_stop
JSWSTEEL,bollinger_meanrev,MIS,2026-07-06 10:15:00,2026-07-06 11:20:00,1239.5,1241.8285714285714,24,-55.89,-87.47,-0.4,trailing_stop
TVSMOTOR,bollinger_meanrev,MIS,2026-07-06 10:15:00,2026-07-06 10:35:00,3695.5,3711.5857142857144,8,-128.69,-160.12,-0.63,trailing_stop
UNITDSPR,bollinger_meanrev,MIS,2026-07-06 10:20:00,2026-07-06 10:50:00,1419.9,1428.4571428571428,21,-179.7,-211.44,-0.88,trailing_stop
EICHERMOT,bollinger_meanrev,MIS,2026-07-06 10:30:00,2026-07-06 11:00:00,7433.5,7466.0,4,-130.0,-161.61,-0.74,trailing_stop
HEROMOTOCO,bollinger_meanrev,MIS,2026-07-06 10:40:00,2026-07-06 11:00:00,4896.7,4913.371428571428,6,-100.03,-131.25,-0.73,trailing_stop
IOC,bollinger_meanrev,MIS,2026-07-06 10:50:00,2026-07-06 11:35:00,143.48,143.2357142857143,209,51.06,19.29,0.36,trailing_stop
RELIANCE,bollinger_meanrev,MIS,2026-07-06 10:50:00,2026-07-06 10:55:00,1319.3,1324.2,22,-107.8,-138.65,-1.01,trailing_stop
ASHOKLEY,bollinger_meanrev,MIS,2026-07-06 11:00:00,2026-07-06 11:05:00,166.65,167.32857142857142,180,-122.14,-154.03,-0.8,trailing_stop
M&M,bollinger_meanrev,MIS,2026-07-06 11:05:00,2026-07-06 11:35:00,3196.0,3206.7285714285713,9,-96.56,-127.12,-0.69,trailing_stop
MUTHOOTFIN,bollinger_meanrev,MIS,2026-07-06 11:15:00,2026-07-06 11:20:00,3135.0,3137.9,9,-26.1,-56.04,-0.18,trailing_stop
ADANIENSOL,bollinger_meanrev,MIS,2026-07-06 11:20:00,2026-07-06 11:25:00,1620.9,1633.8857142857141,18,-233.74,-264.83,-1.02,trailing_stop
DMART,bollinger_meanrev,MIS,2026-07-06 11:25:00,2026-07-06 12:00:00,4058.5,4068.057142857143,7,-66.9,-97.07,-0.63,trailing_stop
JUBLFOOD,bollinger_meanrev,MIS,2026-07-06 11:35:00,2026-07-06 12:00:00,445.25,448.3428571428571,67,-207.22,-238.99,-0.64,trailing_stop
NHPC,bollinger_meanrev,MIS,2026-07-06 11:50:00,2026-07-06 12:40:00,80.75,80.13,371,230.02,198.4,1.36,target_mid_band
NTPC,bollinger_meanrev,MIS,2026-07-06 11:55:00,2026-07-06 12:10:00,358.35,357.74285714285713,83,50.39,18.88,0.71,trailing_stop
ABCAPITAL,bollinger_meanrev,MIS,2026-07-06 12:05:00,2026-07-06 12:10:00,408.5,410.15714285714284,73,-120.97,-152.67,-1.11,trailing_stop
RECLTD,bollinger_meanrev,MIS,2026-07-06 12:10:00,2026-07-06 12:25:00,365.15,365.59285714285716,82,-36.31,-68.09,-0.41,trailing_stop
PIDILITIND,bollinger_meanrev,MIS,2026-07-06 12:20:00,2026-07-06 12:30:00,1614.4,1616.3,18,-34.2,-65.04,-0.49,trailing_stop
IDFCFIRSTB,bollinger_meanrev,MIS,2026-07-06 12:25:00,2026-07-06 13:35:00,81.65,81.39142857142856,367,94.9,63.18,0.74,trailing_stop
POWERGRID,bollinger_meanrev,MIS,2026-07-06 12:35:00,2026-07-06 13:35:00,287.05,287.29285714285714,104,-25.26,-56.93,-0.35,trailing_stop
ADANIPOWER,bollinger_meanrev,MIS,2026-07-06 13:20:00,2026-07-06 14:30:00,224.5,223.1,133,186.2,154.66,0.73,target_mid_band
MPHASIS,bollinger_meanrev,MIS,2026-07-06 13:30:00,2026-07-06 14:00:00,2241.4,2233.0,13,109.2,78.37,1.32,target_mid_band
POLICYBZR,bollinger_meanrev,MIS,2026-07-06 13:40:00,2026-07-06 14:25:00,1585.2,1589.8142857142857,18,-83.06,-113.37,-0.52,trailing_stop
ABB,bollinger_meanrev,MIS,2026-07-06 14:25:00,2026-07-06 15:15:00,7056.5,7081.5,4,-100.0,-130.0,-0.72,forced_close
KEI,bollinger_meanrev,MIS,2026-07-06 14:30:00,2026-07-06 15:15:00,5257.5,5252.714285714285,5,23.93,-3.93,0.19,trailing_stop
PAYTM,bollinger_meanrev,MIS,2026-07-06 14:35:00,2026-07-06 14:55:00,1211.7,1214.3714285714286,24,-64.11,-94.99,-0.57,trailing_stop
CIPLA,bollinger_meanrev,MIS,2026-07-06 14:40:00,2026-07-06 15:05:00,1468.0,1470.0857142857144,20,-41.71,-72.88,-0.59,trailing_stop
KPITTECH,bollinger_meanrev,MIS,2026-07-06 14:50:00,2026-07-06 15:15:00,561.25,557.6,53,193.45,162.03,1.36,forced_close
PIIND,bollinger_meanrev,MIS,2026-07-06 14:50:00,2026-07-06 15:00:00,2670.9,2677.0142857142855,11,-67.26,-98.46,-0.87,trailing_stop
PATANJALI,bollinger_meanrev,MIS,2026-07-06 14:55:00,2026-07-06 15:00:00,417.35,416.42857142857144,71,65.42,34.04,0.98,trailing_stop
APOLLOHOSP,bollinger_meanrev,MIS,2026-07-06 15:00:00,2026-07-06 15:15:00,8899.0,8891.5,3,22.5,-5.8,0.32,forced_close
NESTLEIND,bollinger_meanrev,MIS,2026-07-06 15:00:00,2026-07-06 15:10:00,1471.5,1474.5428571428572,20,-60.86,-92.11,-1.08,trailing_stop
VEDL,bollinger_meanrev,MIS,2026-07-06 15:00:00,2026-07-06 15:15:00,282.2,282.0,106,21.2,-10.51,0.35,forced_close
DIVISLAB,bollinger_meanrev,MIS,2026-07-06 15:05:00,2026-07-06 15:10:00,6845.5,6859.642857142857,4,-56.57,-85.64,-0.96,trailing_stop
INFY,bollinger_meanrev,MIS,2026-07-06 15:10:00,2026-07-06 15:15:00,1042.6,1043.857142857143,28,-35.2,-66.18,-0.37,trailing_stop
LGEINDIA,bollinger_meanrev,MIS,2026-07-06 15:15:00,2026-07-06 15:20:00,1560.0,1565.8,19,-110.2,-141.7,-0.69,forced_close
MARUTI,bollinger_meanrev,MIS,2026-07-06 15:15:00,2026-07-06 15:20:00,14457,14470,2,-26,-56.68,-0.47,forced_close
BAJAJFINSV,bollinger_meanrev,MIS,2026-07-06 15:20:00,2026-07-06 15:25:00,1878.8,1877.357142857143,15,21.64,-8.23,0.25,trailing_stop
COLPAL,bollinger_meanrev,MIS,2026-07-06 15:20:00,2026-07-06 15:25:00,2082.9,2082.9,14,-0.0,-30.92,-0.0,forced_close
MOTILALOFS,bollinger_meanrev,MIS,2026-07-06 15:20:00,2026-07-06 15:25:00,954.15,955.45,31,-40.3,-71.69,-0.43,forced_close
SWIGGY,bollinger_meanrev,MIS,2026-07-06 15:25:00,2026-07-06 15:25:00,250.0,250.0,120,-0.0,-31.81,-0.0,eod_data_end
360ONE,bollinger_meanrev,MIS,2026-07-07 09:15:00,2026-07-07 09:30:00,1140.2,1137.557142857143,26,68.71,37.32,0.54,trailing_stop
ALKEM,bollinger_meanrev,MIS,2026-07-07 09:15:00,2026-07-07 10:40:00,5708.5,5702.642857142857,5,29.29,-0.96,0.17,trailing_stop
BAJAJ-AUTO,bollinger_meanrev,MIS,2026-07-07 09:15:00,2026-07-07 09:25:00,10106.0,10133.0,2,-54.0,-75.47,-0.71,trailing_stop
CHOLAFIN,bollinger_meanrev,MIS,2026-07-07 09:15:00,2026-07-07 10:05:00,1869.4,1858.9,16,168.0,136.39,0.84,target_mid_band
DIVISLAB,bollinger_meanrev,MIS,2026-07-07 09:15:00,2026-07-07 09:30:00,6895.5,6926.214285714285,4,-122.86,-152.19,-1.03,trailing_stop
EICHERMOT,bollinger_meanrev,MIS,2026-07-07 09:15:00,2026-07-07 09:30:00,7571.5,7573.0,3,-4.5,-28.59,-0.04,trailing_stop
GMRAIRPORT,bollinger_meanrev,MIS,2026-07-07 09:15:00,2026-07-07 09:50:00,114.11,114.30285714285714,262,-50.53,-82.27,-0.47,trailing_stop
HCLTECH,bollinger_meanrev,MIS,2026-07-07 09:15:00,2026-07-07 09:20:00,1150.0,1155.0714285714284,26,-131.86,-163.65,-0.74,trailing_stop
HEROMOTOCO,bollinger_meanrev,MIS,2026-07-07 09:15:00,2026-07-07 10:05:00,4980.0,4974.085714285714,6,35.49,3.82,0.29,trailing_stop
INFY,bollinger_meanrev,MIS,2026-07-07 09:15:00,2026-07-07 09:35:00,1060.5,1065.9285714285716,28,-152.0,-183.59,-0.83,trailing_stop
LTM,bollinger_meanrev,MIS,2026-07-07 09:15:00,2026-07-07 09:20:00,3811.5,3828.371428571429,7,-118.1,-146.47,-0.72,trailing_stop
MARUTI,bollinger_meanrev,MIS,2026-07-07 09:15:00,2026-07-07 09:25:00,14495,14500.857142857143,2,-11.71,-42.46,-0.15,trailing_stop
MPHASIS,bollinger_meanrev,MIS,2026-07-07 09:15:00,2026-07-07 09:20:00,2275.2,2277.7857142857147,13,-33.61,-65.0,-0.22,trailing_stop
PERSISTENT,bollinger_meanrev,MIS,2026-07-07 09:15:00,2026-07-07 09:20:00,4792.1,4800.685714285714,6,-51.51,-82.04,-0.33,trailing_stop
SBILIFE,bollinger_meanrev,MIS,2026-07-07 09:15:00,2026-07-07 09:20:00,1806.9,1817.7142857142858,16,-173.03,-203.8,-1.17,trailing_stop
SHRIRAMFIN,bollinger_meanrev,MIS,2026-07-07 09:15:00,2026-07-07 10:40:00,1083.0,1076.9857142857145,27,162.39,131.48,0.91,trailing_stop
SUPREMEIND,bollinger_meanrev,MIS,2026-07-07 09:15:00,2026-07-07 09:20:00,3246.1,3259.1,9,-117.0,-148.06,-1.0,trailing_stop
SWIGGY,bollinger_meanrev,MIS,2026-07-07 09:15:00,2026-07-07 09:20:00,251.51,253.17857142857142,119,-198.56,-230.43,-1.04,trailing_stop
TATACAP,bollinger_meanrev,MIS,2026-07-07 09:15:00,2026-07-07 10:20:00,354.35,351.2,84,264.6,233.2,1.27,target_mid_band
UPL,bollinger_meanrev,MIS,2026-07-07 09:15:00,2026-07-07 09:20:00,612.6,614.0142857142857,48,-67.89,-99.11,-0.59,trailing_stop
APLAPOLLO,bollinger_meanrev,MIS,2026-07-07 09:20:00,2026-07-07 10:15:00,1826.1,1814.0,16,193.6,162.74,1.18,target_mid_band
COFORGE,bollinger_meanrev,MIS,2026-07-07 09:20:00,2026-07-07 09:40:00,1504.0,1506.457142857143,19,-46.69,-77.02,-0.26,trailing_stop
ETERNAL,bollinger_meanrev,MIS,2026-07-07 09:20:00,2026-07-07 09:30:00,286.2,287.40714285714284,104,-125.54,-157.19,-0.71,trailing_stop
INDUSINDBK,bollinger_meanrev,MIS,2026-07-07 09:20:00,2026-07-07 10:15:00,1017.1,1020.7214285714286,29,-105.02,-136.37,-0.48,trailing_stop
NAUKRI,bollinger_meanrev,MIS,2026-07-07 09:20:00,2026-07-07 09:30:00,1041.6,1045.807142857143,28,-117.8,-148.8,-0.75,trailing_stop
TATAINVEST,bollinger_meanrev,MIS,2026-07-07 09:20:00,2026-07-07 09:25:00,672.15,676.8357142857143,44,-206.17,-237.67,-1.21,trailing_stop
TITAN,bollinger_meanrev,MIS,2026-07-07 09:20:00,2026-07-07 09:25:00,4555.8,4585.228571428572,6,-176.57,-205.67,-1.2,trailing_stop
DIXON,bollinger_meanrev,MIS,2026-07-07 09:25:00,2026-07-07 09:40:00,13418,13341.57142857143,2,152.86,124.5,0.79,trailing_stop
JIOFIN,bollinger_meanrev,MIS,2026-07-07 09:25:00,2026-07-07 10:20:00,244.0,244.57,122,-69.54,-101.15,-0.34,trailing_stop
JUBLFOOD,bollinger_meanrev,MIS,2026-07-07 09:25:00,2026-07-07 10:45:00,452.2,450.15,66,135.3,103.74,0.34,target_mid_band
TCS,bollinger_meanrev,MIS,2026-07-07 09:35:00,2026-07-07 09:45:00,2077.5,2089.3142857142857,14,-165.4,-196.35,-0.93,trailing_stop
TECHM,bollinger_meanrev,MIS,2026-07-07 09:35:00,2026-07-07 10:00:00,1421.0,1430.8,21,-205.8,-237.58,-0.92,trailing_stop
ZYDUSLIFE,bollinger_meanrev,MIS,2026-07-07 09:50:00,2026-07-07 10:45:00,1166.2,1163.6285714285714,25,64.29,33.41,0.31,trailing_stop
COCHINSHIP,bollinger_meanrev,MIS,2026-07-07 11:05:00,2026-07-07 11:20:00,1455.0,1463.1571428571428,20,-163.14,-194.11,-0.97,trailing_stop
JSWSTEEL,bollinger_meanrev,MIS,2026-07-07 11:15:00,2026-07-07 12:00:00,1245.1,1241.3,24,91.2,59.57,0.66,target_mid_band
INDHOTEL,bollinger_meanrev,MIS,2026-07-07 11:25:00,2026-07-07 12:10:00,744.55,746.7142857142858,40,-86.57,-118.21,-0.86,trailing_stop
BANKINDIA,bollinger_meanrev,MIS,2026-07-07 11:30:00,2026-07-07 12:10:00,142.67,141.93,210,155.4,123.73,1.22,target_mid_band
COROMANDEL,bollinger_meanrev,MIS,2026-07-07 12:00:00,2026-07-07 12:05:00,2064.4,2070.057142857143,14,-79.2,-109.9,-1.28,trailing_stop
NYKAA,bollinger_meanrev,MIS,2026-07-07 12:00:00,2026-07-07 12:45:00,316.45,316.7214285714286,94,-25.51,-57.08,-0.3,trailing_stop
UNITDSPR,bollinger_meanrev,MIS,2026-07-07 12:45:00,2026-07-07 13:10:00,1437.4,1435.2,20,44.0,13.54,0.44,trailing_stop
BPCL,bollinger_meanrev,MIS,2026-07-07 12:50:00,2026-07-07 12:55:00,310.05,311.0285714285714,96,-93.94,-125.57,-1.14,trailing_stop
MARICO,bollinger_meanrev,MIS,2026-07-07 12:50:00,2026-07-07 13:15:00,846.35,843.1,35,113.75,82.41,0.96,target_mid_band
MOTHERSON,bollinger_meanrev,MIS,2026-07-07 12:50:00,2026-07-07 13:45:00,144.01,143.76,208,52.0,20.27,0.37,target_mid_band
COALINDIA,bollinger_meanrev,MIS,2026-07-07 13:05:00,2026-07-07 13:25:00,428.3,429.2,70,-63.0,-94.83,-0.69,trailing_stop
INDIANB,bollinger_meanrev,MIS,2026-07-07 13:25:00,2026-07-07 14:15:00,790.65,789.9357142857143,37,26.43,-4.58,0.14,trailing_stop
HYUNDAI,bollinger_meanrev,MIS,2026-07-07 13:40:00,2026-07-07 14:15:00,1992.0,1992.542857142857,15,-8.14,-39.83,-0.07,trailing_stop
SOLARINDS,bollinger_meanrev,MIS,2026-07-07 13:45:00,2026-07-07 14:35:00,18200,18234.14285714286,1,-34.14,-53.46,-0.35,trailing_stop
VOLTAS,bollinger_meanrev,MIS,2026-07-07 13:50:00,2026-07-07 13:55:00,1287.0,1293.5,23,-149.5,-180.99,-1.23,trailing_stop
BLUESTARCO,bollinger_meanrev,MIS,2026-07-07 13:55:00,2026-07-07 14:35:00,1613.8,1603.7,18,181.8,151.11,1.45,target_mid_band
PRESTIGE,bollinger_meanrev,MIS,2026-07-07 13:55:00,2026-07-07 14:45:00,1684.9,1677.3,17,129.2,98.91,1.05,target_mid_band
TATACONSUM,bollinger_meanrev,MIS,2026-07-07 14:05:00,2026-07-07 14:30:00,1125.8,1129.6999999999998,26,-101.4,-132.51,-0.82,trailing_stop
BANKBARODA,bollinger_meanrev,MIS,2026-07-07 14:25:00,2026-07-07 15:10:00,248.35,247.8,120,66.0,34.44,0.87,target_mid_band
NESTLEIND,bollinger_meanrev,MIS,2026-07-07 14:25:00,2026-07-07 15:05:00,1479.8,1472.9,20,138.0,106.7,1.4,target_mid_band
ABB,bollinger_meanrev,MIS,2026-07-07 14:30:00,2026-07-07 14:50:00,6970.0,6984.5,4,-58.0,-87.6,-0.76,trailing_stop
DABUR,bollinger_meanrev,MIS,2026-07-07 14:30:00,2026-07-07 15:15:00,455.0,453.0,65,130.0,98.72,1.36,target_mid_band
HINDPETRO,bollinger_meanrev,MIS,2026-07-07 14:30:00,2026-07-07 15:00:00,406.0,406.4285714285714,73,-31.29,-62.74,-0.28,trailing_stop
PNB,bollinger_meanrev,MIS,2026-07-07 14:30:00,2026-07-07 15:00:00,104.3,104.14571428571429,287,44.28,12.56,0.57,trailing_stop
BAJFINANCE,bollinger_meanrev,MIS,2026-07-07 14:35:00,2026-07-07 15:10:00,1051.1,1041.4,28,271.6,240.56,2.06,target_mid_band
GVT&D,bollinger_meanrev,MIS,2026-07-07 14:50:00,2026-07-07 15:00:00,4445.7,4460.971428571428,6,-91.63,-119.97,-0.95,trailing_stop
PIIND,bollinger_meanrev,MIS,2026-07-07 14:50:00,2026-07-07 15:15:00,2659.9,2650.0,11,108.9,77.94,1.61,target_mid_band
SAIL,bollinger_meanrev,MIS,2026-07-07 14:50:00,2026-07-07 15:15:00,166.48,165.43,180,189.0,157.34,1.87,target_mid_band
SBICARD,bollinger_meanrev,MIS,2026-07-07 14:50:00,2026-07-07 15:15:00,606.1,605.4,49,34.3,2.83,0.4,forced_close
ADANIPOWER,bollinger_meanrev,MIS,2026-07-07 15:00:00,2026-07-07 15:15:00,218.71,217.93,137,106.86,75.15,0.87,forced_close
TIINDIA,bollinger_meanrev,MIS,2026-07-07 15:00:00,2026-07-07 15:15:00,2979.7,2985.1,10,-54.0,-85.63,-0.41,forced_close
MCX,bollinger_meanrev,MIS,2026-07-07 15:05:00,2026-07-07 15:15:00,2651.4,2645.6,11,63.8,32.91,0.31,forced_close
GODREJPROP,bollinger_meanrev,MIS,2026-07-07 15:20:00,2026-07-07 15:25:00,2048.6,2042.7142857142858,14,82.4,52.04,0.62,trailing_stop
ENRIN,bollinger_meanrev,MIS,2026-07-07 15:25:00,2026-07-07 15:25:00,3380.0,3380.0,8,-0.0,-28.67,-0.0,eod_data_end
ICICIGI,bollinger_meanrev,MIS,2026-07-07 15:25:00,2026-07-07 15:25:00,1803.7,1803.7,16,-0.0,-30.6,-0.0,eod_data_end
ENRIN,bollinger_meanrev,MIS,2026-07-08 09:15:00,2026-07-08 10:20:00,3383.6,3398.571428571429,8,-119.77,-148.55,-0.61,trailing_stop
ICICIGI,bollinger_meanrev,MIS,2026-07-08 09:15:00,2026-07-08 09:40:00,1810.8,1823.1714285714286,16,-197.94,-228.79,-1.2,trailing_stop
ZYDUSLIFE,bollinger_meanrev,MIS,2026-07-08 09:20:00,2026-07-08 09:40:00,1174.0,1178.5428571428572,25,-113.57,-144.77,-0.55,trailing_stop
APOLLOHOSP,bollinger_meanrev,MIS,2026-07-08 09:25:00,2026-07-08 09:40:00,8877.0,8862.07142857143,3,44.79,16.57,0.46,trailing_stop
IDEA,bollinger_meanrev,MIS,2026-07-08 09:25:00,2026-07-08 10:25:00,14.05,14.11857142857143,2135,-146.4,-178.3,-0.54,trailing_stop
KALYANKJIL,bollinger_meanrev,MIS,2026-07-08 09:25:00,2026-07-08 09:45:00,370.45,373.2357142857143,80,-222.86,-254.43,-0.57,trailing_stop
LUPIN,bollinger_meanrev,MIS,2026-07-08 09:25:00,2026-07-08 10:20:00,2513.9,2517.0,11,-34.1,-63.45,-0.23,trailing_stop
NATIONALUM,bollinger_meanrev,MIS,2026-07-08 09:25:00,2026-07-08 09:40:00,347.85,348.5285714285714,86,-58.36,-90.12,-0.27,trailing_stop
MCX,bollinger_meanrev,MIS,2026-07-08 09:45:00,2026-07-08 10:55:00,2725.4,2706.0,11,213.4,181.74,0.49,target_mid_band
ADANIENSOL,bollinger_meanrev,MIS,2026-07-08 10:00:00,2026-07-08 10:10:00,1680.0,1697.8,17,-302.6,-333.08,-0.97,trailing_stop
ADANIGREEN,bollinger_meanrev,MIS,2026-07-08 10:25:00,2026-07-08 11:15:00,1553.0,1534.2,19,357.2,326.14,1.12,target_mid_band
ATGL,bollinger_meanrev,MIS,2026-07-08 10:25:00,2026-07-08 11:20:00,719.0,719.3142857142857,41,-12.89,-44.16,-0.05,trailing_stop
DLF,bollinger_meanrev,MIS,2026-07-08 10:30:00,2026-07-08 10:50:00,660.55,663.1785714285714,45,-118.29,-149.88,-0.54,trailing_stop
EXIDEIND,bollinger_meanrev,MIS,2026-07-08 10:35:00,2026-07-08 11:30:00,423.0,423.9785714285714,70,-68.5,-99.94,-0.24,trailing_stop
GODREJPROP,bollinger_meanrev,MIS,2026-07-08 10:40:00,2026-07-08 11:40:00,2072.2,2060.0,14,170.8,140.14,0.71,target_mid_band
BLUESTARCO,bollinger_meanrev,MIS,2026-07-08 10:45:00,2026-07-08 11:40:00,1610.5,1601.4,18,163.8,133.16,1.26,target_mid_band
EICHERMOT,bollinger_meanrev,MIS,2026-07-08 10:55:00,2026-07-08 11:25:00,7467.0,7493.214285714285,4,-104.86,-136.6,-0.62,trailing_stop
GAIL,bollinger_meanrev,MIS,2026-07-08 10:55:00,2026-07-08 11:30:00,174.18,174.5885714285714,172,-70.27,-102.09,-0.51,trailing_stop
HAL,bollinger_meanrev,MIS,2026-07-08 11:00:00,2026-07-08 11:55:00,4426.6,4418.0,6,51.6,23.47,0.45,target_mid_band
TORNTPHARM,bollinger_meanrev,MIS,2026-07-08 11:00:00,2026-07-08 11:30:00,4942.6,4912.9,6,178.2,146.87,0.94,target_mid_band
ETERNAL,bollinger_meanrev,MIS,2026-07-08 11:05:00,2026-07-08 11:10:00,292.25,293.8214285714286,102,-160.29,-192.0,-1.01,trailing_stop
CANBK,bollinger_meanrev,MIS,2026-07-08 11:20:00,2026-07-08 12:05:00,124.79,124.23,240,134.4,102.73,1.03,target_mid_band
PREMIERENE,bollinger_meanrev,MIS,2026-07-08 11:20:00,2026-07-08 11:30:00,1042.6,1044.9571428571428,28,-66.0,-97.0,-0.67,trailing_stop
LENSKART,bollinger_meanrev,MIS,2026-07-08 11:25:00,2026-07-08 12:30:00,544.15,543.1142857142856,55,56.96,25.26,0.45,trailing_stop
SUPREMEIND,bollinger_meanrev,MIS,2026-07-08 11:25:00,2026-07-08 12:45:00,3198.0,3186.3142857142857,9,105.17,74.72,0.83,trailing_stop
VOLTAS,bollinger_meanrev,MIS,2026-07-08 11:25:00,2026-07-08 11:40:00,1282.9,1275.7,23,165.6,134.42,1.54,target_mid_band
M&MFIN,bollinger_meanrev,MIS,2026-07-08 11:30:00,2026-07-08 11:40:00,327.7,327.3428571428571,91,32.5,0.9,0.25,trailing_stop
RADICO,bollinger_meanrev,MIS,2026-07-08 11:50:00,2026-07-08 12:55:00,4113.9,4116.771428571428,7,-20.1,-50.65,-0.18,trailing_stop
CGPOWER,bollinger_meanrev,MIS,2026-07-08 12:10:00,2026-07-08 12:50:00,914.3,914.9928571428571,32,-22.17,-53.21,-0.2,trailing_stop
GODREJCP,bollinger_meanrev,MIS,2026-07-08 12:10:00,2026-07-08 12:40:00,1090.0,1086.3,27,99.9,68.75,0.96,target_mid_band
BHEL,bollinger_meanrev,MIS,2026-07-08 12:15:00,2026-07-08 12:50:00,383.0,384.24285714285713,78,-96.94,-128.68,-0.54,trailing_stop
NYKAA,bollinger_meanrev,MIS,2026-07-08 12:30:00,2026-07-08 12:50:00,323.75,324.95,92,-110.4,-142.06,-0.89,trailing_stop
IOC,bollinger_meanrev,MIS,2026-07-08 13:00:00,2026-07-08 13:30:00,140.25,139.64,213,129.93,98.33,1.34,target_mid_band
TITAN,bollinger_meanrev,MIS,2026-07-08 13:00:00,2026-07-08 13:30:00,4625.2,4607.9,6,103.8,74.44,1.24,target_mid_band
ASHOKLEY,bollinger_meanrev,MIS,2026-07-08 13:05:00,2026-07-08 13:45:00,163.7,161.74571428571429,183,357.63,326.1,3.03,trailing_stop
TVSMOTOR,bollinger_meanrev,MIS,2026-07-08 13:05:00,2026-07-08 13:30:00,3765.5,3743.9,7,151.2,123.34,1.49,target_mid_band
BAJAJ-AUTO,bollinger_meanrev,MIS,2026-07-08 13:10:00,2026-07-08 13:50:00,10245.5,10218.57142857143,2,53.86,32.16,0.89,trailing_stop
PHOENIXLTD,bollinger_meanrev,MIS,2026-07-08 13:20:00,2026-07-08 13:50:00,2077.7,2073.342857142857,14,61.0,30.19,0.5,trailing_stop
ONGC,bollinger_meanrev,MIS,2026-07-08 14:00:00,2026-07-08 14:05:00,244.51,245.02142857142857,122,-62.39,-94.07,-0.6,trailing_stop
BSE,bollinger_meanrev,MIS,2026-07-08 15:15:00,2026-07-08 15:20:00,3757.0,3763.0,7,-42.0,-69.92,-0.15,forced_close
JSWENERGY,bollinger_meanrev,MIS,2026-07-08 15:25:00,2026-07-08 15:25:00,539.1,539.1,55,-0.0,-31.44,-0.0,eod_data_end
BHEL,bollinger_meanrev,MIS,2026-07-09 09:15:00,2026-07-09 10:00:00,386.7,385.59285714285716,77,85.25,53.73,0.3,trailing_stop
BLUESTARCO,bollinger_meanrev,MIS,2026-07-09 09:15:00,2026-07-09 09:25:00,1603.1,1611.1714285714286,18,-145.29,-175.98,-0.54,trailing_stop
ENRIN,bollinger_meanrev,MIS,2026-07-09 09:15:00,2026-07-09 10:00:00,3403.0,3365.8,8,297.6,268.92,1.36,target_mid_band
FEDERALBNK,bollinger_meanrev,MIS,2026-07-09 09:15:00,2026-07-09 10:05:00,328.9,329.22142857142853,91,-29.25,-61.01,-0.14,trailing_stop
GROWW,bollinger_meanrev,MIS,2026-07-09 09:15:00,2026-07-09 09:40:00,195.69,197.0385714285714,153,-206.33,-238.21,-0.69,trailing_stop
JSWENERGY,bollinger_meanrev,MIS,2026-07-09 09:15:00,2026-07-09 10:10:00,547.2,540.6,54,356.4,325.29,1.37,target_mid_band
KALYANKJIL,bollinger_meanrev,MIS,2026-07-09 09:15:00,2026-07-09 09:25:00,397.15,405.2642857142857,75,-608.57,-640.55,-1.0,trailing_stop
LAURUSLABS,bollinger_meanrev,MIS,2026-07-09 09:15:00,2026-07-09 09:25:00,1490.4,1506.4428571428573,20,-320.86,-352.67,-1.08,trailing_stop
ABB,bollinger_meanrev,MIS,2026-07-09 09:20:00,2026-07-09 10:25:00,6853.0,6810.5,4,170.0,141.04,0.9,target_mid_band
CGPOWER,bollinger_meanrev,MIS,2026-07-09 09:20:00,2026-07-09 10:00:00,919.8,910.6,32,294.4,263.38,1.4,target_mid_band
COALINDIA,bollinger_meanrev,MIS,2026-07-09 09:20:00,2026-07-09 10:35:00,434.6,433.59999999999997,69,69.0,37.24,0.4,trailing_stop
DIVISLAB,bollinger_meanrev,MIS,2026-07-09 09:20:00,2026-07-09 09:30:00,6833.0,6892.928571428572,4,-239.71,-268.85,-1.21,trailing_stop
DIXON,bollinger_meanrev,MIS,2026-07-09 09:20:00,2026-07-09 09:35:00,13298,13468.714285714286,2,-341.43,-369.85,-1.09,trailing_stop
GVT&D,bollinger_meanrev,MIS,2026-07-09 09:20:00,2026-07-09 09:55:00,4553.2,4557.785714285714,6,-27.51,-56.5,-0.11,trailing_stop
LENSKART,bollinger_meanrev,MIS,2026-07-09 09:20:00,2026-07-09 09:25:00,546.7,550.2142857142858,54,-189.77,-221.2,-0.8,trailing_stop
LT,bollinger_meanrev,MIS,2026-07-09 09:20:00,2026-07-09 10:40:00,3929.0,3933.642857142857,7,-32.5,-61.69,-0.21,trailing_stop
PAYTM,bollinger_meanrev,MIS,2026-07-09 09:20:00,2026-07-09 09:55:00,1243.5,1253.4714285714288,24,-239.31,-271.12,-0.82,trailing_stop
PHOENIXLTD,bollinger_meanrev,MIS,2026-07-09 09:20:00,2026-07-09 10:15:00,2063.5,2071.557142857143,14,-112.8,-143.51,-0.4,trailing_stop
SBICARD,bollinger_meanrev,MIS,2026-07-09 09:20:00,2026-07-09 10:10:00,589.05,587.55,50,75.0,43.82,0.46,trailing_stop
SUNPHARMA,bollinger_meanrev,MIS,2026-07-09 09:20:00,2026-07-09 09:25:00,1911.2,1922.5857142857144,15,-170.79,-201.3,-1.15,trailing_stop
SUPREMEIND,bollinger_meanrev,MIS,2026-07-09 09:20:00,2026-07-09 09:50:00,3203.8,3221.5285714285715,9,-159.56,-190.24,-0.83,trailing_stop
SWIGGY,bollinger_meanrev,MIS,2026-07-09 09:20:00,2026-07-09 09:25:00,272.17,277.7342857142857,110,-612.07,-644.21,-1.17,trailing_stop
TATAINVEST,bollinger_meanrev,MIS,2026-07-09 09:20:00,2026-07-09 09:45:00,679.3,685.9,44,-290.4,-322.28,-0.86,trailing_stop
WAAREEENER,bollinger_meanrev,MIS,2026-07-09 09:20:00,2026-07-09 09:40:00,2860.1,2878.1428571428573,10,-180.43,-210.87,-1.0,trailing_stop
BHARTIARTL,bollinger_meanrev,MIS,2026-07-09 09:25:00,2026-07-09 09:40:00,1925.2,1935.5857142857144,15,-155.79,-186.51,-0.77,trailing_stop
BIOCON,bollinger_meanrev,MIS,2026-07-09 09:25:00,2026-07-09 09:50:00,403.8,407.32142857142856,74,-260.59,-292.44,-1.23,trailing_stop
GLENMARK,bollinger_meanrev,MIS,2026-07-09 09:25:00,2026-07-09 09:45:00,2265.3,2281.9285714285716,13,-216.17,-247.54,-0.87,trailing_stop
INDUSTOWER,bollinger_meanrev,MIS,2026-07-09 09:25:00,2026-07-09 09:45:00,395.45,398.0357142857143,75,-193.93,-225.5,-0.8,trailing_stop
LUPIN,bollinger_meanrev,MIS,2026-07-09 09:25:00,2026-07-09 10:20:00,2492.5,2507.7714285714287,12,-183.26,-215.09,-0.86,trailing_stop
MANKIND,bollinger_meanrev,MIS,2026-07-09 09:25:00,2026-07-09 10:15:00,2529.7,2547.657142857143,11,-197.53,-227.16,-0.72,trailing_stop
MOTHERSON,bollinger_meanrev,MIS,2026-07-09 09:25:00,2026-07-09 10:30:00,142.66,142.53571428571428,210,26.1,-5.65,0.1,trailing_stop
TATACONSUM,bollinger_meanrev,MIS,2026-07-09 09:25:00,2026-07-09 09:40:00,1101.7,1106.3142857142857,27,-124.59,-156.21,-0.71,trailing_stop
ALKEM,bollinger_meanrev,MIS,2026-07-09 09:30:00,2026-07-09 10:45:00,5674.5,5685.285714285715,5,-53.93,-84.05,-0.24,trailing_stop
APOLLOHOSP,bollinger_meanrev,MIS,2026-07-09 09:30:00,2026-07-09 09:40:00,8869.5,8901.357142857143,3,-95.57,-123.85,-0.54,trailing_stop
AUROPHARMA,bollinger_meanrev,MIS,2026-07-09 09:30:00,2026-07-09 10:00:00,1578.0,1586.8285714285714,19,-167.74,-199.64,-0.85,trailing_stop
BANKBARODA,bollinger_meanrev,MIS,2026-07-09 09:30:00,2026-07-09 10:00:00,242.4,243.62857142857143,123,-151.11,-182.83,-0.83,trailing_stop
IRFC,bollinger_meanrev,MIS,2026-07-09 09:30:00,2026-07-09 10:30:00,88.34,88.07,339,91.53,59.83,0.54,target_mid_band
MOTILALOFS,bollinger_meanrev,MIS,2026-07-09 09:30:00,2026-07-09 10:15:00,927.85,933.75,32,-188.8,-220.41,-0.61,trailing_stop
PRESTIGE,bollinger_meanrev,MIS,2026-07-09 09:30:00,2026-07-09 10:40:00,1662.8,1665.4714285714288,18,-48.09,-79.86,-0.14,trailing_stop
RELIANCE,bollinger_meanrev,MIS,2026-07-09 09:30:00,2026-07-09 09:45:00,1285.7,1290.442857142857,23,-109.09,-140.51,-0.82,trailing_stop
RVNL,bollinger_meanrev,MIS,2026-07-09 09:30:00,2026-07-09 10:25:00,227.35,226.48,131,113.97,82.46,0.51,target_mid_band
SHREECEM,bollinger_meanrev,MIS,2026-07-09 09:30:00,2026-07-09 10:40:00,26245,26260.0,1,-15.0,-42.84,-0.09,trailing_stop
CONCOR,bollinger_meanrev,MIS,2026-07-09 09:35:00,2026-07-09 10:35:00,457.6,455.85,65,113.75,82.28,0.48,target_mid_band
ETERNAL,bollinger_meanrev,MIS,2026-07-09 09:35:00,2026-07-09 10:20:00,298.4,292.95,100,545.0,513.71,1.25,target_mid_band
HDFCAMC,bollinger_meanrev,MIS,2026-07-09 09:35:00,2026-07-09 10:25:00,2701.3,2681.4,11,218.9,187.53,0.86,target_mid_band
FORTIS,bollinger_meanrev,MIS,2026-07-09 09:40:00,2026-07-09 10:25:00,956.8,957.2428571428571,31,-13.73,-45.19,-0.07,trailing_stop
GODFRYPHLP,bollinger_meanrev,MIS,2026-07-09 09:40:00,2026-07-09 10:35:00,2109.0,2100.1,14,124.6,93.37,0.58,target_mid_band
MAXHEALTH,bollinger_meanrev,MIS,2026-07-09 09:40:00,2026-07-09 10:20:00,1101.7,1108.3,27,-178.2,-209.86,-0.68,trailing_stop
PREMIERENE,bollinger_meanrev,MIS,2026-07-09 09:40:00,2026-07-09 09:45:00,1063.2,1074.042857142857,28,-303.6,-335.36,-1.08,trailing_stop
ZYDUSLIFE,bollinger_meanrev,MIS,2026-07-09 09:40:00,2026-07-09 10:40:00,1165.7,1169.642857142857,25,-98.57,-129.54,-0.4,trailing_stop
CANBK,bollinger_meanrev,MIS,2026-07-09 09:45:00,2026-07-09 10:00:00,123.15,123.86428571428571,243,-173.57,-205.42,-0.86,trailing_stop
LICHSGFIN,bollinger_meanrev,MIS,2026-07-09 09:45:00,2026-07-09 10:45:00,541.25,538.25,55,165.0,133.54,0.72,target_mid_band
OBEROIRLTY,bollinger_meanrev,MIS,2026-07-09 09:45:00,2026-07-09 10:30:00,1899.4,1895.8857142857144,15,52.71,22.53,0.21,trailing_stop
PNB,bollinger_meanrev,MIS,2026-07-09 09:45:00,2026-07-09 10:40:00,102.1,102.44285714285714,293,-100.46,-132.25,-0.56,trailing_stop
MARICO,bollinger_meanrev,MIS,2026-07-09 09:50:00,2026-07-09 11:15:00,854.0,854.1357142857142,35,-4.75,-36.45,-0.02,trailing_stop
BSE,bollinger_meanrev,MIS,2026-07-09 10:40:00,2026-07-09 10:45:00,3817.0,3839.4857142857145,7,-157.4,-185.83,-1.17,trailing_stop
MCX,bollinger_meanrev,MIS,2026-07-09 10:40:00,2026-07-09 11:40:00,2829.0,2809.4,10,196.0,166.13,0.77,target_mid_band
M&MFIN,bollinger_meanrev,MIS,2026-07-09 10:55:00,2026-07-09 11:25:00,331.0,331.61428571428576,90,-55.29,-86.91,-0.29,trailing_stop
CHOLAFIN,bollinger_meanrev,MIS,2026-07-09 11:25:00,2026-07-09 12:10:00,1803.6,1804.3142857142857,16,-11.43,-42.04,-0.05,trailing_stop
COFORGE,bollinger_meanrev,MIS,2026-07-09 11:45:00,2026-07-09 11:55:00,1471.4,1476.9571428571428,20,-111.14,-142.42,-0.71,trailing_stop
COLPAL,bollinger_meanrev,MIS,2026-07-09 11:55:00,2026-07-09 13:10:00,2065.5,2061.2,14,60.2,29.57,0.47,target_mid_band
TCS,bollinger_meanrev,MIS,2026-07-09 11:55:00,2026-07-09 12:25:00,2046.0,2052.457142857143,14,-90.4,-120.83,-0.82,trailing_stop
DMART,bollinger_meanrev,MIS,2026-07-09 12:00:00,2026-07-09 13:05:00,4076.0,4075.942857142857,7,0.4,-29.86,0.0,trailing_stop
DABUR,bollinger_meanrev,MIS,2026-07-09 12:05:00,2026-07-09 13:00:00,448.75,447.2,66,102.3,70.96,0.84,target_mid_band
EXIDEIND,bollinger_meanrev,MIS,2026-07-09 12:05:00,2026-07-09 12:15:00,424.45,426.65714285714284,70,-154.5,-186.11,-0.99,trailing_stop
GODREJCP,bollinger_meanrev,MIS,2026-07-09 12:05:00,2026-07-09 13:10:00,1096.0,1091.4,27,124.2,92.9,0.96,target_mid_band
ULTRACEMCO,bollinger_meanrev,MIS,2026-07-09 12:05:00,2026-07-09 12:50:00,11351,11305,2,92,67.98,1.17,target_mid_band
PIDILITIND,bollinger_meanrev,MIS,2026-07-09 12:15:00,2026-07-09 12:50:00,1594.9,1597.9285714285716,18,-54.51,-84.99,-0.66,trailing_stop
ADANIENT,bollinger_meanrev,MIS,2026-07-09 12:25:00,2026-07-09 13:20:00,3095.9,3088.3,9,68.4,38.9,0.35,trailing_stop
ADANIPOWER,bollinger_meanrev,MIS,2026-07-09 12:25:00,2026-07-09 13:05:00,220.16,218.67,136,202.64,171.02,1.28,target_mid_band
AMBUJACEM,bollinger_meanrev,MIS,2026-07-09 12:25:00,2026-07-09 12:45:00,426.9,428.25714285714287,70,-95.0,-126.75,-0.84,trailing_stop
GRASIM,bollinger_meanrev,MIS,2026-07-09 12:25:00,2026-07-09 12:40:00,3213.9,3217.9714285714285,9,-36.64,-67.34,-0.39,trailing_stop
TATAPOWER,bollinger_meanrev,MIS,2026-07-09 12:30:00,2026-07-09 12:40:00,378.55,377.7642857142857,79,62.07,30.4,0.51,trailing_stop
HCLTECH,bollinger_meanrev,MIS,2026-07-09 12:45:00,2026-07-09 14:00:00,1159.3,1155.5,25,95.0,64.33,0.57,target_mid_band
INFY,bollinger_meanrev,MIS,2026-07-09 12:45:00,2026-07-09 13:25:00,1059.9,1055.8,28,114.8,83.4,0.86,target_mid_band
PERSISTENT,bollinger_meanrev,MIS,2026-07-09 12:50:00,2026-07-09 14:05:00,4851.6,4835.2,6,98.4,67.59,0.74,target_mid_band
OFSS,bollinger_meanrev,MIS,2026-07-09 13:00:00,2026-07-09 13:15:00,11149.0,11219.857142857143,2,-141.71,-165.45,-0.59,trailing_stop
SRF,bollinger_meanrev,MIS,2026-07-09 13:00:00,2026-07-09 14:15:00,2785.0,2773.0,10,120.0,90.54,0.68,target_mid_band
TATASTEEL,bollinger_meanrev,MIS,2026-07-09 13:10:00,2026-07-09 13:35:00,189.06,189.03428571428572,158,4.06,-27.61,0.05,trailing_stop
POLYCAB,bollinger_meanrev,MIS,2026-07-09 13:15:00,2026-07-09 13:35:00,9111.0,9137.214285714286,3,-78.64,-107.68,-0.74,trailing_stop
JSWSTEEL,bollinger_meanrev,MIS,2026-07-09 13:35:00,2026-07-09 14:05:00,1239.0,1233.7,24,127.2,95.75,1.28,target_mid_band
KOTAKBANK,bollinger_meanrev,MIS,2026-07-09 13:45:00,2026-07-09 14:45:00,373.85,374.45714285714286,80,-48.57,-80.32,-0.31,trailing_stop
TMCV,bollinger_meanrev,MIS,2026-07-09 13:45:00,2026-07-09 14:45:00,423.0,421.25,70,122.5,91.18,1.18,target_mid_band
PATANJALI,bollinger_meanrev,MIS,2026-07-09 13:50:00,2026-07-09 13:55:00,414.0,413.62857142857143,72,26.74,-4.85,0.29,trailing_stop
BPCL,bollinger_meanrev,MIS,2026-07-09 14:10:00,2026-07-09 15:15:00,308.3,308.0,97,29.1,-2.59,0.27,forced_close
KEI,bollinger_meanrev,MIS,2026-07-09 14:20:00,2026-07-09 14:25:00,5051.0,5049.857142857143,5,5.71,-21.06,0.05,trailing_stop
DLF,bollinger_meanrev,MIS,2026-07-09 14:25:00,2026-07-09 14:50:00,664.05,665.2714285714286,45,-54.96,-86.69,-0.29,trailing_stop
BAJAJFINSV,bollinger_meanrev,MIS,2026-07-09 14:30:00,2026-07-09 15:00:00,1909.9,1896.9,15,195.0,164.74,1.6,target_mid_band
MUTHOOTFIN,bollinger_meanrev,MIS,2026-07-09 14:30:00,2026-07-09 14:35:00,3075.0,3075.6,9,-5.4,-34.75,-0.05,trailing_stop
HUDCO,bollinger_meanrev,MIS,2026-07-09 14:35:00,2026-07-09 15:15:00,205.1,205.06,146,5.84,-25.91,0.05,forced_close
LODHA,bollinger_meanrev,MIS,2026-07-09 14:40:00,2026-07-09 15:00:00,1165.45,1174.6714285714286,25,-230.54,-261.58,-0.99,trailing_stop
INDIANB,bollinger_meanrev,MIS,2026-07-09 14:50:00,2026-07-09 15:00:00,794.65,795.6357142857142,37,-36.47,-67.67,-0.32,trailing_stop
VOLTAS,bollinger_meanrev,MIS,2026-07-09 14:50:00,2026-07-09 15:15:00,1271.9,1269.4,23,57.5,26.51,0.6,forced_close
HAVELLS,bollinger_meanrev,MIS,2026-07-09 14:55:00,2026-07-09 15:05:00,1197.7,1194.2571428571428,25,86.07,54.37,0.7,trailing_stop
VBL,bollinger_meanrev,MIS,2026-07-09 14:55:00,2026-07-09 15:00:00,481.4,480.99285714285713,62,25.24,-6.39,0.28,trailing_stop
LGEINDIA,bollinger_meanrev,MIS,2026-07-09 15:20:00,2026-07-09 15:25:00,1569.6,1569.0,19,11.4,-20.22,0.09,forced_close
BPCL,bollinger_meanrev,MIS,2026-07-10 09:15:00,2026-07-10 10:30:00,312.2,310.75,96,139.2,107.51,0.85,target_mid_band
COFORGE,bollinger_meanrev,MIS,2026-07-10 09:15:00,2026-07-10 09:20:00,1518.1,1518.0142857142857,19,1.63,-28.96,0.01,trailing_stop
GROWW,bollinger_meanrev,MIS,2026-07-10 09:15:00,2026-07-10 10:25:00,201.25,199.7,149,230.95,199.3,1.14,target_mid_band
HINDPETRO,bollinger_meanrev,MIS,2026-07-10 09:15:00,2026-07-10 10:50:00,397.85,396.75,75,82.5,50.91,0.63,target_mid_band
IDFCFIRSTB,bollinger_meanrev,MIS,2026-07-10 09:15:00,2026-07-10 09:55:00,80.33,80.74285714285713,373,-154.0,-185.87,-1.09,trailing_stop
KPITTECH,bollinger_meanrev,MIS,2026-07-10 09:15:00,2026-07-10 09:45:00,563.9,561.6071428571429,53,121.52,89.91,0.54,trailing_stop
LGEINDIA,bollinger_meanrev,MIS,2026-07-10 09:15:00,2026-07-10 10:10:00,1572.8,1574.2857142857142,19,-28.23,-59.94,-0.18,trailing_stop
LTM,bollinger_meanrev,MIS,2026-07-10 09:15:00,2026-07-10 09:20:00,3997.6,4018.157142857143,7,-143.9,-173.67,-0.52,trailing_stop
M&MFIN,bollinger_meanrev,MIS,2026-07-10 09:15:00,2026-07-10 09:20:00,335.95,338.49285714285713,89,-226.31,-258.17,-1.13,trailing_stop
MOTILALOFS,bollinger_meanrev,MIS,2026-07-10 09:15:00,2026-07-10 09:30:00,962.5,969.9428571428572,31,-230.73,-262.52,-0.92,trailing_stop
MPHASIS,bollinger_meanrev,MIS,2026-07-10 09:15:00,2026-07-10 09:20:00,2326.0,2328.557142857143,12,-30.69,-60.3,-0.13,trailing_stop
NATIONALUM,bollinger_meanrev,MIS,2026-07-10 09:15:00,2026-07-10 10:25:00,361.1,362.5214285714286,83,-117.98,-149.84,-0.53,trailing_stop
NYKAA,bollinger_meanrev,MIS,2026-07-10 09:15:00,2026-07-10 09:20:00,327.05,327.0,91,4.55,-27.01,0.03,trailing_stop
PERSISTENT,bollinger_meanrev,MIS,2026-07-10 09:15:00,2026-07-10 10:00:00,4965.6,4966.942857142857,6,-8.06,-39.66,-0.03,trailing_stop
PIIND,bollinger_meanrev,MIS,2026-07-10 09:15:00,2026-07-10 10:25:00,2619.8,2624.714285714286,11,-54.06,-84.65,-0.43,trailing_stop
SAIL,bollinger_meanrev,MIS,2026-07-10 09:15:00,2026-07-10 09:45:00,168.95,170.0585714285714,177,-196.22,-228.05,-0.9,trailing_stop
TCS,bollinger_meanrev,MIS,2026-07-10 09:15:00,2026-07-10 09:20:00,2123.0,2120.128571428572,14,40.2,8.71,0.14,trailing_stop
DIXON,bollinger_meanrev,MIS,2026-07-10 09:20:00,2026-07-10 09:40:00,13962,13605,2,714,684.85,2.54,target_mid_band
HUDCO,bollinger_meanrev,MIS,2026-07-10 09:20:00,2026-07-10 10:20:00,207.25,207.76714285714286,144,-74.47,-106.16,-0.38,trailing_stop
IREDA,bollinger_meanrev,MIS,2026-07-10 09:20:00,2026-07-10 09:45:00,123.97,124.69857142857143,241,-175.59,-207.38,-0.92,trailing_stop
KALYANKJIL,bollinger_meanrev,MIS,2026-07-10 09:20:00,2026-07-10 10:30:00,473.75,472.29285714285714,63,91.8,60.21,0.12,trailing_stop
KOTAKBANK,bollinger_meanrev,MIS,2026-07-10 09:20:00,2026-07-10 10:45:00,380.45,380.48571428571427,78,-2.79,-34.26,-0.01,trailing_stop
RVNL,bollinger_meanrev,MIS,2026-07-10 09:20:00,2026-07-10 09:40:00,231.56,232.26428571428573,129,-90.85,-122.59,-0.47,trailing_stop
WAAREEENER,bollinger_meanrev,MIS,2026-07-10 09:20:00,2026-07-10 10:05:00,2913.0,2909.0,10,40.0,9.13,0.23,trailing_stop
INDIANB,bollinger_meanrev,MIS,2026-07-10 09:25:00,2026-07-10 10:25:00,805.0,807.8571428571428,37,-105.71,-137.37,-0.51,trailing_stop
JINDALSTEL,bollinger_meanrev,MIS,2026-07-10 09:25:00,2026-07-10 09:45:00,1049.6,1055.6571428571428,28,-169.6,-200.87,-1.0,trailing_stop
JIOFIN,bollinger_meanrev,MIS,2026-07-10 09:25:00,2026-07-10 09:35:00,237.56,239.04571428571427,126,-187.2,-219.06,-1.11,trailing_stop
ULTRACEMCO,bollinger_meanrev,MIS,2026-07-10 09:25:00,2026-07-10 10:35:00,11452,11460.142857142857,2,-16.29,-40.58,-0.13,trailing_stop
ABCAPITAL,bollinger_meanrev,MIS,2026-07-10 09:30:00,2026-07-10 10:25:00,404.45,405.52857142857147,74,-79.81,-111.6,-0.35,trailing_stop
APLAPOLLO,bollinger_meanrev,MIS,2026-07-10 09:30:00,2026-07-10 10:45:00,1823.8,1816.5,16,116.8,85.93,0.68,target_mid_band
ATGL,bollinger_meanrev,MIS,2026-07-10 09:30:00,2026-07-10 09:35:00,721.0,722.6857142857142,41,-69.11,-100.51,-0.27,trailing_stop
BHEL,bollinger_meanrev,MIS,2026-07-10 09:30:00,2026-07-10 10:45:00,392.75,394.27142857142854,76,-115.63,-147.36,-0.42,trailing_stop
CUMMINSIND,bollinger_meanrev,MIS,2026-07-10 09:30:00,2026-07-10 10:45:00,5700.0,5650.0,5,250.0,219.94,1.04,target_mid_band
HEROMOTOCO,bollinger_meanrev,MIS,2026-07-10 09:30:00,2026-07-10 09:35:00,4958.4,4965.128571428571,6,-40.37,-71.95,-0.28,trailing_stop
AXISBANK,bollinger_meanrev,MIS,2026-07-10 09:35:00,2026-07-10 10:50:00,1320.0,1320.3857142857144,22,-8.49,-39.29,-0.05,trailing_stop
GRASIM,bollinger_meanrev,MIS,2026-07-10 09:35:00,2026-07-10 10:25:00,3233.9,3243.2428571428572,9,-84.09,-115.0,-0.55,trailing_stop
HDFCLIFE,bollinger_meanrev,MIS,2026-07-10 09:35:00,2026-07-10 10:30:00,560.45,562.5571428571428,53,-111.68,-143.25,-0.68,trailing_stop
INDUSINDBK,bollinger_meanrev,MIS,2026-07-10 09:35:00,2026-07-10 10:30:00,1027.0,1023.0,29,116.0,84.49,0.77,target_mid_band
PAYTM,bollinger_meanrev,MIS,2026-07-10 09:35:00,2026-07-10 09:45:00,1300.2,1314.8857142857144,23,-337.77,-369.7,-1.14,trailing_stop
HAL,bollinger_meanrev,MIS,2026-07-10 09:40:00,2026-07-10 09:45:00,4422.0,4442.085714285714,6,-120.51,-148.73,-1.1,trailing_stop
AMBUJACEM,bollinger_meanrev,MIS,2026-07-10 09:45:00,2026-07-10 09:55:00,437.75,440.7642857142857,68,-204.97,-236.67,-1.0,trailing_stop
TATASTEEL,bollinger_meanrev,MIS,2026-07-10 09:45:00,2026-07-10 10:00:00,191.7,193.03142857142856,156,-207.7,-239.55,-1.13,trailing_stop
ADANIENT,bollinger_meanrev,MIS,2026-07-10 09:55:00,2026-07-10 11:25:00,3170.0,3159.3,9,96.3,66.11,0.39,target_mid_band
ADANIGREEN,bollinger_meanrev,MIS,2026-07-10 09:55:00,2026-07-10 10:55:00,1536.7,1544.6571428571428,19,-151.19,-182.24,-0.52,trailing_stop
ADANIPORTS,bollinger_meanrev,MIS,2026-07-10 09:55:00,2026-07-10 10:25:00,1843.3,1846.0285714285715,16,-43.66,-74.96,-0.23,trailing_stop
GODREJPROP,bollinger_meanrev,MIS,2026-07-10 09:55:00,2026-07-10 10:20:00,2082.4,2093.8714285714286,14,-160.6,-191.62,-0.57,trailing_stop
JSWENERGY,bollinger_meanrev,MIS,2026-07-10 09:55:00,2026-07-10 10:05:00,544.5,548.6071428571429,55,-225.89,-257.8,-1.05,trailing_stop
LAURUSLABS,bollinger_meanrev,MIS,2026-07-10 09:55:00,2026-07-10 10:30:00,1530.7,1536.7714285714285,19,-115.36,-146.27,-0.48,trailing_stop
VMM,bollinger_meanrev,MIS,2026-07-10 09:55:00,2026-07-10 10:15:00,118.08,118.03285714285714,254,11.97,-19.82,0.08,trailing_stop
CGPOWER,bollinger_meanrev,MIS,2026-07-10 10:00:00,2026-07-10 10:35:00,922.45,921.85,32,19.2,-12.09,0.11,trailing_stop
HYUNDAI,bollinger_meanrev,MIS,2026-07-10 10:00:00,2026-07-10 11:05:00,1952.1,1956.9857142857143,15,-73.29,-104.38,-0.34,trailing_stop
SIEMENS,bollinger_meanrev,MIS,2026-07-10 10:00:00,2026-07-10 10:25:00,3529.0,3538.042857142857,8,-72.34,-102.33,-0.44,trailing_stop
SOLARINDS,bollinger_meanrev,MIS,2026-07-10 10:00:00,2026-07-10 10:25:00,17750,17888.428571428572,1,-138.43,-157.34,-0.77,trailing_stop
BDL,bollinger_meanrev,MIS,2026-07-10 10:40:00,2026-07-10 12:05:00,1353.8,1348.8,22,110.0,78.49,0.52,target_mid_band
ADANIPOWER,bollinger_meanrev,MIS,2026-07-10 10:50:00,2026-07-10 12:00:00,219.8,220.37857142857143,136,-78.69,-110.44,-0.43,trailing_stop
AUBANK,bollinger_meanrev,MIS,2026-07-10 10:55:00,2026-07-10 11:35:00,1075.5,1077.357142857143,27,-50.14,-80.97,-0.43,trailing_stop
COCHINSHIP,bollinger_meanrev,MIS,2026-07-10 10:55:00,2026-07-10 11:35:00,1437.8,1426.4,20,228.0,197.65,1.23,target_mid_band
MUTHOOTFIN,bollinger_meanrev,MIS,2026-07-10 11:00:00,2026-07-10 11:25:00,3142.9,3134.6428571428573,9,74.31,44.37,0.56,trailing_stop
MAXHEALTH,bollinger_meanrev,MIS,2026-07-10 11:50:00,2026-07-10 12:00:00,1102.7,1105.3857142857144,27,-72.51,-104.13,-1.1,trailing_stop
LODHA,bollinger_meanrev,MIS,2026-07-10 12:20:00,2026-07-10 12:25:00,1170.3,1178.692857142857,25,-209.82,-240.98,-1.08,trailing_stop
PREMIERENE,bollinger_meanrev,MIS,2026-07-10 12:30:00,2026-07-10 12:35:00,1116.7,1125.3857142857144,26,-225.83,-256.76,-1.21,trailing_stop
BAJFINANCE,bollinger_meanrev,MIS,2026-07-10 12:35:00,2026-07-10 12:40:00,1018.3,1021.842857142857,29,-102.74,-134.12,-0.94,trailing_stop
BANKBARODA,bollinger_meanrev,MIS,2026-07-10 12:40:00,2026-07-10 12:45:00,250.45,251.2357142857143,119,-93.5,-125.17,-0.94,trailing_stop
BANKINDIA,bollinger_meanrev,MIS,2026-07-10 12:40:00,2026-07-10 12:45:00,143.0,143.6642857142857,209,-138.84,-170.62,-0.89,trailing_stop
PNB,bollinger_meanrev,MIS,2026-07-10 12:40:00,2026-07-10 12:45:00,104.96,105.17714285714287,285,-61.89,-93.65,-0.51,trailing_stop
SBIN,bollinger_meanrev,MIS,2026-07-10 12:40:00,2026-07-10 12:45:00,1034.4,1038.7285714285713,29,-125.53,-157.42,-1.04,trailing_stop
TATACAP,bollinger_meanrev,MIS,2026-07-10 12:40:00,2026-07-10 13:45:00,362.95,360.6,82,192.7,161.26,1.6,target_mid_band
CANBK,bollinger_meanrev,MIS,2026-07-10 12:50:00,2026-07-10 13:00:00,128.24,129.1957142857143,233,-222.68,-254.51,-1.21,trailing_stop
OBEROIRLTY,bollinger_meanrev,MIS,2026-07-10 12:50:00,2026-07-10 12:55:00,1925.1,1932.7857142857142,15,-115.29,-145.98,-0.77,trailing_stop
PRESTIGE,bollinger_meanrev,MIS,2026-07-10 12:50:00,2026-07-10 13:40:00,1723.0,1728.0,17,-85.0,-116.12,-0.56,trailing_stop
ENRIN,bollinger_meanrev,MIS,2026-07-10 12:55:00,2026-07-10 13:55:00,3500.0,3511.4285714285716,8,-91.43,-121.18,-0.48,trailing_stop
INDHOTEL,bollinger_meanrev,MIS,2026-07-10 12:55:00,2026-07-10 13:35:00,742.5,742.1999999999999,40,12.0,-19.49,0.18,trailing_stop
UNIONBANK,bollinger_meanrev,MIS,2026-07-10 13:05:00,2026-07-10 13:45:00,164.2,164.0457142857143,182,28.08,-3.59,0.1,trailing_stop
COROMANDEL,bollinger_meanrev,MIS,2026-07-10 13:10:00,2026-07-10 14:25:00,2054.9,2054.371428571428,14,7.4,-23.1,0.07,trailing_stop
PHOENIXLTD,bollinger_meanrev,MIS,2026-07-10 13:30:00,2026-07-10 14:40:00,2146.4,2130.9,13,201.5,172.04,1.44,target_mid_band
UNITDSPR,bollinger_meanrev,MIS,2026-07-10 13:30:00,2026-07-10 14:05:00,1390.0,1386.0,21,84.0,53.1,1.36,target_mid_band
ICICIGI,bollinger_meanrev,MIS,2026-07-10 13:40:00,2026-07-10 14:55:00,1833.4,1824.6,16,140.8,109.78,0.87,target_mid_band
FORTIS,bollinger_meanrev,MIS,2026-07-10 13:45:00,2026-07-10 14:05:00,960.05,962.0,31,-60.45,-92.05,-0.57,trailing_stop
TATACONSUM,bollinger_meanrev,MIS,2026-07-10 14:00:00,2026-07-10 15:15:00,1112.4,1112.2714285714285,26,3.34,-27.33,0.04,trailing_stop
TMPV,bollinger_meanrev,MIS,2026-07-10 14:00:00,2026-07-10 14:05:00,340.0,339.50714285714287,88,43.37,11.67,0.28,trailing_stop
BLUESTARCO,bollinger_meanrev,MIS,2026-07-10 14:10:00,2026-07-10 14:20:00,1636.5,1642.1428571428573,18,-101.57,-132.87,-1.02,trailing_stop
ASHOKLEY,bollinger_meanrev,MIS,2026-07-10 14:15:00,2026-07-10 14:30:00,157.6,157.3085714285714,190,55.37,23.65,0.79,trailing_stop
HAVELLS,bollinger_meanrev,MIS,2026-07-10 14:15:00,2026-07-10 14:55:00,1190.0,1187.4,25,65.0,33.49,0.72,target_mid_band
OIL,bollinger_meanrev,MIS,2026-07-10 14:20:00,2026-07-10 15:00:00,425.4,425.10714285714283,70,20.5,-11.07,0.23,trailing_stop
BHARTIARTL,bollinger_meanrev,MIS,2026-07-10 14:25:00,2026-07-10 14:50:00,1919.7,1922.4142857142856,15,-40.71,-71.28,-0.76,trailing_stop
SBICARD,bollinger_meanrev,MIS,2026-07-10 14:25:00,2026-07-10 15:15:00,613.9,611.15,48,132.0,100.84,1.17,forced_close
TIINDIA,bollinger_meanrev,MIS,2026-07-10 14:45:00,2026-07-10 15:00:00,2954.4,2957.0285714285715,10,-26.29,-57.63,-0.49,trailing_stop
APOLLOHOSP,bollinger_meanrev,MIS,2026-07-10 15:00:00,2026-07-10 15:15:00,8837.0,8842.0,3,-15.0,-43.12,-0.21,forced_close
VOLTAS,bollinger_meanrev,MIS,2026-07-10 15:00:00,2026-07-10 15:15:00,1285.0,1285.6,23,-13.8,-45.15,-0.13,forced_close
DMART,bollinger_meanrev,MIS,2026-07-10 15:05:00,2026-07-10 15:15:00,4080.0,4084.0,7,-28.0,-58.3,-0.32,forced_close
DABUR,bollinger_meanrev,MIS,2026-07-10 15:10:00,2026-07-10 15:15:00,444.05,443.6,67,30.15,-1.38,0.52,forced_close
ASTRAL,bollinger_meanrev,MIS,2026-07-10 15:15:00,2026-07-10 15:20:00,1335.5,1335.2,22,6.6,-24.55,0.06,forced_close
APOLLOHOSP,bollinger_meanrev,MIS,2026-07-13 09:15:00,2026-07-13 09:20:00,8914.0,8882.214285714286,3,95.36,67.06,0.85,trailing_stop
AUROPHARMA,bollinger_meanrev,MIS,2026-07-13 09:15:00,2026-07-13 09:20:00,1583.4,1579.0714285714284,18,77.91,47.74,0.44,trailing_stop
MCX,bollinger_meanrev,MIS,2026-07-13 09:15:00,2026-07-13 10:35:00,2790.1,2805.114285714286,10,-150.14,-179.83,-0.89,trailing_stop
NTPC,bollinger_meanrev,MIS,2026-07-13 09:15:00,2026-07-13 09:20:00,345.75,347.2,86,-124.7,-156.31,-1.14,trailing_stop
BHEL,bollinger_meanrev,MIS,2026-07-13 09:20:00,2026-07-13 09:25:00,397.6,400.3,75,-202.5,-234.25,-1.05,trailing_stop
GLENMARK,bollinger_meanrev,MIS,2026-07-13 09:20:00,2026-07-13 09:35:00,2306.2,2299.9285714285716,13,81.53,49.79,0.46,trailing_stop
GMRAIRPORT,bollinger_meanrev,MIS,2026-07-13 09:20:00,2026-07-13 09:55:00,113.37,113.47571428571429,264,-27.91,-59.67,-0.18,trailing_stop
KALYANKJIL,bollinger_meanrev,MIS,2026-07-13 09:25:00,2026-07-13 10:05:00,494.35,502.9642857142857,60,-516.86,-548.64,-0.99,trailing_stop
LTF,bollinger_meanrev,MIS,2026-07-13 09:25:00,2026-07-13 10:10:00,330.75,325.4,90,481.5,450.24,1.45,target_mid_band
ONGC,bollinger_meanrev,MIS,2026-07-13 09:25:00,2026-07-13 10:35:00,248.42,246.77,120,198.0,166.51,1.34,target_mid_band
POWERGRID,bollinger_meanrev,MIS,2026-07-13 09:25:00,2026-07-13 10:25:00,284.9,285.1142857142857,105,-22.5,-54.24,-0.18,trailing_stop
UNIONBANK,bollinger_meanrev,MIS,2026-07-13 09:30:00,2026-07-13 09:35:00,165.46,166.92714285714285,181,-265.55,-297.48,-1.16,trailing_stop
VOLTAS,bollinger_meanrev,MIS,2026-07-13 09:30:00,2026-07-13 09:40:00,1295.0,1305.0,23,-230.0,-261.73,-1.2,trailing_stop
FEDERALBNK,bollinger_meanrev,MIS,2026-07-13 10:30:00,2026-07-13 10:55:00,334.45,336.15714285714284,89,-151.94,-183.6,-0.81,trailing_stop
M&M,bollinger_meanrev,MIS,2026-07-13 10:30:00,2026-07-13 11:20:00,3143.3,3150.0285714285715,9,-60.56,-90.6,-0.47,trailing_stop
ICICIAMC,bollinger_meanrev,MIS,2026-07-13 10:35:00,2026-07-13 10:55:00,3166.1,3167.4,9,-11.7,-41.92,-0.14,trailing_stop
MPHASIS,bollinger_meanrev,MIS,2026-07-13 10:35:00,2026-07-13 10:50:00,2343.7,2358.285714285714,12,-175.03,-204.97,-0.83,trailing_stop
TATAELXSI,bollinger_meanrev,MIS,2026-07-13 10:40:00,2026-07-13 10:45:00,3734.7,3758.014285714286,8,-186.51,-218.32,-0.98,trailing_stop
HCLTECH,bollinger_meanrev,MIS,2026-07-13 10:50:00,2026-07-13 11:50:00,1198.5,1205.0857142857144,25,-164.64,-196.52,-0.67,trailing_stop
TATACAP,bollinger_meanrev,MIS,2026-07-13 11:00:00,2026-07-13 11:30:00,359.8,361.1142857142857,83,-109.09,-140.82,-0.7,trailing_stop
WIPRO,bollinger_meanrev,MIS,2026-07-13 11:00:00,2026-07-13 11:55:00,177.22,177.8114285714286,169,-99.95,-131.78,-0.83,trailing_stop
COFORGE,bollinger_meanrev,MIS,2026-07-13 11:10:00,2026-07-13 11:50:00,1518.0,1519.9857142857145,19,-37.73,-68.34,-0.18,trailing_stop
INFY,bollinger_meanrev,MIS,2026-07-13 11:10:00,2026-07-13 11:40:00,1084.8,1089.5428571428572,27,-128.06,-159.2,-0.7,trailing_stop
TCS,bollinger_meanrev,MIS,2026-07-13 11:10:00,2026-07-13 11:25:00,2147.7,2159.3714285714286,13,-151.73,-181.43,-0.98,trailing_stop
TECHM,bollinger_meanrev,MIS,2026-07-13 11:10:00,2026-07-13 11:50:00,1492.9,1498.7714285714285,20,-117.43,-149.17,-0.53,trailing_stop
TVSMOTOR,bollinger_meanrev,MIS,2026-07-13 11:25:00,2026-07-13 12:10:00,3687.0,3658.8,8,225.6,194.47,1.27,target_mid_band
PHOENIXLTD,bollinger_meanrev,MIS,2026-07-13 11:45:00,2026-07-13 12:30:00,2147.4,2126.9,13,266.5,237.07,1.81,target_mid_band
SUNPHARMA,bollinger_meanrev,MIS,2026-07-13 11:45:00,2026-07-13 12:45:00,1927.6,1928.0,15,-6.0,-36.67,-0.06,trailing_stop
LTM,bollinger_meanrev,MIS,2026-07-13 12:00:00,2026-07-13 12:10:00,4150.2,4173.328571428572,7,-161.9,-192.81,-0.67,trailing_stop
GROWW,bollinger_meanrev,MIS,2026-07-13 12:15:00,2026-07-13 12:20:00,208.5,209.69285714285715,143,-170.58,-202.31,-1.12,trailing_stop
HDFCAMC,bollinger_meanrev,MIS,2026-07-13 12:20:00,2026-07-13 12:40:00,2729.9,2739.8571428571427,10,-99.57,-128.58,-0.69,trailing_stop
LAURUSLABS,bollinger_meanrev,MIS,2026-07-13 12:30:00,2026-07-13 13:00:00,1556.2,1555.0428571428572,19,21.99,-9.36,0.18,trailing_stop
DIVISLAB,bollinger_meanrev,MIS,2026-07-13 12:40:00,2026-07-13 13:00:00,6829.5,6848.357142857143,4,-75.43,-104.45,-1.26,trailing_stop
PAYTM,bollinger_meanrev,MIS,2026-07-13 12:40:00,2026-07-13 12:45:00,1363.0,1370.7285714285713,22,-170.03,-201.94,-0.97,trailing_stop
RVNL,bollinger_meanrev,MIS,2026-07-13 12:45:00,2026-07-13 13:25:00,230.97,230.09,129,113.52,82.0,1.36,target_mid_band
TMPV,bollinger_meanrev,MIS,2026-07-13 12:50:00,2026-07-13 14:05:00,341.35,340.6142857142857,87,64.01,32.56,0.4,trailing_stop
UPL,bollinger_meanrev,MIS,2026-07-13 12:50:00,2026-07-13 13:30:00,590.4,589.1,50,65.0,33.74,0.89,target_mid_band
BLUESTARCO,bollinger_meanrev,MIS,2026-07-13 13:00:00,2026-07-13 13:55:00,1705.4,1709.7714285714287,17,-74.31,-105.11,-0.46,trailing_stop
PIIND,bollinger_meanrev,MIS,2026-07-13 13:05:00,2026-07-13 13:35:00,2591.2,2576.8,11,158.4,128.28,1.69,target_mid_band
APLAPOLLO,bollinger_meanrev,MIS,2026-07-13 13:15:00,2026-07-13 13:20:00,1835.6,1835.3,16,4.8,-26.34,0.05,trailing_stop
PRESTIGE,bollinger_meanrev,MIS,2026-07-13 13:15:00,2026-07-13 14:20:00,1714.3,1716.8285714285714,17,-42.99,-73.92,-0.27,trailing_stop
JSWSTEEL,bollinger_meanrev,MIS,2026-07-13 14:05:00,2026-07-13 15:15:00,1238.7,1237.2,24,36.0,4.5,0.4,forced_close
BAJAJ-AUTO,bollinger_meanrev,MIS,2026-07-13 14:15:00,2026-07-13 14:35:00,10402.5,10439.92857142857,2,-74.86,-96.97,-0.6,trailing_stop
BANKBARODA,bollinger_meanrev,MIS,2026-07-13 14:15:00,2026-07-13 15:10:00,252.2,251.05,118,135.7,104.23,1.34,target_mid_band
BSE,bollinger_meanrev,MIS,2026-07-13 14:15:00,2026-07-13 14:40:00,3822.0,3802.0,7,140.0,111.72,1.37,target_mid_band
CANBK,bollinger_meanrev,MIS,2026-07-13 14:15:00,2026-07-13 15:00:00,128.99,129.37,232,-88.16,-119.95,-0.67,trailing_stop
NATIONALUM,bollinger_meanrev,MIS,2026-07-13 14:15:00,2026-07-13 14:30:00,354.25,355.1642857142857,84,-76.8,-108.41,-0.94,trailing_stop
PNB,bollinger_meanrev,MIS,2026-07-13 14:15:00,2026-07-13 14:50:00,106.24,106.44714285714285,282,-58.41,-90.22,-0.59,trailing_stop
BHARATFORG,bollinger_meanrev,MIS,2026-07-13 14:20:00,2026-07-13 15:15:00,2152.0,2149.2,13,36.4,6.76,0.33,forced_close
BPCL,bollinger_meanrev,MIS,2026-07-13 14:20:00,2026-07-13 15:05:00,307.85,308.0857142857143,97,-22.86,-54.55,-0.27,trailing_stop
GAIL,bollinger_meanrev,MIS,2026-07-13 14:20:00,2026-07-13 14:30:00,173.01,173.17000000000002,173,-27.68,-59.44,-0.39,trailing_stop
YESBANK,bollinger_meanrev,MIS,2026-07-13 14:25:00,2026-07-13 15:15:00,23.93,23.8,1253,162.89,131.2,1.38,forced_close
ASHOKLEY,bollinger_meanrev,MIS,2026-07-13 14:30:00,2026-07-13 14:45:00,159.37,159.52714285714285,188,-29.54,-61.33,-0.32,trailing_stop
HAL,bollinger_meanrev,MIS,2026-07-13 14:30:00,2026-07-13 15:15:00,4507.1,4513.4,6,-37.8,-66.5,-0.53,forced_close
HEROMOTOCO,bollinger_meanrev,MIS,2026-07-13 14:30:00,2026-07-13 14:40:00,4950.0,4962.914285714285,6,-77.49,-109.03,-0.9,trailing_stop
HINDALCO,bollinger_meanrev,MIS,2026-07-13 14:30:00,2026-07-13 14:35:00,969.0,968.9571428571428,30,1.29,-29.54,0.01,trailing_stop
TATAPOWER,bollinger_meanrev,MIS,2026-07-13 14:30:00,2026-07-13 14:55:00,377.9,378.32142857142856,79,-33.29,-64.97,-0.6,trailing_stop
HYUNDAI,bollinger_meanrev,MIS,2026-07-13 14:35:00,2026-07-13 14:50:00,1995.4,1997.642857142857,15,-33.64,-65.4,-0.31,trailing_stop
VBL,bollinger_meanrev,MIS,2026-07-13 14:35:00,2026-07-13 14:55:00,469.15,470.57142857142856,63,-89.55,-120.95,-0.87,trailing_stop
GODREJPROP,bollinger_meanrev,MIS,2026-07-13 14:45:00,2026-07-13 15:00:00,2158.3,2160.914285714286,13,-33.99,-63.76,-0.4,trailing_stop
OBEROIRLTY,bollinger_meanrev,MIS,2026-07-13 14:45:00,2026-07-13 15:00:00,1923.4,1922.2714285714285,15,16.93,-13.66,0.15,trailing_stop
CONCOR,bollinger_meanrev,MIS,2026-07-13 14:50:00,2026-07-13 15:15:00,461.0,462.2214285714286,65,-79.39,-111.22,-0.86,trailing_stop
IREDA,bollinger_meanrev,MIS,2026-07-13 14:50:00,2026-07-13 15:10:00,125.16,124.78,239,90.82,59.16,1.27,target_mid_band
MOTILALOFS,bollinger_meanrev,MIS,2026-07-13 14:50:00,2026-07-13 14:55:00,984.9,988.6642857142857,30,-112.93,-144.33,-0.74,trailing_stop
DRREDDY,bollinger_meanrev,MIS,2026-07-13 14:55:00,2026-07-13 15:15:00,1235.2,1232.5,24,64.8,33.4,0.94,target_mid_band
SAIL,bollinger_meanrev,MIS,2026-07-13 15:10:00,2026-07-13 15:15:00,167.4,167.12,179,50.12,18.38,0.47,forced_close
COALINDIA,bollinger_meanrev,MIS,2026-07-13 15:15:00,2026-07-13 15:20:00,430.65,430.8,69,-10.35,-41.87,-0.15,forced_close
EXIDEIND,bollinger_meanrev,MIS,2026-07-13 15:20:00,2026-07-13 15:25:00,424.0,423.9357142857143,70,4.5,-26.97,0.04,trailing_stop
IRCTC,bollinger_meanrev,MIS,2026-07-13 15:25:00,2026-07-13 15:25:00,504.8,504.8,59,-0.0,-31.58,-0.0,eod_data_end
ASTRAL,bollinger_meanrev,MIS,2026-07-14 09:15:00,2026-07-14 09:25:00,1351.3,1358.7428571428572,22,-163.74,-195.37,-1.07,trailing_stop
BIOCON,bollinger_meanrev,MIS,2026-07-14 09:15:00,2026-07-14 10:00:00,431.0,436.90714285714284,69,-407.59,-439.39,-1.09,trailing_stop
COALINDIA,bollinger_meanrev,MIS,2026-07-14 09:15:00,2026-07-14 10:30:00,434.45,433.02857142857147,69,98.08,66.35,0.72,trailing_stop
CONCOR,bollinger_meanrev,MIS,2026-07-14 09:15:00,2026-07-14 09:20:00,491.5,491.20714285714286,61,17.86,-13.92,0.04,trailing_stop
MCX,bollinger_meanrev,MIS,2026-07-14 09:15:00,2026-07-14 09:25:00,2839.7,2853.0857142857144,10,-133.86,-164.06,-0.8,trailing_stop
NATIONALUM,bollinger_meanrev,MIS,2026-07-14 09:15:00,2026-07-14 09:30:00,361.15,363.25714285714287,83,-174.89,-206.79,-0.82,trailing_stop
NESTLEIND,bollinger_meanrev,MIS,2026-07-14 09:15:00,2026-07-14 10:15:00,1440.7,1434.6,20,122.0,91.52,0.8,target_mid_band
NMDC,bollinger_meanrev,MIS,2026-07-14 09:15:00,2026-07-14 09:20:00,84.69,85.16142857142857,354,-166.89,-198.79,-1.15,trailing_stop
NTPC,bollinger_meanrev,MIS,2026-07-14 09:15:00,2026-07-14 09:55:00,352.8,351.75,85,89.25,57.51,0.5,target_mid_band
OIL,bollinger_meanrev,MIS,2026-07-14 09:15:00,2026-07-14 09:35:00,435.65,438.2285714285714,68,-175.34,-206.87,-0.99,trailing_stop
OBEROIRLTY,bollinger_meanrev,MIS,2026-07-14 09:20:00,2026-07-14 09:45:00,1945.1,1924.7,15,306.0,275.26,1.4,target_mid_band
TCS,bollinger_meanrev,MIS,2026-07-14 09:20:00,2026-07-14 09:25:00,2213.0,2225.5,13,-162.5,-193.11,-1.0,trailing_stop
COFORGE,bollinger_meanrev,MIS,2026-07-14 09:25:00,2026-07-14 09:55:00,1567.5,1546.2,19,404.7,373.38,1.88,target_mid_band
SBICARD,bollinger_meanrev,MIS,2026-07-14 09:25:00,2026-07-14 09:30:00,631.9,632.2357142857143,47,-15.78,-47.28,-0.07,trailing_stop
ADANIPOWER,bollinger_meanrev,MIS,2026-07-14 09:30:00,2026-07-14 09:55:00,219.43,220.34142857142857,136,-123.95,-155.68,-0.56,trailing_stop
BHARTIARTL,bollinger_meanrev,MIS,2026-07-14 09:30:00,2026-07-14 10:40:00,1931.9,1932.9285714285716,15,-15.43,-46.17,-0.08,trailing_stop
CIPLA,bollinger_meanrev,MIS,2026-07-14 09:30:00,2026-07-14 10:50:00,1449.7,1449.2857142857142,20,8.29,-22.46,0.06,trailing_stop
DRREDDY,bollinger_meanrev,MIS,2026-07-14 09:30:00,2026-07-14 10:40:00,1244.3,1246.0,24,-40.8,-72.49,-0.26,trailing_stop
JSWSTEEL,bollinger_meanrev,MIS,2026-07-14 09:30:00,2026-07-14 09:35:00,1251.5,1252.2857142857144,23,-18.07,-48.61,-0.1,trailing_stop
TATASTEEL,bollinger_meanrev,MIS,2026-07-14 09:30:00,2026-07-14 09:35:00,189.15,189.27571428571432,158,-19.86,-51.57,-0.15,trailing_stop
BSE,bollinger_meanrev,MIS,2026-07-14 09:40:00,2026-07-14 10:00:00,3847.0,3857.157142857143,7,-71.1,-99.7,-0.41,trailing_stop
DIVISLAB,bollinger_meanrev,MIS,2026-07-14 10:05:00,2026-07-14 10:30:00,7016.5,7025.785714285715,4,-37.14,-66.93,-0.18,trailing_stop
PFC,bollinger_meanrev,MIS,2026-07-14 10:55:00,2026-07-14 11:30:00,408.6,406.05,73,186.15,154.64,1.22,target_mid_band
POLYCAB,bollinger_meanrev,MIS,2026-07-14 10:55:00,2026-07-14 11:05:00,9474.5,9533.07142857143,3,-175.71,-205.97,-0.91,trailing_stop
ALKEM,bollinger_meanrev,MIS,2026-07-14 11:00:00,2026-07-14 11:25:00,5634.0,5629.857142857143,5,20.71,-9.15,0.12,trailing_stop
CGPOWER,bollinger_meanrev,MIS,2026-07-14 11:00:00,2026-07-14 11:45:00,906.35,900.5,33,193.05,161.46,1.31,target_mid_band
HAVELLS,bollinger_meanrev,MIS,2026-07-14 11:00:00,2026-07-14 12:00:00,1185.3,1182.2,25,77.5,46.13,0.51,target_mid_band
SUZLON,bollinger_meanrev,MIS,2026-07-14 11:00:00,2026-07-14 11:15:00,52.85,52.855714285714285,567,-3.24,-35.02,-0.03,trailing_stop
ULTRACEMCO,bollinger_meanrev,MIS,2026-07-14 11:00:00,2026-07-14 11:25:00,11291,11310.142857142857,2,-38.29,-62.26,-0.44,trailing_stop
ADANIENSOL,bollinger_meanrev,MIS,2026-07-14 11:05:00,2026-07-14 11:10:00,1681.8,1702.4,17,-350.2,-380.74,-1.19,trailing_stop
ADANIGREEN,bollinger_meanrev,MIS,2026-07-14 11:10:00,2026-07-14 12:25:00,1620.0,1603.6,18,295.2,264.47,0.91,target_mid_band
BHEL,bollinger_meanrev,MIS,2026-07-14 11:10:00,2026-07-14 12:15:00,408.0,405.8,73,160.6,129.12,0.84,target_mid_band
ICICIBANK,bollinger_meanrev,MIS,2026-07-14 11:10:00,2026-07-14 12:10:00,1410.3,1406.4,21,81.9,50.55,0.74,target_mid_band
ATGL,bollinger_meanrev,MIS,2026-07-14 11:15:00,2026-07-14 12:15:00,736.8,728.55,40,330.0,298.96,1.14,target_mid_band
TIINDIA,bollinger_meanrev,MIS,2026-07-14 11:25:00,2026-07-14 11:55:00,2860.2,2868.785714285714,10,-85.86,-116.24,-0.67,trailing_stop
ZYDUSLIFE,bollinger_meanrev,MIS,2026-07-14 11:25:00,2026-07-14 12:05:00,1150.7,1144.3,26,166.4,134.78,1.09,target_mid_band
SUPREMEIND,bollinger_meanrev,MIS,2026-07-14 11:35:00,2026-07-14 12:50:00,3421.4,3407.5142857142855,8,111.09,82.13,0.63,trailing_stop
UNIONBANK,bollinger_meanrev,MIS,2026-07-14 11:35:00,2026-07-14 12:15:00,168.96,169.07,177,-19.47,-51.2,-0.12,trailing_stop
EICHERMOT,bollinger_meanrev,MIS,2026-07-14 11:40:00,2026-07-14 11:50:00,7261.0,7284.714285714285,4,-94.86,-125.72,-0.87,trailing_stop
PIDILITIND,bollinger_meanrev,MIS,2026-07-14 12:10:00,2026-07-14 12:30:00,1562.0,1562.1571428571428,19,-2.99,-34.46,-0.03,trailing_stop
SUNPHARMA,bollinger_meanrev,MIS,2026-07-14 12:10:00,2026-07-14 13:25:00,1947.4,1948.5857142857144,15,-17.79,-48.77,-0.16,trailing_stop
ABB,bollinger_meanrev,MIS,2026-07-14 12:35:00,2026-07-14 13:20:00,6895.0,6857.0,4,152.0,122.85,1.43,target_mid_band
HINDPETRO,bollinger_meanrev,MIS,2026-07-14 13:05:00,2026-07-14 14:20:00,385.95,385.2,77,57.75,26.27,0.55,target_mid_band
ICICIGI,bollinger_meanrev,MIS,2026-07-14 13:05:00,2026-07-14 14:00:00,1774.1,1778.6857142857145,16,-73.37,-103.52,-0.62,trailing_stop
ABCAPITAL,bollinger_meanrev,MIS,2026-07-14 13:10:00,2026-07-14 13:20:00,398.0,399.5142857142857,75,-113.57,-145.3,-0.76,trailing_stop
BAJFINANCE,bollinger_meanrev,MIS,2026-07-14 13:25:00,2026-07-14 14:40:00,1010.0,1007.8,29,63.8,32.78,0.73,target_mid_band
LICHSGFIN,bollinger_meanrev,MIS,2026-07-14 13:25:00,2026-07-14 13:50:00,551.8,553.1,54,-70.2,-101.84,-0.53,trailing_stop
COROMANDEL,bollinger_meanrev,MIS,2026-07-14 13:40:00,2026-07-14 14:10:00,2066.1,2072.571428571429,14,-90.6,-121.33,-0.85,trailing_stop
MFSL,bollinger_meanrev,MIS,2026-07-14 14:00:00,2026-07-14 14:15:00,1607.4,1610.3857142857144,18,-53.74,-84.46,-0.5,trailing_stop
UNITDSPR,bollinger_meanrev,MIS,2026-07-14 14:20:00,2026-07-14 15:15:00,1389.9,1386.1,21,79.8,48.9,0.71,forced_close
RECLTD,bollinger_meanrev,MIS,2026-07-14 14:30:00,2026-07-14 14:55:00,351.8,352.10714285714283,85,-26.11,-57.83,-0.27,trailing_stop
ONGC,bollinger_meanrev,MIS,2026-07-14 14:55:00,2026-07-14 15:15:00,249.02,249.0,120,2.4,-29.29,0.04,forced_close
BHARATFORG,bollinger_meanrev,MIS,2026-07-14 15:00:00,2026-07-14 15:15:00,2122.8,2120.0,14,39.2,7.71,0.31,forced_close
LAURUSLABS,bollinger_meanrev,MIS,2026-07-14 15:00:00,2026-07-14 15:15:00,1564.0,1560.5,19,66.5,35.03,0.77,forced_close
UPL,bollinger_meanrev,MIS,2026-07-14 15:00:00,2026-07-14 15:15:00,593.3,592.8,50,25.0,-6.44,0.2,forced_close
FORTIS,bollinger_meanrev,MIS,2026-07-14 15:20:00,2026-07-14 15:25:00,971.0,972.15,30,-34.5,-65.41,-0.38,forced_close
SIEMENS,bollinger_meanrev,MIS,2026-07-14 15:25:00,2026-07-14 15:25:00,3525.0,3525.0,8,-0.0,-29.9,-0.0,eod_data_end
ABB,bollinger_meanrev,MIS,2026-07-15 09:15:00,2026-07-15 09:30:00,6970.0,7012.571428571428,4,-170.29,-199.96,-1.08,trailing_stop
ABCAPITAL,bollinger_meanrev,MIS,2026-07-15 09:15:00,2026-07-15 09:45:00,405.95,407.7714285714286,73,-132.96,-164.48,-0.71,trailing_stop
APOLLOHOSP,bollinger_meanrev,MIS,2026-07-15 09:15:00,2026-07-15 09:20:00,8957.5,8980.642857142857,3,-69.43,-97.97,-0.92,trailing_stop
ASHOKLEY,bollinger_meanrev,MIS,2026-07-15 09:15:00,2026-07-15 10:30:00,157.15,157.54285714285714,190,-74.64,-106.35,-0.54,trailing_stop
ASIANPAINT,bollinger_meanrev,MIS,2026-07-15 09:15:00,2026-07-15 09:20:00,2679.1,2681.085714285714,11,-21.84,-53.11,-0.16,trailing_stop
AXISBANK,bollinger_meanrev,MIS,2026-07-15 09:15:00,2026-07-15 09:30:00,1336.5,1345.5285714285715,22,-198.63,-229.94,-1.0,trailing_stop
BAJAJ-AUTO,bollinger_meanrev,MIS,2026-07-15 09:15:00,2026-07-15 09:20:00,10313.5,10357.5,2,-88.0,-109.93,-0.93,trailing_stop
BHARATFORG,bollinger_meanrev,MIS,2026-07-15 09:15:00,2026-07-15 10:20:00,2142.2,2129.6,14,176.4,144.71,0.95,target_mid_band
CGPOWER,bollinger_meanrev,MIS,2026-07-15 09:15:00,2026-07-15 09:20:00,923.0,925.6999999999999,32,-86.4,-117.78,-0.69,trailing_stop
CUMMINSIND,bollinger_meanrev,MIS,2026-07-15 09:15:00,2026-07-15 09:20:00,5540.5,5565.642857142857,5,-125.71,-155.17,-1.31,trailing_stop
DIVISLAB,bollinger_meanrev,MIS,2026-07-15 09:15:00,2026-07-15 09:55:00,7289.0,7325.928571428572,4,-147.71,-178.73,-0.79,trailing_stop
DIXON,bollinger_meanrev,MIS,2026-07-15 09:15:00,2026-07-15 10:50:00,13543,13545,2,-4,-32.73,-0.03,target_mid_band
FORTIS,bollinger_meanrev,MIS,2026-07-15 09:15:00,2026-07-15 09:25:00,977.65,981.85,30,-126.0,-157.18,-1.07,trailing_stop
GVT&D,bollinger_meanrev,MIS,2026-07-15 09:15:00,2026-07-15 09:20:00,4609.0,4606.371428571429,6,15.77,-13.54,0.08,trailing_stop
HAVELLS,bollinger_meanrev,MIS,2026-07-15 09:15:00,2026-07-15 09:45:00,1194.8,1188.5,25,157.5,125.93,1.03,target_mid_band
HDFCAMC,bollinger_meanrev,MIS,2026-07-15 09:15:00,2026-07-15 09:25:00,2693.8,2703.285714285714,11,-104.34,-135.83,-0.65,trailing_stop
HDFCLIFE,bollinger_meanrev,MIS,2026-07-15 09:15:00,2026-07-15 09:40:00,564.1,567.0071428571429,53,-154.08,-185.88,-0.98,trailing_stop
HINDPETRO,bollinger_meanrev,MIS,2026-07-15 09:15:00,2026-07-15 09:20:00,390.85,393.4857142857143,76,-200.31,-231.94,-1.15,trailing_stop
HINDZINC,bollinger_meanrev,MIS,2026-07-15 09:15:00,2026-07-15 10:25:00,535.9,533.8857142857142,55,110.79,79.6,0.75,trailing_stop
HYUNDAI,bollinger_meanrev,MIS,2026-07-15 09:15:00,2026-07-15 09:20:00,2026.6,2042.3142857142857,14,-220.0,-250.23,-0.84,trailing_stop
INDIANB,bollinger_meanrev,MIS,2026-07-15 09:15:00,2026-07-15 09:35:00,843.65,849.3571428571429,35,-199.75,-231.19,-1.14,trailing_stop
INDIGO,bollinger_meanrev,MIS,2026-07-15 09:15:00,2026-07-15 09:45:00,5190.0,5217.071428571428,5,-135.36,-162.96,-0.96,trailing_stop
IOC,bollinger_meanrev,MIS,2026-07-15 09:15:00,2026-07-15 10:25:00,138.11,138.65857142857143,217,-119.04,-150.9,-1.12,trailing_stop
LTF,bollinger_meanrev,MIS,2026-07-15 09:15:00,2026-07-15 10:00:00,319.6,316.1,93,325.5,294.19,1.8,target_mid_band
M&MFIN,bollinger_meanrev,MIS,2026-07-15 09:15:00,2026-07-15 09:25:00,329.5,330.3571428571429,91,-78.0,-109.85,-0.62,trailing_stop
MCX,bollinger_meanrev,MIS,2026-07-15 09:15:00,2026-07-15 09:20:00,2923.8,2927.7,10,-39.0,-70.03,-0.23,trailing_stop
MUTHOOTFIN,bollinger_meanrev,MIS,2026-07-15 09:15:00,2026-07-15 09:40:00,3059.4,3057.114285714286,9,20.57,-8.61,0.13,trailing_stop
PIDILITIND,bollinger_meanrev,MIS,2026-07-15 09:15:00,2026-07-15 10:05:00,1585.6,1589.6,18,-72.0,-102.31,-0.37,trailing_stop
SIEMENS,bollinger_meanrev,MIS,2026-07-15 09:15:00,2026-07-15 09:30:00,3550.0,3560.914285714286,8,-87.31,-117.49,-0.6,trailing_stop
SRF,bollinger_meanrev,MIS,2026-07-15 09:15:00,2026-07-15 10:30:00,2798.3,2783.4,10,149.0,119.42,0.71,target_mid_band
TIINDIA,bollinger_meanrev,MIS,2026-07-15 09:15:00,2026-07-15 09:20:00,2955.2,2962.842857142857,10,-76.43,-107.82,-0.53,trailing_stop
UPL,bollinger_meanrev,MIS,2026-07-15 09:15:00,2026-07-15 10:10:00,602.2,604.4428571428571,49,-109.9,-141.26,-0.49,trailing_stop
BPCL,bollinger_meanrev,MIS,2026-07-15 09:20:00,2026-07-15 09:45:00,308.55,309.6642857142857,97,-108.09,-139.89,-0.66,trailing_stop
CHOLAFIN,bollinger_meanrev,MIS,2026-07-15 09:20:00,2026-07-15 09:45:00,1810.3,1825.157142857143,16,-237.71,-268.58,-1.24,trailing_stop
ENRIN,bollinger_meanrev,MIS,2026-07-15 09:20:00,2026-07-15 10:35:00,3437.4,3436.5,8,7.2,-21.96,0.03,trailing_stop
JIOFIN,bollinger_meanrev,MIS,2026-07-15 09:20:00,2026-07-15 10:10:00,237.43,238.3557142857143,126,-116.64,-148.44,-0.99,trailing_stop
KOTAKBANK,bollinger_meanrev,MIS,2026-07-15 09:20:00,2026-07-15 10:40:00,381.8,380.5,78,101.4,69.88,0.65,target_mid_band
RADICO,bollinger_meanrev,MIS,2026-07-15 09:20:00,2026-07-15 10:20:00,4109.1,4061.1,7,336.0,305.71,2.06,target_mid_band
SOLARINDS,bollinger_meanrev,MIS,2026-07-15 09:20:00,2026-07-15 09:30:00,18435,18520.285714285714,1,-85.29,-104.89,-0.81,trailing_stop
CANBK,bollinger_meanrev,MIS,2026-07-15 09:25:00,2026-07-15 10:55:00,127.14,127.13,235,2.35,-29.33,0.02,target_mid_band
PIIND,bollinger_meanrev,MIS,2026-07-15 09:25:00,2026-07-15 10:10:00,2566.4,2577.6714285714284,11,-123.99,-154.0,-0.73,trailing_stop
RVNL,bollinger_meanrev,MIS,2026-07-15 09:25:00,2026-07-15 09:30:00,229.53,230.56714285714287,130,-134.83,-166.56,-0.94,trailing_stop
COCHINSHIP,bollinger_meanrev,MIS,2026-07-15 09:30:00,2026-07-15 09:45:00,1403.9,1406.6142857142856,21,-57.0,-88.3,-0.42,trailing_stop
COROMANDEL,bollinger_meanrev,MIS,2026-07-15 09:30:00,2026-07-15 10:35:00,2095.5,2099.257142857143,14,-52.6,-83.74,-0.27,trailing_stop
IREDA,bollinger_meanrev,MIS,2026-07-15 09:30:00,2026-07-15 10:15:00,122.89,123.25285714285714,244,-88.54,-120.39,-0.68,trailing_stop
LENSKART,bollinger_meanrev,MIS,2026-07-15 09:30:00,2026-07-15 10:15:00,540.7,537.55,55,173.25,141.82,0.7,target_mid_band
MAZDOCK,bollinger_meanrev,MIS,2026-07-15 09:30:00,2026-07-15 09:45:00,2383.0,2391.7714285714287,12,-105.26,-135.65,-0.7,trailing_stop
PNB,bollinger_meanrev,MIS,2026-07-15 09:30:00,2026-07-15 09:55:00,105.92,106.41857142857143,283,-141.1,-172.97,-0.89,trailing_stop
RECLTD,bollinger_meanrev,MIS,2026-07-15 09:30:00,2026-07-15 10:35:00,355.25,356.0,84,-63.0,-94.69,-0.42,trailing_stop
SHREECEM,bollinger_meanrev,MIS,2026-07-15 09:30:00,2026-07-15 10:15:00,26630,26675.0,1,-45.0,-73.27,-0.34,trailing_stop
EICHERMOT,bollinger_meanrev,MIS,2026-07-15 09:35:00,2026-07-15 10:45:00,7423.5,7371.0,4,210.0,178.65,1.06,target_mid_band
TVSMOTOR,bollinger_meanrev,MIS,2026-07-15 09:35:00,2026-07-15 10:00:00,3645.3,3612.5,8,262.4,231.64,1.68,target_mid_band
BEL,bollinger_meanrev,MIS,2026-07-15 09:40:00,2026-07-15 10:50:00,412.6,412.20714285714286,72,28.29,-3.2,0.2,trailing_stop
INDUSINDBK,bollinger_meanrev,MIS,2026-07-15 09:40:00,2026-07-15 10:55:00,1016.1,1019.0142857142856,29,-84.51,-115.82,-0.37,trailing_stop
MANKIND,bollinger_meanrev,MIS,2026-07-15 09:40:00,2026-07-15 10:05:00,2586.5,2595.1428571428573,11,-95.07,-125.3,-0.54,trailing_stop
GAIL,bollinger_meanrev,MIS,2026-07-15 09:45:00,2026-07-15 10:30:00,173.09,173.65142857142857,173,-97.13,-128.94,-0.5,trailing_stop
SBIN,bollinger_meanrev,MIS,2026-07-15 09:45:00,2026-07-15 10:55:00,1033.1,1029.7,29,98.6,66.89,0.44,target_mid_band
TATAPOWER,bollinger_meanrev,MIS,2026-07-15 09:45:00,2026-07-15 10:35:00,381.2,381.9857142857143,78,-61.29,-92.86,-0.43,trailing_stop
POLICYBZR,bollinger_meanrev,MIS,2026-07-15 09:50:00,2026-07-15 10:25:00,1600.4,1607.642857142857,18,-130.37,-161.0,-0.54,trailing_stop
MAXHEALTH,bollinger_meanrev,MIS,2026-07-15 09:55:00,2026-07-15 11:05:00,1105.7,1104.0,27,45.9,14.27,0.27,target_mid_band
ZYDUSLIFE,bollinger_meanrev,MIS,2026-07-15 10:10:00,2026-07-15 10:55:00,1153.4,1156.9428571428573,26,-92.11,-123.97,-0.43,trailing_stop
ALKEM,bollinger_meanrev,MIS,2026-07-15 10:30:00,2026-07-15 11:20:00,5679.5,5647.0,5,162.5,132.49,0.89,target_mid_band
BIOCON,bollinger_meanrev,MIS,2026-07-15 10:30:00,2026-07-15 11:00:00,440.5,435.15,68,363.8,332.27,1.63,target_mid_band
ULTRACEMCO,bollinger_meanrev,MIS,2026-07-15 10:30:00,2026-07-15 11:15:00,11588,11582.142857142857,2,11.71,-12.86,0.1,trailing_stop
INDUSTOWER,bollinger_meanrev,MIS,2026-07-15 11:25:00,2026-07-15 11:35:00,408.9,410.1642857142857,73,-92.29,-124.01,-0.96,trailing_stop
CIPLA,bollinger_meanrev,MIS,2026-07-15 11:50:00,2026-07-15 12:35:00,1449.7,1444.5,20,104.0,73.32,1.14,target_mid_band
HEROMOTOCO,bollinger_meanrev,MIS,2026-07-15 11:50:00,2026-07-15 12:20:00,4951.1,4932.0,6,114.6,83.17,0.96,target_mid_band
JUBLFOOD,bollinger_meanrev,MIS,2026-07-15 12:00:00,2026-07-15 12:45:00,429.5,430.55,69,-72.45,-103.92,-0.56,trailing_stop
TORNTPHARM,bollinger_meanrev,MIS,2026-07-15 12:10:00,2026-07-15 12:55:00,4994.0,5005.314285714286,6,-67.89,-99.7,-0.51,trailing_stop
IRCTC,bollinger_meanrev,MIS,2026-07-15 12:15:00,2026-07-15 12:20:00,502.4,502.3642857142857,59,2.11,-29.33,0.02,trailing_stop
SWIGGY,bollinger_meanrev,MIS,2026-07-15 12:50:00,2026-07-15 12:55:00,263.04,263.17571428571426,114,-15.47,-47.28,-0.09,trailing_stop
OIL,bollinger_meanrev,MIS,2026-07-15 14:00:00,2026-07-15 14:20:00,438.3,439.78571428571433,68,-101.03,-132.7,-0.6,trailing_stop
KPITTECH,bollinger_meanrev,MIS,2026-07-15 14:15:00,2026-07-15 14:35:00,549.45,551.3357142857143,54,-101.83,-133.36,-0.85,trailing_stop
PERSISTENT,bollinger_meanrev,MIS,2026-07-15 14:15:00,2026-07-15 14:45:00,5115.3,5084.0,5,156.5,129.48,1.54,target_mid_band
TATACOMM,bollinger_meanrev,MIS,2026-07-15 14:20:00,2026-07-15 14:35:00,1843.1,1849.2428571428572,16,-98.29,-129.62,-0.83,trailing_stop
ASTRAL,bollinger_meanrev,MIS,2026-07-15 15:00:00,2026-07-15 15:05:00,1361.3,1362.4285714285713,22,-24.83,-56.6,-0.21,trailing_stop
DIXON,bollinger_meanrev,MIS,2026-07-16 09:15:00,2026-07-16 10:35:00,14634,14238,2,792,761.47,1.98,target_mid_band
HCLTECH,bollinger_meanrev,MIS,2026-07-16 09:15:00,2026-07-16 09:55:00,1197.2,1202.4285714285713,25,-130.71,-162.54,-0.65,trailing_stop
IDEA,bollinger_meanrev,MIS,2026-07-16 09:15:00,2026-07-16 09:20:00,13.97,13.927142857142856,2147,92.01,60.27,0.33,trailing_stop
MARUTI,bollinger_meanrev,MIS,2026-07-16 09:15:00,2026-07-16 10:30:00,13776,13714,2,124,94.86,0.97,target_mid_band
NAUKRI,bollinger_meanrev,MIS,2026-07-16 09:15:00,2026-07-16 10:40:00,1197.45,1197.95,25,-12.5,-44.25,-0.08,trailing_stop
TATAELXSI,bollinger_meanrev,MIS,2026-07-16 09:15:00,2026-07-16 09:20:00,3551.5,3565.6428571428573,8,-113.14,-143.34,-0.62,trailing_stop
TMPV,bollinger_meanrev,MIS,2026-07-16 09:15:00,2026-07-16 09:20:00,337.5,338.8214285714286,88,-116.29,-147.86,-0.78,trailing_stop
MPHASIS,bollinger_meanrev,MIS,2026-07-16 09:20:00,2026-07-16 10:40:00,2382.0,2374.9714285714285,12,84.34,54.08,0.44,trailing_stop
SRF,bollinger_meanrev,MIS,2026-07-16 09:20:00,2026-07-16 09:25:00,2842.0,2856.6571428571433,10,-146.57,-176.8,-0.79,trailing_stop
HINDUNILVR,bollinger_meanrev,MIS,2026-07-16 09:25:00,2026-07-16 09:45:00,2115.9,2119.042857142857,14,-44.0,-75.44,-0.37,trailing_stop
SWIGGY,bollinger_meanrev,MIS,2026-07-16 09:25:00,2026-07-16 09:50:00,273.92,276.14571428571423,109,-242.6,-274.42,-0.84,trailing_stop
BPCL,bollinger_meanrev,MIS,2026-07-16 09:30:00,2026-07-16 09:35:00,313.85,315.81428571428575,95,-186.61,-218.34,-1.29,trailing_stop
HINDPETRO,bollinger_meanrev,MIS,2026-07-16 09:35:00,2026-07-16 10:55:00,404.4,401.95,74,181.3,149.68,0.86,target_mid_band
DMART,bollinger_meanrev,MIS,2026-07-16 09:45:00,2026-07-16 10:45:00,3981.2,3959.0,7,155.4,125.95,1.16,target_mid_band
GAIL,bollinger_meanrev,MIS,2026-07-16 09:45:00,2026-07-16 11:10:00,175.53,174.95,170,98.6,67.02,0.61,target_mid_band
BHARATFORG,bollinger_meanrev,MIS,2026-07-16 10:30:00,2026-07-16 10:35:00,2115.6,2115.942857142857,14,-4.8,-36.21,-0.03,trailing_stop
BIOCON,bollinger_meanrev,MIS,2026-07-16 10:30:00,2026-07-16 11:10:00,445.85,441.05,67,321.6,290.13,1.03,target_mid_band
DIVISLAB,bollinger_meanrev,MIS,2026-07-16 10:30:00,2026-07-16 11:40:00,7388.0,7374.5,4,54.0,22.7,0.46,trailing_stop
ABB,bollinger_meanrev,MIS,2026-07-16 10:40:00,2026-07-16 10:45:00,7731.0,7867.857142857143,3,-410.57,-435.43,-1.1,trailing_stop
CUMMINSIND,bollinger_meanrev,MIS,2026-07-16 10:40:00,2026-07-16 10:45:00,5602.0,5629.5,5,-137.5,-167.29,-0.93,trailing_stop
SIEMENS,bollinger_meanrev,MIS,2026-07-16 10:40:00,2026-07-16 10:45:00,3705.0,3763.0285714285715,8,-464.23,-495.96,-1.54,trailing_stop
SUPREMEIND,bollinger_meanrev,MIS,2026-07-16 10:40:00,2026-07-16 11:05:00,3512.0,3534.4857142857145,8,-179.89,-209.8,-1.12,trailing_stop
TIINDIA,bollinger_meanrev,MIS,2026-07-16 10:40:00,2026-07-16 10:45:00,2984.8,3005.4,10,-206.0,-237.78,-1.07,trailing_stop
ADANIENSOL,bollinger_meanrev,MIS,2026-07-16 10:45:00,2026-07-16 11:40:00,1732.8,1743.2714285714285,17,-178.01,-209.37,-0.68,trailing_stop
ADANIGREEN,bollinger_meanrev,MIS,2026-07-16 10:45:00,2026-07-16 11:50:00,1579.0,1569.0,18,180.0,149.98,0.87,target_mid_band
ATGL,bollinger_meanrev,MIS,2026-07-16 10:45:00,2026-07-16 11:50:00,720.4,717.0,41,139.4,108.17,0.8,target_mid_band
CGPOWER,bollinger_meanrev,MIS,2026-07-16 10:45:00,2026-07-16 10:50:00,946.3,944.9857142857143,31,40.74,9.66,0.15,trailing_stop
IREDA,bollinger_meanrev,MIS,2026-07-16 10:45:00,2026-07-16 11:35:00,121.8,121.38,246,103.32,71.61,0.91,target_mid_band
IRFC,bollinger_meanrev,MIS,2026-07-16 10:45:00,2026-07-16 11:00:00,89.13,89.32,336,-63.84,-95.64,-0.67,trailing_stop
M&MFIN,bollinger_meanrev,MIS,2026-07-16 10:45:00,2026-07-16 11:35:00,326.2,325.05,91,104.65,73.24,0.9,target_mid_band
BRITANNIA,bollinger_meanrev,MIS,2026-07-16 10:50:00,2026-07-16 11:05:00,5354.0,5359.714285714285,5,-28.57,-56.98,-0.32,trailing_stop
JSWENERGY,bollinger_meanrev,MIS,2026-07-16 10:50:00,2026-07-16 11:10:00,554.95,554.6785714285714,54,14.66,-17.11,0.11,trailing_stop
JUBLFOOD,bollinger_meanrev,MIS,2026-07-16 10:50:00,2026-07-16 11:30:00,430.65,428.4,69,155.25,123.84,1.14,target_mid_band
NHPC,bollinger_meanrev,MIS,2026-07-16 10:50:00,2026-07-16 11:00:00,79.74,79.94857142857143,376,-78.42,-110.27,-0.81,trailing_stop
SBIN,bollinger_meanrev,MIS,2026-07-16 10:55:00,2026-07-16 11:25:00,1034.6,1034.2714285714285,28,9.2,-21.51,0.1,trailing_stop
COLPAL,bollinger_meanrev,MIS,2026-07-16 11:00:00,2026-07-16 11:40:00,2025.5,2014.0,14,161.0,131.03,1.7,target_mid_band
POWERGRID,bollinger_meanrev,MIS,2026-07-16 11:00:00,2026-07-16 11:30:00,282.8,283.55,106,-79.5,-111.34,-0.86,trailing_stop
ASTRAL,bollinger_meanrev,MIS,2026-07-16 11:10:00,2026-07-16 12:00:00,1387.0,1388.857142857143,21,-39.0,-69.91,-0.16,trailing_stop
AUROPHARMA,bollinger_meanrev,MIS,2026-07-16 11:25:00,2026-07-16 12:35:00,1559.0,1559.142857142857,19,-2.71,-34.13,-0.03,trailing_stop
HDFCLIFE,bollinger_meanrev,MIS,2026-07-16 11:30:00,2026-07-16 11:55:00,568.85,569.0428571428571,52,-10.03,-41.4,-0.07,trailing_stop
TITAN,bollinger_meanrev,MIS,2026-07-16 11:30:00,2026-07-16 12:05:00,4660.0,4641.2,6,112.8,83.22,1.05,target_mid_band
BAJFINANCE,bollinger_meanrev,MIS,2026-07-16 11:35:00,2026-07-16 12:05:00,1042.0,1036.1,28,165.2,134.37,1.56,target_mid_band
BHARTIARTL,bollinger_meanrev,MIS,2026-07-16 11:35:00,2026-07-16 12:15:00,1930.2,1931.1571428571428,15,-14.36,-45.07,-0.2,trailing_stop
INDIGO,bollinger_meanrev,MIS,2026-07-16 11:40:00,2026-07-16 12:50:00,5248.5,5247.142857142857,5,6.79,-21.04,0.05,trailing_stop
TCS,bollinger_meanrev,MIS,2026-07-16 11:50:00,2026-07-16 12:00:00,2226.4,2230.914285714286,13,-58.69,-89.42,-0.62,trailing_stop
TRENT,bollinger_meanrev,MIS,2026-07-16 12:10:00,2026-07-16 12:40:00,2905.0,2881.3,10,237.0,206.35,1.76,target_mid_band
UPL,bollinger_meanrev,MIS,2026-07-16 12:20:00,2026-07-16 12:25:00,615.4,617.9857142857143,48,-124.11,-155.52,-1.12,trailing_stop
GODFRYPHLP,bollinger_meanrev,MIS,2026-07-16 12:35:00,2026-07-16 13:30:00,2124.9,2117.4,14,105.0,73.52,0.7,target_mid_band
ONGC,bollinger_meanrev,MIS,2026-07-16 12:40:00,2026-07-16 12:45:00,247.5,247.79285714285714,121,-35.44,-67.22,-0.47,trailing_stop
ITC,bollinger_meanrev,MIS,2026-07-16 13:05:00,2026-07-16 13:35:00,280.2,279.1,107,117.7,85.98,1.25,target_mid_band
UNITDSPR,bollinger_meanrev,MIS,2026-07-16 13:55:00,2026-07-16 15:00:00,1390.0,1381.2,21,184.8,153.96,1.25,target_mid_band
BAJAJHLDNG,bollinger_meanrev,MIS,2026-07-16 14:05:00,2026-07-16 14:15:00,10443,10446.142857142857,2,-6.29,-28.44,-0.12,trailing_stop
CONCOR,bollinger_meanrev,MIS,2026-07-16 14:05:00,2026-07-16 15:05:00,490.8,491.3857142857143,61,-35.73,-67.5,-0.25,trailing_stop
ICICIBANK,bollinger_meanrev,MIS,2026-07-16 14:50:00,2026-07-16 15:00:00,1415.9,1420.8857142857144,21,-104.7,-136.3,-1.22,trailing_stop
AXISBANK,bollinger_meanrev,MIS,2026-07-16 14:55:00,2026-07-16 15:15:00,1309.0,1305.9,22,68.2,37.7,0.8,forced_close
TORNTPHARM,bollinger_meanrev,MIS,2026-07-16 15:05:00,2026-07-16 15:15:00,5077.9,4960.7,5,586.0,559.45,1.87,forced_close
BAJAJ-AUTO,bollinger_meanrev,MIS,2026-07-17 09:15:00,2026-07-17 09:20:00,10413.0,10461.42857142857,2,-96.86,-119.0,-1.13,trailing_stop
EICHERMOT,bollinger_meanrev,MIS,2026-07-17 09:15:00,2026-07-17 09:25:00,7517.0,7541.785714285715,3,-74.36,-98.32,-0.63,trailing_stop
EXIDEIND,bollinger_meanrev,MIS,2026-07-17 09:15:00,2026-07-17 09:20:00,424.3,427.12857142857143,70,-198.0,-229.62,-1.24,trailing_stop
FEDERALBNK,bollinger_meanrev,MIS,2026-07-17 09:15:00,2026-07-17 09:55:00,333.0,334.0285714285714,90,-92.57,-124.41,-0.42,trailing_stop
ICICIBANK,bollinger_meanrev,MIS,2026-07-17 09:15:00,2026-07-17 10:25:00,1428.3,1432.2857142857144,21,-83.7,-115.56,-0.58,trailing_stop
JIOFIN,bollinger_meanrev,MIS,2026-07-17 09:15:00,2026-07-17 09:20:00,247.95,248.6942857142857,120,-89.31,-120.92,-0.29,trailing_stop
TECHM,bollinger_meanrev,MIS,2026-07-17 09:15:00,2026-07-17 09:25:00,1552.0,1557.3000000000002,19,-100.7,-132.04,-0.4,trailing_stop
ICICIAMC,bollinger_meanrev,MIS,2026-07-17 09:20:00,2026-07-17 09:25:00,3123.0,3123.4714285714285,9,-4.24,-34.05,-0.04,trailing_stop
POLICYBZR,bollinger_meanrev,MIS,2026-07-17 09:20:00,2026-07-17 09:25:00,1583.5,1593.557142857143,18,-181.03,-211.37,-1.07,trailing_stop
TVSMOTOR,bollinger_meanrev,MIS,2026-07-17 09:20:00,2026-07-17 10:30:00,3595.9,3606.9,8,-88.0,-118.56,-0.62,trailing_stop
BHARATFORG,bollinger_meanrev,MIS,2026-07-17 09:30:00,2026-07-17 10:10:00,2127.6,2136.442857142857,14,-123.8,-155.47,-0.62,trailing_stop
SBIN,bollinger_meanrev,MIS,2026-07-17 09:30:00,2026-07-17 10:30:00,1043.6,1044.4857142857143,28,-24.8,-55.8,-0.17,trailing_stop
HDFCLIFE,bollinger_meanrev,MIS,2026-07-17 10:05:00,2026-07-17 10:50:00,576.0,571.45,52,236.6,204.99,1.15,target_mid_band
BEL,bollinger_meanrev,MIS,2026-07-17 10:15:00,2026-07-17 10:55:00,410.5,408.95,73,113.15,81.44,0.89,target_mid_band
PFC,bollinger_meanrev,MIS,2026-07-17 10:15:00,2026-07-17 10:45:00,406.6,403.8,73,204.4,173.05,1.18,target_mid_band
BAJAJFINSV,bollinger_meanrev,MIS,2026-07-17 10:20:00,2026-07-17 10:35:00,1859.0,1869.7857142857142,16,-172.57,-204.22,-0.77,trailing_stop
NHPC,bollinger_meanrev,MIS,2026-07-17 10:25:00,2026-07-17 11:25:00,79.36,79.08,378,105.84,74.1,0.89,target_mid_band
DLF,bollinger_meanrev,MIS,2026-07-17 10:35:00,2026-07-17 11:35:00,674.05,665.85,44,360.8,329.58,1.09,target_mid_band
OBEROIRLTY,bollinger_meanrev,MIS,2026-07-17 10:35:00,2026-07-17 11:25:00,1888.8,1881.0,15,117.0,87.03,0.61,target_mid_band
HAVELLS,bollinger_meanrev,MIS,2026-07-17 11:45:00,2026-07-17 11:50:00,1181.4,1182.8714285714286,25,-36.79,-68.13,-0.37,trailing_stop
SBICARD,bollinger_meanrev,MIS,2026-07-17 11:50:00,2026-07-17 12:45:00,650.45,653.9285714285714,46,-160.01,-191.85,-1.14,trailing_stop
INDIGO,bollinger_meanrev,MIS,2026-07-17 11:55:00,2026-07-17 12:50:00,5278.0,5257.5,5,102.5,74.58,0.94,target_mid_band
LT,bollinger_meanrev,MIS,2026-07-17 11:55:00,2026-07-17 12:40:00,3821.7,3799.8,7,153.3,125.03,1.73,target_mid_band
TMCV,bollinger_meanrev,MIS,2026-07-17 11:55:00,2026-07-17 12:00:00,417.85,419.45714285714286,71,-114.11,-145.64,-0.8,trailing_stop
KOTAKBANK,bollinger_meanrev,MIS,2026-07-17 12:00:00,2026-07-17 13:00:00,387.25,385.4,77,142.45,110.92,1.16,target_mid_band
CHOLAFIN,bollinger_meanrev,MIS,2026-07-17 12:10:00,2026-07-17 12:45:00,1806.7,1807.942857142857,16,-19.89,-50.55,-0.22,trailing_stop
LGEINDIA,bollinger_meanrev,MIS,2026-07-17 12:10:00,2026-07-17 13:15:00,1586.9,1583.1,18,68.4,38.15,0.64,target_mid_band
ABCAPITAL,bollinger_meanrev,MIS,2026-07-17 12:20:00,2026-07-17 13:30:00,401.75,401.35,74,29.6,-1.91,0.28,target_mid_band
TORNTPHARM,bollinger_meanrev,MIS,2026-07-17 12:30:00,2026-07-17 13:00:00,4816.0,4820.742857142857,6,-28.46,-59.12,-0.15,trailing_stop
COLPAL,bollinger_meanrev,MIS,2026-07-17 12:40:00,2026-07-17 13:45:00,2028.1,2031.2571428571428,14,-44.2,-74.34,-0.29,trailing_stop
INDIANB,bollinger_meanrev,MIS,2026-07-17 12:40:00,2026-07-17 13:05:00,827.55,829.5428571428572,36,-71.74,-103.38,-0.62,trailing_stop
HINDPETRO,bollinger_meanrev,MIS,2026-07-17 12:45:00,2026-07-17 13:40:00,401.0,399.8,74,88.8,57.39,0.73,target_mid_band
PNB,bollinger_meanrev,MIS,2026-07-17 12:45:00,2026-07-17 13:05:00,105.23,105.41571428571429,285,-52.93,-84.77,-0.68,trailing_stop
MARICO,bollinger_meanrev,MIS,2026-07-17 12:50:00,2026-07-17 13:55:00,843.7,842.0428571428572,35,58.0,26.72,0.52,trailing_stop
MOTHERSON,bollinger_meanrev,MIS,2026-07-17 13:00:00,2026-07-17 14:10:00,145.18,145.2,206,-4.12,-35.84,-0.04,trailing_stop
SWIGGY,bollinger_meanrev,MIS,2026-07-17 13:00:00,2026-07-17 13:45:00,280.0,280.2285714285714,107,-24.46,-56.24,-0.14,trailing_stop
BANKBARODA,bollinger_meanrev,MIS,2026-07-17 13:05:00,2026-07-17 14:00:00,247.1,246.55,121,66.55,34.89,0.92,target_mid_band
TMPV,bollinger_meanrev,MIS,2026-07-17 13:05:00,2026-07-17 13:25:00,335.05,333.75,89,115.7,84.15,0.95,target_mid_band
OIL,bollinger_meanrev,MIS,2026-07-17 13:30:00,2026-07-17 14:00:00,435.3,436.4214285714286,68,-76.26,-107.7,-0.86,trailing_stop
CUMMINSIND,bollinger_meanrev,MIS,2026-07-17 13:40:00,2026-07-17 13:55:00,5443.0,5452.928571428572,5,-49.64,-78.53,-1.03,trailing_stop
HUDCO,bollinger_meanrev,MIS,2026-07-17 13:50:00,2026-07-17 14:15:00,203.0,203.5142857142857,147,-75.6,-107.29,-0.78,trailing_stop
DRREDDY,bollinger_meanrev,MIS,2026-07-17 14:00:00,2026-07-17 15:15:00,1212.9,1210.0,24,69.6,38.78,0.75,target_mid_band
KALYANKJIL,bollinger_meanrev,MIS,2026-07-17 14:00:00,2026-07-17 14:05:00,572.9,575.1142857142858,52,-115.14,-146.81,-0.54,trailing_stop
MOTILALOFS,bollinger_meanrev,MIS,2026-07-17 14:05:00,2026-07-17 14:15:00,971.8,974.0714285714286,30,-68.14,-99.1,-0.64,trailing_stop
MUTHOOTFIN,bollinger_meanrev,MIS,2026-07-17 14:25:00,2026-07-17 14:45:00,2972.2,2980.5,10,-83.0,-114.57,-0.76,trailing_stop
BPCL,bollinger_meanrev,MIS,2026-07-17 14:30:00,2026-07-17 15:00:00,315.0,315.4428571428572,95,-42.07,-73.83,-0.6,trailing_stop
IDFCFIRSTB,bollinger_meanrev,MIS,2026-07-17 14:30:00,2026-07-17 14:35:00,80.11,80.48142857142857,374,-138.91,-170.78,-0.91,trailing_stop
WAAREEENER,bollinger_meanrev,MIS,2026-07-17 14:35:00,2026-07-17 15:00:00,2836.9,2843.457142857143,10,-65.57,-95.7,-0.66,trailing_stop
IRCTC,bollinger_meanrev,MIS,2026-07-17 14:40:00,2026-07-17 14:55:00,505.0,505.4428571428572,59,-26.13,-57.74,-0.27,trailing_stop
MPHASIS,bollinger_meanrev,MIS,2026-07-17 14:45:00,2026-07-17 14:55:00,2403.8,2402.8571428571427,12,11.31,-19.27,0.1,trailing_stop
SUZLON,bollinger_meanrev,MIS,2026-07-17 14:45:00,2026-07-17 15:15:00,52.22,51.92,574,172.2,140.52,0.93,forced_close
SAIL,bollinger_meanrev,MIS,2026-07-17 14:50:00,2026-07-17 15:10:00,162.6,163.4,184,-147.2,-179.02,-0.97,trailing_stop
GODREJCP,bollinger_meanrev,MIS,2026-07-17 14:55:00,2026-07-17 15:15:00,1073.1,1070.6,27,67.5,36.82,0.71,forced_close
HINDZINC,bollinger_meanrev,MIS,2026-07-17 14:55:00,2026-07-17 15:15:00,518.5,518.25,57,14.25,-17.08,0.18,forced_close
IREDA,bollinger_meanrev,MIS,2026-07-17 14:55:00,2026-07-17 15:15:00,121.74,121.67,246,17.22,-14.53,0.13,forced_close
PAYTM,bollinger_meanrev,MIS,2026-07-17 14:55:00,2026-07-17 15:15:00,1355.9,1344.8,22,244.2,212.72,1.42,forced_close
YESBANK,bollinger_meanrev,MIS,2026-07-17 14:55:00,2026-07-17 15:15:00,23.71,23.58,1265,164.45,132.75,0.88,forced_close
TATASTEEL,bollinger_meanrev,MIS,2026-07-17 15:00:00,2026-07-17 15:15:00,186.27,185.58,161,111.09,79.36,0.77,forced_close
VEDL,bollinger_meanrev,MIS,2026-07-17 15:00:00,2026-07-17 15:15:00,253.75,252.75,118,118.0,86.32,0.67,forced_close
ETERNAL,bollinger_meanrev,MIS,2026-07-17 15:15:00,2026-07-17 15:20:00,286.8,287.05,104,-26.0,-57.65,-0.2,forced_close
IOC,bollinger_meanrev,MIS,2026-07-17 15:15:00,2026-07-17 15:20:00,141.78,141.62,211,33.76,2.06,0.43,forced_close
APOLLOHOSP,bollinger_meanrev,MIS,2026-07-20 09:15:00,2026-07-20 10:00:00,8885.0,8890.785714285714,3,-17.36,-45.63,-0.15,trailing_stop
BHARTIARTL,bollinger_meanrev,MIS,2026-07-20 09:15:00,2026-07-20 10:30:00,1933.7,1934.9714285714285,15,-19.07,-49.84,-0.14,trailing_stop
CANBK,bollinger_meanrev,MIS,2026-07-20 09:15:00,2026-07-20 09:20:00,127.19,127.85428571428571,235,-156.11,-187.9,-0.88,trailing_stop
CIPLA,bollinger_meanrev,MIS,2026-07-20 09:15:00,2026-07-20 09:30:00,1434.4,1439.5,20,-102.0,-132.49,-0.82,trailing_stop
HINDALCO,bollinger_meanrev,MIS,2026-07-20 09:15:00,2026-07-20 09:45:00,949.9,950.4,31,-15.5,-46.74,-0.11,trailing_stop
HINDZINC,bollinger_meanrev,MIS,2026-07-20 09:15:00,2026-07-20 10:25:00,521.7,523.5285714285715,57,-104.23,-135.83,-0.78,trailing_stop
NATIONALUM,bollinger_meanrev,MIS,2026-07-20 09:15:00,2026-07-20 10:10:00,345.9,347.3857142857143,86,-127.77,-159.4,-0.53,trailing_stop
NYKAA,bollinger_meanrev,MIS,2026-07-20 09:15:00,2026-07-20 09:30:00,324.9,326.2642857142857,92,-125.51,-157.29,-0.79,trailing_stop
ONGC,bollinger_meanrev,MIS,2026-07-20 09:15:00,2026-07-20 09:25:00,250.85,252.08857142857144,119,-147.39,-179.14,-1.15,trailing_stop
PNB,bollinger_meanrev,MIS,2026-07-20 09:15:00,2026-07-20 09:20:00,109.54,110.63285714285715,273,-298.35,-330.25,-1.08,trailing_stop
COALINDIA,bollinger_meanrev,MIS,2026-07-20 09:20:00,2026-07-20 10:35:00,432.75,430.6,69,148.35,116.78,1.1,target_mid_band
EXIDEIND,bollinger_meanrev,MIS,2026-07-20 09:20:00,2026-07-20 09:30:00,438.85,438.6642857142857,68,12.63,-19.01,0.07,trailing_stop
GVT&D,bollinger_meanrev,MIS,2026-07-20 09:20:00,2026-07-20 10:30:00,4469.7,4476.628571428571,6,-41.57,-70.04,-0.14,trailing_stop
LUPIN,bollinger_meanrev,MIS,2026-07-20 09:20:00,2026-07-20 10:45:00,2465.3,2465.5285714285715,12,-2.74,-34.12,-0.02,trailing_stop
MPHASIS,bollinger_meanrev,MIS,2026-07-20 09:20:00,2026-07-20 09:40:00,2434.4,2437.971428571429,12,-42.86,-73.86,-0.19,trailing_stop
SBIN,bollinger_meanrev,MIS,2026-07-20 09:20:00,2026-07-20 09:30:00,1053.2,1053.0285714285715,28,4.8,-26.47,0.03,trailing_stop
SOLARINDS,bollinger_meanrev,MIS,2026-07-20 09:20:00,2026-07-20 09:25:00,18824,18852.285714285714,1,-28.29,-48.27,-0.19,trailing_stop
VEDL,bollinger_meanrev,MIS,2026-07-20 09:20:00,2026-07-20 09:30:00,256.7,257.7285714285714,116,-119.31,-150.97,-0.56,trailing_stop
JSWENERGY,bollinger_meanrev,MIS,2026-07-20 09:25:00,2026-07-20 10:00:00,550.1,553.2642857142857,54,-170.87,-202.48,-0.82,trailing_stop
OIL,bollinger_meanrev,MIS,2026-07-20 09:25:00,2026-07-20 10:50:00,448.5,445.75,66,181.5,150.23,0.65,target_mid_band
PIIND,bollinger_meanrev,MIS,2026-07-20 09:25:00,2026-07-20 09:35:00,2669.5,2682.3714285714286,11,-141.59,-172.82,-0.84,trailing_stop
NTPC,bollinger_meanrev,MIS,2026-07-20 09:30:00,2026-07-20 09:35:00,345.9,346.67857142857144,86,-66.96,-98.55,-0.46,trailing_stop
RELIANCE,bollinger_meanrev,MIS,2026-07-20 09:30:00,2026-07-20 10:10:00,1338.0,1329.3,22,191.4,160.31,0.73,target_mid_band
TRENT,bollinger_meanrev,MIS,2026-07-20 09:35:00,2026-07-20 10:15:00,2903.9,2915.1857142857143,10,-112.86,-143.72,-0.58,trailing_stop
POWERGRID,bollinger_meanrev,MIS,2026-07-20 09:45:00,2026-07-20 10:15:00,286.55,288.1142857142857,104,-162.69,-194.39,-0.92,trailing_stop
RECLTD,bollinger_meanrev,MIS,2026-07-20 10:00:00,2026-07-20 11:25:00,360.95,359.3,83,136.95,105.27,0.65,target_mid_band
JINDALSTEL,bollinger_meanrev,MIS,2026-07-20 10:10:00,2026-07-20 11:30:00,1042.3,1040.8,28,42.0,11.08,0.21,trailing_stop
DIXON,bollinger_meanrev,MIS,2026-07-20 10:25:00,2026-07-20 11:25:00,14483,14503.142857142857,2,-40.29,-71.03,-0.22,trailing_stop
ETERNAL,bollinger_meanrev,MIS,2026-07-20 10:35:00,2026-07-20 11:15:00,288.65,289.09999999999997,103,-46.35,-77.91,-0.3,trailing_stop
COLPAL,bollinger_meanrev,MIS,2026-07-20 10:40:00,2026-07-20 10:45:00,2080.3,2093.9285714285716,14,-190.8,-221.81,-1.12,trailing_stop
ITC,bollinger_meanrev,MIS,2026-07-20 10:45:00,2026-07-20 10:55:00,281.95,282.7785714285714,106,-87.83,-119.58,-1.1,trailing_stop
DABUR,bollinger_meanrev,MIS,2026-07-20 10:50:00,2026-07-20 11:00:00,429.7,430.6928571428571,69,-68.51,-99.99,-0.74,trailing_stop
MARICO,bollinger_meanrev,MIS,2026-07-20 10:50:00,2026-07-20 11:30:00,849.3,852.5714285714286,35,-114.5,-146.1,-1.08,trailing_stop
NAUKRI,bollinger_meanrev,MIS,2026-07-20 10:55:00,2026-07-20 11:00:00,1200.2,1200.7285714285715,24,-12.69,-43.24,-0.09,trailing_stop
NESTLEIND,bollinger_meanrev,MIS,2026-07-20 10:55:00,2026-07-20 12:10:00,1446.0,1444.3,20,34.0,3.35,0.28,trailing_stop
BANKBARODA,bollinger_meanrev,MIS,2026-07-20 11:00:00,2026-07-20 12:05:00,252.7,252.15,118,64.9,33.32,0.4,target_mid_band
INDIANB,bollinger_meanrev,MIS,2026-07-20 11:00:00,2026-07-20 12:10:00,852.2,849.9,35,80.5,48.92,0.39,trailing_stop
GODREJCP,bollinger_meanrev,MIS,2026-07-20 11:05:00,2026-07-20 11:50:00,1064.9,1061.5,28,95.2,63.64,1.09,target_mid_band
DMART,bollinger_meanrev,MIS,2026-07-20 11:15:00,2026-07-20 12:00:00,3997.8,3975.6,7,155.4,125.82,1.52,target_mid_band
HCLTECH,bollinger_meanrev,MIS,2026-07-20 11:20:00,2026-07-20 12:10:00,1214.7,1212.5,24,52.8,21.92,0.54,target_mid_band
MANKIND,bollinger_meanrev,MIS,2026-07-20 11:55:00,2026-07-20 12:10:00,2550.5,2565.542857142857,11,-165.47,-195.33,-1.04,trailing_stop
DIVISLAB,bollinger_meanrev,MIS,2026-07-20 12:00:00,2026-07-20 12:10:00,7391.0,7410.142857142857,4,-76.57,-107.97,-0.94,trailing_stop
AUROPHARMA,bollinger_meanrev,MIS,2026-07-20 12:05:00,2026-07-20 12:15:00,1559.2,1562.5714285714284,19,-64.06,-95.51,-0.53,trailing_stop
GLENMARK,bollinger_meanrev,MIS,2026-07-20 12:10:00,2026-07-20 12:15:00,2245.6,2253.7714285714287,13,-106.23,-137.25,-1.09,trailing_stop
DRREDDY,bollinger_meanrev,MIS,2026-07-20 12:15:00,2026-07-20 12:25:00,1222.8,1224.7142857142856,24,-45.94,-77.09,-0.51,trailing_stop
IDFCFIRSTB,bollinger_meanrev,MIS,2026-07-20 12:20:00,2026-07-20 12:30:00,81.23,81.54714285714286,369,-117.03,-148.89,-0.67,trailing_stop
RADICO,bollinger_meanrev,MIS,2026-07-20 12:30:00,2026-07-20 12:35:00,4157.1,4171.728571428571,7,-102.4,-133.32,-1.21,trailing_stop
BHARATFORG,bollinger_meanrev,MIS,2026-07-20 12:35:00,2026-07-20 12:45:00,2206.9,2198.5,13,109.2,78.85,0.77,trailing_stop
VBL,bollinger_meanrev,MIS,2026-07-20 12:50:00,2026-07-20 14:15:00,465.85,465.35,64,32.0,0.4,0.3,target_mid_band
HINDPETRO,bollinger_meanrev,MIS,2026-07-20 13:00:00,2026-07-20 13:25:00,401.1,402.5785714285714,74,-109.41,-140.96,-0.79,trailing_stop
SIEMENS,bollinger_meanrev,MIS,2026-07-20 13:00:00,2026-07-20 13:50:00,3676.0,3684.1285714285714,8,-65.03,-96.26,-0.69,trailing_stop
BANKINDIA,bollinger_meanrev,MIS,2026-07-20 13:05:00,2026-07-20 13:15:00,145.5,146.10999999999999,206,-125.66,-157.53,-1.1,trailing_stop
IRCTC,bollinger_meanrev,MIS,2026-07-20 13:10:00,2026-07-20 13:15:00,505.85,505.8071428571429,59,2.53,-29.12,0.03,trailing_stop
TATAPOWER,bollinger_meanrev,MIS,2026-07-20 13:10:00,2026-07-20 13:55:00,383.75,384.54285714285714,78,-61.84,-93.62,-0.73,trailing_stop
ADANIPORTS,bollinger_meanrev,MIS,2026-07-20 13:15:00,2026-07-20 13:30:00,1846.6,1851.3142857142857,16,-75.43,-106.81,-0.97,trailing_stop
BAJFINANCE,bollinger_meanrev,MIS,2026-07-20 13:15:00,2026-07-20 14:20:00,1062.0,1066.4857142857143,28,-125.6,-157.21,-0.64,trailing_stop
BPCL,bollinger_meanrev,MIS,2026-07-20 13:15:00,2026-07-20 13:25:00,315.65,317.2,95,-147.25,-179.14,-1.09,trailing_stop
HUDCO,bollinger_meanrev,MIS,2026-07-20 13:15:00,2026-07-20 13:35:00,201.9,202.22000000000003,148,-47.36,-79.08,-0.85,trailing_stop
MUTHOOTFIN,bollinger_meanrev,MIS,2026-07-20 13:15:00,2026-07-20 14:30:00,2997.0,2985.2,10,118.0,86.29,0.94,target_mid_band
RVNL,bollinger_meanrev,MIS,2026-07-20 13:15:00,2026-07-20 14:05:00,225.99,226.6957142857143,132,-93.15,-124.85,-1.13,trailing_stop
ASTRAL,bollinger_meanrev,MIS,2026-07-20 13:20:00,2026-07-20 13:35:00,1396.1,1398.1142857142856,21,-42.3,-73.42,-0.43,trailing_stop
ADANIENT,bollinger_meanrev,MIS,2026-07-20 13:30:00,2026-07-20 14:00:00,3175.1,3180.0285714285715,9,-44.36,-74.69,-0.53,trailing_stop
ADANIGREEN,bollinger_meanrev,MIS,2026-07-20 13:30:00,2026-07-20 14:25:00,1531.6,1537.6285714285714,19,-114.54,-145.48,-0.82,trailing_stop
ATGL,bollinger_meanrev,MIS,2026-07-20 13:30:00,2026-07-20 14:40:00,715.05,714.7428571428571,41,12.59,-18.49,0.13,trailing_stop
GODFRYPHLP,bollinger_meanrev,MIS,2026-07-20 13:30:00,2026-07-20 14:55:00,2134.0,2136.4,14,-33.6,-65.3,-0.43,target_mid_band
ADANIENSOL,bollinger_meanrev,MIS,2026-07-20 13:35:00,2026-07-20 14:00:00,1730.7,1737.557142857143,17,-116.57,-147.85,-1.1,trailing_stop
ASHOKLEY,bollinger_meanrev,MIS,2026-07-20 13:35:00,2026-07-20 14:35:00,155.3,154.66,193,123.52,91.81,0.91,target_mid_band
CONCOR,bollinger_meanrev,MIS,2026-07-20 13:35:00,2026-07-20 14:45:00,499.45,499.27142857142854,60,10.71,-21.06,0.09,trailing_stop
MOTILALOFS,bollinger_meanrev,MIS,2026-07-20 13:35:00,2026-07-20 13:45:00,967.15,971.9928571428571,31,-150.13,-182.02,-1.02,trailing_stop
MAXHEALTH,bollinger_meanrev,MIS,2026-07-20 13:45:00,2026-07-20 14:55:00,1105.4,1106.6714285714286,27,-34.33,-66.0,-0.42,trailing_stop
MCX,bollinger_meanrev,MIS,2026-07-20 13:55:00,2026-07-20 14:30:00,2839.1,2827.6,10,115.0,84.97,0.95,target_mid_band
UNIONBANK,bollinger_meanrev,MIS,2026-07-20 13:55:00,2026-07-20 14:10:00,176.43,177.17,170,-125.8,-157.69,-0.79,trailing_stop
PFC,bollinger_meanrev,MIS,2026-07-20 14:00:00,2026-07-20 14:50:00,413.4,414.6857142857143,72,-92.57,-124.19,-0.79,trailing_stop
GROWW,bollinger_meanrev,MIS,2026-07-20 14:10:00,2026-07-20 14:30:00,205.03,204.9742857142857,146,8.13,-23.6,0.08,trailing_stop
LICHSGFIN,bollinger_meanrev,MIS,2026-07-20 14:10:00,2026-07-20 14:25:00,551.65,552.7357142857143,54,-58.63,-90.26,-0.98,trailing_stop
PATANJALI,bollinger_meanrev,MIS,2026-07-20 14:10:00,2026-07-20 15:00:00,340.65,340.38571428571424,88,23.26,-8.52,0.18,trailing_stop
COFORGE,bollinger_meanrev,MIS,2026-07-20 14:15:00,2026-07-20 15:00:00,1513.0,1507.2,19,110.2,79.79,1.04,target_mid_band
TATAELXSI,bollinger_meanrev,MIS,2026-07-20 14:15:00,2026-07-20 14:35:00,3536.0,3537.6857142857143,8,-13.49,-43.49,-0.17,trailing_stop
KOTAKBANK,bollinger_meanrev,MIS,2026-07-20 14:20:00,2026-07-20 14:50:00,383.25,381.75,78,117.0,85.37,1.33,target_mid_band
ULTRACEMCO,bollinger_meanrev,MIS,2026-07-20 14:20:00,2026-07-20 14:25:00,11715,11744.857142857143,2,-59.71,-84.6,-0.6,trailing_stop
AMBUJACEM,bollinger_meanrev,MIS,2026-07-20 14:25:00,2026-07-20 14:30:00,441.9,440.9642857142857,67,62.69,31.34,0.6,trailing_stop
BAJAJ-AUTO,bollinger_meanrev,MIS,2026-07-20 14:50:00,2026-07-20 15:15:00,10508.0,10511.0,2,-6.0,-28.29,-0.1,forced_close
IOC,bollinger_meanrev,MIS,2026-07-20 14:50:00,2026-07-20 14:55:00,142.7,143.12285714285713,210,-88.8,-120.64,-1.09,trailing_stop
SBILIFE,bollinger_meanrev,MIS,2026-07-20 15:00:00,2026-07-20 15:15:00,1822.4,1825.6,16,-51.2,-82.15,-0.56,forced_close
GODREJPROP,bollinger_meanrev,MIS,2026-07-20 15:15:00,2026-07-20 15:20:00,2115.9,2117.3,14,-19.6,-51.03,-0.2,forced_close
EICHERMOT,bollinger_meanrev,MIS,2026-07-21 09:15:00,2026-07-21 09:30:00,7623.0,7635.071428571428,3,-36.21,-60.49,-0.45,trailing_stop
HAVELLS,bollinger_meanrev,MIS,2026-07-21 09:15:00,2026-07-21 10:00:00,1208.0,1209.2428571428572,24,-29.83,-60.59,-0.25,trailing_stop
HEROMOTOCO,bollinger_meanrev,MIS,2026-07-21 09:15:00,2026-07-21 09:20:00,5004.3,5003.585714285714,5,3.57,-22.96,0.04,trailing_stop
HINDUNILVR,bollinger_meanrev,MIS,2026-07-21 09:15:00,2026-07-21 09:55:00,2143.0,2145.5142857142855,13,-32.69,-62.25,-0.39,trailing_stop
INDUSINDBK,bollinger_meanrev,MIS,2026-07-21 09:15:00,2026-07-21 09:30:00,1045.7,1048.6785714285713,28,-83.4,-114.5,-0.52,trailing_stop
KPITTECH,bollinger_meanrev,MIS,2026-07-21 09:15:00,2026-07-21 10:20:00,576.0,567.75,52,429.0,397.51,1.7,target_mid_band
NESTLEIND,bollinger_meanrev,MIS,2026-07-21 09:15:00,2026-07-21 09:45:00,1458.6,1459.2285714285713,20,-12.57,-43.51,-0.09,trailing_stop
SBILIFE,bollinger_meanrev,MIS,2026-07-21 09:15:00,2026-07-21 10:10:00,1834.0,1829.7,16,68.8,37.73,0.61,trailing_stop
VEDL,bollinger_meanrev,MIS,2026-07-21 09:15:00,2026-07-21 09:55:00,263.35,261.5,113,209.05,177.63,1.18,target_mid_band
VOLTAS,bollinger_meanrev,MIS,2026-07-21 09:15:00,2026-07-21 09:35:00,1366.1,1356.2,21,207.9,177.61,1.64,target_mid_band
BEL,bollinger_meanrev,MIS,2026-07-21 09:20:00,2026-07-21 10:00:00,409.2,408.05,73,83.95,52.33,1.03,target_mid_band
TECHM,bollinger_meanrev,MIS,2026-07-21 09:20:00,2026-07-21 09:30:00,1603.0,1610.1,18,-127.8,-158.48,-0.76,trailing_stop
GAIL,bollinger_meanrev,MIS,2026-07-21 09:25:00,2026-07-21 09:45:00,174.86,175.6842857142857,171,-140.95,-172.75,-0.86,trailing_stop
IDFCFIRSTB,bollinger_meanrev,MIS,2026-07-21 09:25:00,2026-07-21 10:10:00,82.56,82.12,363,159.72,128.04,1.01,target_mid_band
PERSISTENT,bollinger_meanrev,MIS,2026-07-21 09:25:00,2026-07-21 10:20:00,5271.6,5217.9,5,268.5,240.72,1.62,target_mid_band
PIIND,bollinger_meanrev,MIS,2026-07-21 09:25:00,2026-07-21 10:45:00,2690.0,2685.8142857142857,11,46.04,14.69,0.28,trailing_stop
SRF,bollinger_meanrev,MIS,2026-07-21 09:25:00,2026-07-21 09:35:00,2911.1,2918.3571428571427,10,-72.57,-103.49,-0.46,trailing_stop
WIPRO,bollinger_meanrev,MIS,2026-07-21 09:25:00,2026-07-21 09:35:00,177.34,177.34714285714287,169,-1.21,-32.99,-0.01,trailing_stop
ABCAPITAL,bollinger_meanrev,MIS,2026-07-21 09:35:00,2026-07-21 10:10:00,405.7,408.1928571428572,73,-181.98,-213.5,-0.85,trailing_stop
KEI,bollinger_meanrev,MIS,2026-07-21 09:35:00,2026-07-21 10:30:00,4968.0,4953.5,6,87.0,55.45,0.52,target_mid_band
MUTHOOTFIN,bollinger_meanrev,MIS,2026-07-21 09:35:00,2026-07-21 10:10:00,3029.4,3039.5,9,-90.9,-119.87,-0.53,trailing_stop
NHPC,bollinger_meanrev,MIS,2026-07-21 09:35:00,2026-07-21 09:40:00,81.95,82.57571428571428,366,-229.01,-260.96,-1.11,trailing_stop
EXIDEIND,bollinger_meanrev,MIS,2026-07-21 09:40:00,2026-07-21 10:55:00,447.3,443.2,67,274.7,243.1,1.16,target_mid_band
LAURUSLABS,bollinger_meanrev,MIS,2026-07-21 09:45:00,2026-07-21 10:25:00,1583.9,1588.9571428571428,18,-91.03,-121.32,-0.58,trailing_stop
TIINDIA,bollinger_meanrev,MIS,2026-07-21 09:50:00,2026-07-21 10:30:00,2926.0,2911.4142857142856,10,145.86,114.92,0.76,trailing_stop
ADANIGREEN,bollinger_meanrev,MIS,2026-07-21 10:00:00,2026-07-21 11:00:00,1548.5,1539.8,19,165.3,134.21,0.88,target_mid_band
TITAN,bollinger_meanrev,MIS,2026-07-21 11:15:00,2026-07-21 11:25:00,4674.9,4685.042857142857,6,-60.86,-90.64,-0.56,trailing_stop
NYKAA,bollinger_meanrev,MIS,2026-07-21 11:20:00,2026-07-21 11:40:00,328.2,328.2642857142857,91,-5.85,-37.53,-0.05,trailing_stop
KALYANKJIL,bollinger_meanrev,MIS,2026-07-21 11:30:00,2026-07-21 12:45:00,573.7,570.8857142857142,52,146.34,114.8,0.53,trailing_stop
HINDZINC,bollinger_meanrev,MIS,2026-07-21 11:40:00,2026-07-21 12:25:00,533.25,534.6928571428572,56,-80.8,-112.52,-0.58,trailing_stop
NATIONALUM,bollinger_meanrev,MIS,2026-07-21 11:40:00,2026-07-21 12:25:00,344.6,344.7142857142857,87,-9.94,-41.74,-0.09,trailing_stop
HCLTECH,bollinger_meanrev,MIS,2026-07-21 11:55:00,2026-07-21 12:35:00,1236.2,1234.8428571428572,24,32.57,1.13,0.25,trailing_stop
JINDALSTEL,bollinger_meanrev,MIS,2026-07-21 12:00:00,2026-07-21 12:05:00,1042.6,1046.5,28,-109.2,-140.23,-1.13,trailing_stop
MCX,bollinger_meanrev,MIS,2026-07-21 12:05:00,2026-07-21 12:30:00,2835.9,2823.5,10,124.0,94.01,1.08,target_mid_band
SUPREMEIND,bollinger_meanrev,MIS,2026-07-21 12:05:00,2026-07-21 13:25:00,3393.0,3387.7,8,42.4,13.64,0.36,trailing_stop
ALKEM,bollinger_meanrev,MIS,2026-07-21 12:15:00,2026-07-21 12:40:00,5668.0,5674.571428571428,5,-32.86,-62.93,-0.64,trailing_stop
KOTAKBANK,bollinger_meanrev,MIS,2026-07-21 12:15:00,2026-07-21 12:55:00,386.35,386.4,77,-3.85,-35.4,-0.03,trailing_stop
SAIL,bollinger_meanrev,MIS,2026-07-21 12:20:00,2026-07-21 12:45:00,164.75,162.98,182,322.14,290.55,2.73,target_mid_band
CIPLA,bollinger_meanrev,MIS,2026-07-21 12:25:00,2026-07-21 13:30:00,1433.5,1432.4714285714285,20,20.57,-9.82,0.19,trailing_stop
AUROPHARMA,bollinger_meanrev,MIS,2026-07-21 12:30:00,2026-07-21 12:45:00,1566.0,1569.0714285714287,19,-58.36,-89.95,-0.81,trailing_stop
FORTIS,bollinger_meanrev,MIS,2026-07-21 12:30:00,2026-07-21 14:00:00,967.6,966.0,31,49.6,17.82,0.48,target_mid_band
LUPIN,bollinger_meanrev,MIS,2026-07-21 12:30:00,2026-07-21 13:10:00,2513.1,2518.171428571429,11,-55.79,-85.14,-0.63,trailing_stop
ULTRACEMCO,bollinger_meanrev,MIS,2026-07-21 12:30:00,2026-07-21 13:10:00,11801,11793.714285714286,2,14.57,-10.45,0.21,trailing_stop
ADANIPORTS,bollinger_meanrev,MIS,2026-07-21 12:50:00,2026-07-21 13:25:00,1845.1,1845.5428571428572,16,-7.09,-38.4,-0.11,trailing_stop
BAJAJ-AUTO,bollinger_meanrev,MIS,2026-07-21 12:50:00,2026-07-21 12:55:00,10526.5,10495.57142857143,2,61.86,39.57,0.49,trailing_stop
TATASTEEL,bollinger_meanrev,MIS,2026-07-21 13:20:00,2026-07-21 14:40:00,187.0,186.62,160,60.8,29.11,0.5,target_mid_band
NTPC,bollinger_meanrev,MIS,2026-07-21 13:40:00,2026-07-21 14:40:00,347.2,347.2571428571428,86,-4.91,-36.58,-0.05,trailing_stop
MANKIND,bollinger_meanrev,MIS,2026-07-21 13:45:00,2026-07-21 14:55:00,2586.5,2579.8,11,73.7,43.58,0.99,target_mid_band
HAL,bollinger_meanrev,MIS,2026-07-21 13:50:00,2026-07-21 13:55:00,4518.8,4529.171428571428,6,-62.23,-91.02,-0.86,trailing_stop
JIOFIN,bollinger_meanrev,MIS,2026-07-21 13:50:00,2026-07-21 14:55:00,240.18,239.54,124,79.36,47.83,0.56,target_mid_band
RECLTD,bollinger_meanrev,MIS,2026-07-21 13:50:00,2026-07-21 14:15:00,361.55,362.29285714285714,82,-60.91,-92.39,-0.62,trailing_stop
TCS,bollinger_meanrev,MIS,2026-07-21 13:50:00,2026-07-21 14:35:00,2227.6,2222.2,13,70.2,39.54,1.04,target_mid_band
CGPOWER,bollinger_meanrev,MIS,2026-07-21 13:55:00,2026-07-21 14:05:00,910.3,916.5928571428572,32,-201.37,-232.39,-1.29,trailing_stop
ADANIENSOL,bollinger_meanrev,MIS,2026-07-21 14:00:00,2026-07-21 14:10:00,1774.6,1785.9857142857143,16,-182.17,-212.4,-0.73,trailing_stop
BAJAJFINSV,bollinger_meanrev,MIS,2026-07-21 14:00:00,2026-07-21 15:00:00,1897.7,1902.4,15,-70.5,-100.73,-0.76,trailing_stop
INDIANB,bollinger_meanrev,MIS,2026-07-21 14:00:00,2026-07-21 14:35:00,862.7,855.8,34,234.6,203.65,1.61,target_mid_band
COROMANDEL,bollinger_meanrev,MIS,2026-07-21 14:05:00,2026-07-21 15:10:00,2054.9,2052.5857142857144,14,32.4,1.91,0.37,trailing_stop
DLF,bollinger_meanrev,MIS,2026-07-21 14:05:00,2026-07-21 14:45:00,673.5,674.65,44,-50.6,-82.06,-0.56,trailing_stop
INDUSTOWER,bollinger_meanrev,MIS,2026-07-21 14:05:00,2026-07-21 14:35:00,407.4,405.5,73,138.7,107.25,1.44,target_mid_band
SHREECEM,bollinger_meanrev,MIS,2026-07-21 14:05:00,2026-07-21 15:15:00,27230,27262.14285714286,1,-32.14,-61.04,-0.4,trailing_stop
TVSMOTOR,bollinger_meanrev,MIS,2026-07-21 14:05:00,2026-07-21 14:10:00,3688.8,3722.2000000000003,8,-267.2,-298.67,-1.4,trailing_stop
DIVISLAB,bollinger_meanrev,MIS,2026-07-21 14:10:00,2026-07-21 15:15:00,7339.5,7340.285714285715,4,-3.14,-34.28,-0.05,trailing_stop
LT,bollinger_meanrev,MIS,2026-07-21 14:15:00,2026-07-21 14:55:00,3840.4,3846.442857142857,7,-42.3,-70.84,-0.72,trailing_stop
GROWW,bollinger_meanrev,MIS,2026-07-21 14:35:00,2026-07-21 15:15:00,206.18,206.42,145,-34.8,-66.53,-0.28,forced_close
M&MFIN,bollinger_meanrev,MIS,2026-07-21 14:40:00,2026-07-21 14:45:00,329.85,323.3357142857143,90,586.29,555.18,3.11,trailing_stop
MAXHEALTH,bollinger_meanrev,MIS,2026-07-21 14:40:00,2026-07-21 15:15:00,1102.9,1100.9,27,54.0,22.46,0.51,forced_close
ETERNAL,bollinger_meanrev,MIS,2026-07-21 14:45:00,2026-07-21 15:15:00,287.8,286.55,104,130.0,98.34,1.11,forced_close
GODREJPROP,bollinger_meanrev,MIS,2026-07-21 14:45:00,2026-07-21 15:15:00,2165.2,2164.6,13,7.8,-22.04,0.08,forced_close
BDL,bollinger_meanrev,MIS,2026-07-21 14:50:00,2026-07-21 15:05:00,1271.8,1274.7428571428572,23,-67.69,-98.75,-0.52,trailing_stop
MAZDOCK,bollinger_meanrev,MIS,2026-07-21 14:55:00,2026-07-21 15:15:00,2352.0,2354.0,12,-24.0,-53.95,-0.24,forced_close
APOLLOHOSP,bollinger_meanrev,MIS,2026-07-21 15:05:00,2026-07-21 15:15:00,8934.5,8929.0,3,16.5,-11.91,0.27,forced_close
PIDILITIND,bollinger_meanrev,MIS,2026-07-21 15:20:00,2026-07-21 15:25:00,1596.4,1599.0571428571427,18,-47.83,-78.33,-0.4,trailing_stop
HINDALCO,bollinger_meanrev,MIS,2026-07-21 15:25:00,2026-07-21 15:25:00,955.0,955.0,31,-0.0,-31.39,-0.0,eod_data_end
MARICO,bollinger_meanrev,MIS,2026-07-21 15:25:00,2026-07-21 15:25:00,856.0,856.0,35,-0.0,-31.77,-0.0,eod_data_end
SOLARINDS,bollinger_meanrev,MIS,2026-07-21 15:25:00,2026-07-21 15:25:00,19100,19100,1,0,-20.25,-0.0,eod_data_end
ABCAPITAL,bollinger_meanrev,MIS,2026-07-22 09:15:00,2026-07-22 09:20:00,410.05,410.23571428571427,73,-13.56,-45.31,-0.12,trailing_stop
BAJAJ-AUTO,bollinger_meanrev,MIS,2026-07-22 09:15:00,2026-07-22 09:20:00,10665.0,10758.785714285714,2,-187.57,-210.31,-1.14,trailing_stop
GODREJCP,bollinger_meanrev,MIS,2026-07-22 09:15:00,2026-07-22 09:25:00,1061.5,1053.642857142857,28,220.0,188.62,1.92,trailing_stop
HINDALCO,bollinger_meanrev,MIS,2026-07-22 09:15:00,2026-07-22 09:35:00,958.05,949.8,31,255.75,224.42,1.99,target_mid_band
HINDZINC,bollinger_meanrev,MIS,2026-07-22 09:15:00,2026-07-22 09:20:00,540.65,539.8857142857142,55,42.04,10.53,0.35,trailing_stop
M&MFIN,bollinger_meanrev,MIS,2026-07-22 09:15:00,2026-07-22 10:10:00,365.6,376.0857142857143,82,-859.83,-892.17,-0.59,trailing_stop
MARUTI,bollinger_meanrev,MIS,2026-07-22 09:15:00,2026-07-22 09:45:00,13680,13577,2,206,177.12,1.2,target_mid_band
NYKAA,bollinger_meanrev,MIS,2026-07-22 09:15:00,2026-07-22 10:35:00,333.75,331.35,89,213.6,182.24,1.21,target_mid_band
SIEMENS,bollinger_meanrev,MIS,2026-07-22 09:15:00,2026-07-22 09:25:00,3693.0,3699.9285714285716,8,-55.43,-86.79,-0.61,trailing_stop
TITAN,bollinger_meanrev,MIS,2026-07-22 09:15:00,2026-07-22 09:25:00,4707.0,4711.357142857142,6,-26.14,-56.11,-0.27,trailing_stop
TVSMOTOR,bollinger_meanrev,MIS,2026-07-22 09:15:00,2026-07-22 09:35:00,3918.0,3948.914285714286,7,-216.4,-245.62,-0.69,trailing_stop
ONGC,bollinger_meanrev,MIS,2026-07-22 09:20:00,2026-07-22 10:45:00,252.13,251.2,118,109.74,78.26,0.95,target_mid_band
TATACOMM,bollinger_meanrev,MIS,2026-07-22 09:20:00,2026-07-22 09:25:00,1851.9,1845.557142857143,16,101.49,70.13,0.54,trailing_stop
BHEL,bollinger_meanrev,MIS,2026-07-22 09:25:00,2026-07-22 10:30:00,419.0,419.15,71,-10.65,-42.2,-0.05,trailing_stop
MOTHERSON,bollinger_meanrev,MIS,2026-07-22 09:25:00,2026-07-22 09:45:00,146.81,146.87285714285713,204,-12.82,-44.59,-0.09,trailing_stop
POLYCAB,bollinger_meanrev,MIS,2026-07-22 10:05:00,2026-07-22 10:35:00,9080.0,9124.357142857143,3,-133.07,-162.04,-0.62,trailing_stop
DIVISLAB,bollinger_meanrev,MIS,2026-07-22 10:40:00,2026-07-22 11:15:00,7363.0,7390.357142857143,4,-109.43,-140.73,-0.66,trailing_stop
BPCL,bollinger_meanrev,MIS,2026-07-22 10:50:00,2026-07-22 11:15:00,318.4,320.1642857142857,94,-165.84,-197.69,-1.05,trailing_stop
PIIND,bollinger_meanrev,MIS,2026-07-22 10:50:00,2026-07-22 11:05:00,2717.6,2732.5142857142855,11,-164.06,-195.86,-0.93,trailing_stop
BIOCON,bollinger_meanrev,MIS,2026-07-22 10:55:00,2026-07-22 11:35:00,441.45,437.5,67,264.65,233.45,1.34,target_mid_band
SUZLON,bollinger_meanrev,MIS,2026-07-22 10:55:00,2026-07-22 11:05:00,53.32,53.52857142857143,562,-117.22,-149.07,-0.52,trailing_stop
BRITANNIA,bollinger_meanrev,MIS,2026-07-22 11:05:00,2026-07-22 11:10:00,5483.0,5503.142857142857,5,-100.71,-129.85,-1.08,trailing_stop
NESTLEIND,bollinger_meanrev,MIS,2026-07-22 11:05:00,2026-07-22 11:10:00,1491.9,1500.5142857142857,20,-172.29,-204.04,-0.79,trailing_stop
MANKIND,bollinger_meanrev,MIS,2026-07-22 11:10:00,2026-07-22 11:50:00,2564.4,2553.571428571429,11,119.11,89.28,0.74,trailing_stop
COLPAL,bollinger_meanrev,MIS,2026-07-22 11:15:00,2026-07-22 12:05:00,2099.0,2082.5,14,231.0,199.99,1.43,target_mid_band
POWERGRID,bollinger_meanrev,MIS,2026-07-22 11:15:00,2026-07-22 11:40:00,287.35,287.9714285714286,104,-64.63,-96.36,-0.7,trailing_stop
DABUR,bollinger_meanrev,MIS,2026-07-22 11:20:00,2026-07-22 12:05:00,426.4,425.05,70,94.5,62.91,0.88,target_mid_band
FEDERALBNK,bollinger_meanrev,MIS,2026-07-22 11:20:00,2026-07-22 11:50:00,357.15,356.7714285714286,83,31.42,0.01,0.25,trailing_stop
MARICO,bollinger_meanrev,MIS,2026-07-22 11:20:00,2026-07-22 12:25:00,855.0,855.6142857142858,35,-21.5,-53.25,-0.16,trailing_stop
APLAPOLLO,bollinger_meanrev,MIS,2026-07-22 11:25:00,2026-07-22 12:20:00,1818.4,1814.0,16,70.4,39.59,0.74,target_mid_band
BAJAJHLDNG,bollinger_meanrev,MIS,2026-07-22 11:25:00,2026-07-22 11:55:00,10472,10501.857142857143,2,-59.71,-81.96,-0.89,trailing_stop
TATACONSUM,bollinger_meanrev,MIS,2026-07-22 11:30:00,2026-07-22 12:15:00,1087.5,1091.542857142857,27,-109.16,-140.36,-0.63,trailing_stop
ITC,bollinger_meanrev,MIS,2026-07-22 11:35:00,2026-07-22 12:45:00,280.55,280.6642857142857,106,-12.11,-43.66,-0.14,trailing_stop
NTPC,bollinger_meanrev,MIS,2026-07-22 11:35:00,2026-07-22 12:05:00,350.25,348.25,85,170.0,138.54,1.56,target_mid_band
UNITDSPR,bollinger_meanrev,MIS,2026-07-22 11:35:00,2026-07-22 12:50:00,1395.3,1395.7714285714287,21,-9.9,-40.98,-0.06,trailing_stop
ABB,bollinger_meanrev,MIS,2026-07-22 11:40:00,2026-07-22 12:10:00,7634.0,7558.5,3,226.5,202.36,1.79,target_mid_band
JSWENERGY,bollinger_meanrev,MIS,2026-07-22 11:45:00,2026-07-22 12:05:00,570.5,566.45,52,210.6,179.28,1.37,target_mid_band
ASTRAL,bollinger_meanrev,MIS,2026-07-22 12:10:00,2026-07-22 12:35:00,1438.5,1427.0,20,230.0,199.64,1.95,target_mid_band
POLICYBZR,bollinger_meanrev,MIS,2026-07-22 12:20:00,2026-07-22 12:50:00,1546.9,1550.642857142857,19,-71.11,-102.33,-0.72,trailing_stop
BHARTIARTL,bollinger_meanrev,MIS,2026-07-22 12:55:00,2026-07-22 13:40:00,1954.7,1947.8,15,103.5,72.47,1.33,target_mid_band
GLENMARK,bollinger_meanrev,MIS,2026-07-22 13:20:00,2026-07-22 13:25:00,2219.6,2220.7142857142853,13,-14.49,-45.09,-0.14,trailing_stop
TMCV,bollinger_meanrev,MIS,2026-07-22 13:35:00,2026-07-22 14:25:00,406.4,404.95,73,105.85,74.46,0.82,target_mid_band
MCX,bollinger_meanrev,MIS,2026-07-22 14:10:00,2026-07-22 15:15:00,2806.0,2800.0,10,60.0,30.28,0.4,forced_close
EXIDEIND,bollinger_meanrev,MIS,2026-07-22 14:30:00,2026-07-22 14:40:00,447.95,451.40714285714284,66,-228.17,-259.67,-1.32,trailing_stop
PIDILITIND,bollinger_meanrev,MIS,2026-07-22 14:40:00,2026-07-22 14:45:00,1596.3,1599.8,18,-63.0,-93.51,-0.97,trailing_stop
BANKBARODA,bollinger_meanrev,MIS,2026-07-22 14:55:00,2026-07-22 15:00:00,245.95,246.08571428571426,121,-16.42,-47.99,-0.21,trailing_stop
TORNTPHARM,bollinger_meanrev,MIS,2026-07-22 15:00:00,2026-07-22 15:15:00,5031.5,5035.3,5,-19.0,-45.69,-0.21,forced_close
APOLLOHOSP,bollinger_meanrev,MIS,2026-07-22 15:05:00,2026-07-22 15:15:00,8939.0,8937.0,3,6.0,-22.43,0.11,forced_close
INFY,bollinger_meanrev,MIS,2026-07-22 15:05:00,2026-07-22 15:15:00,1052.3,1053.4,28,-30.8,-62.07,-0.39,forced_close
SUPREMEIND,bollinger_meanrev,MIS,2026-07-22 15:05:00,2026-07-22 15:15:00,3459.1,3451.2,8,63.2,33.89,0.43,forced_close
CIPLA,bollinger_meanrev,MIS,2026-07-22 15:10:00,2026-07-22 15:15:00,1415.3,1416.4857142857143,21,-24.9,-56.43,-0.3,trailing_stop
RADICO,bollinger_meanrev,MIS,2026-07-22 15:10:00,2026-07-22 15:15:00,4145.0,4155.0,7,-70.0,-100.81,-0.53,forced_close
VMM,bollinger_meanrev,MIS,2026-07-22 15:10:00,2026-07-22 15:15:00,112.08,112.0,267,21.36,-10.36,0.15,forced_close
SHRIRAMFIN,bollinger_meanrev,MIS,2026-07-22 15:15:00,2026-07-22 15:20:00,1062.3,1060.7285714285713,28,44.0,12.49,0.47,trailing_stop
ASIANPAINT,bollinger_meanrev,MIS,2026-07-22 15:20:00,2026-07-22 15:25:00,2696.8,2698.514285714286,11,-18.86,-50.33,-0.23,trailing_stop
TATACAP,bollinger_meanrev,MIS,2026-07-22 15:20:00,2026-07-22 15:25:00,348.0,348.1,86,-8.6,-40.34,-0.07,forced_close
VBL,bollinger_meanrev,MIS,2026-07-22 15:20:00,2026-07-22 15:25:00,459.85,461.6,65,-113.75,-145.52,-0.77,forced_close
BAJAJ-AUTO,bollinger_meanrev,MIS,2026-07-23 09:15:00,2026-07-23 10:05:00,11106.0,11115.785714285714,2,-19.57,-43.14,-0.19,trailing_stop
GRASIM,bollinger_meanrev,MIS,2026-07-23 09:15:00,2026-07-23 09:45:00,3177.0,3163.6,9,120.6,90.36,1.14,target_mid_band
NATIONALUM,bollinger_meanrev,MIS,2026-07-23 09:15:00,2026-07-23 09:20:00,344.7,346.72857142857146,87,-176.49,-208.4,-1.23,trailing_stop
UNITDSPR,bollinger_meanrev,MIS,2026-07-23 09:15:00,2026-07-23 09:35:00,1418.8,1416.3,21,52.5,20.94,0.22,trailing_stop
WAAREEENER,bollinger_meanrev,MIS,2026-07-23 09:15:00,2026-07-23 09:20:00,2717.8,2721.1428571428573,11,-36.77,-68.5,-0.2,trailing_stop
ABB,bollinger_meanrev,MIS,2026-07-23 09:20:00,2026-07-23 10:20:00,7617.0,7624.571428571428,3,-22.71,-46.96,-0.15,trailing_stop
HINDALCO,bollinger_meanrev,MIS,2026-07-23 09:20:00,2026-07-23 09:40:00,962.5,961.3785714285715,31,34.76,3.15,0.28,trailing_stop
SHREECEM,bollinger_meanrev,MIS,2026-07-23 09:20:00,2026-07-23 10:25:00,27080,27072.14285714286,1,7.86,-20.85,0.05,trailing_stop
TVSMOTOR,bollinger_meanrev,MIS,2026-07-23 09:20:00,2026-07-23 10:10:00,3940.9,3950.0857142857144,7,-64.3,-93.6,-0.4,trailing_stop
VBL,bollinger_meanrev,MIS,2026-07-23 09:20:00,2026-07-23 10:05:00,462.95,463.57142857142856,64,-39.77,-71.22,-0.18,trailing_stop
VEDL,bollinger_meanrev,MIS,2026-07-23 09:20:00,2026-07-23 09:25:00,264.55,265.9428571428571,113,-157.39,-189.19,-1.18,trailing_stop
CUMMINSIND,bollinger_meanrev,MIS,2026-07-23 09:25:00,2026-07-23 10:15:00,5621.0,5624.357142857143,5,-16.79,-46.6,-0.12,trailing_stop
DMART,bollinger_meanrev,MIS,2026-07-23 09:25:00,2026-07-23 10:35:00,4054.0,4069.1000000000004,7,-105.7,-135.86,-0.61,trailing_stop
OIL,bollinger_meanrev,MIS,2026-07-23 09:25:00,2026-07-23 09:40:00,456.0,458.75714285714287,65,-179.21,-210.76,-1.01,trailing_stop
SBILIFE,bollinger_meanrev,MIS,2026-07-23 09:25:00,2026-07-23 10:25:00,1815.1,1813.7142857142858,16,22.17,-8.61,0.19,trailing_stop
APLAPOLLO,bollinger_meanrev,MIS,2026-07-23 09:30:00,2026-07-23 10:10:00,1841.8,1841.6714285714288,16,2.06,-29.19,0.01,trailing_stop
BAJAJHLDNG,bollinger_meanrev,MIS,2026-07-23 09:55:00,2026-07-23 10:15:00,10557,10629.142857142857,2,-144.29,-166.77,-0.91,trailing_stop
HEROMOTOCO,bollinger_meanrev,MIS,2026-07-23 09:55:00,2026-07-23 10:05:00,5067.0,5101.085714285714,5,-170.43,-197.4,-0.97,trailing_stop
MUTHOOTFIN,bollinger_meanrev,MIS,2026-07-23 09:55:00,2026-07-23 10:40:00,3084.0,3053.1,9,278.1,248.84,1.35,target_mid_band
COROMANDEL,bollinger_meanrev,MIS,2026-07-23 10:15:00,2026-07-23 11:15:00,2056.7,2058.5714285714284,14,-26.2,-56.75,-0.11,trailing_stop
M&M,bollinger_meanrev,MIS,2026-07-23 10:15:00,2026-07-23 10:35:00,3234.4,3245.9714285714285,9,-104.14,-135.08,-0.53,trailing_stop
HYUNDAI,bollinger_meanrev,MIS,2026-07-23 10:25:00,2026-07-23 10:35:00,1970.2,1974.2857142857142,15,-61.29,-92.66,-0.35,trailing_stop
GODREJCP,bollinger_meanrev,MIS,2026-07-23 10:40:00,2026-07-23 11:05:00,1081.2,1075.8,27,145.8,114.94,0.89,target_mid_band
ITC,bollinger_meanrev,MIS,2026-07-23 10:40:00,2026-07-23 11:30:00,282.15,283.01428571428573,106,-91.61,-123.39,-0.97,trailing_stop
ICICIGI,bollinger_meanrev,MIS,2026-07-23 10:50:00,2026-07-23 11:45:00,1596.6,1602.7142857142856,18,-110.06,-140.6,-0.73,trailing_stop
PHOENIXLTD,bollinger_meanrev,MIS,2026-07-23 10:55:00,2026-07-23 12:00:00,2069.1,2061.9,14,100.8,70.15,0.58,target_mid_band
ATGL,bollinger_meanrev,MIS,2026-07-23 11:00:00,2026-07-23 12:25:00,679.85,675.6,44,187.0,155.4,0.86,target_mid_band
EICHERMOT,bollinger_meanrev,MIS,2026-07-23 11:00:00,2026-07-23 12:10:00,7758.5,7746.0,3,37.5,12.84,0.3,target_mid_band
GMRAIRPORT,bollinger_meanrev,MIS,2026-07-23 11:05:00,2026-07-23 11:50:00,109.87,109.0,273,237.51,205.85,1.13,target_mid_band
PATANJALI,bollinger_meanrev,MIS,2026-07-23 11:05:00,2026-07-23 11:35:00,340.5,341.1785714285714,88,-59.71,-91.53,-0.32,trailing_stop
RVNL,bollinger_meanrev,MIS,2026-07-23 11:40:00,2026-07-23 12:05:00,225.2,225.39857142857142,133,-26.41,-58.19,-0.21,trailing_stop
TATACOMM,bollinger_meanrev,MIS,2026-07-23 11:50:00,2026-07-23 12:10:00,1815.8,1813.2285714285715,16,41.14,10.36,0.22,trailing_stop
IRCTC,bollinger_meanrev,MIS,2026-07-23 13:25:00,2026-07-23 14:30:00,495.1,495.01428571428573,60,5.14,-26.36,0.05,trailing_stop
TCS,bollinger_meanrev,MIS,2026-07-23 13:50:00,2026-07-23 14:30:00,2238.5,2244.9714285714285,13,-84.13,-115.04,-0.92,trailing_stop
AUBANK,bollinger_meanrev,MIS,2026-07-23 13:55:00,2026-07-23 14:40:00,973.9,969.7,30,126.0,95.1,0.87,target_mid_band
INDHOTEL,bollinger_meanrev,MIS,2026-07-23 14:00:00,2026-07-23 14:35:00,725.55,723.05,41,102.5,71.02,1.11,target_mid_band
CIPLA,bollinger_meanrev,MIS,2026-07-23 14:25:00,2026-07-23 14:35:00,1398.0,1408.6000000000001,21,-222.6,-253.88,-0.96,trailing_stop
TMCV,bollinger_meanrev,MIS,2026-07-23 14:25:00,2026-07-23 15:00:00,406.95,407.5785714285714,73,-45.89,-77.42,-0.53,trailing_stop
BEL,bollinger_meanrev,MIS,2026-07-23 14:30:00,2026-07-23 15:00:00,403.85,404.5285714285714,74,-50.21,-81.94,-0.66,trailing_stop
BIOCON,bollinger_meanrev,MIS,2026-07-23 14:30:00,2026-07-23 14:35:00,434.3,435.4357142857143,69,-78.36,-110.19,-1.19,trailing_stop
INFY,bollinger_meanrev,MIS,2026-07-23 14:30:00,2026-07-23 14:35:00,1054.8,1054.3142857142857,28,13.6,-17.71,0.09,trailing_stop
HCLTECH,bollinger_meanrev,MIS,2026-07-24 09:15:00,2026-07-24 09:20:00,1270.3,1271.4142857142856,23,-25.63,-56.63,-0.12,trailing_stop
OIL,bollinger_meanrev,MIS,2026-07-24 09:15:00,2026-07-24 09:30:00,460.3,457.5,65,182.0,150.39,1.24,target_mid_band
DMART,bollinger_meanrev,MIS,2026-07-24 09:20:00,2026-07-24 10:00:00,4060.6,4028.5,7,224.7,194.7,1.13,target_mid_band
ICICIGI,bollinger_meanrev,MIS,2026-07-24 09:25:00,2026-07-24 10:25:00,1646.2,1659.9142857142858,18,-246.86,-278.44,-0.87,trailing_stop
UNITDSPR,bollinger_meanrev,MIS,2026-07-24 09:30:00,2026-07-24 09:40:00,1457.0,1467.6285714285714,20,-212.57,-243.61,-0.86,trailing_stop
COROMANDEL,bollinger_meanrev,MIS,2026-07-24 10:50:00,2026-07-24 11:35:00,1982.1,1965.8428571428572,15,243.86,212.48,2.24,trailing_stop
TRENT,bollinger_meanrev,MIS,2026-07-24 10:55:00,2026-07-24 11:45:00,2873.8,2886.5714285714284,10,-127.71,-158.27,-0.84,trailing_stop
AMBUJACEM,bollinger_meanrev,MIS,2026-07-24 11:15:00,2026-07-24 11:45:00,421.1,421.95714285714286,71,-60.86,-92.6,-0.52,trailing_stop
ASTRAL,bollinger_meanrev,MIS,2026-07-24 11:15:00,2026-07-24 12:20:00,1455.4,1454.6285714285714,20,15.43,-15.43,0.06,trailing_stop
BPCL,bollinger_meanrev,MIS,2026-07-24 11:15:00,2026-07-24 11:20:00,310.1,311.59999999999997,96,-144.0,-175.66,-1.04,trailing_stop
LT,bollinger_meanrev,MIS,2026-07-24 11:15:00,2026-07-24 11:25:00,3751.4,3765.1857142857143,7,-96.5,-124.41,-1.1,trailing_stop
MARUTI,bollinger_meanrev,MIS,2026-07-24 11:15:00,2026-07-24 11:35:00,13320,13355.142857142857,2,-70.29,-98.58,-0.77,trailing_stop
RELIANCE,bollinger_meanrev,MIS,2026-07-24 11:15:00,2026-07-24 11:25:00,1278.3,1282.2142857142856,23,-90.03,-121.26,-1.1,trailing_stop
BRITANNIA,bollinger_meanrev,MIS,2026-07-24 11:20:00,2026-07-24 12:00:00,5390.0,5406.642857142857,5,-83.21,-111.85,-0.79,trailing_stop
HAVELLS,bollinger_meanrev,MIS,2026-07-24 11:20:00,2026-07-24 11:45:00,1227.2,1231.4142857142858,24,-101.14,-132.44,-0.69,trailing_stop
JINDALSTEL,bollinger_meanrev,MIS,2026-07-24 11:20:00,2026-07-24 11:50:00,1035.5,1036.3142857142857,28,-22.8,-53.56,-0.21,trailing_stop
NYKAA,bollinger_meanrev,MIS,2026-07-24 11:20:00,2026-07-24 11:45:00,321.1,321.00714285714287,93,8.64,-23.03,0.06,trailing_stop
POWERGRID,bollinger_meanrev,MIS,2026-07-24 11:20:00,2026-07-24 11:35:00,289.45,289.6071428571429,103,-16.19,-47.81,-0.18,trailing_stop
SIEMENS,bollinger_meanrev,MIS,2026-07-24 11:20:00,2026-07-24 11:45:00,3685.0,3695.571428571429,8,-84.57,-115.89,-0.5,trailing_stop
TMPV,bollinger_meanrev,MIS,2026-07-24 11:20:00,2026-07-24 11:50:00,322.2,322.56428571428575,93,-33.88,-65.68,-0.27,trailing_stop
NTPC,bollinger_meanrev,MIS,2026-07-24 11:25:00,2026-07-24 11:55:00,347.95,348.7142857142857,86,-65.73,-97.5,-0.72,trailing_stop
PATANJALI,bollinger_meanrev,MIS,2026-07-24 11:30:00,2026-07-24 12:25:00,336.2,337.2714285714286,89,-95.36,-127.15,-0.61,trailing_stop
DRREDDY,bollinger_meanrev,MIS,2026-07-24 11:35:00,2026-07-24 12:00:00,1150.7,1149.957142857143,26,19.31,-12.4,0.17,trailing_stop
IRFC,bollinger_meanrev,MIS,2026-07-24 11:35:00,2026-07-24 12:05:00,87.0,87.27428571428571,344,-94.35,-126.15,-0.92,trailing_stop
SAIL,bollinger_meanrev,MIS,2026-07-24 11:40:00,2026-07-24 12:15:00,160.4,161.24,187,-157.08,-188.99,-0.98,trailing_stop
WIPRO,bollinger_meanrev,MIS,2026-07-24 11:40:00,2026-07-24 12:10:00,174.75,175.44285714285715,171,-118.48,-150.24,-0.94,trailing_stop
BIOCON,bollinger_meanrev,MIS,2026-07-24 11:45:00,2026-07-24 12:35:00,432.75,431.1,69,113.85,82.26,0.92,target_mid_band
TATAPOWER,bollinger_meanrev,MIS,2026-07-24 11:45:00,2026-07-24 12:25:00,374.45,375.05,80,-48.0,-79.8,-0.56,trailing_stop
ICICIAMC,bollinger_meanrev,MIS,2026-07-24 11:50:00,2026-07-24 12:25:00,3122.4,3126.7000000000003,9,-38.7,-68.53,-0.53,trailing_stop
PHOENIXLTD,bollinger_meanrev,MIS,2026-07-24 11:50:00,2026-07-24 12:30:00,2022.2,2021.3,14,12.6,-17.41,0.06,trailing_stop
TATAINVEST,bollinger_meanrev,MIS,2026-07-24 11:50:00,2026-07-24 12:25:00,629.55,629.9357142857143,47,-18.13,-49.52,-0.16,trailing_stop
BANKBARODA,bollinger_meanrev,MIS,2026-07-24 12:00:00,2026-07-24 12:25:00,244.65,245.2357142857143,122,-71.46,-103.15,-0.53,trailing_stop
TATAELXSI,bollinger_meanrev,MIS,2026-07-24 12:00:00,2026-07-24 12:20:00,3460.8,3474.9,8,-112.8,-142.23,-0.68,trailing_stop
FORTIS,bollinger_meanrev,MIS,2026-07-24 12:05:00,2026-07-24 12:30:00,937.25,938.2857142857142,32,-33.14,-64.97,-0.46,trailing_stop
360ONE,bollinger_meanrev,MIS,2026-07-24 12:15:00,2026-07-24 12:25:00,1092.9,1098.4142857142858,27,-148.89,-180.27,-0.93,trailing_stop
KPITTECH,bollinger_meanrev,MIS,2026-07-24 12:15:00,2026-07-24 12:25:00,562.5,565.8785714285714,53,-179.06,-210.79,-0.94,trailing_stop
CONCOR,bollinger_meanrev,MIS,2026-07-24 12:25:00,2026-07-24 13:05:00,483.8,480.55,62,201.5,169.82,1.42,target_mid_band
DLF,bollinger_meanrev,MIS,2026-07-24 12:25:00,2026-07-24 13:15:00,645.3,646.0785714285714,46,-35.81,-67.32,-0.19,trailing_stop
GRASIM,bollinger_meanrev,MIS,2026-07-24 12:25:00,2026-07-24 12:30:00,3093.6,3098.057142857143,9,-40.11,-69.67,-0.55,trailing_stop
GROWW,bollinger_meanrev,MIS,2026-07-24 12:25:00,2026-07-24 12:50:00,203.67,203.99571428571429,147,-47.88,-79.66,-0.44,trailing_stop
ICICIBANK,bollinger_meanrev,MIS,2026-07-24 12:25:00,2026-07-24 13:10:00,1436.3,1437.757142857143,20,-29.14,-59.62,-0.3,trailing_stop
IDFCFIRSTB,bollinger_meanrev,MIS,2026-07-24 12:25:00,2026-07-24 13:00:00,80.4,80.54714285714286,373,-54.88,-86.72,-0.37,trailing_stop
LTF,bollinger_meanrev,MIS,2026-07-24 12:25:00,2026-07-24 12:45:00,302.7,303.1428571428571,99,-43.84,-75.65,-0.31,trailing_stop
PNB,bollinger_meanrev,MIS,2026-07-24 12:25:00,2026-07-24 13:25:00,110.29,110.32428571428571,272,-9.33,-41.14,-0.07,trailing_stop
SBIN,bollinger_meanrev,MIS,2026-07-24 12:25:00,2026-07-24 13:40:00,1016.1,1012.2,29,113.1,81.92,0.8,target_mid_band
UNIONBANK,bollinger_meanrev,MIS,2026-07-24 12:25:00,2026-07-24 12:45:00,168.88,169.61714285714285,177,-130.47,-162.26,-0.66,trailing_stop
UPL,bollinger_meanrev,MIS,2026-07-24 12:25:00,2026-07-24 12:45:00,603.05,603.1714285714286,49,-5.95,-37.29,-0.06,trailing_stop
RECLTD,bollinger_meanrev,MIS,2026-07-24 12:30:00,2026-07-24 12:55:00,362.6,363.6571428571429,82,-86.69,-118.27,-0.65,trailing_stop
AUBANK,bollinger_meanrev,MIS,2026-07-24 12:35:00,2026-07-24 12:45:00,984.6,991.0571428571428,30,-193.71,-225.16,-1.24,trailing_stop
DIXON,bollinger_meanrev,MIS,2026-07-24 12:40:00,2026-07-24 13:20:00,13790,13799.857142857143,2,-19.71,-48.97,-0.17,trailing_stop
PAYTM,bollinger_meanrev,MIS,2026-07-24 12:40:00,2026-07-24 13:45:00,1288.5,1272.7285714285715,23,362.74,331.55,1.17,trailing_stop
TCS,bollinger_meanrev,MIS,2026-07-24 12:40:00,2026-07-24 13:35:00,2257.7,2246.4,13,146.9,115.87,0.95,target_mid_band
EXIDEIND,bollinger_meanrev,MIS,2026-07-24 12:45:00,2026-07-24 12:55:00,443.9,445.75714285714287,67,-124.43,-156.05,-1.0,trailing_stop
HYUNDAI,bollinger_meanrev,MIS,2026-07-24 12:45:00,2026-07-24 13:30:00,1967.5,1972.9428571428573,15,-81.64,-112.99,-0.64,trailing_stop
LODHA,bollinger_meanrev,MIS,2026-07-24 13:20:00,2026-07-24 14:00:00,1162.05,1165.757142857143,25,-92.68,-123.55,-0.48,trailing_stop
GODFRYPHLP,bollinger_meanrev,MIS,2026-07-24 13:30:00,2026-07-24 14:55:00,2111.1,2107.5142857142855,14,50.2,18.89,0.23,trailing_stop
JUBLFOOD,bollinger_meanrev,MIS,2026-07-24 13:35:00,2026-07-24 14:00:00,417.9,419.51428571428573,71,-114.61,-146.15,-0.8,trailing_stop
SHRIRAMFIN,bollinger_meanrev,MIS,2026-07-24 13:50:00,2026-07-24 13:55:00,1043.8,1039.7714285714285,28,112.8,81.88,0.37,trailing_stop
COFORGE,bollinger_meanrev,MIS,2026-07-24 14:00:00,2026-07-24 14:10:00,1475.2,1480.3714285714286,20,-103.43,-134.78,-0.66,trailing_stop
PERSISTENT,bollinger_meanrev,MIS,2026-07-24 14:15:00,2026-07-24 14:35:00,5173.8,5197.9,5,-120.5,-148.01,-0.85,trailing_stop
BHEL,bollinger_meanrev,MIS,2026-07-24 14:40:00,2026-07-24 14:55:00,416.25,417.59285714285716,72,-96.69,-128.53,-0.7,trailing_stop
INFY,bollinger_meanrev,MIS,2026-07-24 14:45:00,2026-07-24 15:10:00,1039.6,1042.4285714285716,28,-79.2,-110.12,-0.52,trailing_stop
IDEA,bollinger_meanrev,MIS,2026-07-24 14:50:00,2026-07-24 15:15:00,13.12,13.16,2286,-91.44,-123.3,-0.43,forced_close
SBILIFE,bollinger_meanrev,MIS,2026-07-24 14:50:00,2026-07-24 14:55:00,1882.2,1875.7285714285713,15,97.07,67.19,0.41,trailing_stop
LAURUSLABS,bollinger_meanrev,MIS,2026-07-24 15:15:00,2026-07-24 15:20:00,1608.7,1605.6,18,55.8,25.13,0.18,forced_close
LGEINDIA,bollinger_meanrev,MIS,2026-07-24 15:20:00,2026-07-24 15:25:00,1528.2,1530.6857142857143,19,-47.23,-78.05,-0.45,trailing_stop
GODREJPROP,bollinger_meanrev,MIS,2026-07-24 15:25:00,2026-07-24 15:25:00,2104.4,2104.4,14,-0.0,-31.24,-0.0,eod_data_end
360ONE,bollinger_meanrev,MIS,2026-07-27 09:15:00,2026-07-27 09:50:00,1116.7,1118.1428571428573,26,-37.51,-68.33,-0.18,trailing_stop
ADANIGREEN,bollinger_meanrev,MIS,2026-07-27 09:15:00,2026-07-27 09:35:00,1410.6,1415.1285714285716,21,-95.1,-126.57,-0.48,trailing_stop
ASIANPAINT,bollinger_meanrev,MIS,2026-07-27 09:15:00,2026-07-27 09:50:00,2697.3,2716.614285714286,11,-212.46,-244.06,-1.23,trailing_stop
AUBANK,bollinger_meanrev,MIS,2026-07-27 09:15:00,2026-07-27 09:20:00,1032.5,1044.9142857142858,29,-360.01,-392.0,-1.24,trailing_stop
BAJAJFINSV,bollinger_meanrev,MIS,2026-07-27 09:15:00,2026-07-27 09:20:00,1890.9,1901.9428571428573,15,-165.64,-195.83,-1.14,trailing_stop
BAJFINANCE,bollinger_meanrev,MIS,2026-07-27 09:15:00,2026-07-27 09:20:00,1030.0,1038.0285714285715,29,-232.83,-264.65,-1.13,trailing_stop
BIOCON,bollinger_meanrev,MIS,2026-07-27 09:15:00,2026-07-27 10:15:00,436.95,435.0,68,132.6,101.18,0.95,target_mid_band
BPCL,bollinger_meanrev,MIS,2026-07-27 09:15:00,2026-07-27 10:35:00,317.0,313.75,94,305.5,274.1,1.48,target_mid_band
COFORGE,bollinger_meanrev,MIS,2026-07-27 09:15:00,2026-07-27 09:20:00,1501.5,1501.9714285714285,19,-8.96,-39.22,-0.04,trailing_stop
DABUR,bollinger_meanrev,MIS,2026-07-27 09:15:00,2026-07-27 10:50:00,427.6,427.45,70,10.5,-21.23,0.08,target_mid_band
ETERNAL,bollinger_meanrev,MIS,2026-07-27 09:15:00,2026-07-27 09:20:00,286.4,286.50714285714287,104,-11.14,-42.74,-0.06,trailing_stop
FEDERALBNK,bollinger_meanrev,MIS,2026-07-27 09:15:00,2026-07-27 10:35:00,356.4,356.1,84,25.2,-6.53,0.2,target_mid_band
GAIL,bollinger_meanrev,MIS,2026-07-27 09:15:00,2026-07-27 09:30:00,171.79,172.26714285714286,174,-83.02,-114.77,-0.6,trailing_stop
GMRAIRPORT,bollinger_meanrev,MIS,2026-07-27 09:15:00,2026-07-27 10:05:00,108.15,107.44,277,196.67,165.03,1.19,target_mid_band
GODFRYPHLP,bollinger_meanrev,MIS,2026-07-27 09:15:00,2026-07-27 09:25:00,2148.6,2174.3714285714286,13,-335.03,-364.86,-1.18,trailing_stop
HINDPETRO,bollinger_meanrev,MIS,2026-07-27 09:15:00,2026-07-27 10:15:00,389.45,391.95,77,-192.5,-224.42,-0.82,trailing_stop
IDFCFIRSTB,bollinger_meanrev,MIS,2026-07-27 09:15:00,2026-07-27 10:40:00,88.04,85.61,340,826.2,794.99,1.79,target_mid_band
INDHOTEL,bollinger_meanrev,MIS,2026-07-27 09:15:00,2026-07-27 09:30:00,733.55,736.9357142857143,40,-135.43,-166.63,-1.05,trailing_stop
INDIGO,bollinger_meanrev,MIS,2026-07-27 09:15:00,2026-07-27 10:30:00,5144.0,5100.5,5,217.5,190.36,0.86,target_mid_band
INFY,bollinger_meanrev,MIS,2026-07-27 09:15:00,2026-07-27 09:25:00,1060.8,1071.5857142857144,28,-302.0,-333.69,-1.1,trailing_stop
IOC,bollinger_meanrev,MIS,2026-07-27 09:15:00,2026-07-27 10:25:00,140.7,140.50857142857143,213,40.77,9.02,0.26,trailing_stop
JUBLFOOD,bollinger_meanrev,MIS,2026-07-27 09:15:00,2026-07-27 09:40:00,424.45,425.56428571428575,70,-78.0,-109.56,-0.55,trailing_stop
LAURUSLABS,bollinger_meanrev,MIS,2026-07-27 09:15:00,2026-07-27 10:00:00,1651.3,1667.3,18,-288.0,-319.7,-0.66,trailing_stop
LGEINDIA,bollinger_meanrev,MIS,2026-07-27 09:15:00,2026-07-27 10:25:00,1533.9,1532.3,19,30.4,-0.49,0.18,target_mid_band
M&M,bollinger_meanrev,MIS,2026-07-27 09:15:00,2026-07-27 10:40:00,3191.6,3191.6285714285714,9,-0.26,-30.72,-0.0,trailing_stop
MAXHEALTH,bollinger_meanrev,MIS,2026-07-27 09:15:00,2026-07-27 09:20:00,1095.9,1103.1000000000001,27,-194.4,-225.9,-1.17,trailing_stop
SBICARD,bollinger_meanrev,MIS,2026-07-27 09:15:00,2026-07-27 10:25:00,637.45,633.2,47,199.75,168.11,0.7,trailing_stop
TATACONSUM,bollinger_meanrev,MIS,2026-07-27 09:15:00,2026-07-27 10:20:00,1115.8,1099.4,26,426.4,395.91,1.56,target_mid_band
UNIONBANK,bollinger_meanrev,MIS,2026-07-27 09:15:00,2026-07-27 10:00:00,173.01,170.95,173,356.38,324.87,1.78,target_mid_band
UPL,bollinger_meanrev,MIS,2026-07-27 09:15:00,2026-07-27 10:30:00,606.65,607.6928571428571,49,-51.1,-82.66,-0.38,trailing_stop
YESBANK,bollinger_meanrev,MIS,2026-07-27 09:15:00,2026-07-27 10:20:00,23.1,23.07,1298,38.94,7.17,0.34,target_mid_band
ASHOKLEY,bollinger_meanrev,MIS,2026-07-27 09:20:00,2026-07-27 10:25:00,153.41,153.56285714285715,195,-29.81,-61.55,-0.15,trailing_stop
BHARATFORG,bollinger_meanrev,MIS,2026-07-27 09:20:00,2026-07-27 10:25:00,2173.3,2162.7,13,137.8,107.93,0.93,target_mid_band
COCHINSHIP,bollinger_meanrev,MIS,2026-07-27 09:20:00,2026-07-27 10:20:00,1402.0,1399.0714285714284,21,61.5,30.32,0.52,trailing_stop
DIXON,bollinger_meanrev,MIS,2026-07-27 09:20:00,2026-07-27 09:40:00,13944,13986.0,2,-84.0,-113.63,-0.62,trailing_stop
FORTIS,bollinger_meanrev,MIS,2026-07-27 09:20:00,2026-07-27 10:05:00,957.45,951.0,31,199.95,168.6,1.02,target_mid_band
HINDUNILVR,bollinger_meanrev,MIS,2026-07-27 09:20:00,2026-07-27 10:35:00,2176.6,2173.0857142857144,13,45.69,15.71,0.34,trailing_stop
IRCTC,bollinger_meanrev,MIS,2026-07-27 09:20:00,2026-07-27 10:20:00,497.75,496.5,60,75.0,43.38,0.68,target_mid_band
IREDA,bollinger_meanrev,MIS,2026-07-27 09:20:00,2026-07-27 09:55:00,121.29,120.51,247,192.66,161.01,1.17,target_mid_band
IRFC,bollinger_meanrev,MIS,2026-07-27 09:20:00,2026-07-27 09:25:00,88.23,88.49714285714286,340,-90.83,-122.7,-0.72,trailing_stop
LTF,bollinger_meanrev,MIS,2026-07-27 09:20:00,2026-07-27 09:35:00,308.4,310.72142857142853,97,-225.18,-257.05,-0.97,trailing_stop
LTM,bollinger_meanrev,MIS,2026-07-27 09:20:00,2026-07-27 09:30:00,4125.1,4159.285714285715,7,-239.3,-270.07,-1.09,trailing_stop
LUPIN,bollinger_meanrev,MIS,2026-07-27 09:20:00,2026-07-27 09:25:00,2409.4,2426.0857142857144,12,-200.23,-231.02,-1.08,trailing_stop
MARUTI,bollinger_meanrev,MIS,2026-07-27 09:20:00,2026-07-27 10:35:00,13580,13607.714285714286,2,-55.43,-84.27,-0.43,trailing_stop
MPHASIS,bollinger_meanrev,MIS,2026-07-27 09:20:00,2026-07-27 09:30:00,2334.4,2345.6428571428573,12,-134.91,-164.71,-0.48,trailing_stop
MUTHOOTFIN,bollinger_meanrev,MIS,2026-07-27 09:20:00,2026-07-27 10:25:00,3032.4,3039.442857142857,9,-63.39,-92.37,-0.26,trailing_stop
PATANJALI,bollinger_meanrev,MIS,2026-07-27 09:20:00,2026-07-27 09:30:00,344.8,347.5,87,-234.9,-266.86,-0.89,trailing_stop
TATAINVEST,bollinger_meanrev,MIS,2026-07-27 09:20:00,2026-07-27 09:30:00,641.4,645.1142857142858,46,-170.86,-202.25,-0.8,trailing_stop
TCS,bollinger_meanrev,MIS,2026-07-27 09:20:00,2026-07-27 09:30:00,2281.2,2292.5857142857144,13,-148.01,-179.56,-1.01,trailing_stop
ALKEM,bollinger_meanrev,MIS,2026-07-27 09:25:00,2026-07-27 10:10:00,5692.5,5666.571428571428,5,129.64,99.54,0.91,trailing_stop
CHOLAFIN,bollinger_meanrev,MIS,2026-07-27 09:25:00,2026-07-27 09:40:00,1764.3,1778.4,17,-239.7,-271.66,-0.87,trailing_stop
EICHERMOT,bollinger_meanrev,MIS,2026-07-27 09:25:00,2026-07-27 09:40:00,7688.0,7710.071428571428,3,-66.21,-90.71,-0.65,trailing_stop
JIOFIN,bollinger_meanrev,MIS,2026-07-27 09:25:00,2026-07-27 10:20:00,236.53,235.91,126,78.12,46.57,0.65,target_mid_band
LODHA,bollinger_meanrev,MIS,2026-07-27 09:25:00,2026-07-27 09:45:00,1175.05,1183.3214285714287,25,-206.79,-238.07,-0.55,trailing_stop
LT,bollinger_meanrev,MIS,2026-07-27 09:25:00,2026-07-27 10:35:00,3825.6,3819.2,7,44.8,16.43,0.37,target_mid_band
MANKIND,bollinger_meanrev,MIS,2026-07-27 09:25:00,2026-07-27 10:00:00,2540.9,2550.2428571428572,11,-102.77,-132.48,-0.73,trailing_stop
MOTHERSON,bollinger_meanrev,MIS,2026-07-27 09:25:00,2026-07-27 10:20:00,147.68,148.37571428571428,203,-141.23,-173.11,-0.82,trailing_stop
OFSS,bollinger_meanrev,MIS,2026-07-27 09:25:00,2026-07-27 09:35:00,11018.0,11171.714285714286,2,-307.43,-330.99,-1.17,trailing_stop
PFC,bollinger_meanrev,MIS,2026-07-27 09:25:00,2026-07-27 10:15:00,416.15,413.4,72,198.0,166.35,1.12,target_mid_band
PNB,bollinger_meanrev,MIS,2026-07-27 09:25:00,2026-07-27 10:10:00,112.09,111.08,267,269.67,238.11,1.63,target_mid_band
ZYDUSLIFE,bollinger_meanrev,MIS,2026-07-27 09:25:00,2026-07-27 10:15:00,1119.8,1114.4,26,140.4,109.62,0.89,target_mid_band
HCLTECH,bollinger_meanrev,MIS,2026-07-27 09:30:00,2026-07-27 09:40:00,1291.0,1301.3142857142857,23,-237.23,-268.87,-1.14,trailing_stop
AMBUJACEM,bollinger_meanrev,MIS,2026-07-27 09:35:00,2026-07-27 10:35:00,432.0,429.65,69,162.15,130.64,0.64,target_mid_band
HUDCO,bollinger_meanrev,MIS,2026-07-27 09:35:00,2026-07-27 10:35:00,198.8,197.51,150,193.5,162.0,0.56,target_mid_band
TECHM,bollinger_meanrev,MIS,2026-07-27 09:35:00,2026-07-27 10:45:00,1590.0,1587.8,18,39.6,9.28,0.18,target_mid_band
TORNTPHARM,bollinger_meanrev,MIS,2026-07-27 09:35:00,2026-07-27 09:55:00,5042.9,5063.314285714286,5,-102.07,-128.88,-0.69,trailing_stop
APLAPOLLO,bollinger_meanrev,MIS,2026-07-27 09:40:00,2026-07-27 10:00:00,1848.0,1856.4,16,-134.4,-165.84,-0.84,trailing_stop
ATGL,bollinger_meanrev,MIS,2026-07-27 09:40:00,2026-07-27 10:25:00,664.15,659.45,45,211.5,179.94,0.9,target_mid_band
HEROMOTOCO,bollinger_meanrev,MIS,2026-07-27 09:40:00,2026-07-27 10:40:00,5076.5,5071.771428571429,5,23.64,-3.26,0.16,trailing_stop
SHRIRAMFIN,bollinger_meanrev,MIS,2026-07-27 09:40:00,2026-07-27 10:20:00,1021.7,1010.6,29,321.9,290.69,0.84,target_mid_band
TIINDIA,bollinger_meanrev,MIS,2026-07-27 09:40:00,2026-07-27 10:45:00,2859.0,2844.7714285714287,10,142.29,112.06,0.37,trailing_stop
TRENT,bollinger_meanrev,MIS,2026-07-27 09:40:00,2026-07-27 11:05:00,2941.6,2948.6857142857143,10,-70.86,-102.1,-0.36,trailing_stop
HAL,bollinger_meanrev,MIS,2026-07-27 09:45:00,2026-07-27 10:45:00,4629.9,4609.9,6,120.0,90.62,0.73,target_mid_band
CONCOR,bollinger_meanrev,MIS,2026-07-27 09:55:00,2026-07-27 11:05:00,501.9,503.56428571428575,59,-98.19,-129.66,-0.19,trailing_stop
SWIGGY,bollinger_meanrev,MIS,2026-07-27 10:30:00,2026-07-27 11:45:00,263.17,263.83714285714285,113,-75.39,-106.97,-0.21,trailing_stop
RECLTD,bollinger_meanrev,MIS,2026-07-27 11:25:00,2026-07-27 12:00:00,367.15,364.15,81,243.0,211.62,1.5,target_mid_band
NHPC,bollinger_meanrev,MIS,2026-07-27 11:45:00,2026-07-27 11:55:00,79.68,79.92714285714285,376,-92.93,-124.76,-0.92,trailing_stop
TATACAP,bollinger_meanrev,MIS,2026-07-27 11:45:00,2026-07-27 11:55:00,346.4,347.65000000000003,86,-107.5,-139.16,-0.78,trailing_stop
GODREJPROP,bollinger_meanrev,MIS,2026-07-27 11:50:00,2026-07-27 11:55:00,2058.8,2059.2714285714283,14,-6.6,-37.17,-0.06,trailing_stop
DMART,bollinger_meanrev,MIS,2026-07-27 12:00:00,2026-07-27 13:30:00,4062.8,4069.214285714286,7,-44.9,-75.09,-0.35,trailing_stop
PAYTM,bollinger_meanrev,MIS,2026-07-27 12:00:00,2026-07-27 12:05:00,1290.2,1289.642857142857,23,12.81,-18.65,0.1,trailing_stop
LICHSGFIN,bollinger_meanrev,MIS,2026-07-27 12:15:00,2026-07-27 12:55:00,547.8,547.1285714285714,54,36.26,4.91,0.42,trailing_stop
VBL,bollinger_meanrev,MIS,2026-07-27 12:20:00,2026-07-27 13:10:00,463.45,462.82142857142856,64,40.23,8.8,0.31,trailing_stop
BAJAJHLDNG,bollinger_meanrev,MIS,2026-07-27 12:55:00,2026-07-27 13:00:00,10750,10778.0,2,-56.0,-78.84,-0.78,trailing_stop
SBILIFE,bollinger_meanrev,MIS,2026-07-27 12:55:00,2026-07-27 13:45:00,1860.0,1860.9142857142856,16,-14.63,-46.2,-0.12,trailing_stop
SUNPHARMA,bollinger_meanrev,MIS,2026-07-27 12:55:00,2026-07-27 13:45:00,1975.3,1972.6857142857143,15,39.21,7.82,0.45,trailing_stop
VMM,bollinger_meanrev,MIS,2026-07-27 13:00:00,2026-07-27 13:35:00,109.0,109.30714285714286,275,-84.46,-116.31,-0.53,trailing_stop
SOLARINDS,bollinger_meanrev,MIS,2026-07-27 13:15:00,2026-07-27 14:25:00,18679,18663.85714285714,1,15.14,-4.66,0.18,trailing_stop
BSE,bollinger_meanrev,MIS,2026-07-27 13:35:00,2026-07-27 14:00:00,3547.0,3553.1285714285714,8,-49.03,-79.15,-0.41,trailing_stop
WIPRO,bollinger_meanrev,MIS,2026-07-27 13:35:00,2026-07-27 14:00:00,177.8,178.45000000000002,168,-109.2,-140.95,-1.08,trailing_stop
BDL,bollinger_meanrev,MIS,2026-07-27 13:50:00,2026-07-27 14:50:00,1262.3,1255.2,23,163.3,132.62,0.92,target_mid_band
COLPAL,bollinger_meanrev,MIS,2026-07-27 13:50:00,2026-07-27 14:15:00,2152.8,2135.2,13,228.8,199.27,1.95,target_mid_band
TITAN,bollinger_meanrev,MIS,2026-07-27 14:35:00,2026-07-27 14:50:00,4723.4,4729.228571428572,6,-34.97,-65.05,-0.63,trailing_stop
DLF,bollinger_meanrev,MIS,2026-07-27 14:40:00,2026-07-27 15:00:00,647.75,649.4571428571429,46,-78.53,-110.18,-0.87,trailing_stop
SUZLON,bollinger_meanrev,MIS,2026-07-27 14:40:00,2026-07-27 15:15:00,53.17,53.15,564,11.28,-20.51,0.14,forced_close
M&MFIN,bollinger_meanrev,MIS,2026-07-27 14:55:00,2026-07-27 15:05:00,364.05,362.98571428571427,82,87.27,55.67,0.46,trailing_stop
NYKAA,bollinger_meanrev,MIS,2026-07-27 14:55:00,2026-07-27 15:15:00,327.4,327.0,91,36.4,4.83,0.38,forced_close
PREMIERENE,bollinger_meanrev,MIS,2026-07-27 14:55:00,2026-07-27 15:15:00,1042.4,1039.8,28,72.8,41.89,0.72,forced_close
CIPLA,bollinger_meanrev,MIS,2026-07-27 15:00:00,2026-07-27 15:15:00,1406.9,1410.9857142857143,21,-85.8,-117.19,-0.9,trailing_stop
GRASIM,bollinger_meanrev,MIS,2026-07-27 15:00:00,2026-07-27 15:15:00,3114.0,3112.3,9,15.3,-14.41,0.23,forced_close
ADANIENSOL,bollinger_meanrev,MIS,2026-07-27 15:05:00,2026-07-27 15:15:00,1701.9,1704.0,17,-35.7,-66.4,-0.3,forced_close
POWERGRID,bollinger_meanrev,MIS,2026-07-27 15:05:00,2026-07-27 15:15:00,289.6,289.1142857142857,103,50.03,18.43,0.7,trailing_stop
ULTRACEMCO,bollinger_meanrev,MIS,2026-07-27 15:05:00,2026-07-27 15:15:00,11645,11656,2,-22,-46.71,-0.35,forced_close
JSWSTEEL,bollinger_meanrev,MIS,2026-07-27 15:20:00,2026-07-27 15:25:00,1246.4,1248.9,24,-60.0,-91.76,-0.67,forced_close
TATAPOWER,bollinger_meanrev,MIS,2026-07-27 15:25:00,2026-07-27 15:25:00,379.0,379.0,79,-0.0,-31.75,-0.0,eod_data_end
BRITANNIA,bollinger_meanrev,MIS,2026-07-28 09:15:00,2026-07-28 09:35:00,5429.5,5444.642857142857,5,-75.71,-104.55,-0.74,trailing_stop
CIPLA,bollinger_meanrev,MIS,2026-07-28 09:15:00,2026-07-28 09:30:00,1432.8,1443.9714285714285,20,-223.43,-253.96,-1.29,trailing_stop
COFORGE,bollinger_meanrev,MIS,2026-07-28 09:15:00,2026-07-28 09:25:00,1625.2,1641.0,18,-284.4,-315.6,-0.76,trailing_stop
COLPAL,bollinger_meanrev,MIS,2026-07-28 09:15:00,2026-07-28 09:35:00,2159.3,2164.8142857142857,13,-71.69,-101.5,-0.56,trailing_stop
CONCOR,bollinger_meanrev,MIS,2026-07-28 09:15:00,2026-07-28 09:20:00,519.8,519.6928571428571,57,6.11,-25.31,0.03,trailing_stop
FEDERALBNK,bollinger_meanrev,MIS,2026-07-28 09:15:00,2026-07-28 09:20:00,357.2,356.05,83,95.45,64.07,1.05,target_mid_band
GODREJCP,bollinger_meanrev,MIS,2026-07-28 09:15:00,2026-07-28 09:20:00,1085.5,1086.6,27,-29.7,-60.8,-0.22,trailing_stop
HCLTECH,bollinger_meanrev,MIS,2026-07-28 09:15:00,2026-07-28 09:40:00,1319.3,1325.057142857143,22,-126.66,-157.52,-0.79,trailing_stop
HEROMOTOCO,bollinger_meanrev,MIS,2026-07-28 09:15:00,2026-07-28 09:55:00,5135.6,5148.742857142857,5,-65.71,-92.99,-0.63,trailing_stop
INFY,bollinger_meanrev,MIS,2026-07-28 09:15:00,2026-07-28 09:40:00,1107.4,1113.742857142857,27,-171.26,-203.07,-0.83,trailing_stop
JSWSTEEL,bollinger_meanrev,MIS,2026-07-28 09:15:00,2026-07-28 10:15:00,1249.9,1250.5857142857142,24,-16.46,-48.28,-0.13,trailing_stop
JUBLFOOD,bollinger_meanrev,MIS,2026-07-28 09:15:00,2026-07-28 09:20:00,431.7,432.6142857142857,69,-63.09,-94.71,-0.48,trailing_stop
LODHA,bollinger_meanrev,MIS,2026-07-28 09:15:00,2026-07-28 09:25:00,1247.6,1263.1714285714286,24,-373.71,-405.71,-0.94,trailing_stop
LTM,bollinger_meanrev,MIS,2026-07-28 09:15:00,2026-07-28 09:30:00,4297.8,4330.999999999999,6,-199.2,-226.67,-1.0,trailing_stop
MPHASIS,bollinger_meanrev,MIS,2026-07-28 09:15:00,2026-07-28 09:25:00,2414.2,2433.4285714285716,12,-230.74,-261.61,-0.88,trailing_stop
NESTLEIND,bollinger_meanrev,MIS,2026-07-28 09:15:00,2026-07-28 09:30:00,1462.9,1468.1285714285714,20,-104.57,-135.67,-0.82,trailing_stop
OFSS,bollinger_meanrev,MIS,2026-07-28 09:15:00,2026-07-28 09:20:00,11320.0,11396.57142857143,2,-153.14,-177.25,-1.01,trailing_stop
PERSISTENT,bollinger_meanrev,MIS,2026-07-28 09:15:00,2026-07-28 09:20:00,5378.0,5403.0,5,-125.0,-153.6,-0.72,trailing_stop
SBICARD,bollinger_meanrev,MIS,2026-07-28 09:15:00,2026-07-28 09:20:00,651.8,656.2571428571429,46,-205.03,-236.96,-1.07,trailing_stop
TCS,bollinger_meanrev,MIS,2026-07-28 09:15:00,2026-07-28 09:45:00,2365.2,2379.9142857142856,12,-176.57,-206.78,-0.9,trailing_stop
TECHM,bollinger_meanrev,MIS,2026-07-28 09:15:00,2026-07-28 10:30:00,1617.0,1623.1857142857143,18,-111.34,-142.28,-0.56,trailing_stop
TITAN,bollinger_meanrev,MIS,2026-07-28 09:15:00,2026-07-28 09:30:00,4752.0,4736.371428571429,6,93.77,63.6,0.81,trailing_stop
ULTRACEMCO,bollinger_meanrev,MIS,2026-07-28 09:15:00,2026-07-28 09:40:00,11689,11699.285714285714,2,-20.57,-45.38,-0.21,trailing_stop
WIPRO,bollinger_meanrev,MIS,2026-07-28 09:15:00,2026-07-28 10:00:00,180.17,180.6242857142857,166,-75.41,-107.18,-0.58,trailing_stop
GODREJPROP,bollinger_meanrev,MIS,2026-07-28 09:20:00,2026-07-28 09:35:00,2103.1,2121.285714285714,14,-254.6,-285.99,-1.27,trailing_stop
HINDPETRO,bollinger_meanrev,MIS,2026-07-28 09:20:00,2026-07-28 09:55:00,397.1,394.14285714285717,75,221.79,190.34,1.11,trailing_stop
IOC,bollinger_meanrev,MIS,2026-07-28 09:20:00,2026-07-28 09:55:00,142.68,141.45,210,258.3,226.69,1.83,target_mid_band
DLF,bollinger_meanrev,MIS,2026-07-28 09:25:00,2026-07-28 09:35:00,656.1,658.1285714285715,45,-91.29,-122.65,-0.57,trailing_stop
MARICO,bollinger_meanrev,MIS,2026-07-28 09:25:00,2026-07-28 09:35:00,864.65,868.2285714285714,34,-121.67,-152.92,-0.96,trailing_stop
POLICYBZR,bollinger_meanrev,MIS,2026-07-28 09:25:00,2026-07-28 09:35:00,1565.4,1571.5714285714287,19,-117.26,-148.87,-0.74,trailing_stop
TATAELXSI,bollinger_meanrev,MIS,2026-07-28 09:25:00,2026-07-28 10:40:00,3606.3,3599.5,8,54.4,23.84,0.28,target_mid_band
TVSMOTOR,bollinger_meanrev,MIS,2026-07-28 09:30:00,2026-07-28 10:40:00,3918.4,3937.7428571428572,7,-135.4,-164.57,-0.84,trailing_stop
DABUR,bollinger_meanrev,MIS,2026-07-28 09:35:00,2026-07-28 09:55:00,432.9,435.62857142857143,69,-188.27,-220.07,-1.08,trailing_stop
INDIGO,bollinger_meanrev,MIS,2026-07-28 09:35:00,2026-07-28 10:20:00,5266.0,5242.5,5,117.5,89.65,0.88,target_mid_band
PAYTM,bollinger_meanrev,MIS,2026-07-28 09:35:00,2026-07-28 10:50:00,1312.7,1309.7,22,66.0,35.42,0.27,target_mid_band
ASIANPAINT,bollinger_meanrev,MIS,2026-07-28 09:40:00,2026-07-28 11:10:00,2736.9,2739.4,10,-25.0,-54.04,-0.2,target_mid_band
KALYANKJIL,bollinger_meanrev,MIS,2026-07-28 09:40:00,2026-07-28 10:35:00,574.75,570.25,52,234.0,202.46,0.89,target_mid_band
TATACOMM,bollinger_meanrev,MIS,2026-07-28 09:45:00,2026-07-28 09:50:00,1762.6,1771.5,17,-151.3,-183.17,-0.69,trailing_stop
JIOFIN,bollinger_meanrev,MIS,2026-07-28 09:50:00,2026-07-28 10:40:00,239.19,238.07857142857145,125,138.93,107.31,0.93,trailing_stop
MANKIND,bollinger_meanrev,MIS,2026-07-28 09:55:00,2026-07-28 11:15:00,2601.8,2585.0,11,184.8,154.57,0.76,target_mid_band
NMDC,bollinger_meanrev,MIS,2026-07-28 10:40:00,2026-07-28 11:30:00,83.91,83.64,357,96.39,64.68,0.73,target_mid_band
SAIL,bollinger_meanrev,MIS,2026-07-28 10:40:00,2026-07-28 11:00:00,165.65,167.27285714285713,181,-293.74,-325.72,-1.02,trailing_stop
HYUNDAI,bollinger_meanrev,MIS,2026-07-28 10:55:00,2026-07-28 11:50:00,2004.0,1998.0,14,84.0,54.3,0.84,target_mid_band
GAIL,bollinger_meanrev,MIS,2026-07-28 11:05:00,2026-07-28 11:40:00,176.29,176.05285714285716,170,40.31,8.56,0.21,trailing_stop
COCHINSHIP,bollinger_meanrev,MIS,2026-07-28 11:10:00,2026-07-28 11:50:00,1393.7,1392.0,21,35.7,4.69,0.51,target_mid_band
KOTAKBANK,bollinger_meanrev,MIS,2026-07-28 11:40:00,2026-07-28 12:20:00,386.75,387.1357142857143,77,-29.7,-61.3,-0.34,trailing_stop
SWIGGY,bollinger_meanrev,MIS,2026-07-28 12:05:00,2026-07-28 12:25:00,272.98,269.9871428571429,109,326.22,294.88,1.3,trailing_stop
HAL,bollinger_meanrev,MIS,2026-07-28 12:20:00,2026-07-28 12:25:00,4582.8,4599.328571428571,6,-99.17,-128.39,-1.2,trailing_stop
BDL,bollinger_meanrev,MIS,2026-07-28 12:30:00,2026-07-28 12:35:00,1282.6,1278.142857142857,23,102.51,71.3,0.46,trailing_stop
BAJAJ-AUTO,bollinger_meanrev,MIS,2026-07-28 12:40:00,2026-07-28 12:55:00,11306.0,11333.857142857143,2,-55.71,-79.73,-0.95,trailing_stop
ICICIGI,bollinger_meanrev,MIS,2026-07-28 12:50:00,2026-07-28 12:55:00,1702.9,1701.0285714285715,17,31.81,1.14,0.21,trailing_stop
COROMANDEL,bollinger_meanrev,MIS,2026-07-28 12:55:00,2026-07-28 13:45:00,2022.4,2017.942857142857,14,62.4,32.41,0.78,trailing_stop
SUPREMEIND,bollinger_meanrev,MIS,2026-07-28 13:00:00,2026-07-28 13:05:00,3418.2,3439.7714285714287,8,-172.57,-201.68,-0.69,trailing_stop
ASTRAL,bollinger_meanrev,MIS,2026-07-28 13:05:00,2026-07-28 13:20:00,1474.9,1472.9714285714285,20,38.57,7.31,0.31,trailing_stop
TIINDIA,bollinger_meanrev,MIS,2026-07-28 13:05:00,2026-07-28 13:10:00,2828.0,2830.2571428571428,10,-22.57,-52.58,-0.18,trailing_stop
CGPOWER,bollinger_meanrev,MIS,2026-07-28 13:30:00,2026-07-28 14:30:00,845.9,842.6,35,115.5,84.18,0.75,target_mid_band
OIL,bollinger_meanrev,MIS,2026-07-28 13:30:00,2026-07-28 13:35:00,456.15,452.26428571428573,65,252.57,221.29,0.97,trailing_stop
SBILIFE,bollinger_meanrev,MIS,2026-07-28 13:35:00,2026-07-28 14:40:00,1886.8,1888.2714285714285,15,-22.07,-52.1,-0.25,trailing_stop
RADICO,bollinger_meanrev,MIS,2026-07-28 14:05:00,2026-07-28 14:10:00,4162.9,4174.557142857143,7,-81.6,-112.55,-0.43,trailing_stop
ENRIN,bollinger_meanrev,MIS,2026-07-28 14:20:00,2026-07-28 14:35:00,3171.0,3181.7285714285713,9,-96.56,-126.88,-1.09,trailing_stop
AXISBANK,bollinger_meanrev,MIS,2026-07-28 14:25:00,2026-07-28 14:55:00,1228.3,1225.9,24,57.6,26.38,0.98,target_mid_band
BAJAJHLDNG,bollinger_meanrev,MIS,2026-07-28 14:30:00,2026-07-28 14:45:00,10868,10854.42857142857,2,27.14,4.11,0.57,trailing_stop
ETERNAL,bollinger_meanrev,MIS,2026-07-28 14:35:00,2026-07-28 14:50:00,307.3,307.84285714285716,97,-52.66,-84.3,-0.43,trailing_stop
DIXON,bollinger_meanrev,MIS,2026-07-28 14:45:00,2026-07-28 15:05:00,13865,13917.857142857143,2,-105.71,-135.19,-1.02,trailing_stop
GVT&D,bollinger_meanrev,MIS,2026-07-28 15:10:00,2026-07-28 15:15:00,4128.8,4128.3,7,3.5,-27.15,0.02,forced_close
BHARTIARTL,bollinger_meanrev,MIS,2026-07-28 15:15:00,2026-07-28 15:20:00,1904.3,1902.8,15,22.5,-7.78,0.4,forced_close
SRF,bollinger_meanrev,MIS,2026-07-28 15:20:00,2026-07-28 15:25:00,2640.8,2640.0,11,8.8,-22.0,0.09,forced_close
ATGL,bollinger_meanrev,MIS,2026-07-29 09:15:00,2026-07-29 09:45:00,652.15,655.9571428571429,46,-175.13,-207.05,-0.97,trailing_stop
BAJAJ-AUTO,bollinger_meanrev,MIS,2026-07-29 09:15:00,2026-07-29 09:35:00,11480.0,11518.785714285714,2,-77.57,-101.97,-0.67,trailing_stop
BHARTIARTL,bollinger_meanrev,MIS,2026-07-29 09:15:00,2026-07-29 10:15:00,1930.4,1941.6571428571428,15,-168.86,-199.67,-1.18,trailing_stop
CIPLA,bollinger_meanrev,MIS,2026-07-29 09:15:00,2026-07-29 09:25:00,1451.2,1457.2714285714285,20,-121.43,-152.28,-1.07,trailing_stop
COFORGE,bollinger_meanrev,MIS,2026-07-29 09:15:00,2026-07-29 09:25:00,1730.1,1736.3714285714284,17,-106.61,-137.87,-0.34,trailing_stop
COROMANDEL,bollinger_meanrev,MIS,2026-07-29 09:15:00,2026-07-29 09:35:00,2062.4,2063.942857142857,14,-21.6,-52.23,-0.1,trailing_stop
INFY,bollinger_meanrev,MIS,2026-07-29 09:15:00,2026-07-29 09:20:00,1141.4,1140.5,26,23.4,-8.06,0.09,trailing_stop
KALYANKJIL,bollinger_meanrev,MIS,2026-07-29 09:15:00,2026-07-29 09:25:00,618.8,623.0928571428572,48,-206.06,-237.69,-0.67,trailing_stop
LT,bollinger_meanrev,MIS,2026-07-29 09:15:00,2026-07-29 09:45:00,3946.6,3975.785714285714,7,-204.3,-233.73,-0.86,trailing_stop
LUPIN,bollinger_meanrev,MIS,2026-07-29 09:15:00,2026-07-29 09:20:00,2409.0,2420.2285714285713,12,-134.74,-165.48,-1.23,trailing_stop
OFSS,bollinger_meanrev,MIS,2026-07-29 09:15:00,2026-07-29 09:20:00,11575.0,11627.714285714286,2,-105.43,-130.05,-0.69,trailing_stop
POLICYBZR,bollinger_meanrev,MIS,2026-07-29 09:15:00,2026-07-29 09:40:00,1599.9,1610.2,18,-185.4,-216.06,-1.25,trailing_stop
RVNL,bollinger_meanrev,MIS,2026-07-29 09:15:00,2026-07-29 09:25:00,224.29,225.80714285714285,133,-201.78,-233.54,-1.07,trailing_stop
SAIL,bollinger_meanrev,MIS,2026-07-29 09:15:00,2026-07-29 09:20:00,169.92,172.24142857142857,176,-408.57,-440.55,-1.52,trailing_stop
SOLARINDS,bollinger_meanrev,MIS,2026-07-29 09:15:00,2026-07-29 09:20:00,18445,18481.85714285714,1,-36.86,-56.44,-0.57,trailing_stop
SRF,bollinger_meanrev,MIS,2026-07-29 09:15:00,2026-07-29 09:20:00,2655.0,2655.114285714286,11,-1.26,-32.23,-0.01,trailing_stop
SWIGGY,bollinger_meanrev,MIS,2026-07-29 09:15:00,2026-07-29 09:20:00,277.14,277.0785714285714,108,6.63,-25.1,0.02,trailing_stop
TATACAP,bollinger_meanrev,MIS,2026-07-29 09:15:00,2026-07-29 09:20:00,371.8,374.12142857142857,80,-185.71,-217.38,-0.69,trailing_stop
TCS,bollinger_meanrev,MIS,2026-07-29 09:15:00,2026-07-29 09:20:00,2438.0,2432.1714285714284,12,69.94,38.96,0.42,trailing_stop
TORNTPHARM,bollinger_meanrev,MIS,2026-07-29 09:15:00,2026-07-29 09:20:00,4926.0,4915.414285714286,6,63.51,32.21,0.53,trailing_stop
ZYDUSLIFE,bollinger_meanrev,MIS,2026-07-29 09:15:00,2026-07-29 09:30:00,1105.9,1110.5142857142857,27,-124.59,-156.33,-0.96,trailing_stop
AUROPHARMA,bollinger_meanrev,MIS,2026-07-29 09:20:00,2026-07-29 09:25:00,1564.6,1572.742857142857,19,-154.71,-186.34,-0.85,trailing_stop
TATAINVEST,bollinger_meanrev,MIS,2026-07-29 09:20:00,2026-07-29 09:25:00,661.1,666.5642857142858,45,-245.89,-277.6,-1.2,trailing_stop
TVSMOTOR,bollinger_meanrev,MIS,2026-07-29 09:20:00,2026-07-29 10:35:00,4052.0,4043.3285714285716,7,60.7,30.66,0.31,trailing_stop
UPL,bollinger_meanrev,MIS,2026-07-29 09:20:00,2026-07-29 10:25:00,607.9,603.3,49,225.4,193.96,1.04,target_mid_band
ADANIENT,bollinger_meanrev,MIS,2026-07-29 09:25:00,2026-07-29 10:25:00,3027.5,3016.5,9,99.0,70.17,0.69,target_mid_band
ALKEM,bollinger_meanrev,MIS,2026-07-29 09:25:00,2026-07-29 09:55:00,5689.0,5700.928571428572,5,-59.64,-89.85,-0.42,trailing_stop
BRITANNIA,bollinger_meanrev,MIS,2026-07-29 09:25:00,2026-07-29 10:35:00,5567.0,5562.785714285715,5,21.07,-8.43,0.13,trailing_stop
BSE,bollinger_meanrev,MIS,2026-07-29 09:25:00,2026-07-29 09:40:00,3485.8,3506.5857142857144,8,-166.29,-195.96,-1.17,trailing_stop
DABUR,bollinger_meanrev,MIS,2026-07-29 09:25:00,2026-07-29 10:40:00,432.25,432.05,69,13.8,-17.82,0.07,trailing_stop
FORTIS,bollinger_meanrev,MIS,2026-07-29 09:25:00,2026-07-29 09:40:00,952.0,958.3428571428572,31,-196.63,-228.05,-1.05,trailing_stop
GLENMARK,bollinger_meanrev,MIS,2026-07-29 09:25:00,2026-07-29 10:15:00,2215.0,2200.5,13,188.5,158.08,1.02,target_mid_band
GODREJCP,bollinger_meanrev,MIS,2026-07-29 09:25:00,2026-07-29 10:25:00,1082.0,1079.8999999999999,27,56.7,25.76,0.32,trailing_stop
IDEA,bollinger_meanrev,MIS,2026-07-29 09:25:00,2026-07-29 10:10:00,13.15,13.03,2281,273.72,242.09,1.14,target_mid_band
ITC,bollinger_meanrev,MIS,2026-07-29 09:25:00,2026-07-29 09:35:00,287.4,288.4,104,-104.0,-135.76,-0.78,trailing_stop
JSWENERGY,bollinger_meanrev,MIS,2026-07-29 09:25:00,2026-07-29 09:45:00,548.65,549.6642857142857,54,-54.77,-86.22,-0.34,trailing_stop
MCX,bollinger_meanrev,MIS,2026-07-29 09:25:00,2026-07-29 09:40:00,2744.6,2762.0285714285715,10,-174.29,-203.5,-1.08,trailing_stop
NMDC,bollinger_meanrev,MIS,2026-07-29 09:25:00,2026-07-29 09:40:00,84.98,85.14285714285714,353,-57.49,-89.34,-0.32,trailing_stop
TATACONSUM,bollinger_meanrev,MIS,2026-07-29 09:25:00,2026-07-29 10:30:00,1102.7,1104.8428571428572,27,-57.86,-89.47,-0.33,trailing_stop
TATASTEEL,bollinger_meanrev,MIS,2026-07-29 09:25:00,2026-07-29 09:40:00,184.49,184.70999999999998,162,-35.64,-67.36,-0.26,trailing_stop
ULTRACEMCO,bollinger_meanrev,MIS,2026-07-29 09:25:00,2026-07-29 10:15:00,11837,11766,2,142,116.99,1.21,target_mid_band
UNITDSPR,bollinger_meanrev,MIS,2026-07-29 09:25:00,2026-07-29 09:40:00,1523.4,1534.1142857142859,19,-203.57,-234.4,-0.92,trailing_stop
DIVISLAB,bollinger_meanrev,MIS,2026-07-29 09:30:00,2026-07-29 10:35:00,7559.0,7593.071428571428,3,-102.21,-126.33,-0.58,trailing_stop
HINDUNILVR,bollinger_meanrev,MIS,2026-07-29 09:30:00,2026-07-29 10:05:00,2074.5,2099.214285714286,14,-346.0,-377.02,-1.3,trailing_stop
LAURUSLABS,bollinger_meanrev,MIS,2026-07-29 09:30:00,2026-07-29 09:55:00,1781.6,1793.8285714285714,16,-195.66,-226.01,-1.1,trailing_stop
TMCV,bollinger_meanrev,MIS,2026-07-29 09:30:00,2026-07-29 10:15:00,422.6,419.25,70,234.5,203.28,1.65,target_mid_band
KPITTECH,bollinger_meanrev,MIS,2026-07-29 09:35:00,2026-07-29 10:45:00,628.25,624.45,47,178.6,147.4,0.36,target_mid_band
TATAELXSI,bollinger_meanrev,MIS,2026-07-29 09:40:00,2026-07-29 10:55:00,3698.5,3679.3,8,153.6,122.32,0.44,target_mid_band
JINDALSTEL,bollinger_meanrev,MIS,2026-07-29 09:50:00,2026-07-29 10:25:00,1086.6,1094.7285714285713,27,-219.47,-250.72,-0.76,trailing_stop
VEDL,bollinger_meanrev,MIS,2026-07-29 09:50:00,2026-07-29 11:05:00,263.7,263.67857142857144,113,2.42,-29.18,0.01,trailing_stop
DIXON,bollinger_meanrev,MIS,2026-07-29 10:00:00,2026-07-29 10:35:00,14072,14122.142857142857,2,-100.29,-130.2,-0.55,trailing_stop
YESBANK,bollinger_meanrev,MIS,2026-07-29 10:10:00,2026-07-29 10:55:00,22.97,22.87,1306,130.6,98.87,0.8,target_mid_band
TRENT,bollinger_meanrev,MIS,2026-07-29 10:35:00,2026-07-29 11:00:00,2959.0,2964.1857142857143,10,-51.86,-83.27,-0.43,trailing_stop
LODHA,bollinger_meanrev,MIS,2026-07-29 11:15:00,2026-07-29 12:15:00,1334.05,1312.1,22,482.9,452.09,1.71,target_mid_band
PHOENIXLTD,bollinger_meanrev,MIS,2026-07-29 11:20:00,2026-07-29 12:05:00,1941.5,1923.7,15,267.0,236.29,1.16,target_mid_band
M&MFIN,bollinger_meanrev,MIS,2026-07-29 11:25:00,2026-07-29 12:35:00,385.0,385.12142857142857,77,-9.35,-40.79,-0.04,trailing_stop
GROWW,bollinger_meanrev,MIS,2026-07-29 11:35:00,2026-07-29 11:50:00,195.1,195.75571428571428,153,-100.32,-132.04,-0.7,trailing_stop
RECLTD,bollinger_meanrev,MIS,2026-07-29 11:45:00,2026-07-29 11:50:00,374.8,376.62142857142857,80,-145.71,-177.6,-0.94,trailing_stop
ONGC,bollinger_meanrev,MIS,2026-07-29 11:50:00,2026-07-29 13:15:00,239.96,239.6,125,45.0,13.22,0.74,target_mid_band
PFC,bollinger_meanrev,MIS,2026-07-29 11:55:00,2026-07-29 12:35:00,428.7,426.3,69,165.6,134.34,0.87,target_mid_band
ABB,bollinger_meanrev,MIS,2026-07-29 12:00:00,2026-07-29 12:40:00,7357.0,7389.0,4,-128.0,-159.29,-0.38,trailing_stop
GODFRYPHLP,bollinger_meanrev,MIS,2026-07-29 12:05:00,2026-07-29 13:20:00,2080.1,2077.542857142857,14,35.8,4.94,0.17,trailing_stop
HDFCBANK,bollinger_meanrev,MIS,2026-07-29 12:05:00,2026-07-29 13:15:00,750.45,749.5,39,37.05,6.04,0.48,target_mid_band
TMPV,bollinger_meanrev,MIS,2026-07-29 12:05:00,2026-07-29 13:20:00,330.15,329.6,90,49.5,18.02,0.46,target_mid_band
IRFC,bollinger_meanrev,MIS,2026-07-29 12:10:00,2026-07-29 12:15:00,89.5,89.63,335,-43.55,-75.37,-0.42,trailing_stop
JUBLFOOD,bollinger_meanrev,MIS,2026-07-29 12:20:00,2026-07-29 12:25:00,437.5,438.79285714285714,68,-87.91,-119.52,-1.31,trailing_stop
PATANJALI,bollinger_meanrev,MIS,2026-07-29 12:20:00,2026-07-29 12:50:00,347.95,348.7714285714286,86,-70.64,-102.42,-0.39,trailing_stop
BLUESTARCO,bollinger_meanrev,MIS,2026-07-29 12:30:00,2026-07-29 12:40:00,1655.3,1655.2,18,1.8,-29.8,0.03,trailing_stop
GVT&D,bollinger_meanrev,MIS,2026-07-29 12:35:00,2026-07-29 12:40:00,4112.4,4133.257142857143,7,-146.0,-176.62,-0.8,trailing_stop
JIOFIN,bollinger_meanrev,MIS,2026-07-29 12:40:00,2026-07-29 12:45:00,241.06,241.96142857142857,124,-111.78,-143.55,-0.95,trailing_stop
360ONE,bollinger_meanrev,MIS,2026-07-29 12:50:00,2026-07-29 13:10:00,1138.0,1140.8285714285714,26,-73.54,-104.97,-0.69,trailing_stop
TATAPOWER,bollinger_meanrev,MIS,2026-07-29 13:05:00,2026-07-29 13:10:00,375.55,376.4642857142857,79,-72.23,-103.74,-0.78,trailing_stop
GODREJPROP,bollinger_meanrev,MIS,2026-07-29 13:10:00,2026-07-29 13:25:00,2164.7,2167.6428571428573,13,-38.26,-68.12,-0.54,trailing_stop
LENSKART,bollinger_meanrev,MIS,2026-07-29 13:20:00,2026-07-29 13:45:00,556.25,557.8857142857144,53,-86.69,-118.01,-1.03,trailing_stop
LICHSGFIN,bollinger_meanrev,MIS,2026-07-29 13:35:00,2026-07-29 14:20:00,554.85,556.5357142857142,54,-91.03,-122.86,-1.08,trailing_stop
LTF,bollinger_meanrev,MIS,2026-07-29 13:45:00,2026-07-29 15:05:00,309.55,308.75,96,76.8,45.34,0.37,target_mid_band
PAYTM,bollinger_meanrev,MIS,2026-07-29 13:55:00,2026-07-29 14:20:00,1322.3,1320.6714285714286,22,35.83,5.0,0.28,trailing_stop
AXISBANK,bollinger_meanrev,MIS,2026-07-29 14:00:00,2026-07-29 14:30:00,1234.3,1236.4285714285713,24,-51.09,-82.53,-0.68,trailing_stop
WAAREEENER,bollinger_meanrev,MIS,2026-07-29 14:00:00,2026-07-29 14:10:00,2715.6,2727.0857142857144,11,-126.34,-158.1,-0.98,trailing_stop
ASIANPAINT,bollinger_meanrev,MIS,2026-07-29 14:05:00,2026-07-29 14:10:00,2837.5,2845.2571428571428,10,-77.57,-107.71,-0.26,trailing_stop
IRCTC,bollinger_meanrev,MIS,2026-07-29 14:05:00,2026-07-29 14:45:00,497.85,497.95,60,-6.0,-37.68,-0.06,trailing_stop
GMRAIRPORT,bollinger_meanrev,MIS,2026-07-29 14:20:00,2026-07-29 15:15:00,107.77,107.06,278,197.38,165.74,1.52,forced_close
ADANIENSOL,bollinger_meanrev,MIS,2026-07-29 14:30:00,2026-07-29 14:35:00,1677.8,1674.3000000000002,17,59.5,29.29,0.39,trailing_stop
BAJAJHLDNG,bollinger_meanrev,MIS,2026-07-29 14:45:00,2026-07-29 15:15:00,10965,10949,2,32,8.76,0.57,forced_close
PIIND,bollinger_meanrev,MIS,2026-07-29 14:45:00,2026-07-29 15:15:00,2759.2,2746.2,10,130.0,100.82,1.32,forced_close
OIL,bollinger_meanrev,MIS,2026-07-29 14:55:00,2026-07-29 15:00:00,447.7,449.13571428571424,67,-96.19,-128.06,-1.12,trailing_stop
SUNPHARMA,bollinger_meanrev,MIS,2026-07-29 15:05:00,2026-07-29 15:15:00,1990.9,1991.1,15,-3.0,-34.67,-0.04,forced_close
HAL,bollinger_meanrev,MIS,2026-07-29 15:10:00,2026-07-29 15:15:00,4593.7,4589.3,6,26.4,-2.81,0.39,forced_close
HINDZINC,bollinger_meanrev,MIS,2026-07-29 15:20:00,2026-07-29 15:25:00,538.8,541.0214285714285,55,-122.18,-153.68,-1.03,trailing_stop
HINDALCO,bollinger_meanrev,MIS,2026-07-29 15:25:00,2026-07-29 15:25:00,964.0,964.0,31,-0.0,-31.69,-0.0,eod_data_end
HINDALCO,bollinger_meanrev,MIS,2026-07-30 09:15:00,2026-07-30 09:25:00,968.15,971.1857142857143,30,-91.07,-121.93,-0.93,trailing_stop
HINDZINC,bollinger_meanrev,MIS,2026-07-30 09:15:00,2026-07-30 10:10:00,539.3,535.9,55,187.0,155.67,1.23,target_mid_band
INFY,bollinger_meanrev,MIS,2026-07-30 09:15:00,2026-07-30 10:00:00,1183.7,1185.3714285714286,25,-41.79,-73.19,-0.2,trailing_stop
OIL,bollinger_meanrev,MIS,2026-07-30 09:15:00,2026-07-30 09:20:00,451.1,454.27857142857147,66,-209.79,-241.49,-1.19,trailing_stop
SUNPHARMA,bollinger_meanrev,MIS,2026-07-30 09:15:00,2026-07-30 10:25:00,2009.3,2001.5,14,109.2,79.44,0.91,target_mid_band
TECHM,bollinger_meanrev,MIS,2026-07-30 09:15:00,2026-07-30 09:20:00,1675.4,1674.642857142857,17,12.87,-17.32,0.07,trailing_stop
TORNTPHARM,bollinger_meanrev,MIS,2026-07-30 09:15:00,2026-07-30 09:20:00,4911.0,4918.0,6,-42.0,-73.27,-0.53,trailing_stop
NAUKRI,bollinger_meanrev,MIS,2026-07-30 09:20:00,2026-07-30 10:05:00,1262.8,1262.4357142857143,23,8.38,-22.42,0.05,trailing_stop
NESTLEIND,bollinger_meanrev,MIS,2026-07-30 09:20:00,2026-07-30 09:50:00,1520.6,1529.5428571428572,19,-169.91,-200.66,-0.94,trailing_stop
WIPRO,bollinger_meanrev,MIS,2026-07-30 09:20:00,2026-07-30 10:15:00,188.96,189.61,158,-102.7,-134.43,-0.47,trailing_stop
INDUSTOWER,bollinger_meanrev,MIS,2026-07-30 09:25:00,2026-07-30 09:30:00,393.0,393.5642857142857,76,-42.89,-74.59,-0.23,trailing_stop
TVSMOTOR,bollinger_meanrev,MIS,2026-07-30 09:25:00,2026-07-30 10:50:00,4150.8,4156.5,7,-39.9,-70.74,-0.18,target_mid_band
ALKEM,bollinger_meanrev,MIS,2026-07-30 09:30:00,2026-07-30 09:35:00,5748.5,5788.857142857143,5,-201.79,-232.39,-1.15,trailing_stop
HEROMOTOCO,bollinger_meanrev,MIS,2026-07-30 09:30:00,2026-07-30 10:05:00,5304.3,5344.0428571428565,5,-198.71,-226.97,-0.79,trailing_stop
RADICO,bollinger_meanrev,MIS,2026-07-30 09:30:00,2026-07-30 09:55:00,4435.4,4462.028571428572,6,-159.77,-188.09,-0.78,trailing_stop
JINDALSTEL,bollinger_meanrev,MIS,2026-07-30 09:45:00,2026-07-30 10:25:00,1100.4,1089.3,27,299.7,268.38,1.03,target_mid_band
M&M,bollinger_meanrev,MIS,2026-07-30 09:45:00,2026-07-30 10:40:00,3281.2,3254.8,9,237.6,206.44,1.03,target_mid_band
DMART,bollinger_meanrev,MIS,2026-07-30 09:50:00,2026-07-30 10:15:00,3935.0,3950.285714285714,7,-107.0,-136.28,-0.55,trailing_stop
CONCOR,bollinger_meanrev,MIS,2026-07-30 10:50:00,2026-07-30 11:15:00,529.5,528.0642857142857,56,80.4,49.01,0.48,trailing_stop
BSE,bollinger_meanrev,MIS,2026-07-30 11:20:00,2026-07-30 12:00:00,3535.0,3521.2,8,110.4,80.48,0.95,target_mid_band
COROMANDEL,bollinger_meanrev,MIS,2026-07-30 11:20:00,2026-07-30 11:25:00,2058.1,2064.914285714286,14,-95.4,-126.02,-0.66,trailing_stop
SUZLON,bollinger_meanrev,MIS,2026-07-30 11:20:00,2026-07-30 11:25:00,47.33,47.61142857142857,633,-178.14,-210.03,-0.95,trailing_stop
ABB,bollinger_meanrev,MIS,2026-07-30 11:25:00,2026-07-30 12:00:00,7312.0,7260.0,4,208.0,177.12,1.19,target_mid_band
BHEL,bollinger_meanrev,MIS,2026-07-30 11:25:00,2026-07-30 12:05:00,404.9,404.2285714285714,74,49.69,17.94,0.32,trailing_stop
POLYCAB,bollinger_meanrev,MIS,2026-07-30 11:30:00,2026-07-30 12:00:00,9005.5,8963.5,3,126.0,97.43,1.07,target_mid_band
RELIANCE,bollinger_meanrev,MIS,2026-07-30 11:30:00,2026-07-30 12:30:00,1291.0,1291.0285714285715,23,-0.66,-32.15,-0.01,trailing_stop
GODFRYPHLP,bollinger_meanrev,MIS,2026-07-30 11:35:00,2026-07-30 11:40:00,2097.2,2114.542857142857,14,-242.8,-274.09,-1.33,trailing_stop
INDIANB,bollinger_meanrev,MIS,2026-07-30 11:40:00,2026-07-30 11:55:00,830.3,826.5,36,136.8,105.19,1.29,target_mid_band
MAXHEALTH,bollinger_meanrev,MIS,2026-07-30 11:45:00,2026-07-30 11:55:00,1123.3,1127.9571428571428,26,-121.09,-152.13,-1.08,trailing_stop
MARUTI,bollinger_meanrev,MIS,2026-07-30 11:55:00,2026-07-30 12:05:00,14005,13992.57142857143,2,24.86,-4.83,0.28,trailing_stop
MAZDOCK,bollinger_meanrev,MIS,2026-07-30 12:30:00,2026-07-30 13:20:00,2334.7,2312.7,12,264.0,234.46,1.27,target_mid_band
SBIN,bollinger_meanrev,MIS,2026-07-30 12:30:00,2026-07-30 12:45:00,1022.0,1024.6571428571428,29,-77.06,-108.54,-0.87,trailing_stop
TMPV,bollinger_meanrev,MIS,2026-07-30 12:30:00,2026-07-30 13:00:00,332.85,333.00714285714287,90,-14.14,-45.92,-0.16,trailing_stop
FORTIS,bollinger_meanrev,MIS,2026-07-30 12:35:00,2026-07-30 13:05:00,954.6,950.7,31,120.9,89.6,1.96,target_mid_band
ENRIN,bollinger_meanrev,MIS,2026-07-30 13:30:00,2026-07-30 13:55:00,3113.3,3121.957142857143,9,-77.91,-107.68,-0.6,trailing_stop
PIIND,bollinger_meanrev,MIS,2026-07-30 13:50:00,2026-07-30 13:55:00,2760.0,2761.8999999999996,10,-19.0,-48.28,-0.39,trailing_stop
LAURUSLABS,bollinger_meanrev,MIS,2026-07-30 14:00:00,2026-07-30 15:05:00,1785.9,1785.4,16,8.0,-22.3,0.1,trailing_stop
LENSKART,bollinger_meanrev,MIS,2026-07-30 14:05:00,2026-07-30 14:40:00,563.95,564.6714285714286,53,-38.24,-69.96,-0.45,trailing_stop
NTPC,bollinger_meanrev,MIS,2026-07-30 14:35:00,2026-07-30 14:45:00,345.35,344.77142857142854,86,49.76,18.29,0.84,trailing_stop
MOTHERSON,bollinger_meanrev,MIS,2026-07-30 14:50:00,2026-07-30 15:15:00,146.81,146.58,204,46.92,15.19,0.41,forced_close
SWIGGY,bollinger_meanrev,MIS,2026-07-30 14:55:00,2026-07-30 15:00:00,294.3,296.72714285714284,101,-245.14,-276.82,-1.15,trailing_stop
ETERNAL,bollinger_meanrev,MIS,2026-07-30 15:00:00,2026-07-30 15:15:00,311.1,310.3,96,76.8,45.18,0.44,forced_close
AMBUJACEM,bollinger_meanrev,MIS,2026-07-30 15:05:00,2026-07-30 15:15:00,434.8,435.1,68,-20.4,-51.77,-0.16,forced_close
BHARTIARTL,bollinger_meanrev,MIS,2026-07-30 15:05:00,2026-07-30 15:15:00,1959.2,1956.7,15,37.5,6.36,0.67,forced_close
CGPOWER,bollinger_meanrev,MIS,2026-07-30 15:05:00,2026-07-30 15:15:00,831.7,832.6,36,-32.4,-64.17,-0.2,forced_close
JUBLFOOD,bollinger_meanrev,MIS,2026-07-30 15:05:00,2026-07-30 15:15:00,439.85,438.65,68,81.6,49.93,0.65,forced_close
KOTAKBANK,bollinger_meanrev,MIS,2026-07-30 15:05:00,2026-07-30 15:15:00,389.95,389.45,76,38.0,6.6,0.58,forced_close
UNITDSPR,bollinger_meanrev,MIS,2026-07-30 15:05:00,2026-07-30 15:15:00,1530.7,1532.9,19,-41.8,-72.67,-0.36,forced_close
VEDL,bollinger_meanrev,MIS,2026-07-30 15:10:00,2026-07-30 15:15:00,268.75,267.7,111,116.55,84.99,0.66,forced_close
ASHOKLEY,bollinger_meanrev,MIS,2026-07-30 15:15:00,2026-07-30 15:20:00,158.4,158.59,189,-35.91,-67.68,-0.21,forced_close
HDFCBANK,bollinger_meanrev,MIS,2026-07-30 15:15:00,2026-07-30 15:20:00,754.7,755.05,39,-13.65,-44.87,-0.19,forced_close
KPITTECH,bollinger_meanrev,MIS,2026-07-30 15:15:00,2026-07-30 15:20:00,590.65,591.05,50,-20.0,-51.33,-0.09,forced_close
NATIONALUM,bollinger_meanrev,MIS,2026-07-30 15:15:00,2026-07-30 15:20:00,349.05,347.95,85,93.5,62.1,0.51,forced_close
ADANIENT,bollinger_meanrev,MIS,2026-07-30 15:20:00,2026-07-30 15:25:00,3054.0,3050.0,9,36.0,6.88,0.37,forced_close
AXISBANK,bollinger_meanrev,MIS,2026-07-30 15:20:00,2026-07-30 15:25:00,1231.2,1229.9,24,31.2,-0.12,0.37,forced_close
BAJFINANCE,bollinger_meanrev,MIS,2026-07-30 15:20:00,2026-07-30 15:25:00,1054.6,1062.642857142857,28,-225.2,-256.66,-1.14,trailing_stop
HAVELLS,bollinger_meanrev,MIS,2026-07-30 15:20:00,2026-07-30 15:25:00,1263.4,1263.0,23,9.2,-21.61,0.09,forced_close
GROWW,bollinger_meanrev,MIS,2026-07-30 15:25:00,2026-07-30 15:25:00,193.05,193.05,155,-0.0,-31.73,-0.0,eod_data_end
360ONE,bollinger_meanrev,MIS,2026-07-31 09:15:00,2026-07-31 09:20:00,1147.1,1153.9285714285713,26,-177.54,-209.28,-1.17,trailing_stop
ABB,bollinger_meanrev,MIS,2026-07-31 09:15:00,2026-07-31 09:20:00,7393.0,7460.285714285715,4,-269.14,-300.67,-1.21,trailing_stop
ABCAPITAL,bollinger_meanrev,MIS,2026-07-31 09:15:00,2026-07-31 09:25:00,406.1,409.1928571428571,73,-225.78,-257.36,-0.91,trailing_stop
ADANIPOWER,bollinger_meanrev,MIS,2026-07-31 09:15:00,2026-07-31 09:20:00,211.37,212.26142857142858,141,-125.69,-157.38,-0.79,trailing_stop
AMBUJACEM,bollinger_meanrev,MIS,2026-07-31 09:15:00,2026-07-31 09:55:00,438.2,433.4,68,326.4,295.01,1.86,target_mid_band
ASHOKLEY,bollinger_meanrev,MIS,2026-07-31 09:15:00,2026-07-31 09:30:00,160.5,161.72,186,-226.92,-258.72,-0.93,trailing_stop
AXISBANK,bollinger_meanrev,MIS,2026-07-31 09:15:00,2026-07-31 09:45:00,1238.5,1228.4,24,242.4,211.03,1.83,target_mid_band
BAJAJFINSV,bollinger_meanrev,MIS,2026-07-31 09:15:00,2026-07-31 09:40:00,1963.0,1981.442857142857,15,-276.64,-308.04,-1.16,trailing_stop
BAJFINANCE,bollinger_meanrev,MIS,2026-07-31 09:15:00,2026-07-31 09:25:00,1095.9,1112.2428571428572,27,-441.26,-472.92,-1.13,trailing_stop
BDL,bollinger_meanrev,MIS,2026-07-31 09:15:00,2026-07-31 09:20:00,1253.2,1259.8857142857144,23,-153.77,-184.44,-1.16,trailing_stop
BEL,bollinger_meanrev,MIS,2026-07-31 09:15:00,2026-07-31 09:25:00,387.3,389.0214285714286,77,-132.55,-164.26,-1.44,trailing_stop
BHEL,bollinger_meanrev,MIS,2026-07-31 09:15:00,2026-07-31 10:25:00,409.85,411.55,73,-124.1,-155.91,-0.73,trailing_stop
CANBK,bollinger_meanrev,MIS,2026-07-31 09:15:00,2026-07-31 10:30:00,125.09,124.79,239,71.7,40.04,0.75,target_mid_band
CGPOWER,bollinger_meanrev,MIS,2026-07-31 09:15:00,2026-07-31 09:45:00,865.4,878.6714285714286,34,-451.23,-482.72,-1.3,trailing_stop
CHOLAFIN,bollinger_meanrev,MIS,2026-07-31 09:15:00,2026-07-31 09:25:00,1807.0,1818.4857142857143,16,-183.77,-214.55,-0.94,trailing_stop
CUMMINSIND,bollinger_meanrev,MIS,2026-07-31 09:15:00,2026-07-31 09:20:00,5514.5,5557.0,5,-212.5,-241.88,-1.2,trailing_stop
DMART,bollinger_meanrev,MIS,2026-07-31 09:15:00,2026-07-31 10:20:00,3923.9,3915.285714285714,7,60.3,31.21,0.4,trailing_stop
ENRIN,bollinger_meanrev,MIS,2026-07-31 09:15:00,2026-07-31 09:30:00,3185.7,3193.914285714286,9,-73.93,-104.38,-0.33,trailing_stop
FEDERALBNK,bollinger_meanrev,MIS,2026-07-31 09:15:00,2026-07-31 09:30:00,355.9,357.0642857142857,84,-97.8,-129.57,-0.98,trailing_stop
GODFRYPHLP,bollinger_meanrev,MIS,2026-07-31 09:15:00,2026-07-31 09:20:00,2192.1,2190.214285714286,13,24.51,-5.69,0.09,trailing_stop
GROWW,bollinger_meanrev,MIS,2026-07-31 09:15:00,2026-07-31 09:20:00,197.1,198.32999999999998,152,-186.96,-218.85,-0.82,trailing_stop
GVT&D,bollinger_meanrev,MIS,2026-07-31 09:15:00,2026-07-31 10:25:00,4362.5,4370.028571428571,6,-45.17,-72.96,-0.13,trailing_stop
HAL,bollinger_meanrev,MIS,2026-07-31 09:15:00,2026-07-31 09:25:00,4609.0,4632.285714285714,6,-139.71,-169.13,-1.24,trailing_stop
HDFCAMC,bollinger_meanrev,MIS,2026-07-31 09:15:00,2026-07-31 09:40:00,2567.0,2572.7714285714287,11,-63.49,-93.47,-0.62,trailing_stop
HINDZINC,bollinger_meanrev,MIS,2026-07-31 09:15:00,2026-07-31 09:40:00,538.25,539.9285714285714,55,-92.32,-123.77,-0.63,trailing_stop
HYUNDAI,bollinger_meanrev,MIS,2026-07-31 09:15:00,2026-07-31 10:25:00,2162.2,2171.842857142857,13,-125.36,-155.25,-0.27,trailing_stop
JSWSTEEL,bollinger_meanrev,MIS,2026-07-31 09:15:00,2026-07-31 09:35:00,1278.4,1268.4,23,230.0,198.97,1.79,target_mid_band
KEI,bollinger_meanrev,MIS,2026-07-31 09:15:00,2026-07-31 09:20:00,4916.0,4928.428571428572,6,-74.57,-105.9,-0.35,trailing_stop
LT,bollinger_meanrev,MIS,2026-07-31 09:15:00,2026-07-31 09:50:00,3957.5,3938.3,7,134.4,105.11,1.13,target_mid_band
MAZDOCK,bollinger_meanrev,MIS,2026-07-31 09:15:00,2026-07-31 09:20:00,2339.7,2356.3,12,-199.2,-229.1,-1.13,trailing_stop
MFSL,bollinger_meanrev,MIS,2026-07-31 09:15:00,2026-07-31 09:20:00,1516.0,1519.6571428571428,19,-69.49,-100.08,-0.55,trailing_stop
MUTHOOTFIN,bollinger_meanrev,MIS,2026-07-31 09:15:00,2026-07-31 09:20:00,3036.6,3053.9,9,-155.7,-184.78,-1.09,trailing_stop
NATIONALUM,bollinger_meanrev,MIS,2026-07-31 09:15:00,2026-07-31 10:25:00,354.8,354.8642857142857,84,-5.4,-37.01,-0.02,trailing_stop
NYKAA,bollinger_meanrev,MIS,2026-07-31 09:15:00,2026-07-31 09:20:00,336.7,337.51428571428573,89,-72.47,-104.3,-0.58,trailing_stop
PNB,bollinger_meanrev,MIS,2026-07-31 09:15:00,2026-07-31 09:40:00,112.22,112.22428571428571,267,-1.14,-32.92,-0.01,trailing_stop
POLYCAB,bollinger_meanrev,MIS,2026-07-31 09:15:00,2026-07-31 09:20:00,9039.0,9076.214285714286,3,-111.64,-140.47,-0.79,trailing_stop
SBIN,bollinger_meanrev,MIS,2026-07-31 09:15:00,2026-07-31 10:25:00,1032.0,1027.7571428571428,29,123.04,91.38,0.93,trailing_stop
SHRIRAMFIN,bollinger_meanrev,MIS,2026-07-31 09:15:00,2026-07-31 09:25:00,1045.8,1050.0142857142857,28,-118.0,-149.13,-0.73,trailing_stop
SIEMENS,bollinger_meanrev,MIS,2026-07-31 09:15:00,2026-07-31 09:20:00,3709.1,3737.9857142857145,8,-231.09,-262.7,-1.21,trailing_stop
SOLARINDS,bollinger_meanrev,MIS,2026-07-31 09:15:00,2026-07-31 09:20:00,18287,18384.0,1,-97.0,-116.45,-1.08,trailing_stop
TMCV,bollinger_meanrev,MIS,2026-07-31 09:15:00,2026-07-31 09:20:00,418.65,421.99285714285713,71,-237.34,-269.02,-1.23,trailing_stop
TORNTPHARM,bollinger_meanrev,MIS,2026-07-31 09:15:00,2026-07-31 09:20:00,4978.4,4940.171428571428,6,229.37,197.84,1.11,trailing_stop
ULTRACEMCO,bollinger_meanrev,MIS,2026-07-31 09:15:00,2026-07-31 09:45:00,11887,11879.142857142857,2,15.71,-9.49,0.22,trailing_stop
AUBANK,bollinger_meanrev,MIS,2026-07-31 09:20:00,2026-07-31 10:00:00,1040.0,1042.8428571428572,28,-79.6,-110.53,-0.53,trailing_stop
BHARATFORG,bollinger_meanrev,MIS,2026-07-31 09:20:00,2026-07-31 09:45:00,2190.4,2204.0714285714284,13,-177.73,-208.04,-0.85,trailing_stop
BLUESTARCO,bollinger_meanrev,MIS,2026-07-31 09:20:00,2026-07-31 09:40:00,1705.3,1706.7428571428572,17,-24.53,-55.29,-0.16,trailing_stop
HINDALCO,bollinger_meanrev,MIS,2026-07-31 09:20:00,2026-07-31 09:55:00,981.1,982.5857142857143,30,-44.57,-75.81,-0.24,trailing_stop
ICICIAMC,bollinger_meanrev,MIS,2026-07-31 09:20:00,2026-07-31 09:40:00,3102.5,3108.957142857143,9,-58.11,-87.76,-0.4,trailing_stop
JIOFIN,bollinger_meanrev,MIS,2026-07-31 09:20:00,2026-07-31 09:40:00,248.17,248.7142857142857,120,-65.31,-96.94,-0.39,trailing_stop
JSWENERGY,bollinger_meanrev,MIS,2026-07-31 09:20:00,2026-07-31 09:45:00,545.95,548.0,54,-110.7,-142.03,-0.78,trailing_stop
LTF,bollinger_meanrev,MIS,2026-07-31 09:20:00,2026-07-31 10:30:00,311.95,310.7,96,120.0,88.32,0.59,target_mid_band
M&M,bollinger_meanrev,MIS,2026-07-31 09:20:00,2026-07-31 10:25:00,3346.1,3374.3714285714286,8,-226.17,-254.7,-0.52,trailing_stop
MOTILALOFS,bollinger_meanrev,MIS,2026-07-31 09:20:00,2026-07-31 09:30:00,852.35,858.3,35,-208.25,-240.02,-1.03,trailing_stop
PAYTM,bollinger_meanrev,MIS,2026-07-31 09:20:00,2026-07-31 10:10:00,1347.3,1338.0,22,204.6,173.3,0.86,target_mid_band
PIDILITIND,bollinger_meanrev,MIS,2026-07-31 09:20:00,2026-07-31 09:25:00,1636.1,1628.4142857142858,18,138.34,107.2,1.48,trailing_stop
TATAPOWER,bollinger_meanrev,MIS,2026-07-31 09:20:00,2026-07-31 10:35:00,380.05,379.4285714285714,78,48.47,17.07,0.35,trailing_stop
TMPV,bollinger_meanrev,MIS,2026-07-31 09:20:00,2026-07-31 10:25:00,335.85,336.35714285714283,89,-45.14,-76.86,-0.33,trailing_stop
TRENT,bollinger_meanrev,MIS,2026-07-31 09:20:00,2026-07-31 10:10:00,3011.9,3000.5,9,102.6,73.92,0.77,target_mid_band
VOLTAS,bollinger_meanrev,MIS,2026-07-31 09:20:00,2026-07-31 09:40:00,1345.7,1348.5857142857142,22,-63.49,-94.92,-0.39,trailing_stop
WAAREEENER,bollinger_meanrev,MIS,2026-07-31 09:20:00,2026-07-31 09:25:00,2669.7,2676.1428571428573,11,-70.87,-102.06,-0.37,trailing_stop
YESBANK,bollinger_meanrev,MIS,2026-07-31 09:20:00,2026-07-31 10:30:00,22.67,22.662857142857145,1323,9.45,-22.35,0.07,trailing_stop
BSE,bollinger_meanrev,MIS,2026-07-31 09:25:00,2026-07-31 10:45:00,3575.2,3572.9714285714285,8,17.83,-12.49,0.11,trailing_stop
MCX,bollinger_meanrev,MIS,2026-07-31 09:25:00,2026-07-31 10:15:00,2693.0,2676.6,11,180.4,149.1,0.94,target_mid_band
MOTHERSON,bollinger_meanrev,MIS,2026-07-31 09:30:00,2026-07-31 10:05:00,149.15,149.98142857142855,201,-167.12,-199.02,-0.83,trailing_stop
OBEROIRLTY,bollinger_meanrev,MIS,2026-07-31 09:30:00,2026-07-31 10:25:00,1833.6,1830.942857142857,16,42.51,11.43,0.24,trailing_stop
POLICYBZR,bollinger_meanrev,MIS,2026-07-31 09:30:00,2026-07-31 10:30:00,1612.5,1603.5,18,162.0,131.32,1.07,target_mid_band
TIINDIA,bollinger_meanrev,MIS,2026-07-31 09:30:00,2026-07-31 09:50:00,2724.9,2736.0,11,-122.1,-153.96,-0.56,trailing_stop
LAURUSLABS,bollinger_meanrev,MIS,2026-07-31 09:40:00,2026-07-31 10:45:00,1814.5,1822.8714285714286,16,-133.94,-164.82,-0.76,trailing_stop
UPL,bollinger_meanrev,MIS,2026-07-31 10:10:00,2026-07-31 10:15:00,605.7,602.95,49,134.75,103.36,0.73,target_mid_band
GAIL,bollinger_meanrev,MIS,2026-07-31 10:45:00,2026-07-31 11:15:00,176.3,177.0285714285714,170,-123.86,-155.72,-0.86,trailing_stop
OIL,bollinger_meanrev,MIS,2026-07-31 10:50:00,2026-07-31 12:00:00,457.9,457.98571428571427,65,-5.57,-37.14,-0.03,trailing_stop
ONGC,bollinger_meanrev,MIS,2026-07-31 10:50:00,2026-07-31 11:00:00,240.4,240.38714285714286,124,1.59,-30.02,0.02,trailing_stop
SRF,bollinger_meanrev,MIS,2026-07-31 11:20:00,2026-07-31 11:25:00,2621.0,2628.5000000000005,11,-82.5,-113.13,-0.93,trailing_stop
DIXON,bollinger_meanrev,MIS,2026-07-31 11:25:00,2026-07-31 11:45:00,14505,14549.285714285714,2,-88.57,-119.39,-0.63,trailing_stop
SUNPHARMA,bollinger_meanrev,MIS,2026-07-31 11:45:00,2026-07-31 11:50:00,2021.1,2024.1571428571428,14,-42.8,-72.83,-0.51,trailing_stop
PERSISTENT,bollinger_meanrev,MIS,2026-07-31 11:50:00,2026-07-31 12:05:00,5501.6,5538.628571428571,5,-185.14,-214.43,-1.05,trailing_stop
BAJAJHLDNG,bollinger_meanrev,MIS,2026-07-31 12:05:00,2026-07-31 13:00:00,11453,11402.0,2,102.0,77.77,0.61,trailing_stop
CIPLA,bollinger_meanrev,MIS,2026-07-31 12:05:00,2026-07-31 13:05:00,1476.7,1473.7714285714287,20,58.57,27.29,0.56,trailing_stop
KPITTECH,bollinger_meanrev,MIS,2026-07-31 12:10:00,2026-07-31 12:15:00,595.0,599.0928571428572,50,-204.64,-236.32,-1.11,trailing_stop
ADANIPORTS,bollinger_meanrev,MIS,2026-07-31 12:15:00,2026-07-31 12:50:00,1682.3,1688.757142857143,17,-109.77,-140.17,-1.04,trailing_stop
KOTAKBANK,bollinger_meanrev,MIS,2026-07-31 12:15:00,2026-07-31 12:25:00,390.4,390.84999999999997,76,-34.2,-65.69,-0.51,trailing_stop
ADANIGREEN,bollinger_meanrev,MIS,2026-07-31 12:20:00,2026-07-31 12:45:00,1383.1,1389.3714285714286,21,-131.7,-162.59,-0.67,trailing_stop
AUROPHARMA,bollinger_meanrev,MIS,2026-07-31 12:20:00,2026-07-31 13:05:00,1588.1,1581.3,18,122.4,92.16,0.99,target_mid_band
HCLTECH,bollinger_meanrev,MIS,2026-07-31 12:25:00,2026-07-31 13:00:00,1354.8,1354.8000000000002,22,-0.0,-31.61,-0.0,trailing_stop
INDUSINDBK,bollinger_meanrev,MIS,2026-07-31 12:25:00,2026-07-31 13:05:00,1008.0,1009.5857142857143,29,-45.99,-77.01,-0.45,trailing_stop
BRITANNIA,bollinger_meanrev,MIS,2026-07-31 12:30:00,2026-07-31 13:30:00,5420.5,5410.0,5,52.5,23.79,0.55,target_mid_band
GMRAIRPORT,bollinger_meanrev,MIS,2026-07-31 12:30:00,2026-07-31 13:25:00,105.9,105.96285714285715,283,-17.79,-49.58,-0.13,trailing_stop
PREMIERENE,bollinger_meanrev,MIS,2026-07-31 12:30:00,2026-07-31 12:35:00,1011.8,1014.8142857142857,29,-87.41,-118.59,-0.85,trailing_stop
SAIL,bollinger_meanrev,MIS,2026-07-31 12:35:00,2026-07-31 12:55:00,170.15,169.6442857142857,176,89.01,57.31,0.74,trailing_stop
TATASTEEL,bollinger_meanrev,MIS,2026-07-31 12:35:00,2026-07-31 13:15:00,189.0,189.71,158,-112.18,-143.92,-0.9,trailing_stop
VBL,bollinger_meanrev,MIS,2026-07-31 12:35:00,2026-07-31 13:35:00,446.5,445.5,67,67.0,35.32,0.67,target_mid_band
BHARTIARTL,bollinger_meanrev,MIS,2026-07-31 12:40:00,2026-07-31 12:45:00,1969.7,1972.9571428571428,15,-48.86,-80.22,-1.23,trailing_stop
LGEINDIA,bollinger_meanrev,MIS,2026-07-31 12:50:00,2026-07-31 13:05:00,1509.4,1511.5857142857142,19,-41.53,-71.97,-0.37,trailing_stop
RELIANCE,bollinger_meanrev,MIS,2026-07-31 12:50:00,2026-07-31 13:30:00,1303.1,1301.1,23,46.0,14.25,1.08,target_mid_band
ADANIENT,bollinger_meanrev,MIS,2026-07-31 12:55:00,2026-07-31 13:30:00,3036.6,3029.4857142857145,9,64.03,35.09,0.72,trailing_stop
ADANIENSOL,bollinger_meanrev,MIS,2026-07-31 13:00:00,2026-07-31 13:05:00,1661.0,1660.1285714285714,18,15.69,-16.01,0.1,trailing_stop
INDUSTOWER,bollinger_meanrev,MIS,2026-07-31 13:15:00,2026-07-31 14:25:00,394.2,391.35,76,216.6,184.97,1.22,target_mid_band
TITAN,bollinger_meanrev,MIS,2026-07-31 13:20:00,2026-07-31 14:20:00,4885.0,4876.3,6,52.2,21.15,0.67,target_mid_band
UNIONBANK,bollinger_meanrev,MIS,2026-07-31 13:25:00,2026-07-31 13:50:00,172.39,172.5685714285714,174,-31.07,-62.9,-0.28,trailing_stop
ZYDUSLIFE,bollinger_meanrev,MIS,2026-07-31 14:00:00,2026-07-31 14:30:00,1132.4,1133.3285714285714,26,-24.14,-55.38,-0.22,trailing_stop
JUBLFOOD,bollinger_meanrev,MIS,2026-07-31 14:30:00,2026-07-31 15:05:00,437.6,438.54285714285714,68,-64.11,-95.71,-0.6,trailing_stop
RVNL,bollinger_meanrev,MIS,2026-07-31 14:50:00,2026-07-31 15:00:00,225.99,226.38714285714286,132,-52.42,-84.09,-0.49,trailing_stop
NHPC,bollinger_meanrev,MIS,2026-07-31 15:00:00,2026-07-31 15:05:00,78.68,78.82857142857144,381,-56.61,-88.43,-0.89,trailing_stop
COROMANDEL,bollinger_meanrev,MIS,2026-07-31 15:05:00,2026-07-31 15:10:00,2073.5,2078.8714285714286,14,-75.2,-106.03,-1.23,trailing_stop
