symbol,stage,product,entry_time,exit_time,entry_price,exit_price,shares,gross_pnl,net_pnl,r_multiple,exit_reason
CANBK,camarilla,MIS,2026-06-04 10:55:00,2026-06-04 13:15:00,129.04,127.89071428571428,232,-266.63,-298.21,-0.55,trailing_stop
UPL,camarilla,MIS,2026-06-04 10:55:00,2026-06-04 15:00:00,642.05,638.625,46,157.55,126.33,0.43,target_hit
ZYDUSLIFE,camarilla,MIS,2026-06-04 10:55:00,2026-06-04 12:05:00,1085.5,1094.3099999999997,27,237.87,206.64,0.75,target_hit
ADANIENSOL,camarilla,MIS,2026-06-04 11:00:00,2026-06-04 15:15:00,1517.6,1519.4,19,34.2,3.6,0.08,forced_close
ASTRAL,camarilla,MIS,2026-06-04 11:00:00,2026-06-04 12:40:00,1527.5,1542.9642857142858,19,-293.82,-324.79,-0.84,trailing_stop
HDFCAMC,camarilla,MIS,2026-06-04 11:00:00,2026-06-04 14:50:00,2490.5,2475.892857142857,12,-175.29,-206.87,-0.37,trailing_stop
JINDALSTEL,camarilla,MIS,2026-06-04 11:00:00,2026-06-04 13:00:00,1201.3,1208.5785714285716,24,-174.69,-205.37,-0.61,trailing_stop
M&M,camarilla,MIS,2026-06-04 11:00:00,2026-06-04 12:50:00,3036.6,3046.575,9,89.77,60.74,0.18,target_hit
MCX,camarilla,MIS,2026-06-04 11:00:00,2026-06-04 11:35:00,2871.2,2892.285,10,210.85,180.27,0.4,target_hit
NMDC,camarilla,MIS,2026-06-04 11:00:00,2026-06-04 12:35:00,95.02,94.709,315,97.96,66.29,0.2,target_hit
SRF,camarilla,MIS,2026-06-04 11:00:00,2026-06-04 11:35:00,2702.3,2730.8428571428567,11,-313.97,-345.69,-1.06,trailing_stop
TATASTEEL,camarilla,MIS,2026-06-04 11:00:00,2026-06-04 12:00:00,210.22,212.15571428571428,142,-274.87,-306.7,-0.97,trailing_stop
GVT&D,camarilla,MIS,2026-06-04 11:05:00,2026-06-04 12:40:00,5099.5,5085.714285714285,5,-68.93,-95.92,-0.16,trailing_stop
LTF,camarilla,MIS,2026-06-04 11:05:00,2026-06-04 13:00:00,265.6,267.6321428571428,112,-227.6,-259.29,-0.53,trailing_stop
MUTHOOTFIN,camarilla,MIS,2026-06-04 11:05:00,2026-06-04 15:15:00,3181.7,3168.0,9,123.3,93.01,0.3,forced_close
PIIND,camarilla,MIS,2026-06-04 11:05:00,2026-06-04 15:00:00,2709.7,2702.4950000000003,11,79.25,47.7,0.25,target_hit
SUNPHARMA,camarilla,MIS,2026-06-04 11:05:00,2026-06-04 14:25:00,1772.5,1781.45,16,-143.2,-173.37,-0.51,trailing_stop
JSWSTEEL,camarilla,MIS,2026-06-04 11:10:00,2026-06-04 12:35:00,1307.0,1301.24,22,126.72,96.31,0.52,target_hit
MANKIND,camarilla,MIS,2026-06-04 11:10:00,2026-06-04 13:05:00,2333.9,2351.057142857143,12,-205.89,-235.72,-0.54,trailing_stop
NAUKRI,camarilla,MIS,2026-06-04 11:10:00,2026-06-04 14:50:00,1021.7,1011.3071428571428,29,-301.39,-332.62,-0.61,trailing_stop
COALINDIA,camarilla,MIS,2026-06-04 11:15:00,2026-06-04 11:25:00,477.35,479.09250000000003,62,108.04,76.58,0.37,target_hit
GLENMARK,camarilla,MIS,2026-06-04 11:15:00,2026-06-04 12:25:00,2200.0,2179.1499999999996,13,-271.05,-301.21,-0.76,trailing_stop
HAVELLS,camarilla,MIS,2026-06-04 11:15:00,2026-06-04 11:55:00,1170.0,1173.3950000000002,25,84.88,53.8,0.3,target_hit
MAXHEALTH,camarilla,MIS,2026-06-04 11:15:00,2026-06-04 13:05:00,954.05,963.7785714285715,31,-301.59,-333.14,-1.18,trailing_stop
GAIL,camarilla,MIS,2026-06-04 11:25:00,2026-06-04 11:30:00,164.65,165.01500000000001,182,66.43,34.61,0.16,target_hit
GODREJCP,camarilla,MIS,2026-06-04 11:25:00,2026-06-04 12:20:00,995.0,1002.12,30,213.6,181.81,0.58,target_hit
LODHA,camarilla,MIS,2026-06-04 11:25:00,2026-06-04 15:00:00,889.25,882.0571428571427,33,-237.36,-268.33,-0.48,trailing_stop
ULTRACEMCO,camarilla,MIS,2026-06-04 11:25:00,2026-06-04 13:10:00,10801,10761.3,2,79.4,56.54,0.47,target_hit
ICICIGI,camarilla,MIS,2026-06-04 11:30:00,2026-06-04 15:15:00,1733.7,1733.0,17,11.9,-19.35,0.05,forced_close
POWERGRID,camarilla,MIS,2026-06-04 11:30:00,2026-06-04 13:00:00,282.45,281.9425,106,53.79,22.08,0.17,target_hit
DIXON,camarilla,MIS,2026-06-04 11:35:00,2026-06-04 12:00:00,11377,11494.85,2,235.7,211.42,0.72,target_hit
TECHM,camarilla,MIS,2026-06-04 11:35:00,2026-06-04 12:30:00,1459.8,1440.092857142857,20,-394.14,-424.85,-1.08,trailing_stop
COLPAL,camarilla,MIS,2026-06-04 11:40:00,2026-06-04 13:25:00,2029.7,2012.1571428571428,14,-245.6,-275.58,-0.82,trailing_stop
ABCAPITAL,camarilla,MIS,2026-06-04 11:45:00,2026-06-04 12:40:00,352.3,353.865,85,133.02,101.18,0.33,target_hit
MFSL,camarilla,MIS,2026-06-04 11:45:00,2026-06-04 12:35:00,1578.4,1585.78,19,140.22,108.33,0.37,target_hit
BHARTIARTL,camarilla,MIS,2026-06-04 11:55:00,2026-06-04 13:00:00,1813.8,1807.27,16,104.48,73.77,0.38,target_hit
ICICIBANK,camarilla,MIS,2026-06-04 11:55:00,2026-06-04 14:15:00,1255.0,1261.03,23,138.69,107.99,0.42,target_hit
INFY,camarilla,MIS,2026-06-04 11:55:00,2026-06-04 12:00:00,1178.6,1178.44,25,4.0,-27.24,0.02,target_hit
MARUTI,camarilla,MIS,2026-06-04 11:55:00,2026-06-04 12:00:00,13206,13206.25,2,0.5,-27.51,0.0,target_hit
RELIANCE,camarilla,MIS,2026-06-04 11:55:00,2026-06-04 13:05:00,1304.2,1300.55,23,83.95,52.19,0.42,target_hit
M&MFIN,camarilla,MIS,2026-06-04 12:00:00,2026-06-04 13:10:00,287.8,285.02142857142854,104,-288.97,-320.53,-0.4,trailing_stop
IDEA,camarilla,MIS,2026-06-04 12:05:00,2026-06-04 13:15:00,15.17,14.994285714285711,1977,-347.39,-378.97,-0.85,trailing_stop
IRFC,camarilla,MIS,2026-06-04 12:05:00,2026-06-04 15:05:00,96.51,95.92500000000001,310,-181.35,-212.96,-0.62,trailing_stop
BAJAJFINSV,camarilla,MIS,2026-06-04 12:10:00,2026-06-04 13:10:00,1724.5,1715.81,17,147.73,116.74,0.48,target_hit
BIOCON,camarilla,MIS,2026-06-04 12:10:00,2026-06-04 12:20:00,414.9,415.86,72,69.12,37.4,0.23,target_hit
DIVISLAB,camarilla,MIS,2026-06-04 12:10:00,2026-06-04 12:15:00,6655.5,6655.975,4,1.9,-26.33,0.01,target_hit
ITC,camarilla,MIS,2026-06-04 12:10:00,2026-06-04 15:15:00,280.15,280.3,107,16.05,-15.75,0.07,forced_close
LUPIN,camarilla,MIS,2026-06-04 12:10:00,2026-06-04 15:05:00,2249.4,2244.7,13,61.1,30.13,0.27,target_hit
VBL,camarilla,MIS,2026-06-04 12:10:00,2026-06-04 13:30:00,530.1,527.2675,56,158.62,127.24,0.57,target_hit
AUBANK,camarilla,MIS,2026-06-04 12:15:00,2026-06-04 15:00:00,961.0,961.7678571428572,31,-23.8,-55.41,-0.09,trailing_stop
BRITANNIA,camarilla,MIS,2026-06-04 12:15:00,2026-06-04 12:20:00,5107.5,5114.875,5,36.88,9.77,0.18,target_hit
SBICARD,camarilla,MIS,2026-06-04 12:15:00,2026-06-04 12:20:00,589.85,589.0975,50,37.63,6.37,0.18,target_hit
SHREECEM,camarilla,MIS,2026-06-04 12:15:00,2026-06-04 12:30:00,24555,24522.0,1,33.0,6.98,0.18,target_hit
SWIGGY,camarilla,MIS,2026-06-04 12:15:00,2026-06-04 12:20:00,254.8,255.42000000000002,117,72.54,40.88,0.17,target_hit
KOTAKBANK,camarilla,MIS,2026-06-04 12:25:00,2026-06-04 13:10:00,383.8,379.6607142857143,78,-322.86,-354.4,-1.05,trailing_stop
ADANIENT,camarilla,MIS,2026-06-04 12:30:00,2026-06-04 13:00:00,2962.4,2967.895,10,54.95,23.5,0.17,target_hit
HCLTECH,camarilla,MIS,2026-06-04 12:30:00,2026-06-04 14:35:00,1164.3,1171.15,25,-171.25,-202.23,-0.63,trailing_stop
SOLARINDS,camarilla,MIS,2026-06-04 12:30:00,2026-06-04 13:55:00,18444,18557.785714285714,1,-113.79,-133.42,-0.62,trailing_stop
OFSS,camarilla,MIS,2026-06-04 12:35:00,2026-06-04 15:00:00,10147.5,10106.25,2,-82.5,-103.97,-0.64,trailing_stop
INDUSTOWER,camarilla,MIS,2026-06-04 12:40:00,2026-06-04 15:15:00,433.2,430.85,69,-162.15,-193.74,-0.35,forced_close
PATANJALI,camarilla,MIS,2026-06-04 12:40:00,2026-06-04 14:55:00,433.0,429.88,69,215.28,183.73,0.46,target_hit
PHOENIXLTD,camarilla,MIS,2026-06-04 12:40:00,2026-06-04 12:50:00,1733.9,1735.9750000000001,17,35.28,3.99,0.08,target_hit
JSWENERGY,camarilla,MIS,2026-06-04 12:45:00,2026-06-04 13:55:00,587.0,590.6775000000001,51,187.55,155.69,0.9,target_hit
MPHASIS,camarilla,MIS,2026-06-04 12:45:00,2026-06-04 15:15:00,2252.7,2254.6,13,24.7,-6.37,0.06,forced_close
TVSMOTOR,camarilla,MIS,2026-06-04 12:45:00,2026-06-04 12:50:00,3352.7,3352.8700000000003,8,1.36,-27.08,0.0,target_hit
BEL,camarilla,MIS,2026-06-04 12:50:00,2026-06-04 13:25:00,409.15,409.8175,73,48.73,17.02,0.26,target_hit
COFORGE,camarilla,MIS,2026-06-04 12:50:00,2026-06-04 14:45:00,1442.0,1430.0642857142857,20,-238.71,-269.14,-0.78,trailing_stop
CHOLAFIN,camarilla,MIS,2026-06-04 12:55:00,2026-06-04 15:15:00,1487.2,1479.4,20,-156.0,-187.44,-0.52,forced_close
ONGC,camarilla,MIS,2026-06-04 12:55:00,2026-06-04 15:15:00,266.15,267.65,112,-168.0,-199.72,-0.79,forced_close
ALKEM,camarilla,MIS,2026-06-04 13:05:00,2026-06-04 14:45:00,5335.0,5296.321428571428,5,-193.39,-221.56,-0.74,trailing_stop
GRASIM,camarilla,MIS,2026-06-04 13:05:00,2026-06-04 14:05:00,3123.4,3131.795,9,75.55,45.7,0.31,target_hit
BPCL,camarilla,MIS,2026-06-04 13:10:00,2026-06-04 13:15:00,294.1,294.355,102,26.01,-5.82,0.15,target_hit
COCHINSHIP,camarilla,MIS,2026-06-04 13:10:00,2026-06-04 15:15:00,1474.9,1473.3,20,-32.0,-63.26,-0.1,forced_close
FEDERALBNK,camarilla,MIS,2026-06-04 13:10:00,2026-06-04 14:40:00,296.8,299.0785714285714,101,-230.14,-262.07,-0.63,trailing_stop
HINDALCO,camarilla,MIS,2026-06-04 13:10:00,2026-06-04 15:15:00,1124.9,1128.3,26,-88.4,-119.47,-0.39,forced_close
HINDZINC,camarilla,MIS,2026-06-04 13:10:00,2026-06-04 15:15:00,602.25,603.85,49,-78.4,-109.74,-0.23,forced_close
INDIANB,camarilla,MIS,2026-06-04 13:10:00,2026-06-04 14:45:00,815.8,821.7785714285715,36,-215.23,-246.51,-0.94,trailing_stop
NYKAA,camarilla,MIS,2026-06-04 13:10:00,2026-06-04 14:35:00,267.2,268.6464285714285,112,-162.0,-193.84,-0.47,trailing_stop
SBILIFE,camarilla,MIS,2026-06-04 13:10:00,2026-06-04 15:15:00,1770.0,1763.9,16,97.6,67.63,0.43,forced_close
VEDL,camarilla,MIS,2026-06-04 13:10:00,2026-06-04 14:40:00,325.35,329.11785714285713,92,-346.64,-378.61,-1.11,trailing_stop
BAJFINANCE,camarilla,MIS,2026-06-04 13:15:00,2026-06-04 15:15:00,871.6,873.65,34,-69.7,-101.17,-0.2,forced_close
HAL,camarilla,MIS,2026-06-04 13:15:00,2026-06-04 13:40:00,4233.5,4216.14,7,121.52,90.17,0.49,target_hit
BHEL,camarilla,MIS,2026-06-04 13:45:00,2026-06-04 14:15:00,402.0,397.8575,74,306.54,275.19,0.77,target_hit
ATGL,camarilla,MIS,2026-06-04 14:00:00,2026-06-04 14:10:00,742.2,743.45,40,50.0,18.49,0.13,target_hit
POLICYBZR,camarilla,MIS,2026-06-04 14:00:00,2026-06-04 15:15:00,1546.6,1536.0,19,201.4,170.37,0.47,forced_close
INDHOTEL,camarilla,MIS,2026-06-04 14:15:00,2026-06-04 14:30:00,662.8,663.175,45,16.88,-14.76,0.07,target_hit
ADANIPOWER,camarilla,MIS,2026-06-04 14:20:00,2026-06-04 15:15:00,229.39,229.6,130,-27.3,-58.94,-0.08,forced_close
BSE,camarilla,MIS,2026-06-04 14:20:00,2026-06-04 14:25:00,4048.9,4055.75,7,47.95,17.86,0.12,target_hit
HINDUNILVR,camarilla,MIS,2026-06-04 14:20:00,2026-06-04 15:00:00,2079.1,2075.5299999999997,14,49.98,19.14,0.2,target_hit
HINDPETRO,camarilla,MIS,2026-06-04 14:25:00,2026-06-04 14:30:00,388.25,388.3625,77,8.66,-23.05,0.04,target_hit
DRREDDY,camarilla,MIS,2026-06-04 14:30:00,2026-06-04 15:15:00,1269.6,1267.7,23,-43.7,-74.64,-0.24,forced_close
NHPC,camarilla,MIS,2026-06-04 14:30:00,2026-06-04 14:40:00,75.78,76.01849999999999,395,94.21,62.4,0.32,target_hit
BANKBARODA,camarilla,MIS,2026-06-04 14:40:00,2026-06-04 15:15:00,263.4,262.95,113,-50.85,-82.38,-0.19,forced_close
COROMANDEL,camarilla,MIS,2026-06-04 14:40:00,2026-06-04 15:15:00,1759.1,1761.3,17,37.4,5.66,0.17,forced_close
UNITDSPR,camarilla,MIS,2026-06-04 14:50:00,2026-06-04 15:15:00,1252.2,1251.0,23,27.6,-2.92,0.18,forced_close
ASHOKLEY,camarilla,MIS,2026-06-04 15:00:00,2026-06-04 15:15:00,144.2,144.36,208,-33.28,-65.11,-0.11,forced_close
BAJAJHLDNG,camarilla,MIS,2026-06-04 15:00:00,2026-06-04 15:15:00,10107,10137,2,-60,-81.47,-0.26,forced_close
BDL,camarilla,MIS,2026-06-04 15:00:00,2026-06-04 15:15:00,1211.6,1212.7,24,-26.4,-57.25,-0.07,forced_close
EICHERMOT,camarilla,MIS,2026-06-04 15:00:00,2026-06-04 15:15:00,7081.5,7120.0,4,-154.0,-184.14,-0.53,forced_close
JUBLFOOD,camarilla,MIS,2026-06-04 15:00:00,2026-06-04 15:15:00,429.05,430.55,69,-103.5,-134.96,-0.37,forced_close
MOTHERSON,camarilla,MIS,2026-06-04 15:00:00,2026-06-04 15:15:00,143.89,144.53,208,-133.12,-164.94,-0.41,forced_close
PREMIERENE,camarilla,MIS,2026-06-04 15:00:00,2026-06-04 15:15:00,1079.7,1076.7,27,81.0,50.14,0.29,forced_close
RVNL,camarilla,MIS,2026-06-04 15:00:00,2026-06-04 15:15:00,236.06,236.65,127,-74.93,-106.77,-0.26,forced_close
SIEMENS,camarilla,MIS,2026-06-04 15:00:00,2026-06-04 15:15:00,3681.3,3691.1,8,-78.4,-109.68,-0.17,forced_close
TORNTPHARM,camarilla,MIS,2026-06-04 15:00:00,2026-06-04 15:15:00,4337.4,4337.4,6,-0.0,-27.6,-0.0,forced_close
NESTLEIND,camarilla,MIS,2026-06-04 15:10:00,2026-06-04 15:15:00,1382.3,1382.3,21,-0.0,-30.78,-0.0,forced_close
OIL,camarilla,MIS,2026-06-04 15:10:00,2026-06-04 15:15:00,488.2,489.5,61,-79.3,-110.93,-0.4,forced_close
EXIDEIND,camarilla,MIS,2026-06-04 15:15:00,2026-06-04 15:20:00,403.95,404.4,74,33.3,1.58,0.09,forced_close
SBIN,camarilla,MIS,2026-06-04 15:15:00,2026-06-04 15:20:00,980.75,980.3,30,-13.5,-44.69,-0.05,forced_close
ABB,camarilla,MIS,2026-06-04 15:20:00,2026-06-04 15:25:00,7140.5,7160.0,4,-78.0,-108.34,-0.19,forced_close
BAJAJ-AUTO,camarilla,MIS,2026-06-04 15:20:00,2026-06-04 15:25:00,10353.0,10364.0,2,22.0,0.03,0.11,forced_close
JIOFIN,camarilla,MIS,2026-06-04 15:25:00,2026-06-04 15:25:00,237.0,237.0,126,0.0,-31.67,0.0,eod_data_end
BHARTIARTL,camarilla,MIS,2026-06-05 10:55:00,2026-06-05 11:20:00,1805.8,1801.63,16,66.72,36.12,0.25,target_hit
DRREDDY,camarilla,MIS,2026-06-05 10:55:00,2026-06-05 12:10:00,1276.1,1282.075,23,137.43,106.21,0.48,target_hit
RELIANCE,camarilla,MIS,2026-06-05 10:55:00,2026-06-05 11:00:00,1294.0,1293.745,23,5.87,-25.69,0.03,target_hit
TORNTPHARM,camarilla,MIS,2026-06-05 10:55:00,2026-06-05 11:40:00,4382.1,4393.195,6,66.57,38.65,0.18,target_hit
BDL,camarilla,MIS,2026-06-05 11:05:00,2026-06-05 13:00:00,1226.3,1217.2357142857143,24,-217.54,-248.61,-0.44,trailing_stop
COLPAL,camarilla,MIS,2026-06-05 11:05:00,2026-06-05 12:50:00,2015.7,2001.4357142857143,14,-199.7,-229.5,-0.66,trailing_stop
CUMMINSIND,camarilla,MIS,2026-06-05 11:05:00,2026-06-05 12:40:00,5848.0,5777.857142857143,5,-350.71,-381.5,-0.86,trailing_stop
IDFCFIRSTB,camarilla,MIS,2026-06-05 11:05:00,2026-06-05 12:50:00,72.69,72.05,412,-263.68,-295.27,-0.48,trailing_stop
MOTILALOFS,camarilla,MIS,2026-06-05 11:05:00,2026-06-05 12:40:00,869.75,860.8571428571429,34,-302.36,-333.52,-0.45,trailing_stop
SBICARD,camarilla,MIS,2026-06-05 11:05:00,2026-06-05 15:15:00,592.75,589.85,50,-145.0,-176.34,-0.26,forced_close
TATACOMM,camarilla,MIS,2026-06-05 11:05:00,2026-06-05 12:15:00,2020.4,1998.092857142857,14,-312.3,-342.1,-0.41,trailing_stop
GRASIM,camarilla,MIS,2026-06-05 11:10:00,2026-06-05 12:20:00,3118.1,3087.3214285714284,9,-277.01,-306.59,-0.85,trailing_stop
SAIL,camarilla,MIS,2026-06-05 11:10:00,2026-06-05 11:50:00,193.63,191.95850000000002,154,257.41,225.95,0.54,target_hit
SHREECEM,camarilla,MIS,2026-06-05 11:10:00,2026-06-05 12:35:00,24355,24270.5,1,84.5,58.73,0.31,target_hit
KALYANKJIL,camarilla,MIS,2026-06-05 11:15:00,2026-06-05 12:45:00,370.2,373.7875,81,290.59,258.6,0.48,target_hit
MANKIND,camarilla,MIS,2026-06-05 11:15:00,2026-06-05 14:30:00,2335.0,2347.485714285714,12,-149.83,-179.64,-0.5,trailing_stop
BHEL,camarilla,MIS,2026-06-05 11:25:00,2026-06-05 12:35:00,399.15,391.68928571428575,75,-559.55,-590.94,-0.7,trailing_stop
MAXHEALTH,camarilla,MIS,2026-06-05 11:25:00,2026-06-05 13:20:00,971.0,975.11,30,123.3,92.33,0.41,target_hit
TCS,camarilla,MIS,2026-06-05 11:25:00,2026-06-05 11:30:00,2221.2,2220.925,13,3.57,-27.04,0.01,target_hit
BEL,camarilla,MIS,2026-06-05 11:35:00,2026-06-05 12:35:00,407.1,405.74749999999995,73,98.73,67.28,0.29,target_hit
BPCL,camarilla,MIS,2026-06-05 11:35:00,2026-06-05 14:25:00,292.85,294.92857142857144,102,-212.01,-243.83,-0.74,trailing_stop
GAIL,camarilla,MIS,2026-06-05 11:35:00,2026-06-05 12:50:00,169.65,168.42285714285714,176,-215.98,-247.5,-0.54,trailing_stop
HINDPETRO,camarilla,MIS,2026-06-05 11:35:00,2026-06-05 15:15:00,384.5,385.25,78,-58.5,-90.34,-0.17,forced_close
SUNPHARMA,camarilla,MIS,2026-06-05 11:35:00,2026-06-05 11:45:00,1790.7,1793.74,16,48.64,18.23,0.19,target_hit
OIL,camarilla,MIS,2026-06-05 11:40:00,2026-06-05 11:50:00,486.7,485.93,61,46.97,15.52,0.15,target_hit
JINDALSTEL,camarilla,MIS,2026-06-05 11:45:00,2026-06-05 11:50:00,1189.7,1186.97,25,68.25,36.75,0.16,target_hit
JSWSTEEL,camarilla,MIS,2026-06-05 11:45:00,2026-06-05 11:50:00,1293.9,1290.21,23,84.87,53.37,0.27,target_hit
NAUKRI,camarilla,MIS,2026-06-05 11:50:00,2026-06-05 13:40:00,1000.15,992.35,29,226.2,195.59,0.46,target_hit
ONGC,camarilla,MIS,2026-06-05 11:50:00,2026-06-05 12:40:00,265.25,264.6625,113,66.39,34.64,0.27,target_hit
NHPC,camarilla,MIS,2026-06-05 11:55:00,2026-06-05 12:10:00,74.87,74.7835,400,34.6,2.86,0.11,target_hit
EXIDEIND,camarilla,MIS,2026-06-05 12:00:00,2026-06-05 13:05:00,407.6,402.0214285714286,73,-407.24,-438.53,-1.18,trailing_stop
ICICIBANK,camarilla,MIS,2026-06-05 12:00:00,2026-06-05 15:15:00,1261.0,1262.3,23,29.9,-0.88,0.09,forced_close
PERSISTENT,camarilla,MIS,2026-06-05 12:00:00,2026-06-05 15:15:00,5052.5,5044.0,5,42.5,15.74,0.12,forced_close
360ONE,camarilla,MIS,2026-06-05 12:05:00,2026-06-05 13:05:00,1079.6,1063.5285714285712,27,-433.93,-464.56,-1.1,trailing_stop
WAAREEENER,camarilla,MIS,2026-06-05 12:05:00,2026-06-05 12:50:00,3047.9,3039.81,9,72.81,43.77,0.2,target_hit
NESTLEIND,camarilla,MIS,2026-06-05 12:10:00,2026-06-05 15:15:00,1376.4,1383.3,21,-144.9,-175.64,-0.62,forced_close
NYKAA,camarilla,MIS,2026-06-05 12:10:00,2026-06-05 12:20:00,266.1,265.1575,112,105.56,74.02,0.37,target_hit
NMDC,camarilla,MIS,2026-06-05 12:15:00,2026-06-05 12:20:00,93.2,93.04450000000001,321,49.92,18.22,0.11,target_hit
PIDILITIND,camarilla,MIS,2026-06-05 12:15:00,2026-06-05 12:50:00,1482.6,1482.87,20,5.4,-26.05,0.02,target_hit
TATACONSUM,camarilla,MIS,2026-06-05 12:15:00,2026-06-05 13:00:00,1137.1,1133.6799999999998,26,88.92,57.63,0.34,target_hit
KEI,camarilla,MIS,2026-06-05 12:20:00,2026-06-05 13:05:00,5367.0,5337.464285714285,5,-147.68,-176.04,-0.74,trailing_stop
POLYCAB,camarilla,MIS,2026-06-05 12:20:00,2026-06-05 13:20:00,9806.0,9714.964285714286,3,-273.11,-304.13,-0.81,trailing_stop
MUTHOOTFIN,camarilla,MIS,2026-06-05 12:25:00,2026-06-05 12:40:00,3148.0,3132.85,9,136.35,106.39,0.42,target_hit
ASHOKLEY,camarilla,MIS,2026-06-05 12:30:00,2026-06-05 14:40:00,145.5,146.156,206,135.14,103.26,0.39,target_hit
JSWENERGY,camarilla,MIS,2026-06-05 12:30:00,2026-06-05 13:35:00,582.3,578.1149999999999,51,213.44,182.08,0.57,target_hit
LTM,camarilla,MIS,2026-06-05 12:30:00,2026-06-05 13:15:00,4029.0,4019.575,7,65.98,36.11,0.26,target_hit
GVT&D,camarilla,MIS,2026-06-05 12:35:00,2026-06-05 12:45:00,5038.5,5020.225,5,91.37,64.72,0.21,target_hit
JIOFIN,camarilla,MIS,2026-06-05 12:35:00,2026-06-05 14:10:00,237.84,235.3328571428571,126,-315.9,-347.48,-1.0,trailing_stop
TIINDIA,camarilla,MIS,2026-06-05 12:35:00,2026-06-05 13:25:00,3140.4,3118.0,9,-201.6,-231.44,-0.75,trailing_stop
GODFRYPHLP,camarilla,MIS,2026-06-05 12:40:00,2026-06-05 13:15:00,2220.2,2209.415,13,140.2,109.69,0.65,target_hit
UPL,camarilla,MIS,2026-06-05 12:40:00,2026-06-05 13:00:00,636.05,633.5675,47,116.68,85.05,0.35,target_hit
ASTRAL,camarilla,MIS,2026-06-05 12:50:00,2026-06-05 13:00:00,1534.5,1531.37,19,59.47,28.59,0.2,target_hit
BSE,camarilla,MIS,2026-06-05 12:50:00,2026-06-05 13:05:00,3974.2,3935.2250000000004,7,272.82,243.5,0.61,target_hit
HDFCBANK,camarilla,MIS,2026-06-05 12:50:00,2026-06-05 13:30:00,750.0,747.4350000000001,40,102.6,70.85,0.51,target_hit
KOTAKBANK,camarilla,MIS,2026-06-05 12:50:00,2026-06-05 12:55:00,378.15,378.145,79,0.39,-31.28,0.0,target_hit
LODHA,camarilla,MIS,2026-06-05 12:50:00,2026-06-05 15:15:00,902.35,894.25,33,-267.3,-298.71,-0.7,forced_close
MCX,camarilla,MIS,2026-06-05 12:50:00,2026-06-05 13:00:00,2857.4,2836.9049999999997,10,204.95,174.78,0.47,target_hit
ATGL,camarilla,MIS,2026-06-05 13:00:00,2026-06-05 14:30:00,761.35,763.2449999999999,39,73.9,42.37,0.17,target_hit
COCHINSHIP,camarilla,MIS,2026-06-05 13:00:00,2026-06-05 14:15:00,1460.5,1450.235,20,205.3,174.46,0.87,target_hit
HAVELLS,camarilla,MIS,2026-06-05 13:00:00,2026-06-05 15:15:00,1155.0,1150.8,25,105.0,74.45,0.48,forced_close
SRF,camarilla,MIS,2026-06-05 13:00:00,2026-06-05 13:05:00,2706.6,2701.685,11,54.06,22.53,0.22,target_hit
SWIGGY,camarilla,MIS,2026-06-05 13:05:00,2026-06-05 15:15:00,251.1,250.85,119,29.75,-1.92,0.07,forced_close
ULTRACEMCO,camarilla,MIS,2026-06-05 13:05:00,2026-06-05 13:10:00,10681,10675.25,2,11.5,-11.15,0.07,target_hit
BLUESTARCO,camarilla,MIS,2026-06-05 13:10:00,2026-06-05 14:30:00,1580.0,1587.0285714285712,18,-126.51,-156.75,-0.51,trailing_stop
PATANJALI,camarilla,MIS,2026-06-05 13:10:00,2026-06-05 13:15:00,415.65,415.23249999999996,72,30.06,-1.66,0.11,target_hit
RVNL,camarilla,MIS,2026-06-05 13:10:00,2026-06-05 13:40:00,234.67,233.80900000000003,127,109.35,77.81,0.42,target_hit
UNITDSPR,camarilla,MIS,2026-06-05 13:10:00,2026-06-05 15:15:00,1244.0,1247.6,24,-86.4,-118.12,-0.43,forced_close
JUBLFOOD,camarilla,MIS,2026-06-05 13:15:00,2026-06-05 15:15:00,426.8,427.1,70,-21.0,-52.7,-0.06,forced_close
SUPREMEIND,camarilla,MIS,2026-06-05 13:15:00,2026-06-05 15:15:00,3595.4,3598.4,8,-24.0,-54.52,-0.07,forced_close
TATAPOWER,camarilla,MIS,2026-06-05 13:15:00,2026-06-05 13:20:00,408.55,407.71999999999997,73,60.59,29.0,0.2,target_hit
ENRIN,camarilla,MIS,2026-06-05 13:20:00,2026-06-05 15:15:00,3657.4,3646.4,8,88.0,57.03,0.25,forced_close
INDUSINDBK,camarilla,MIS,2026-06-05 13:30:00,2026-06-05 15:15:00,898.8,906.3,33,-247.5,-279.11,-0.7,forced_close
IOC,camarilla,MIS,2026-06-05 13:30:00,2026-06-05 15:15:00,137.91,138.29,217,-82.46,-114.25,-0.3,forced_close
MARICO,camarilla,MIS,2026-06-05 13:30:00,2026-06-05 15:15:00,809.6,810.3,37,-25.9,-57.68,-0.09,forced_close
SBIN,camarilla,MIS,2026-06-05 13:30:00,2026-06-05 15:15:00,972.3,977.25,30,-148.5,-179.53,-0.47,forced_close
ASIANPAINT,camarilla,MIS,2026-06-05 13:35:00,2026-06-05 13:40:00,2690.6,2691.245,11,7.09,-24.3,0.03,target_hit
BHARATFORG,camarilla,MIS,2026-06-05 13:40:00,2026-06-05 15:15:00,1921.4,1931.3,15,-148.5,-179.16,-0.46,forced_close
OFSS,camarilla,MIS,2026-06-05 13:45:00,2026-06-05 15:15:00,9974.0,9946.5,3,82.5,50.82,0.25,forced_close
TMPV,camarilla,MIS,2026-06-05 13:45:00,2026-06-05 14:45:00,395.3,398.82142857142856,75,-264.11,-295.72,-0.77,trailing_stop
ALKEM,camarilla,MIS,2026-06-05 13:50:00,2026-06-05 15:15:00,5240.0,5254.5,5,-72.5,-100.33,-0.27,forced_close
INDHOTEL,camarilla,MIS,2026-06-05 14:05:00,2026-06-05 14:10:00,654.45,653.7674999999999,45,30.71,-0.5,0.11,target_hit
TECHM,camarilla,MIS,2026-06-05 14:15:00,2026-06-05 15:15:00,1436.8,1446.7,20,-198.0,-228.6,-0.6,forced_close
HDFCAMC,camarilla,MIS,2026-06-05 14:25:00,2026-06-05 15:15:00,2491.5,2496.3,12,57.6,25.86,0.16,forced_close
LAURUSLABS,camarilla,MIS,2026-06-05 14:25:00,2026-06-05 15:15:00,1443.5,1447.3,20,76.0,45.34,0.32,forced_close
INDIGO,camarilla,MIS,2026-06-05 14:35:00,2026-06-05 15:15:00,4474.0,4477.6,6,-21.6,-50.08,-0.1,forced_close
INFY,camarilla,MIS,2026-06-05 14:35:00,2026-06-05 15:15:00,1169.5,1173.1,25,-90.0,-121.06,-0.43,forced_close
IRFC,camarilla,MIS,2026-06-05 14:40:00,2026-06-05 15:15:00,96.63,96.57,310,-18.6,-50.35,-0.06,forced_close
LT,camarilla,MIS,2026-06-05 14:40:00,2026-06-05 15:15:00,3957.1,3954.7,7,-16.8,-46.16,-0.07,forced_close
M&M,camarilla,MIS,2026-06-05 14:40:00,2026-06-05 15:15:00,3052.7,3035.3,9,-156.6,-185.63,-0.69,forced_close
CANBK,camarilla,MIS,2026-06-05 14:45:00,2026-06-05 14:50:00,130.79,130.85,229,13.74,-18.03,0.03,target_hit
FEDERALBNK,camarilla,MIS,2026-06-05 14:50:00,2026-06-05 15:15:00,303.85,304.58250000000004,98,71.79,40.16,0.18,target_hit
BRITANNIA,camarilla,MIS,2026-06-05 14:55:00,2026-06-05 15:15:00,5116.5,5122.0,5,27.5,0.35,0.14,forced_close
MAZDOCK,camarilla,MIS,2026-06-05 14:55:00,2026-06-05 15:15:00,2428.0,2428.5,12,-6.0,-36.9,-0.02,forced_close
BIOCON,camarilla,MIS,2026-06-05 15:00:00,2026-06-05 15:15:00,412.1,412.35,72,-18.0,-49.48,-0.06,forced_close
CONCOR,camarilla,MIS,2026-06-05 15:00:00,2026-06-05 15:15:00,451.15,452.45,66,-85.8,-117.43,-0.25,forced_close
EICHERMOT,camarilla,MIS,2026-06-05 15:00:00,2026-06-05 15:15:00,7072.0,7068.0,4,16.0,-13.99,0.08,forced_close
HEROMOTOCO,camarilla,MIS,2026-06-05 15:00:00,2026-06-05 15:15:00,4833.1,4837.9,6,-28.8,-59.57,-0.1,forced_close
HUDCO,camarilla,MIS,2026-06-05 15:05:00,2026-06-05 15:15:00,206.74,205.71,145,-149.35,-181.04,-0.3,forced_close
KPITTECH,camarilla,MIS,2026-06-05 15:10:00,2026-06-05 15:15:00,779.05,778.15,38,-34.2,-65.57,-0.1,forced_close
LICHSGFIN,camarilla,MIS,2026-06-05 15:10:00,2026-06-05 15:15:00,551.5,550.2,54,-70.2,-101.74,-0.22,forced_close
TATAELXSI,camarilla,MIS,2026-06-05 15:15:00,2026-06-05 15:20:00,4311.8,4295.8,6,-96.0,-123.37,-0.41,forced_close
BAJAJFINSV,camarilla,MIS,2026-06-05 15:25:00,2026-06-05 15:25:00,1700.0,1700.0,17,-0.0,-30.65,-0.0,eod_data_end
HYUNDAI,camarilla,MIS,2026-06-05 15:25:00,2026-06-05 15:25:00,1905.0,1905.0,15,-0.0,-30.3,-0.0,eod_data_end
BAJAJFINSV,camarilla,MIS,2026-06-08 10:55:00,2026-06-08 11:00:00,1680.6,1679.825,17,13.17,-17.11,0.05,target_hit
COLPAL,camarilla,MIS,2026-06-08 10:55:00,2026-06-08 11:15:00,2009.7,2015.9450000000002,14,87.43,57.54,0.24,target_hit
NAUKRI,camarilla,MIS,2026-06-08 10:55:00,2026-06-08 14:35:00,1002.65,997.9107142857143,29,-137.44,-168.19,-0.25,trailing_stop
VBL,camarilla,MIS,2026-06-08 10:55:00,2026-06-08 11:45:00,526.55,528.5799999999999,56,113.68,82.34,0.23,target_hit
MARICO,camarilla,MIS,2026-06-08 11:00:00,2026-06-08 12:25:00,805.05,808.6535714285715,37,-133.33,-165.01,-0.41,trailing_stop
BAJFINANCE,camarilla,MIS,2026-06-08 11:05:00,2026-06-08 11:20:00,872.0,867.9499999999999,34,137.7,106.35,0.5,target_hit
ENRIN,camarilla,MIS,2026-06-08 11:05:00,2026-06-08 11:15:00,3579.7,3568.7000000000003,8,88.0,57.69,0.2,target_hit
BANKBARODA,camarilla,MIS,2026-06-08 11:10:00,2026-06-08 11:15:00,260.8,260.07,115,83.95,52.2,0.25,target_hit
CHOLAFIN,camarilla,MIS,2026-06-08 11:10:00,2026-06-08 11:15:00,1466.7,1465.305,20,27.9,-3.19,0.07,target_hit
ITC,camarilla,MIS,2026-06-08 11:15:00,2026-06-08 11:20:00,282.1,282.6525,106,58.56,26.82,0.25,target_hit
MPHASIS,camarilla,MIS,2026-06-08 11:15:00,2026-06-08 11:45:00,2286.6,2295.0499999999997,13,109.85,78.26,0.24,target_hit
PNB,camarilla,MIS,2026-06-08 11:15:00,2026-06-08 12:35:00,102.91,103.58571428571429,291,-196.63,-228.52,-0.58,trailing_stop
AUBANK,camarilla,MIS,2026-06-08 11:20:00,2026-06-08 15:15:00,960.1,960.2,31,-3.1,-34.66,-0.01,forced_close
BHARATFORG,camarilla,MIS,2026-06-08 11:20:00,2026-06-08 11:25:00,1914.0,1910.605,15,50.92,20.51,0.16,target_hit
SHREECEM,camarilla,MIS,2026-06-08 11:20:00,2026-06-08 13:30:00,23860,23722.0,1,138.0,112.79,0.39,target_hit
LICHSGFIN,camarilla,MIS,2026-06-08 11:25:00,2026-06-08 13:05:00,545.0,550.1071428571429,55,-280.89,-312.86,-1.03,trailing_stop
COALINDIA,camarilla,MIS,2026-06-08 11:30:00,2026-06-08 14:55:00,467.2,464.325,64,184.0,152.41,0.62,target_hit
DIXON,camarilla,MIS,2026-06-08 11:30:00,2026-06-08 13:25:00,11550,11474.5,2,-151.0,-175.4,-0.52,trailing_stop
INDUSINDBK,camarilla,MIS,2026-06-08 11:30:00,2026-06-08 13:45:00,889.85,896.125,33,-207.07,-238.35,-0.61,trailing_stop
JSWSTEEL,camarilla,MIS,2026-06-08 11:30:00,2026-06-08 15:00:00,1264.1,1260.185,23,90.04,59.27,0.28,target_hit
TECHM,camarilla,MIS,2026-06-08 11:30:00,2026-06-08 15:15:00,1463.4,1462.6,20,-16.0,-47.03,-0.03,forced_close
BEL,camarilla,MIS,2026-06-08 11:35:00,2026-06-08 12:25:00,410.45,411.995,73,112.79,80.94,0.42,target_hit
ADANIENSOL,camarilla,MIS,2026-06-08 11:40:00,2026-06-08 13:50:00,1611.4,1587.75,18,-425.7,-456.19,-0.77,trailing_stop
CIPLA,camarilla,MIS,2026-06-08 11:40:00,2026-06-08 14:05:00,1393.2,1388.045,21,108.25,77.3,0.51,target_hit
LAURUSLABS,camarilla,MIS,2026-06-08 11:40:00,2026-06-08 12:10:00,1438.2,1434.865,20,66.7,36.24,0.23,target_hit
TATACONSUM,camarilla,MIS,2026-06-08 11:40:00,2026-06-08 11:50:00,1117.3,1116.0500000000002,26,32.5,1.71,0.11,target_hit
DRREDDY,camarilla,MIS,2026-06-08 11:45:00,2026-06-08 12:05:00,1287.9,1289.6950000000002,23,41.29,9.85,0.14,target_hit
VMM,camarilla,MIS,2026-06-08 11:45:00,2026-06-08 15:15:00,117.32,117.46,255,-35.7,-67.45,-0.12,forced_close
OIL,camarilla,MIS,2026-06-08 11:50:00,2026-06-08 11:55:00,488.05,490.4725,61,147.77,116.11,0.61,target_hit
TATASTEEL,camarilla,MIS,2026-06-08 11:50:00,2026-06-08 11:55:00,203.2,203.14000000000001,147,8.82,-22.85,0.03,target_hit
VEDL,camarilla,MIS,2026-06-08 11:50:00,2026-06-08 14:15:00,309.25,306.05750000000006,97,309.67,278.06,1.01,target_hit
DABUR,camarilla,MIS,2026-06-08 12:00:00,2026-06-08 13:35:00,421.65,420.65749999999997,71,70.47,38.77,0.3,target_hit
MFSL,camarilla,MIS,2026-06-08 12:00:00,2026-06-08 14:25:00,1584.5,1578.68,18,104.76,74.58,0.29,target_hit
NHPC,camarilla,MIS,2026-06-08 12:00:00,2026-06-08 15:15:00,74.17,73.58,404,238.36,206.74,0.8,forced_close
BHARTIARTL,camarilla,MIS,2026-06-08 12:05:00,2026-06-08 15:15:00,1808.6,1811.0,16,38.4,7.69,0.16,forced_close
DIVISLAB,camarilla,MIS,2026-06-08 12:10:00,2026-06-08 13:15:00,6594.0,6584.775,4,36.9,8.95,0.18,target_hit
FEDERALBNK,camarilla,MIS,2026-06-08 12:10:00,2026-06-08 12:35:00,307.85,309.4575,97,155.93,124.16,0.44,target_hit
HINDALCO,camarilla,MIS,2026-06-08 12:10:00,2026-06-08 12:15:00,1069.7,1069.3899999999999,28,8.68,-23.08,0.04,target_hit
ASTRAL,camarilla,MIS,2026-06-08 12:20:00,2026-06-08 14:25:00,1535.3,1523.0214285714285,19,-233.29,-264.08,-0.57,trailing_stop
PREMIERENE,camarilla,MIS,2026-06-08 12:20:00,2026-06-08 13:20:00,1088.5,1093.795,27,142.97,111.71,0.38,target_hit
SBIN,camarilla,MIS,2026-06-08 12:20:00,2026-06-08 15:15:00,984.5,983.35,30,-34.5,-65.8,-0.13,forced_close
POLYCAB,camarilla,MIS,2026-06-08 12:30:00,2026-06-08 13:15:00,9607.0,9601.65,3,16.05,-14.5,0.05,target_hit
SBILIFE,camarilla,MIS,2026-06-08 12:35:00,2026-06-08 13:20:00,1771.0,1765.365,16,90.16,60.17,0.49,target_hit
SUZLON,camarilla,MIS,2026-06-08 12:35:00,2026-06-08 13:05:00,54.86,54.749,546,60.61,28.88,0.22,target_hit
GLENMARK,camarilla,MIS,2026-06-08 12:40:00,2026-06-08 12:55:00,2194.0,2196.56,13,33.28,3.01,0.09,target_hit
BLUESTARCO,camarilla,MIS,2026-06-08 12:45:00,2026-06-08 15:15:00,1565.4,1556.0,19,178.6,147.17,0.49,forced_close
HAL,camarilla,MIS,2026-06-08 12:45:00,2026-06-08 13:50:00,4236.0,4195.7,7,-282.1,-313.36,-1.22,trailing_stop
UNIONBANK,camarilla,MIS,2026-06-08 12:50:00,2026-06-08 15:15:00,160.86,160.61,186,46.5,14.8,0.17,forced_close
PRESTIGE,camarilla,MIS,2026-06-08 12:55:00,2026-06-08 13:10:00,1357.0,1352.1699999999998,22,106.26,74.67,0.34,target_hit
HUDCO,camarilla,MIS,2026-06-08 13:00:00,2026-06-08 13:05:00,203.97,203.752,147,32.05,0.27,0.17,target_hit
HDFCLIFE,camarilla,MIS,2026-06-08 13:05:00,2026-06-08 14:55:00,570.6,566.4449999999999,52,216.06,184.73,0.98,target_hit
PIIND,camarilla,MIS,2026-06-08 13:05:00,2026-06-08 14:15:00,2701.0,2685.945,11,165.6,134.2,0.68,target_hit
HAVELLS,camarilla,MIS,2026-06-08 13:10:00,2026-06-08 15:15:00,1141.9,1142.5,26,-15.6,-47.09,-0.06,forced_close
COCHINSHIP,camarilla,MIS,2026-06-08 13:15:00,2026-06-08 14:10:00,1419.0,1411.27,21,162.33,130.83,0.53,target_hit
INDUSTOWER,camarilla,MIS,2026-06-08 13:30:00,2026-06-08 15:15:00,426.5,426.1,70,28.0,-3.64,0.11,forced_close
OBEROIRLTY,camarilla,MIS,2026-06-08 13:30:00,2026-06-08 13:35:00,1616.7,1616.68,18,0.36,-30.5,0.0,target_hit
ULTRACEMCO,camarilla,MIS,2026-06-08 13:30:00,2026-06-08 15:15:00,10611,10585,2,52,29.53,0.27,forced_close
ADANIPOWER,camarilla,MIS,2026-06-08 13:35:00,2026-06-08 13:50:00,230.87,229.2175,129,213.17,181.73,0.87,target_hit
HINDUNILVR,camarilla,MIS,2026-06-08 13:35:00,2026-06-08 15:15:00,2105.0,2110.5,14,-77.0,-108.3,-0.44,forced_close
TIINDIA,camarilla,MIS,2026-06-08 13:35:00,2026-06-08 14:40:00,3102.1,3084.7799999999997,9,155.88,126.37,0.56,target_hit
ADANIENT,camarilla,MIS,2026-06-08 13:40:00,2026-06-08 15:05:00,3006.5,2972.2999999999997,9,307.8,279.3,1.39,target_hit
HEROMOTOCO,camarilla,MIS,2026-06-08 13:40:00,2026-06-08 15:00:00,4793.8,4772.63,6,127.02,96.6,0.6,target_hit
MARUTI,camarilla,MIS,2026-06-08 13:40:00,2026-06-08 15:00:00,12933,12907.0,2,52.0,24.6,0.39,target_hit
WAAREEENER,camarilla,MIS,2026-06-08 13:40:00,2026-06-08 15:00:00,3017.8,3010.1,9,69.3,40.54,0.28,target_hit
ATGL,camarilla,MIS,2026-06-08 13:45:00,2026-06-08 14:20:00,748.85,746.3,40,102.0,70.3,0.29,target_hit
COROMANDEL,camarilla,MIS,2026-06-08 13:45:00,2026-06-08 13:55:00,1772.9,1770.95,16,31.2,1.14,0.13,target_hit
DMART,camarilla,MIS,2026-06-08 13:45:00,2026-06-08 14:50:00,4099.6,4076.44,7,162.12,131.79,1.08,target_hit
GODFRYPHLP,camarilla,MIS,2026-06-08 13:45:00,2026-06-08 14:30:00,2205.0,2197.0,13,104.0,73.67,0.5,target_hit
JSWENERGY,camarilla,MIS,2026-06-08 13:45:00,2026-06-08 15:00:00,577.65,574.7675,51,147.01,115.86,0.56,target_hit
JINDALSTEL,camarilla,MIS,2026-06-08 13:50:00,2026-06-08 14:15:00,1165.5,1159.685,25,145.38,114.57,0.41,target_hit
IDEA,camarilla,MIS,2026-06-08 13:55:00,2026-06-08 14:15:00,14.84,14.7685,2021,144.5,112.79,0.46,target_hit
GAIL,camarilla,MIS,2026-06-08 14:00:00,2026-06-08 14:30:00,168.5,169.3415,178,149.79,117.88,0.74,target_hit
ICICIGI,camarilla,MIS,2026-06-08 14:00:00,2026-06-08 15:15:00,1742.9,1741.9,17,17.0,-14.41,0.08,forced_close
IDFCFIRSTB,camarilla,MIS,2026-06-08 14:00:00,2026-06-08 14:15:00,72.0,71.75599999999999,416,101.5,69.81,0.36,target_hit
OFSS,camarilla,MIS,2026-06-08 14:00:00,2026-06-08 15:00:00,9819.0,9777.275,3,125.18,94.02,0.42,target_hit
GRASIM,camarilla,MIS,2026-06-08 14:10:00,2026-06-08 14:15:00,3056.7,3055.58,9,10.08,-19.09,0.03,target_hit
GMRAIRPORT,camarilla,MIS,2026-06-08 14:15:00,2026-06-08 14:40:00,101.05,100.7155,296,99.01,67.36,0.2,target_hit
ZYDUSLIFE,camarilla,MIS,2026-06-08 14:20:00,2026-06-08 15:15:00,1095.0,1089.3,27,-153.9,-185.15,-0.59,forced_close
SUNPHARMA,camarilla,MIS,2026-06-08 14:25:00,2026-06-08 14:30:00,1795.2,1795.345,16,2.32,-28.14,0.01,target_hit
NTPC,camarilla,MIS,2026-06-08 14:35:00,2026-06-08 15:15:00,364.6,363.05,82,-127.1,-158.72,-0.61,forced_close
SOLARINDS,camarilla,MIS,2026-06-08 14:35:00,2026-06-08 14:40:00,18236,18223.75,1,12.25,-7.08,0.07,target_hit
VOLTAS,camarilla,MIS,2026-06-08 14:35:00,2026-06-08 15:00:00,1291.4,1286.365,23,115.81,84.38,0.41,target_hit
TRENT,camarilla,MIS,2026-06-08 14:50:00,2026-06-08 15:00:00,2738.5,2727.725,10,107.75,78.78,0.45,target_hit
ADANIGREEN,camarilla,MIS,2026-06-08 15:00:00,2026-06-08 15:15:00,1497.0,1491.6,20,108.0,76.32,0.23,forced_close
ADANIPORTS,camarilla,MIS,2026-06-08 15:00:00,2026-06-08 15:05:00,1807.2,1807.04,16,2.56,-28.1,0.01,target_hit
BANKINDIA,camarilla,MIS,2026-06-08 15:00:00,2026-06-08 15:15:00,140.13,140.34,214,-44.94,-76.77,-0.14,forced_close
COFORGE,camarilla,MIS,2026-06-08 15:00:00,2026-06-08 15:15:00,1422.0,1421.1,21,18.9,-12.76,0.06,forced_close
EICHERMOT,camarilla,MIS,2026-06-08 15:00:00,2026-06-08 15:15:00,7032.0,7056.0,4,-96.0,-125.89,-0.45,forced_close
INDHOTEL,camarilla,MIS,2026-06-08 15:00:00,2026-06-08 15:15:00,652.25,652.35,45,-4.5,-35.63,-0.01,forced_close
INFY,camarilla,MIS,2026-06-08 15:00:00,2026-06-08 15:15:00,1163.8,1160.2,25,90.0,59.2,0.4,forced_close
LTM,camarilla,MIS,2026-06-08 15:00:00,2026-06-08 15:15:00,3981.2,3981.6,7,-2.8,-32.35,-0.01,forced_close
LUPIN,camarilla,MIS,2026-06-08 15:00:00,2026-06-08 15:15:00,2254.0,2254.3,13,-3.9,-34.98,-0.02,forced_close
POLICYBZR,camarilla,MIS,2026-06-08 15:00:00,2026-06-08 15:15:00,1513.1,1515.9,19,-53.2,-83.72,-0.14,forced_close
TATAELXSI,camarilla,MIS,2026-06-08 15:00:00,2026-06-08 15:10:00,4264.8,4250.005,7,103.57,71.97,0.38,target_hit
UNITDSPR,camarilla,MIS,2026-06-08 15:00:00,2026-06-08 15:05:00,1238.8,1238.285,24,12.36,-19.16,0.05,target_hit
YESBANK,camarilla,MIS,2026-06-08 15:00:00,2026-06-08 15:15:00,23.03,23.02,1302,13.02,-18.77,0.03,forced_close
360ONE,camarilla,MIS,2026-06-08 15:05:00,2026-06-08 15:15:00,1058.0,1058.4,28,-11.2,-42.62,-0.04,forced_close
APLAPOLLO,camarilla,MIS,2026-06-08 15:20:00,2026-06-08 15:25:00,1804.9,1810.1,16,-83.2,-113.88,-0.21,forced_close
AUROPHARMA,camarilla,MIS,2026-06-08 15:20:00,2026-06-08 15:25:00,1449.0,1446.0,20,60.0,29.31,0.22,forced_close
BIOCON,camarilla,MIS,2026-06-08 15:20:00,2026-06-08 15:25:00,407.05,407.95,73,-65.7,-97.25,-0.14,forced_close
HINDZINC,camarilla,MIS,2026-06-08 15:20:00,2026-06-08 15:25:00,555.25,556.0,54,-40.5,-72.32,-0.1,forced_close
NYKAA,camarilla,MIS,2026-06-08 15:20:00,2026-06-08 15:25:00,259.1,258.75,115,40.25,8.68,0.1,forced_close
PFC,camarilla,MIS,2026-06-08 15:20:00,2026-06-08 15:25:00,427.45,428.0,70,-38.5,-70.25,-0.11,forced_close
PHOENIXLTD,camarilla,MIS,2026-06-08 15:20:00,2026-06-08 15:25:00,1732.8,1722.1,17,181.9,150.78,0.43,forced_close
AMBUJACEM,camarilla,MIS,2026-06-08 15:25:00,2026-06-08 15:25:00,411.35,411.35,72,-0.0,-31.41,-0.0,eod_data_end
GODREJCP,camarilla,MIS,2026-06-08 15:25:00,2026-06-08 15:25:00,990.6,990.6,30,-0.0,-31.51,-0.0,eod_data_end
RADICO,camarilla,MIS,2026-06-08 15:25:00,2026-06-08 15:25:00,3460.5,3460.5,8,-0.0,-29.36,-0.0,eod_data_end
BHEL,camarilla,MIS,2026-06-09 10:55:00,2026-06-09 12:15:00,389.7,392.845,76,239.02,207.46,0.56,target_hit
CGPOWER,camarilla,MIS,2026-06-09 10:55:00,2026-06-09 12:35:00,919.2,910.9464285714284,32,-264.11,-295.14,-0.67,trailing_stop
COROMANDEL,camarilla,MIS,2026-06-09 10:55:00,2026-06-09 11:45:00,1790.6,1799.72,16,145.92,115.45,0.35,target_hit
MFSL,camarilla,MIS,2026-06-09 10:55:00,2026-06-09 11:40:00,1592.5,1576.692857142857,18,-284.53,-314.74,-0.72,trailing_stop
NTPC,camarilla,MIS,2026-06-09 10:55:00,2026-06-09 11:25:00,357.95,356.78999999999996,83,96.28,64.84,0.26,target_hit
ABCAPITAL,camarilla,MIS,2026-06-09 11:00:00,2026-06-09 12:45:00,348.7,350.0775,86,118.46,86.59,0.36,target_hit
APOLLOHOSP,camarilla,MIS,2026-06-09 11:00:00,2026-06-09 13:10:00,8469.5,8511.95,3,127.35,100.32,0.58,target_hit
GODREJCP,camarilla,MIS,2026-06-09 11:00:00,2026-06-09 11:30:00,1003.1,1008.33,29,151.67,120.72,0.88,target_hit
SAIL,camarilla,MIS,2026-06-09 11:00:00,2026-06-09 11:05:00,186.4,186.7775,160,60.4,28.73,0.13,target_hit
SRF,camarilla,MIS,2026-06-09 11:00:00,2026-06-09 11:30:00,2707.3,2718.3450000000003,11,121.5,89.84,0.42,target_hit
360ONE,camarilla,MIS,2026-06-09 11:05:00,2026-06-09 11:45:00,1065.7,1066.5600000000002,28,24.08,-7.58,0.07,target_hit
CONCOR,camarilla,MIS,2026-06-09 11:05:00,2026-06-09 12:45:00,448.15,448.7325,66,38.45,7.05,0.1,target_hit
ETERNAL,camarilla,MIS,2026-06-09 11:05:00,2026-06-09 11:10:00,244.75,244.72500000000002,122,3.05,-28.61,0.01,target_hit
GODREJPROP,camarilla,MIS,2026-06-09 11:05:00,2026-06-09 15:05:00,1673.0,1685.9499999999998,17,220.15,189.85,0.61,target_hit
HINDZINC,camarilla,MIS,2026-06-09 11:05:00,2026-06-09 11:40:00,560.55,564.2225000000001,53,194.64,163.01,0.59,target_hit
TECHM,camarilla,MIS,2026-06-09 11:05:00,2026-06-09 12:55:00,1450.4,1437.36,20,260.8,230.21,0.74,target_hit
PIDILITIND,camarilla,MIS,2026-06-09 11:10:00,2026-06-09 11:25:00,1474.5,1476.575,20,41.5,10.2,0.25,target_hit
UNIONBANK,camarilla,MIS,2026-06-09 11:10:00,2026-06-09 11:50:00,163.53,164.2845,183,138.07,106.25,0.27,target_hit
OFSS,camarilla,MIS,2026-06-09 11:15:00,2026-06-09 11:25:00,9620.0,9584.95,3,105.15,74.61,0.27,target_hit
TVSMOTOR,camarilla,MIS,2026-06-09 11:15:00,2026-06-09 11:45:00,3352.8,3360.445,8,61.16,32.68,0.22,target_hit
APLAPOLLO,camarilla,MIS,2026-06-09 11:20:00,2026-06-09 15:15:00,1801.4,1795.6,16,92.8,62.29,0.25,forced_close
LT,camarilla,MIS,2026-06-09 11:20:00,2026-06-09 11:25:00,3902.1,3904.98,7,20.16,-8.82,0.09,target_hit
SBILIFE,camarilla,MIS,2026-06-09 11:20:00,2026-06-09 12:45:00,1776.5,1781.505,16,80.08,49.89,0.37,target_hit
SOLARINDS,camarilla,MIS,2026-06-09 11:20:00,2026-06-09 15:15:00,18296,18261,1,-35,-54.38,-0.18,forced_close
TATACONSUM,camarilla,MIS,2026-06-09 11:20:00,2026-06-09 12:45:00,1097.7,1095.285,27,65.2,33.82,0.24,target_hit
BHARTIARTL,camarilla,MIS,2026-06-09 11:25:00,2026-06-09 14:45:00,1796.1,1804.5,16,-134.4,-164.96,-0.36,trailing_stop
HAVELLS,camarilla,MIS,2026-06-09 11:25:00,2026-06-09 12:55:00,1148.6,1142.15,26,-167.7,-199.26,-0.81,trailing_stop
TORNTPHARM,camarilla,MIS,2026-06-09 11:25:00,2026-06-09 14:25:00,4480.6,4473.692857142858,6,-41.44,-69.93,-0.18,trailing_stop
POWERGRID,camarilla,MIS,2026-06-09 11:30:00,2026-06-09 13:00:00,286.55,285.075,104,153.4,121.9,0.55,target_hit
ONGC,camarilla,MIS,2026-06-09 11:35:00,2026-06-09 11:40:00,263.1,262.6975,114,45.89,14.11,0.18,target_hit
POLICYBZR,camarilla,MIS,2026-06-09 11:35:00,2026-06-09 12:35:00,1497.5,1488.7450000000001,20,175.1,143.45,0.48,target_hit
SBIN,camarilla,MIS,2026-06-09 11:40:00,2026-06-09 11:50:00,992.0,994.875,30,86.25,54.64,0.33,target_hit
BAJAJ-AUTO,camarilla,MIS,2026-06-09 11:45:00,2026-06-09 11:50:00,10302.0,10304.7,2,5.4,-16.45,0.02,target_hit
BAJAJFINSV,camarilla,MIS,2026-06-09 11:45:00,2026-06-09 12:25:00,1689.0,1693.3,17,73.1,42.6,0.17,target_hit
BDL,camarilla,MIS,2026-06-09 11:45:00,2026-06-09 14:25:00,1197.4,1191.2142857142856,25,-154.64,-186.29,-0.54,trailing_stop
HINDUNILVR,camarilla,MIS,2026-06-09 11:45:00,2026-06-09 12:20:00,2123.8,2128.525,14,66.15,34.58,0.3,target_hit
JUBLFOOD,camarilla,MIS,2026-06-09 11:45:00,2026-06-09 13:35:00,418.4,416.29285714285714,71,-149.61,-181.01,-0.4,trailing_stop
MANKIND,camarilla,MIS,2026-06-09 11:45:00,2026-06-09 14:30:00,2386.5,2380.385714285714,12,-73.37,-103.69,-0.22,trailing_stop
VBL,camarilla,MIS,2026-06-09 11:45:00,2026-06-09 15:15:00,527.9,529.75,56,103.6,72.18,0.26,forced_close
VEDL,camarilla,MIS,2026-06-09 11:45:00,2026-06-09 13:55:00,308.35,305.6142857142857,97,-265.36,-296.91,-0.62,trailing_stop
GMRAIRPORT,camarilla,MIS,2026-06-09 11:50:00,2026-06-09 12:05:00,101.89,102.06349999999999,294,51.01,19.21,0.19,target_hit
SWIGGY,camarilla,MIS,2026-06-09 11:50:00,2026-06-09 12:05:00,246.1,246.7,121,72.6,40.98,0.16,target_hit
ADANIENT,camarilla,MIS,2026-06-09 11:55:00,2026-06-09 12:55:00,2996.0,2956.4285714285716,10,-395.71,-427.23,-1.01,trailing_stop
PATANJALI,camarilla,MIS,2026-06-09 11:55:00,2026-06-09 13:10:00,422.95,420.35357142857146,70,-181.75,-213.03,-0.69,trailing_stop
ADANIGREEN,camarilla,MIS,2026-06-09 12:00:00,2026-06-09 12:15:00,1514.9,1516.955,19,39.04,8.5,0.09,target_hit
ATGL,camarilla,MIS,2026-06-09 12:00:00,2026-06-09 12:10:00,749.75,755.0175,40,210.7,178.76,0.42,target_hit
DLF,camarilla,MIS,2026-06-09 12:00:00,2026-06-09 12:05:00,570.05,570.5124999999999,52,24.05,-7.4,0.08,target_hit
M&MFIN,camarilla,MIS,2026-06-09 12:00:00,2026-06-09 15:15:00,277.45,278.95,108,162.0,130.12,0.47,forced_close
SHRIRAMFIN,camarilla,MIS,2026-06-09 12:00:00,2026-06-09 12:25:00,905.15,907.2375,33,68.89,37.17,0.2,target_hit
ENRIN,camarilla,MIS,2026-06-09 12:15:00,2026-06-09 15:15:00,3547.1,3552.0,8,39.2,9.08,0.11,forced_close
HUDCO,camarilla,MIS,2026-06-09 12:20:00,2026-06-09 12:35:00,205.84,206.881,145,150.94,119.2,0.51,target_hit
GLENMARK,camarilla,MIS,2026-06-09 12:25:00,2026-06-09 13:00:00,2213.4,2194.7714285714283,13,-242.17,-272.53,-0.94,trailing_stop
SUZLON,camarilla,MIS,2026-06-09 12:25:00,2026-06-09 15:15:00,55.07,55.24,544,92.48,60.65,0.32,forced_close
KOTAKBANK,camarilla,MIS,2026-06-09 12:30:00,2026-06-09 14:35:00,380.0,380.51,78,39.78,8.32,0.13,target_hit
SBICARD,camarilla,MIS,2026-06-09 12:30:00,2026-06-09 14:25:00,580.25,582.9925,51,139.87,108.4,0.61,target_hit
VOLTAS,camarilla,MIS,2026-06-09 12:30:00,2026-06-09 13:50:00,1308.8,1301.642857142857,22,-157.46,-187.89,-0.6,trailing_stop
KPITTECH,camarilla,MIS,2026-06-09 12:35:00,2026-06-09 14:55:00,750.0,753.9571428571429,40,-158.29,-190.2,-0.6,trailing_stop
HCLTECH,camarilla,MIS,2026-06-09 12:40:00,2026-06-09 13:25:00,1138.6,1136.615,26,51.61,20.25,0.29,target_hit
HINDPETRO,camarilla,MIS,2026-06-09 12:40:00,2026-06-09 13:10:00,378.0,378.16749999999996,79,13.23,-18.44,0.04,target_hit
TCS,camarilla,MIS,2026-06-09 12:40:00,2026-06-09 14:10:00,2141.5,2132.8650000000002,14,120.89,89.17,0.62,target_hit
DRREDDY,camarilla,MIS,2026-06-09 12:55:00,2026-06-09 14:30:00,1265.3,1262.5649999999998,23,62.91,32.08,0.29,target_hit
NESTLEIND,camarilla,MIS,2026-06-09 13:05:00,2026-06-09 15:15:00,1410.5,1410.1,21,-8.4,-39.81,-0.03,forced_close
BPCL,camarilla,MIS,2026-06-09 13:10:00,2026-06-09 14:35:00,287.9,289.825,104,200.2,168.32,0.65,target_hit
COFORGE,camarilla,MIS,2026-06-09 13:15:00,2026-06-09 13:30:00,1407.1,1396.8999999999999,21,214.2,183.0,0.61,target_hit
OIL,camarilla,MIS,2026-06-09 13:15:00,2026-06-09 15:05:00,474.0,477.2321428571429,63,-203.63,-235.42,-1.04,trailing_stop
PERSISTENT,camarilla,MIS,2026-06-09 13:15:00,2026-06-09 13:25:00,5002.0,4966.55,5,177.25,150.84,0.57,target_hit
TATAELXSI,camarilla,MIS,2026-06-09 13:20:00,2026-06-09 13:35:00,4220.0,4215.139999999999,7,34.02,2.72,0.25,target_hit
LUPIN,camarilla,MIS,2026-06-09 13:25:00,2026-06-09 14:30:00,2268.0,2257.65,13,-134.55,-165.73,-0.64,trailing_stop
MPHASIS,camarilla,MIS,2026-06-09 13:25:00,2026-06-09 14:25:00,2249.0,2273.5,13,-318.5,-349.71,-0.93,trailing_stop
AUROPHARMA,camarilla,MIS,2026-06-09 13:30:00,2026-06-09 14:45:00,1461.2,1458.357142857143,20,-56.86,-87.81,-0.31,trailing_stop
HINDALCO,camarilla,MIS,2026-06-09 13:45:00,2026-06-09 14:05:00,1074.7,1077.69,27,80.73,49.91,0.24,target_hit
IDEA,camarilla,MIS,2026-06-09 13:45:00,2026-06-09 15:15:00,14.12,14.15,2124,-63.72,-95.56,-0.1,forced_close
JSWSTEEL,camarilla,MIS,2026-06-09 13:45:00,2026-06-09 15:15:00,1265.7,1262.0,23,-85.1,-115.92,-0.33,forced_close
COCHINSHIP,camarilla,MIS,2026-06-09 13:50:00,2026-06-09 14:35:00,1420.0,1424.1499999999999,21,87.15,55.47,0.35,target_hit
JINDALSTEL,camarilla,MIS,2026-06-09 13:50:00,2026-06-09 15:15:00,1145.4,1148.7,26,-85.8,-117.44,-0.32,forced_close
LTF,camarilla,MIS,2026-06-09 13:50:00,2026-06-09 14:40:00,263.7,264.8075,113,125.15,93.47,0.4,target_hit
TATAINVEST,camarilla,MIS,2026-06-09 13:50:00,2026-06-09 15:15:00,659.7,663.45,45,168.75,137.16,0.62,forced_close
HDFCLIFE,camarilla,MIS,2026-06-09 13:55:00,2026-06-09 15:15:00,559.7,560.55,53,-45.05,-76.54,-0.23,forced_close
ADANIPORTS,camarilla,MIS,2026-06-09 14:05:00,2026-06-09 14:15:00,1818.3,1827.66,16,149.76,118.81,0.53,target_hit
SUNPHARMA,camarilla,MIS,2026-06-09 14:05:00,2026-06-09 14:30:00,1774.4,1772.3,16,33.6,3.51,0.16,target_hit
BRITANNIA,camarilla,MIS,2026-06-09 14:10:00,2026-06-09 14:35:00,5102.0,5115.35,5,66.75,39.66,0.39,target_hit
PRESTIGE,camarilla,MIS,2026-06-09 14:10:00,2026-06-09 15:15:00,1349.3,1356.1,22,149.6,118.03,0.49,forced_close
NATIONALUM,camarilla,MIS,2026-06-09 14:30:00,2026-06-09 15:15:00,382.55,384.25,78,132.6,100.87,0.39,forced_close
BIOCON,camarilla,MIS,2026-06-09 14:35:00,2026-06-09 14:40:00,415.25,415.685,72,31.32,-0.41,0.16,target_hit
COLPAL,camarilla,MIS,2026-06-09 14:40:00,2026-06-09 15:15:00,2021.0,2021.0,14,0.0,-30.0,0.0,forced_close
DIXON,camarilla,MIS,2026-06-09 14:40:00,2026-06-09 14:50:00,11561,11575.15,2,28.3,3.76,0.15,target_hit
VMM,camarilla,MIS,2026-06-09 14:45:00,2026-06-09 15:15:00,118.4,118.21,253,-48.07,-79.81,-0.19,forced_close
BLUESTARCO,camarilla,MIS,2026-06-09 14:50:00,2026-06-09 15:15:00,1567.0,1571.2,19,79.8,48.18,0.25,forced_close
EXIDEIND,camarilla,MIS,2026-06-09 14:50:00,2026-06-09 14:55:00,390.75,391.34499999999997,76,45.22,13.7,0.17,target_hit
IRCTC,camarilla,MIS,2026-06-09 14:50:00,2026-06-09 15:15:00,518.6,517.75,57,-48.45,-79.77,-0.26,forced_close
KEI,camarilla,MIS,2026-06-09 14:50:00,2026-06-09 14:55:00,5240.0,5248.1,5,40.5,12.69,0.05,target_hit
BSE,camarilla,MIS,2026-06-09 14:55:00,2026-06-09 15:15:00,4000.0,3992.4,7,-53.2,-82.86,-0.2,forced_close
COALINDIA,camarilla,MIS,2026-06-09 14:55:00,2026-06-09 15:15:00,466.85,466.85,64,0.0,-31.68,0.0,forced_close
MARICO,camarilla,MIS,2026-06-09 14:55:00,2026-06-09 15:15:00,813.2,812.55,36,-23.4,-54.43,-0.11,forced_close
PHOENIXLTD,camarilla,MIS,2026-06-09 14:55:00,2026-06-09 15:15:00,1763.9,1751.6,17,-209.1,-240.77,-0.54,forced_close
CIPLA,camarilla,MIS,2026-06-09 15:00:00,2026-06-09 15:15:00,1376.6,1375.8000000000002,21,16.8,-13.85,0.07,target_hit
NAUKRI,camarilla,MIS,2026-06-09 15:00:00,2026-06-09 15:15:00,983.35,981.6,30,52.5,21.25,0.15,forced_close
NHPC,camarilla,MIS,2026-06-09 15:00:00,2026-06-09 15:15:00,74.06,74.0,405,-24.3,-56.09,-0.11,forced_close
POLYCAB,camarilla,MIS,2026-06-09 15:00:00,2026-06-09 15:15:00,9621.0,9603.5,3,-52.5,-83.07,-0.08,forced_close
UPL,camarilla,MIS,2026-06-09 15:00:00,2026-06-09 15:15:00,628.65,628.85,47,9.4,-21.94,0.03,forced_close
LAURUSLABS,camarilla,MIS,2026-06-09 15:05:00,2026-06-09 15:15:00,1425.5,1425.0,21,-10.5,-42.24,-0.04,forced_close
RELIANCE,camarilla,MIS,2026-06-09 15:05:00,2026-06-09 15:15:00,1270.1,1269.3,23,-18.4,-49.37,-0.07,forced_close
LTM,camarilla,MIS,2026-06-09 15:20:00,2026-06-09 15:25:00,4004.0,4007.1,7,21.7,-8.04,0.08,forced_close
AMBUJACEM,camarilla,MIS,2026-06-10 10:55:00,2026-06-10 11:00:00,413.5,413.1675,72,23.94,-7.62,0.08,target_hit
CHOLAFIN,camarilla,MIS,2026-06-10 10:55:00,2026-06-10 12:45:00,1513.3,1497.4857142857145,19,-300.47,-330.77,-0.63,trailing_stop
ICICIGI,camarilla,MIS,2026-06-10 10:55:00,2026-06-10 13:40:00,1757.5,1742.5,17,255.0,223.48,0.61,target_hit
PFC,camarilla,MIS,2026-06-10 10:55:00,2026-06-10 12:30:00,439.9,436.66785714285714,68,-219.79,-251.37,-0.55,trailing_stop
COALINDIA,camarilla,MIS,2026-06-10 11:00:00,2026-06-10 12:00:00,463.85,461.86749999999995,64,126.88,95.48,0.7,target_hit
CONCOR,camarilla,MIS,2026-06-10 11:00:00,2026-06-10 12:45:00,450.2,447.89,66,152.46,121.05,0.45,target_hit
JUBLFOOD,camarilla,MIS,2026-06-10 11:00:00,2026-06-10 14:20:00,426.35,429.70250000000004,70,234.68,202.88,0.49,target_hit
M&MFIN,camarilla,MIS,2026-06-10 11:00:00,2026-06-10 11:15:00,277.15,276.495,108,70.74,39.04,0.24,target_hit
ULTRACEMCO,camarilla,MIS,2026-06-10 11:00:00,2026-06-10 12:05:00,10612,10694.07142857143,2,-164.14,-186.75,-0.87,trailing_stop
UNITDSPR,camarilla,MIS,2026-06-10 11:00:00,2026-06-10 11:05:00,1269.6,1270.0700000000002,23,10.81,-20.16,0.03,target_hit
HDFCAMC,camarilla,MIS,2026-06-10 11:05:00,2026-06-10 11:15:00,2470.0,2469.1450000000004,12,10.26,-21.17,0.02,target_hit
PAYTM,camarilla,MIS,2026-06-10 11:05:00,2026-06-10 11:10:00,1089.2,1094.605,27,145.93,114.66,0.26,target_hit
UPL,camarilla,MIS,2026-06-10 11:05:00,2026-06-10 11:10:00,632.55,633.1574999999999,47,28.55,-2.99,0.09,target_hit
BSE,camarilla,MIS,2026-06-10 11:10:00,2026-06-10 12:30:00,4022.1,3987.1428571428573,7,-244.7,-274.4,-0.59,trailing_stop
GODREJPROP,camarilla,MIS,2026-06-10 11:10:00,2026-06-10 11:15:00,1669.6,1666.7,17,49.3,19.23,0.15,target_hit
COCHINSHIP,camarilla,MIS,2026-06-10 11:15:00,2026-06-10 14:40:00,1425.9,1419.805,21,128.0,96.32,0.34,target_hit
INDIANB,camarilla,MIS,2026-06-10 11:15:00,2026-06-10 12:30:00,847.2,840.145,35,246.93,215.64,0.63,target_hit
INDUSINDBK,camarilla,MIS,2026-06-10 11:15:00,2026-06-10 12:10:00,909.3,905.2275,32,130.32,99.55,0.39,target_hit
MAZDOCK,camarilla,MIS,2026-06-10 11:15:00,2026-06-10 13:00:00,2420.0,2435.75,12,-189.0,-219.92,-0.62,trailing_stop
NYKAA,camarilla,MIS,2026-06-10 11:15:00,2026-06-10 14:40:00,264.5,262.54,113,221.48,189.93,0.75,target_hit
POWERGRID,camarilla,MIS,2026-06-10 11:15:00,2026-06-10 15:05:00,288.15,287.3928571428571,104,-78.74,-110.47,-0.35,trailing_stop
UNIONBANK,camarilla,MIS,2026-06-10 11:15:00,2026-06-10 12:40:00,163.25,162.53050000000002,183,131.67,100.07,0.29,target_hit
LUPIN,camarilla,MIS,2026-06-10 11:20:00,2026-06-10 11:25:00,2271.4,2277.455,13,78.71,47.35,0.33,target_hit
BIOCON,camarilla,MIS,2026-06-10 11:25:00,2026-06-10 11:50:00,418.5,420.475,71,140.23,108.63,0.48,target_hit
INDHOTEL,camarilla,MIS,2026-06-10 11:25:00,2026-06-10 11:30:00,673.05,673.1625,44,4.95,-26.46,0.01,target_hit
DRREDDY,camarilla,MIS,2026-06-10 11:30:00,2026-06-10 12:50:00,1278.5,1282.9099999999999,23,101.43,70.18,0.44,target_hit
HAL,camarilla,MIS,2026-06-10 11:30:00,2026-06-10 14:35:00,4290.8,4258.214285714286,6,-195.51,-222.69,-0.95,trailing_stop
HINDPETRO,camarilla,MIS,2026-06-10 11:35:00,2026-06-10 12:35:00,378.65,375.9225,79,215.47,183.89,0.72,target_hit
IRCTC,camarilla,MIS,2026-06-10 11:35:00,2026-06-10 12:30:00,515.7,515.375,58,18.85,-12.86,0.1,target_hit
RVNL,camarilla,MIS,2026-06-10 11:45:00,2026-06-10 12:00:00,231.58,231.05749999999998,129,67.4,35.77,0.28,target_hit
CUMMINSIND,camarilla,MIS,2026-06-10 11:50:00,2026-06-10 13:00:00,5668.0,5697.0,5,145.0,114.85,0.57,target_hit
LTM,camarilla,MIS,2026-06-10 11:50:00,2026-06-10 11:55:00,3975.2,3971.905,7,23.06,-6.43,0.1,target_hit
TATASTEEL,camarilla,MIS,2026-06-10 11:55:00,2026-06-10 12:25:00,201.71,201.167,148,80.36,48.76,0.24,target_hit
AUBANK,camarilla,MIS,2026-06-10 12:00:00,2026-06-10 12:25:00,971.75,966.7299999999999,30,150.6,119.78,0.63,target_hit
GRASIM,camarilla,MIS,2026-06-10 12:00:00,2026-06-10 12:05:00,3116.7,3118.435,9,15.62,-14.14,0.07,target_hit
KEI,camarilla,MIS,2026-06-10 12:00:00,2026-06-10 14:40:00,5225.5,5183.65,5,209.25,181.68,0.77,target_hit
NMDC,camarilla,MIS,2026-06-10 12:00:00,2026-06-10 12:35:00,89.37,89.1765,335,64.82,33.12,0.22,target_hit
SOLARINDS,camarilla,MIS,2026-06-10 12:00:00,2026-06-10 12:20:00,18141,18135.55,1,5.45,-13.78,0.04,target_hit
CGPOWER,camarilla,MIS,2026-06-10 12:05:00,2026-06-10 12:10:00,917.95,919.835,32,60.32,29.13,0.16,target_hit
SBILIFE,camarilla,MIS,2026-06-10 12:05:00,2026-06-10 12:20:00,1757.7,1754.03,17,62.39,30.74,0.34,target_hit
MCX,camarilla,MIS,2026-06-10 12:10:00,2026-06-10 13:10:00,2783.8,2758.965,10,248.35,218.99,0.8,target_hit
POLYCAB,camarilla,MIS,2026-06-10 12:10:00,2026-06-10 13:00:00,9531.0,9612.464285714286,3,-244.39,-274.87,-0.96,trailing_stop
TATAPOWER,camarilla,MIS,2026-06-10 12:10:00,2026-06-10 13:25:00,401.8,399.4142857142857,74,-176.54,-207.96,-0.6,trailing_stop
HAVELLS,camarilla,MIS,2026-06-10 12:15:00,2026-06-10 12:25:00,1158.0,1159.2450000000001,25,31.13,0.4,0.14,target_hit
LTF,camarilla,MIS,2026-06-10 12:15:00,2026-06-10 13:50:00,267.0,263.88214285714287,112,-349.2,-380.69,-1.2,trailing_stop
GLENMARK,camarilla,MIS,2026-06-10 12:20:00,2026-06-10 13:15:00,2179.9,2178.305,13,20.74,-9.3,0.04,target_hit
KPITTECH,camarilla,MIS,2026-06-10 12:20:00,2026-06-10 14:10:00,746.0,741.3275,40,186.9,155.38,0.82,target_hit
PRESTIGE,camarilla,MIS,2026-06-10 12:20:00,2026-06-10 13:20:00,1343.2,1339.315,22,85.47,54.19,0.37,target_hit
SBIN,camarilla,MIS,2026-06-10 12:20:00,2026-06-10 14:10:00,1011.45,1003.7785714285715,29,-222.47,-253.43,-1.18,trailing_stop
AUROPHARMA,camarilla,MIS,2026-06-10 12:25:00,2026-06-10 14:35:00,1463.9,1452.7214285714288,20,-223.57,-254.48,-0.91,trailing_stop
CANBK,camarilla,MIS,2026-06-10 12:25:00,2026-06-10 14:55:00,131.12,129.71,228,321.48,289.98,1.17,target_hit
IREDA,camarilla,MIS,2026-06-10 12:25:00,2026-06-10 14:40:00,121.57,120.7265,246,207.5,175.92,1.07,target_hit
LICHSGFIN,camarilla,MIS,2026-06-10 12:25:00,2026-06-10 13:30:00,547.65,545.0775,54,138.91,107.64,0.77,target_hit
ADANIPOWER,camarilla,MIS,2026-06-10 12:30:00,2026-06-10 14:10:00,223.94,222.90599999999998,133,137.52,106.03,0.56,target_hit
APLAPOLLO,camarilla,MIS,2026-06-10 12:30:00,2026-06-10 13:40:00,1783.1,1778.43,16,74.72,44.51,0.3,target_hit
ASIANPAINT,camarilla,MIS,2026-06-10 12:30:00,2026-06-10 13:25:00,2736.2,2739.725,10,35.25,6.21,0.23,target_hit
ONGC,camarilla,MIS,2026-06-10 12:30:00,2026-06-10 12:45:00,255.9,255.04,117,100.62,68.93,0.25,target_hit
IDFCFIRSTB,camarilla,MIS,2026-06-10 12:35:00,2026-06-10 15:15:00,72.96,72.96,411,-0.0,-31.8,-0.0,forced_close
ASTRAL,camarilla,MIS,2026-06-10 12:40:00,2026-06-10 12:55:00,1519.0,1515.33,19,69.73,39.17,0.39,target_hit
EXIDEIND,camarilla,MIS,2026-06-10 12:40:00,2026-06-10 13:50:00,389.95,389.54,76,31.16,-0.25,0.15,target_hit
JIOFIN,camarilla,MIS,2026-06-10 12:40:00,2026-06-10 14:10:00,231.89,231.504,129,49.79,18.1,0.28,target_hit
LAURUSLABS,camarilla,MIS,2026-06-10 12:40:00,2026-06-10 13:15:00,1409.0,1402.29,21,140.91,109.62,0.59,target_hit
LODHA,camarilla,MIS,2026-06-10 12:40:00,2026-06-10 14:35:00,875.35,869.86,34,186.66,155.22,0.67,target_hit
ADANIGREEN,camarilla,MIS,2026-06-10 12:45:00,2026-06-10 13:50:00,1506.3,1504.525,19,33.72,3.4,0.12,target_hit
360ONE,camarilla,MIS,2026-06-10 12:50:00,2026-06-10 13:35:00,1064.1,1060.3700000000001,28,104.44,72.91,0.2,target_hit
ABCAPITAL,camarilla,MIS,2026-06-10 12:50:00,2026-06-10 13:35:00,348.0,346.64750000000004,86,116.31,84.65,0.43,target_hit
GAIL,camarilla,MIS,2026-06-10 12:50:00,2026-06-10 13:00:00,168.8,169.559,177,134.34,102.57,0.55,target_hit
MOTHERSON,camarilla,MIS,2026-06-10 12:50:00,2026-06-10 15:15:00,142.36,141.915,210,93.45,61.81,0.4,target_hit
BAJFINANCE,camarilla,MIS,2026-06-10 13:00:00,2026-06-10 13:50:00,892.8,884.4749999999999,33,-274.73,-305.79,-1.13,trailing_stop
BHARATFORG,camarilla,MIS,2026-06-10 13:05:00,2026-06-10 13:10:00,1946.0,1953.56,15,113.4,82.37,0.16,target_hit
POLICYBZR,camarilla,MIS,2026-06-10 13:05:00,2026-06-10 13:10:00,1522.5,1522.82,19,6.08,-24.6,0.01,target_hit
FEDERALBNK,camarilla,MIS,2026-06-10 13:10:00,2026-06-10 15:15:00,312.05,311.7,96,33.6,1.85,0.1,forced_close
INFY,camarilla,MIS,2026-06-10 13:20:00,2026-06-10 15:15:00,1146.5,1145.7,26,20.8,-10.8,0.11,forced_close
BPCL,camarilla,MIS,2026-06-10 13:30:00,2026-06-10 14:45:00,287.75,286.40500000000003,104,139.88,108.23,0.49,target_hit
IDEA,camarilla,MIS,2026-06-10 13:30:00,2026-06-10 15:15:00,13.88,13.89,2161,-21.61,-53.43,-0.07,forced_close
BDL,camarilla,MIS,2026-06-10 13:35:00,2026-06-10 14:45:00,1209.4,1190.8285714285714,24,-445.71,-476.21,-0.98,trailing_stop
SUNPHARMA,camarilla,MIS,2026-06-10 13:35:00,2026-06-10 15:15:00,1787.9,1786.6,16,-20.8,-51.12,-0.1,forced_close
WAAREEENER,camarilla,MIS,2026-06-10 13:35:00,2026-06-10 14:45:00,3069.0,3036.692857142857,9,-290.76,-319.87,-0.93,trailing_stop
BAJAJFINSV,camarilla,MIS,2026-06-10 13:40:00,2026-06-10 14:15:00,1684.7,1680.0649999999998,17,78.8,48.47,0.31,target_hit
TVSMOTOR,camarilla,MIS,2026-06-10 13:40:00,2026-06-10 15:00:00,3375.4,3345.25,8,-241.2,-269.68,-1.47,trailing_stop
WIPRO,camarilla,MIS,2026-06-10 13:40:00,2026-06-10 14:40:00,180.45,179.6075,166,139.86,108.18,0.85,target_hit
TITAN,camarilla,MIS,2026-06-10 13:45:00,2026-06-10 15:15:00,4062.6,4039.4,7,162.4,132.35,0.74,forced_close
HDFCLIFE,camarilla,MIS,2026-06-10 13:50:00,2026-06-10 14:25:00,555.15,552.7625,54,128.92,97.22,0.56,target_hit
NTPC,camarilla,MIS,2026-06-10 13:50:00,2026-06-10 15:15:00,352.95,351.8,84,96.6,65.22,0.4,forced_close
PNB,camarilla,MIS,2026-06-10 13:50:00,2026-06-10 14:50:00,105.28,104.4215,284,243.81,212.26,0.96,target_hit
SUZLON,camarilla,MIS,2026-06-10 13:50:00,2026-06-10 14:35:00,54.82,54.724,547,52.51,20.75,0.2,target_hit
ALKEM,camarilla,MIS,2026-06-10 13:55:00,2026-06-10 14:35:00,5322.0,5306.825,5,75.88,47.7,0.43,target_hit
ETERNAL,camarilla,MIS,2026-06-10 13:55:00,2026-06-10 14:40:00,242.95,241.0025,123,239.54,208.01,0.92,target_hit
PREMIERENE,camarilla,MIS,2026-06-10 13:55:00,2026-06-10 14:40:00,1077.8,1073.0049999999999,27,129.47,98.69,0.45,target_hit
SIEMENS,camarilla,MIS,2026-06-10 13:55:00,2026-06-10 14:35:00,3592.1,3588.505,8,28.76,-1.7,0.11,target_hit
SWIGGY,camarilla,MIS,2026-06-10 14:00:00,2026-06-10 14:45:00,245.1,243.23999999999998,122,226.92,195.36,0.66,target_hit
DLF,camarilla,MIS,2026-06-10 14:10:00,2026-06-10 14:40:00,571.0,567.395,52,187.46,156.09,0.62,target_hit
MOTILALOFS,camarilla,MIS,2026-06-10 14:10:00,2026-06-10 15:10:00,850.45,840.8425,35,336.26,304.91,1.29,target_hit
MPHASIS,camarilla,MIS,2026-06-10 14:10:00,2026-06-10 14:45:00,2255.5,2247.5,13,104.0,72.97,0.4,target_hit
RADICO,camarilla,MIS,2026-06-10 14:10:00,2026-06-10 15:15:00,3471.1,3475.1,8,-32.0,-61.47,-0.19,forced_close
TMPV,camarilla,MIS,2026-06-10 14:10:00,2026-06-10 14:15:00,383.1,383.0425,78,4.49,-27.2,0.02,target_hit
HUDCO,camarilla,MIS,2026-06-10 14:20:00,2026-06-10 14:25:00,205.86,205.85049999999998,145,1.38,-30.28,0.0,target_hit
IOC,camarilla,MIS,2026-06-10 14:25:00,2026-06-10 14:45:00,137.52,136.9805,218,117.61,85.89,0.45,target_hit
ADANIENT,camarilla,MIS,2026-06-10 14:35:00,2026-06-10 14:45:00,2952.0,2945.36,10,66.4,35.14,0.2,target_hit
BAJAJHLDNG,camarilla,MIS,2026-06-10 14:35:00,2026-06-10 15:05:00,10120,10027.5,2,185.0,163.65,1.06,target_hit
IRFC,camarilla,MIS,2026-06-10 14:35:00,2026-06-10 14:40:00,95.45,95.35000000000001,314,31.4,-0.36,0.13,target_hit
ASHOKLEY,camarilla,MIS,2026-06-10 14:40:00,2026-06-10 15:05:00,142.71,141.95200000000003,210,159.18,127.5,0.55,target_hit
BANKINDIA,camarilla,MIS,2026-06-10 14:40:00,2026-06-10 15:15:00,145.41,144.51,206,185.4,153.75,0.49,forced_close
HCLTECH,camarilla,MIS,2026-06-10 14:40:00,2026-06-10 14:55:00,1135.8,1133.87,26,50.18,18.9,0.25,target_hit
OFSS,camarilla,MIS,2026-06-10 14:40:00,2026-06-10 15:15:00,9515.5,9468.5,3,141.0,110.82,0.66,forced_close
PATANJALI,camarilla,MIS,2026-06-10 14:40:00,2026-06-10 15:05:00,420.45,419.13500000000005,71,93.36,61.77,0.43,target_hit
PERSISTENT,camarilla,MIS,2026-06-10 14:40:00,2026-06-10 15:15:00,4963.5,4934.0,6,177.0,145.53,0.59,forced_close
PIIND,camarilla,MIS,2026-06-10 14:40:00,2026-06-10 15:15:00,2808.0,2807.6,10,4.0,-25.77,0.01,forced_close
BEL,camarilla,MIS,2026-06-10 14:45:00,2026-06-10 15:10:00,409.95,408.2,73,127.75,96.1,0.6,target_hit
GMRAIRPORT,camarilla,MIS,2026-06-10 14:45:00,2026-06-10 14:55:00,101.37,101.2625,295,31.71,0.02,0.11,target_hit
VBL,camarilla,MIS,2026-06-10 14:45:00,2026-06-10 15:10:00,527.5,525.6800000000001,56,101.92,70.66,0.32,target_hit
BHARTIARTL,camarilla,MIS,2026-06-10 15:00:00,2026-06-10 15:10:00,1778.0,1772.71,16,84.64,54.53,0.4,target_hit
GVT&D,camarilla,MIS,2026-06-10 15:00:00,2026-06-10 15:15:00,4879.0,4861.0,6,108.0,77.03,0.37,forced_close
VOLTAS,camarilla,MIS,2026-06-10 15:00:00,2026-06-10 15:10:00,1294.3,1286.14,23,187.68,156.23,0.52,target_hit
DIVISLAB,camarilla,MIS,2026-06-10 15:05:00,2026-06-10 15:15:00,6649.0,6612.75,4,145.0,116.89,0.55,target_hit
DIXON,camarilla,MIS,2026-06-10 15:05:00,2026-06-10 15:10:00,11508,11469.65,2,76.7,52.34,0.29,target_hit
RECLTD,camarilla,MIS,2026-06-10 15:05:00,2026-06-10 15:15:00,349.1,348.5,85,51.0,19.57,0.18,forced_close
RELIANCE,camarilla,MIS,2026-06-10 15:05:00,2026-06-10 15:10:00,1261.0,1260.015,23,22.65,-8.09,0.08,target_hit
SBICARD,camarilla,MIS,2026-06-10 15:05:00,2026-06-10 15:15:00,581.2,579.4225,51,90.65,59.28,0.3,target_hit
BANKBARODA,camarilla,MIS,2026-06-10 15:10:00,2026-06-10 15:15:00,268.6,269.3,111,-77.7,-109.37,-0.19,forced_close
GODFRYPHLP,camarilla,MIS,2026-06-10 15:10:00,2026-06-10 15:15:00,2236.1,2228.6,13,97.5,66.74,0.29,forced_close
INDUSTOWER,camarilla,MIS,2026-06-10 15:10:00,2026-06-10 15:15:00,413.2,412.5,72,50.4,18.88,0.18,forced_close
SUPREMEIND,camarilla,MIS,2026-06-10 15:10:00,2026-06-10 15:15:00,3478.9,3483.9,8,-40.0,-69.54,-0.16,forced_close
TIINDIA,camarilla,MIS,2026-06-10 15:10:00,2026-06-10 15:15:00,3053.0,3045.0,9,72.0,42.91,0.22,target_hit
ZYDUSLIFE,camarilla,MIS,2026-06-10 15:10:00,2026-06-10 15:15:00,1096.8,1098.7,27,-51.3,-82.74,-0.18,forced_close
NATIONALUM,camarilla,MIS,2026-06-10 15:15:00,2026-06-10 15:20:00,375.8,376.0,79,-15.8,-47.29,-0.05,forced_close
COFORGE,camarilla,MIS,2026-06-10 15:20:00,2026-06-10 15:25:00,1398.6,1400.8,21,-46.2,-77.38,-0.13,forced_close
DMART,camarilla,MIS,2026-06-10 15:20:00,2026-06-10 15:25:00,4049.9,4048.0,7,13.3,-16.75,0.04,target_hit
TRENT,camarilla,MIS,2026-06-10 15:20:00,2026-06-10 15:25:00,2750.8,2747.0,10,38.0,8.85,0.1,forced_close
JSWENERGY,camarilla,MIS,2026-06-10 15:25:00,2026-06-10 15:25:00,565.75,565.75,53,-0.0,-31.8,-0.0,eod_data_end
ADANIPORTS,camarilla,MIS,2026-06-11 10:55:00,2026-06-11 11:00:00,1799.5,1796.1200000000001,16,54.08,23.58,0.17,target_hit
APLAPOLLO,camarilla,MIS,2026-06-11 10:55:00,2026-06-11 12:45:00,1748.8,1764.9857142857143,17,-275.16,-306.86,-0.74,trailing_stop
COCHINSHIP,camarilla,MIS,2026-06-11 10:55:00,2026-06-11 12:40:00,1380.7,1377.1950000000002,21,73.6,42.9,0.16,target_hit
POLYCAB,camarilla,MIS,2026-06-11 10:55:00,2026-06-11 13:25:00,9461.5,9410.2,3,153.9,123.9,0.53,target_hit
360ONE,camarilla,MIS,2026-06-11 11:00:00,2026-06-11 11:05:00,1036.0,1034.4,28,44.8,14.07,0.11,target_hit
ADANIENSOL,camarilla,MIS,2026-06-11 11:00:00,2026-06-11 12:05:00,1511.6,1502.985,19,163.69,133.33,0.31,target_hit
BAJAJFINSV,camarilla,MIS,2026-06-11 11:00:00,2026-06-11 14:45:00,1650.3,1642.4750000000001,18,140.85,109.44,0.47,target_hit
BHARTIARTL,camarilla,MIS,2026-06-11 11:00:00,2026-06-11 13:00:00,1788.7,1795.385,16,106.96,76.54,0.49,target_hit
BHEL,camarilla,MIS,2026-06-11 11:00:00,2026-06-11 12:30:00,369.15,373.45714285714286,81,-348.88,-380.81,-0.59,trailing_stop
CHOLAFIN,camarilla,MIS,2026-06-11 11:00:00,2026-06-11 15:15:00,1456.3,1456.3,20,-0.0,-30.89,-0.0,forced_close
DIVISLAB,camarilla,MIS,2026-06-11 11:00:00,2026-06-11 13:40:00,6710.0,6654.642857142857,4,-221.43,-249.75,-0.95,trailing_stop
GODFRYPHLP,camarilla,MIS,2026-06-11 11:00:00,2026-06-11 13:20:00,2214.3,2202.7549999999997,13,150.09,119.66,0.4,target_hit
GODREJCP,camarilla,MIS,2026-06-11 11:00:00,2026-06-11 13:20:00,1017.3,1011.43,29,170.23,139.05,0.65,target_hit
HDFCAMC,camarilla,MIS,2026-06-11 11:00:00,2026-06-11 13:10:00,2418.9,2407.045,12,142.26,111.57,0.32,target_hit
PHOENIXLTD,camarilla,MIS,2026-06-11 11:00:00,2026-06-11 15:00:00,1745.2,1729.73,17,262.99,231.7,0.75,target_hit
SIEMENS,camarilla,MIS,2026-06-11 11:00:00,2026-06-11 11:05:00,3542.5,3538.37,8,33.04,3.01,0.09,target_hit
GRASIM,camarilla,MIS,2026-06-11 11:05:00,2026-06-11 11:55:00,3091.7,3107.7749999999996,9,144.67,115.07,0.52,target_hit
TATAPOWER,camarilla,MIS,2026-06-11 11:05:00,2026-06-11 11:10:00,390.0,389.47,76,40.28,8.87,0.12,target_hit
ABB,camarilla,MIS,2026-06-11 11:10:00,2026-06-11 11:35:00,6724.5,6700.625,4,95.5,67.04,0.34,target_hit
COROMANDEL,camarilla,MIS,2026-06-11 11:10:00,2026-06-11 13:30:00,1855.8,1871.3500000000001,16,-248.8,-280.45,-0.91,trailing_stop
CUMMINSIND,camarilla,MIS,2026-06-11 11:10:00,2026-06-11 11:15:00,5669.0,5685.95,5,84.75,54.64,0.22,target_hit
JINDALSTEL,camarilla,MIS,2026-06-11 11:15:00,2026-06-11 11:45:00,1132.3,1137.215,26,127.79,96.49,0.39,target_hit
MCX,camarilla,MIS,2026-06-11 11:15:00,2026-06-11 15:15:00,2787.8,2776.5,10,-113.0,-142.49,-0.27,forced_close
MOTHERSON,camarilla,MIS,2026-06-11 11:15:00,2026-06-11 11:30:00,140.18,140.12,214,12.84,-18.96,0.03,target_hit
ABCAPITAL,camarilla,MIS,2026-06-11 11:20:00,2026-06-11 12:50:00,336.45,335.9625,89,43.39,11.66,0.09,target_hit
POWERGRID,camarilla,MIS,2026-06-11 11:20:00,2026-06-11 12:50:00,289.25,287.3392857142857,103,-196.8,-228.27,-0.81,trailing_stop
INDUSTOWER,camarilla,MIS,2026-06-11 11:25:00,2026-06-11 11:30:00,417.6,418.18249999999995,71,41.36,9.89,0.11,target_hit
GVT&D,camarilla,MIS,2026-06-11 11:30:00,2026-06-11 12:50:00,4800.5,4753.8,6,280.2,249.84,0.6,target_hit
KOTAKBANK,camarilla,MIS,2026-06-11 11:30:00,2026-06-11 11:50:00,391.7,393.985,76,173.66,141.98,0.53,target_hit
MARUTI,camarilla,MIS,2026-06-11 11:30:00,2026-06-11 12:05:00,13152,13158.25,2,12.5,-15.4,0.04,target_hit
PATANJALI,camarilla,MIS,2026-06-11 11:30:00,2026-06-11 13:10:00,414.05,419.05357142857144,72,-360.26,-392.1,-0.86,trailing_stop
BEL,camarilla,MIS,2026-06-11 11:35:00,2026-06-11 11:50:00,404.15,403.86750000000006,74,20.9,-10.8,0.09,target_hit
GAIL,camarilla,MIS,2026-06-11 11:35:00,2026-06-11 12:05:00,166.32,166.05749999999998,180,47.25,15.53,0.1,target_hit
BIOCON,camarilla,MIS,2026-06-11 11:40:00,2026-06-11 14:25:00,417.1,419.4125,71,164.19,132.68,0.47,target_hit
JSWSTEEL,camarilla,MIS,2026-06-11 11:45:00,2026-06-11 13:00:00,1282.9,1291.5249999999999,23,198.37,166.96,0.6,target_hit
KEI,camarilla,MIS,2026-06-11 11:45:00,2026-06-11 12:45:00,5235.0,5174.285714285715,5,-303.57,-331.13,-0.86,trailing_stop
UNIONBANK,camarilla,MIS,2026-06-11 11:55:00,2026-06-11 12:10:00,159.71,159.15550000000002,187,103.69,72.09,0.29,target_hit
UPL,camarilla,MIS,2026-06-11 11:55:00,2026-06-11 13:40:00,598.8,594.4174999999999,50,219.13,187.52,0.58,target_hit
GMRAIRPORT,camarilla,MIS,2026-06-11 12:00:00,2026-06-11 15:15:00,99.82,100.11,300,-87.0,-118.81,-0.22,forced_close
KPITTECH,camarilla,MIS,2026-06-11 12:00:00,2026-06-11 13:10:00,741.4,731.7464285714284,40,-386.14,-417.34,-0.7,trailing_stop
CONCOR,camarilla,MIS,2026-06-11 12:05:00,2026-06-11 13:20:00,439.85,439.23,68,42.16,10.47,0.13,target_hit
GODREJPROP,camarilla,MIS,2026-06-11 12:05:00,2026-06-11 13:05:00,1623.6,1611.305,18,221.31,190.46,0.69,target_hit
HDFCBANK,camarilla,MIS,2026-06-11 12:05:00,2026-06-11 13:20:00,752.25,748.8214285714286,39,-133.71,-164.74,-0.41,trailing_stop
ADANIPOWER,camarilla,MIS,2026-06-11 12:10:00,2026-06-11 13:20:00,217.95,216.5925,137,185.98,154.43,0.33,target_hit
INDIGO,camarilla,MIS,2026-06-11 12:10:00,2026-06-11 15:15:00,4495.9,4504.8,6,-53.4,-82.04,-0.2,forced_close
RVNL,camarilla,MIS,2026-06-11 12:10:00,2026-06-11 12:25:00,224.05,223.748,133,40.17,8.59,0.15,target_hit
SUPREMEIND,camarilla,MIS,2026-06-11 12:10:00,2026-06-11 12:45:00,3460.6,3453.52,8,56.64,27.32,0.23,target_hit
AUROPHARMA,camarilla,MIS,2026-06-11 12:15:00,2026-06-11 12:25:00,1469.2,1470.815,20,32.3,1.12,0.17,target_hit
RELIANCE,camarilla,MIS,2026-06-11 12:15:00,2026-06-11 13:40:00,1273.2,1266.0357142857142,23,-164.78,-195.73,-0.79,trailing_stop
SAIL,camarilla,MIS,2026-06-11 12:15:00,2026-06-11 15:15:00,179.84,181.3764285714286,166,-255.05,-286.87,-0.61,trailing_stop
SUNPHARMA,camarilla,MIS,2026-06-11 12:15:00,2026-06-11 12:25:00,1795.7,1801.03,16,85.28,54.76,0.6,target_hit
AXISBANK,camarilla,MIS,2026-06-11 12:20:00,2026-06-11 12:40:00,1332.7,1338.15,22,119.9,88.73,0.5,target_hit
BAJAJHLDNG,camarilla,MIS,2026-06-11 12:20:00,2026-06-11 14:45:00,9932,9865.05,3,200.85,169.38,0.88,target_hit
PAYTM,camarilla,MIS,2026-06-11 12:20:00,2026-06-11 12:25:00,1034.8,1033.465,28,37.38,6.68,0.1,target_hit
CIPLA,camarilla,MIS,2026-06-11 12:30:00,2026-06-11 12:35:00,1386.8,1388.1650000000002,21,28.67,-2.24,0.11,target_hit
LAURUSLABS,camarilla,MIS,2026-06-11 12:30:00,2026-06-11 15:15:00,1399.8,1391.3,21,-178.5,-209.56,-0.62,forced_close
MARICO,camarilla,MIS,2026-06-11 12:30:00,2026-06-11 15:15:00,813.3,811.45,36,66.6,35.59,0.17,forced_close
PREMIERENE,camarilla,MIS,2026-06-11 12:30:00,2026-06-11 13:40:00,1075.2,1060.928571428571,27,-385.33,-415.87,-0.98,trailing_stop
SBIN,camarilla,MIS,2026-06-11 12:30:00,2026-06-11 15:15:00,1008.15,1000.65,29,-217.5,-248.36,-0.95,forced_close
BAJAJ-AUTO,camarilla,MIS,2026-06-11 12:35:00,2026-06-11 13:35:00,10215.0,10092.142857142857,2,-245.71,-267.22,-1.34,trailing_stop
BDL,camarilla,MIS,2026-06-11 12:35:00,2026-06-11 12:45:00,1171.0,1164.935,25,151.63,120.68,0.51,target_hit
SUZLON,camarilla,MIS,2026-06-11 12:35:00,2026-06-11 15:00:00,53.56,53.178,560,213.92,182.25,0.79,target_hit
BANKINDIA,camarilla,MIS,2026-06-11 12:40:00,2026-06-11 12:45:00,142.34,142.08800000000002,210,52.92,21.26,0.15,target_hit
HAL,camarilla,MIS,2026-06-11 12:40:00,2026-06-11 15:15:00,4172.6,4171.4,7,8.4,-22.57,0.04,forced_close
PIIND,camarilla,MIS,2026-06-11 12:40:00,2026-06-11 12:50:00,2777.1,2802.6,10,-255.0,-284.61,-1.3,trailing_stop
RADICO,camarilla,MIS,2026-06-11 12:40:00,2026-06-11 12:45:00,3454.7,3453.7799999999997,8,7.36,-21.94,0.03,target_hit
AUBANK,camarilla,MIS,2026-06-11 12:45:00,2026-06-11 14:40:00,969.45,961.425,30,-240.75,-271.44,-0.57,trailing_stop
DABUR,camarilla,MIS,2026-06-11 12:45:00,2026-06-11 14:50:00,424.3,421.2725,70,211.93,180.56,0.94,target_hit
INDUSINDBK,camarilla,MIS,2026-06-11 12:45:00,2026-06-11 15:15:00,896.0,889.5,33,-214.5,-245.72,-0.63,forced_close
JIOFIN,camarilla,MIS,2026-06-11 12:45:00,2026-06-11 15:15:00,227.95,228.07,131,-15.72,-47.4,-0.06,forced_close
TATAELXSI,camarilla,MIS,2026-06-11 12:45:00,2026-06-11 12:50:00,4015.6,4015.42,7,1.26,-28.55,0.0,target_hit
JSWENERGY,camarilla,MIS,2026-06-11 12:50:00,2026-06-11 13:15:00,553.95,550.3925,54,192.11,160.51,0.52,target_hit
NYKAA,camarilla,MIS,2026-06-11 12:50:00,2026-06-11 15:15:00,260.15,260.15,115,-0.0,-31.73,-0.0,forced_close
ULTRACEMCO,camarilla,MIS,2026-06-11 12:50:00,2026-06-11 15:00:00,10692,10605.07142857143,2,-173.86,-196.42,-0.95,trailing_stop
BLUESTARCO,camarilla,MIS,2026-06-11 12:55:00,2026-06-11 13:20:00,1562.0,1556.455,19,105.36,73.95,0.37,target_hit
INDHOTEL,camarilla,MIS,2026-06-11 13:00:00,2026-06-11 15:00:00,658.9,655.895,45,135.22,103.87,0.49,target_hit
KALYANKJIL,camarilla,MIS,2026-06-11 13:00:00,2026-06-11 15:15:00,332.65,331.35,90,117.0,85.33,0.26,forced_close
SOLARINDS,camarilla,MIS,2026-06-11 13:00:00,2026-06-11 13:35:00,17456,17265.8,1,190.2,171.81,0.71,target_hit
TVSMOTOR,camarilla,MIS,2026-06-11 13:00:00,2026-06-11 13:05:00,3306.9,3302.8900000000003,9,36.09,4.55,0.09,target_hit
DMART,camarilla,MIS,2026-06-11 13:05:00,2026-06-11 15:15:00,3993.2,3986.1,7,49.7,20.09,0.23,forced_close
IRFC,camarilla,MIS,2026-06-11 13:05:00,2026-06-11 15:15:00,93.4,93.45,321,-16.05,-47.85,-0.06,forced_close
AMBUJACEM,camarilla,MIS,2026-06-11 13:10:00,2026-06-11 15:15:00,406.85,405.75,73,80.3,48.86,0.34,forced_close
CANBK,camarilla,MIS,2026-06-11 13:10:00,2026-06-11 13:20:00,126.62,126.461,236,37.52,5.86,0.12,target_hit
PRESTIGE,camarilla,MIS,2026-06-11 13:10:00,2026-06-11 14:50:00,1314.1,1328.392857142857,22,-314.44,-345.3,-1.05,trailing_stop
YESBANK,camarilla,MIS,2026-06-11 13:10:00,2026-06-11 15:15:00,22.28,22.24,1346,53.84,22.07,0.18,forced_close
BSE,camarilla,MIS,2026-06-11 13:15:00,2026-06-11 13:20:00,3872.7,3865.755,7,48.61,19.9,0.12,target_hit
FEDERALBNK,camarilla,MIS,2026-06-11 13:20:00,2026-06-11 13:35:00,308.5,307.33250000000004,97,113.25,81.59,0.39,target_hit
LICHSGFIN,camarilla,MIS,2026-06-11 13:20:00,2026-06-11 15:15:00,535.85,536.1,55,-13.75,-45.01,-0.05,forced_close
NHPC,camarilla,MIS,2026-06-11 13:20:00,2026-06-11 15:15:00,71.92,72.27,417,-145.95,-177.85,-0.52,forced_close
PNB,camarilla,MIS,2026-06-11 13:20:00,2026-06-11 13:25:00,102.32,102.2315,293,25.93,-5.84,0.09,target_hit
VOLTAS,camarilla,MIS,2026-06-11 13:20:00,2026-06-11 15:15:00,1279.5,1279.0,23,11.5,-19.7,0.03,forced_close
VBL,camarilla,MIS,2026-06-11 13:25:00,2026-06-11 15:15:00,522.2,519.95,57,128.25,96.77,0.46,forced_close
IDFCFIRSTB,camarilla,MIS,2026-06-11 13:35:00,2026-06-11 15:15:00,72.4,73.05571428571426,414,-271.47,-303.43,-0.86,trailing_stop
SBILIFE,camarilla,MIS,2026-06-11 13:35:00,2026-06-11 15:15:00,1712.9,1718.1,17,-88.4,-119.34,-0.23,forced_close
HINDALCO,camarilla,MIS,2026-06-11 13:40:00,2026-06-11 15:15:00,1027.8,1024.1,29,107.3,75.76,0.34,forced_close
LTF,camarilla,MIS,2026-06-11 14:00:00,2026-06-11 15:15:00,257.7,257.2,116,58.0,26.34,0.21,forced_close
ZYDUSLIFE,camarilla,MIS,2026-06-11 14:05:00,2026-06-11 15:15:00,1105.8,1105.8,27,0.0,-31.66,0.0,forced_close
TIINDIA,camarilla,MIS,2026-06-11 14:10:00,2026-06-11 14:40:00,3015.7,3004.0,9,105.3,76.59,0.38,target_hit
COALINDIA,camarilla,MIS,2026-06-11 14:15:00,2026-06-11 15:15:00,445.95,446.2,67,-16.75,-48.45,-0.08,forced_close
BRITANNIA,camarilla,MIS,2026-06-11 14:20:00,2026-06-11 15:10:00,5120.5,5100.325,5,100.88,73.79,0.53,target_hit
ADANIGREEN,camarilla,MIS,2026-06-11 14:30:00,2026-06-11 15:15:00,1465.6,1454.0,20,232.0,201.06,0.52,forced_close
COLPAL,camarilla,MIS,2026-06-11 14:30:00,2026-06-11 15:15:00,2028.9,2030.0,14,-15.4,-45.53,-0.05,forced_close
SHRIRAMFIN,camarilla,MIS,2026-06-11 14:30:00,2026-06-11 14:35:00,887.2,886.0475,33,38.03,7.01,0.12,target_hit
DIXON,camarilla,MIS,2026-06-11 14:40:00,2026-06-11 15:15:00,11334,11422,2,-176,-200.15,-0.63,forced_close
ETERNAL,camarilla,MIS,2026-06-11 14:40:00,2026-06-11 15:00:00,236.2,235.4,127,101.6,69.85,0.25,target_hit
MOTILALOFS,camarilla,MIS,2026-06-11 14:45:00,2026-06-11 15:15:00,832.25,832.0,36,9.0,-22.77,0.02,forced_close
NATIONALUM,camarilla,MIS,2026-06-11 14:45:00,2026-06-11 15:00:00,371.1,369.66,80,115.2,83.79,0.37,target_hit
NESTLEIND,camarilla,MIS,2026-06-11 14:45:00,2026-06-11 15:15:00,1424.5,1421.9,21,54.6,22.91,0.29,forced_close
WIPRO,camarilla,MIS,2026-06-11 14:45:00,2026-06-11 15:15:00,177.1,177.65,169,-92.95,-124.75,-0.39,forced_close
ATGL,camarilla,MIS,2026-06-11 14:50:00,2026-06-11 15:15:00,717.55,716.5,41,43.05,11.88,0.09,forced_close
HINDUNILVR,camarilla,MIS,2026-06-11 14:50:00,2026-06-11 15:15:00,2144.4,2141.6,13,36.4,6.86,0.2,forced_close
ADANIENT,camarilla,MIS,2026-06-11 15:00:00,2026-06-11 15:15:00,2905.2,2912.0,10,-68.0,-98.85,-0.16,forced_close
CGPOWER,camarilla,MIS,2026-06-11 15:00:00,2026-06-11 15:15:00,900.75,901.45,33,-23.1,-54.64,-0.07,forced_close
ICICIGI,camarilla,MIS,2026-06-11 15:00:00,2026-06-11 15:15:00,1712.2,1713.0,17,-13.6,-44.48,-0.04,forced_close
TRENT,camarilla,MIS,2026-06-11 15:00:00,2026-06-11 15:15:00,2706.1,2712.2,11,-67.1,-98.71,-0.18,forced_close
OBEROIRLTY,camarilla,MIS,2026-06-11 15:05:00,2026-06-11 15:15:00,1576.7,1583.7,19,-133.0,-164.85,-0.36,forced_close
TATASTEEL,camarilla,MIS,2026-06-11 15:05:00,2026-06-11 15:15:00,197.78,198.02,151,-36.24,-67.93,-0.13,forced_close
DRREDDY,camarilla,MIS,2026-06-11 15:10:00,2026-06-11 15:15:00,1278.1,1277.1,23,-23.0,-54.16,-0.1,forced_close
COALINDIA,camarilla,MIS,2026-06-12 10:55:00,2026-06-12 11:00:00,442.95,442.3775,67,38.36,6.91,0.13,target_hit
PATANJALI,camarilla,MIS,2026-06-12 10:55:00,2026-06-12 11:05:00,424.0,424.46250000000003,70,32.38,0.88,0.13,target_hit
UNITDSPR,camarilla,MIS,2026-06-12 10:55:00,2026-06-12 11:05:00,1268.6,1270.5049999999999,23,43.81,12.85,0.19,target_hit
HYUNDAI,camarilla,MIS,2026-06-12 11:00:00,2026-06-12 11:05:00,1988.0,1988.5,15,7.5,-24.13,0.02,target_hit
TORNTPHARM,camarilla,MIS,2026-06-12 11:00:00,2026-06-12 11:50:00,4660.0,4616.071428571429,6,-263.57,-293.05,-0.98,trailing_stop
BRITANNIA,camarilla,MIS,2026-06-12 11:05:00,2026-06-12 13:20:00,5155.0,5123.678571428572,5,-156.61,-183.84,-0.9,trailing_stop
DABUR,camarilla,MIS,2026-06-12 11:05:00,2026-06-12 12:25:00,425.4,421.8071428571429,70,-251.5,-282.92,-0.78,trailing_stop
KPITTECH,camarilla,MIS,2026-06-12 11:05:00,2026-06-12 12:35:00,745.0,739.4499999999999,40,-222.0,-253.46,-0.61,trailing_stop
MPHASIS,camarilla,MIS,2026-06-12 11:05:00,2026-06-12 12:30:00,2234.3,2214.35,13,-259.35,-289.99,-0.68,trailing_stop
PAYTM,camarilla,MIS,2026-06-12 11:05:00,2026-06-12 12:55:00,1039.3,1032.7571428571428,28,-183.2,-213.94,-0.64,trailing_stop
SRF,camarilla,MIS,2026-06-12 11:05:00,2026-06-12 11:10:00,2700.8,2704.6,11,41.8,10.27,0.21,target_hit
SUNPHARMA,camarilla,MIS,2026-06-12 11:05:00,2026-06-12 11:15:00,1807.1,1808.665,16,25.04,-5.64,0.12,target_hit
TECHM,camarilla,MIS,2026-06-12 11:05:00,2026-06-12 12:05:00,1411.4,1404.2949999999998,21,149.21,117.87,0.37,target_hit
ABB,camarilla,MIS,2026-06-12 11:10:00,2026-06-12 11:15:00,6805.5,6808.375,4,11.5,-17.37,0.03,target_hit
NESTLEIND,camarilla,MIS,2026-06-12 11:10:00,2026-06-12 11:20:00,1411.5,1408.695,21,58.91,27.51,0.22,target_hit
BIOCON,camarilla,MIS,2026-06-12 11:15:00,2026-06-12 11:30:00,418.65,420.1575,71,107.03,75.44,0.34,target_hit
HUDCO,camarilla,MIS,2026-06-12 11:15:00,2026-06-12 11:20:00,205.57,207.3505,145,258.17,226.4,0.71,target_hit
KOTAKBANK,camarilla,MIS,2026-06-12 11:15:00,2026-06-12 13:45:00,397.65,401.7925,75,310.69,278.86,0.9,target_hit
MAXHEALTH,camarilla,MIS,2026-06-12 11:15:00,2026-06-12 15:15:00,1014.4,1014.0,29,-11.6,-42.79,-0.04,forced_close
POWERGRID,camarilla,MIS,2026-06-12 11:15:00,2026-06-12 11:20:00,284.4,284.2025,105,20.74,-10.92,0.07,target_hit
AXISBANK,camarilla,MIS,2026-06-12 11:20:00,2026-06-12 12:20:00,1330.4,1335.01,22,101.42,70.32,0.37,target_hit
INDUSINDBK,camarilla,MIS,2026-06-12 11:20:00,2026-06-12 11:45:00,896.4,897.6675,33,41.83,10.43,0.14,target_hit
JSWSTEEL,camarilla,MIS,2026-06-12 11:20:00,2026-06-12 15:05:00,1296.3,1300.12,23,87.86,56.19,0.33,target_hit
TATASTEEL,camarilla,MIS,2026-06-12 11:20:00,2026-06-12 12:40:00,197.05,196.145,152,137.56,105.89,0.44,target_hit
NTPC,camarilla,MIS,2026-06-12 11:25:00,2026-06-12 13:25:00,350.35,352.9321428571428,85,-219.48,-251.2,-0.7,trailing_stop
TATACONSUM,camarilla,MIS,2026-06-12 11:30:00,2026-06-12 11:55:00,1104.1,1100.8999999999999,27,86.4,54.84,0.34,target_hit
BHARATFORG,camarilla,MIS,2026-06-12 11:35:00,2026-06-12 12:45:00,1930.4,1922.99,15,111.15,80.51,0.32,target_hit
MARICO,camarilla,MIS,2026-06-12 11:35:00,2026-06-12 13:35:00,815.9,819.4625,36,128.25,97.02,0.54,target_hit
PREMIERENE,camarilla,MIS,2026-06-12 11:40:00,2026-06-12 14:10:00,1048.8,1041.6100000000001,28,201.32,170.31,0.44,target_hit
GAIL,camarilla,MIS,2026-06-12 11:50:00,2026-06-12 13:35:00,167.38,167.67950000000002,179,53.61,21.8,0.24,target_hit
PFC,camarilla,MIS,2026-06-12 11:50:00,2026-06-12 13:00:00,418.45,415.3285714285714,71,-221.62,-252.99,-0.67,trailing_stop
HAL,camarilla,MIS,2026-06-12 11:55:00,2026-06-12 12:00:00,4203.0,4207.17,7,29.19,-2.03,0.12,target_hit
HDFCAMC,camarilla,MIS,2026-06-12 11:55:00,2026-06-12 13:45:00,2410.0,2425.9900000000002,12,191.88,161.09,0.47,target_hit
MANKIND,camarilla,MIS,2026-06-12 11:55:00,2026-06-12 12:00:00,2404.8,2404.875,12,0.9,-29.7,0.0,target_hit
LUPIN,camarilla,MIS,2026-06-12 12:00:00,2026-06-12 15:00:00,2286.3,2295.1900000000005,13,115.57,83.98,0.37,target_hit
CIPLA,camarilla,MIS,2026-06-12 12:10:00,2026-06-12 12:15:00,1392.3,1392.705,21,8.5,-22.51,0.04,target_hit
COFORGE,camarilla,MIS,2026-06-12 12:35:00,2026-06-12 14:25:00,1374.8,1364.6499999999999,21,213.15,182.67,0.54,target_hit
COROMANDEL,camarilla,MIS,2026-06-12 12:35:00,2026-06-12 14:10:00,1884.8,1892.495,15,115.42,85.37,0.32,target_hit
SBILIFE,camarilla,MIS,2026-06-12 12:40:00,2026-06-12 15:15:00,1707.4,1706.0,17,23.8,-6.97,0.12,forced_close
PHOENIXLTD,camarilla,MIS,2026-06-12 12:45:00,2026-06-12 14:25:00,1722.0,1753.1642857142858,17,-529.79,-561.18,-1.32,trailing_stop
APOLLOHOSP,camarilla,MIS,2026-06-12 12:50:00,2026-06-12 13:45:00,8443.5,8526.357142857143,3,-248.57,-275.59,-1.46,trailing_stop
HCLTECH,camarilla,MIS,2026-06-12 12:50:00,2026-06-12 14:00:00,1101.4,1110.5857142857144,27,-248.01,-279.71,-0.96,trailing_stop
PERSISTENT,camarilla,MIS,2026-06-12 12:55:00,2026-06-12 14:35:00,4809.0,4835.964285714285,6,-161.79,-192.49,-0.48,trailing_stop
TVSMOTOR,camarilla,MIS,2026-06-12 13:00:00,2026-06-12 14:40:00,3270.8,3320.8142857142857,9,-450.13,-481.63,-1.36,trailing_stop
GLENMARK,camarilla,MIS,2026-06-12 13:10:00,2026-06-12 13:25:00,2156.6,2160.945,13,56.49,26.72,0.26,target_hit
360ONE,camarilla,MIS,2026-06-12 13:25:00,2026-06-12 13:45:00,1076.7,1086.32,27,259.74,228.75,0.69,target_hit
CUMMINSIND,camarilla,MIS,2026-06-12 13:25:00,2026-06-12 15:15:00,5614.5,5616.5,5,10.0,-19.78,0.03,forced_close
MCX,camarilla,MIS,2026-06-12 13:25:00,2026-06-12 13:40:00,2814.0,2825.605,10,116.05,86.13,0.25,target_hit
TCS,camarilla,MIS,2026-06-12 13:25:00,2026-06-12 15:00:00,2150.9,2160.1299999999997,13,119.99,90.26,0.5,target_hit
ADANIENSOL,camarilla,MIS,2026-06-12 13:30:00,2026-06-12 15:15:00,1494.2,1490.5,20,-74.0,-105.64,-0.23,forced_close
ADANIGREEN,camarilla,MIS,2026-06-12 13:30:00,2026-06-12 13:55:00,1473.6,1478.865,20,105.3,73.98,0.27,target_hit
AUBANK,camarilla,MIS,2026-06-12 13:30:00,2026-06-12 13:40:00,973.0,977.1324999999999,30,123.97,92.94,0.36,target_hit
RELIANCE,camarilla,MIS,2026-06-12 13:30:00,2026-06-12 13:35:00,1273.0,1275.54,23,58.42,27.33,0.25,target_hit
ADANIPORTS,camarilla,MIS,2026-06-12 13:35:00,2026-06-12 14:40:00,1798.0,1808.385,16,166.16,135.55,0.67,target_hit
BHEL,camarilla,MIS,2026-06-12 13:35:00,2026-06-12 14:15:00,374.3,377.195,80,231.6,199.7,0.61,target_hit
ICICIBANK,camarilla,MIS,2026-06-12 13:35:00,2026-06-12 14:50:00,1335.5,1342.575,22,155.65,124.39,0.82,target_hit
ADANIPOWER,camarilla,MIS,2026-06-12 13:40:00,2026-06-12 13:45:00,219.52,219.65699999999998,136,18.63,-13.04,0.05,target_hit
DIXON,camarilla,MIS,2026-06-12 13:40:00,2026-06-12 14:40:00,11485,11508.5,2,47.0,22.61,0.23,target_hit
FORTIS,camarilla,MIS,2026-06-12 13:40:00,2026-06-12 15:15:00,994.9,991.5,30,-102.0,-133.59,-0.36,forced_close
INDIANB,camarilla,MIS,2026-06-12 13:45:00,2026-06-12 13:50:00,834.1,834.4224999999999,35,11.29,-19.68,0.04,target_hit
SAIL,camarilla,MIS,2026-06-12 13:45:00,2026-06-12 14:20:00,182.77,183.7415,164,159.33,127.44,0.36,target_hit
HINDALCO,camarilla,MIS,2026-06-12 13:50:00,2026-06-12 14:35:00,1030.5,1021.0785714285714,29,-273.22,-304.74,-0.85,trailing_stop
TATAPOWER,camarilla,MIS,2026-06-12 13:50:00,2026-06-12 15:15:00,392.95,394.0,76,79.8,48.08,0.31,forced_close
SIEMENS,camarilla,MIS,2026-06-12 14:00:00,2026-06-12 15:00:00,3556.0,3568.75,8,102.0,71.77,0.28,target_hit
TATAELXSI,camarilla,MIS,2026-06-12 14:00:00,2026-06-12 15:00:00,4052.5,4063.5499999999997,7,77.35,47.22,0.29,target_hit
TRENT,camarilla,MIS,2026-06-12 14:00:00,2026-06-12 14:10:00,2746.7,2749.4,10,27.0,-2.14,0.08,target_hit
APLAPOLLO,camarilla,MIS,2026-06-12 14:10:00,2026-06-12 14:15:00,1781.3,1782.1399999999999,16,13.44,-16.79,0.04,target_hit
POLICYBZR,camarilla,MIS,2026-06-12 14:15:00,2026-06-12 14:25:00,1518.3,1526.805,19,161.6,130.9,0.37,target_hit
CGPOWER,camarilla,MIS,2026-06-12 14:20:00,2026-06-12 15:15:00,909.1,915.3,32,198.4,167.42,0.62,forced_close
DRREDDY,camarilla,MIS,2026-06-12 14:25:00,2026-06-12 15:05:00,1269.3,1279.0357142857144,23,-223.92,-255.02,-0.93,trailing_stop
M&M,camarilla,MIS,2026-06-12 14:25:00,2026-06-12 15:15:00,3036.1,3041.7,9,50.4,21.39,0.13,forced_close
GRASIM,camarilla,MIS,2026-06-12 14:30:00,2026-06-12 15:15:00,3107.1,3106.0,9,-9.9,-39.55,-0.04,forced_close
JUBLFOOD,camarilla,MIS,2026-06-12 14:30:00,2026-06-12 15:00:00,417.05,419.485,71,172.89,141.37,0.41,target_hit
VMM,camarilla,MIS,2026-06-12 14:30:00,2026-06-12 14:50:00,119.05,119.421,251,93.12,61.37,0.29,target_hit
ADANIENT,camarilla,MIS,2026-06-12 14:40:00,2026-06-12 15:15:00,2929.9,2925.0,10,-49.0,-80.04,-0.12,forced_close
ATGL,camarilla,MIS,2026-06-12 15:00:00,2026-06-12 15:15:00,729.25,729.25,41,0.0,-31.71,0.0,forced_close
JSWENERGY,camarilla,MIS,2026-06-12 15:00:00,2026-06-12 15:15:00,560.1,560.5,53,21.2,-10.29,0.06,forced_close
VEDL,camarilla,MIS,2026-06-12 15:00:00,2026-06-12 15:15:00,309.85,309.6,96,-24.0,-55.53,-0.05,forced_close
VOLTAS,camarilla,MIS,2026-06-12 15:00:00,2026-06-12 15:15:00,1288.3,1285.4,23,-66.7,-98.08,-0.17,forced_close
MFSL,camarilla,MIS,2026-06-12 15:05:00,2026-06-12 15:15:00,1576.5,1583.1,19,125.4,93.56,0.28,forced_close
NAUKRI,camarilla,MIS,2026-06-12 15:20:00,2026-06-12 15:25:00,973.95,974.0,30,1.5,-29.49,0.0,forced_close
NESTLEIND,camarilla,MIS,2026-06-15 10:55:00,2026-06-15 12:15:00,1397.9,1387.0357142857142,21,-228.15,-259.13,-0.59,trailing_stop
IDFCFIRSTB,camarilla,MIS,2026-06-15 11:00:00,2026-06-15 11:05:00,78.1,78.72200000000001,384,238.85,206.89,0.5,target_hit
SOLARINDS,camarilla,MIS,2026-06-15 11:00:00,2026-06-15 11:05:00,17405,17428.45,1,23.45,4.98,0.1,target_hit
AUBANK,camarilla,MIS,2026-06-15 11:05:00,2026-06-15 15:15:00,1036.7,1032.65,28,-113.4,-144.11,-0.27,forced_close
PERSISTENT,camarilla,MIS,2026-06-15 11:05:00,2026-06-15 11:10:00,4890.5,4894.325,6,22.95,-8.18,0.04,target_hit
ALKEM,camarilla,MIS,2026-06-15 11:10:00,2026-06-15 11:35:00,5336.0,5339.525,5,17.62,-10.68,0.1,target_hit
AXISBANK,camarilla,MIS,2026-06-15 11:15:00,2026-06-15 14:05:00,1369.6,1361.3499999999997,21,-173.25,-203.64,-0.77,trailing_stop
NTPC,camarilla,MIS,2026-06-15 11:15:00,2026-06-15 12:20:00,351.55,349.885,85,141.53,109.93,0.56,target_hit
POLICYBZR,camarilla,MIS,2026-06-15 11:15:00,2026-06-15 13:35:00,1568.7,1579.205,19,199.59,167.86,0.59,target_hit
FORTIS,camarilla,MIS,2026-06-15 11:20:00,2026-06-15 12:45:00,984.05,981.605,30,73.35,42.09,0.26,target_hit
ONGC,camarilla,MIS,2026-06-15 11:20:00,2026-06-15 15:15:00,244.0,244.05,122,-6.1,-37.67,-0.02,forced_close
TCS,camarilla,MIS,2026-06-15 11:25:00,2026-06-15 11:30:00,2177.6,2177.9,13,3.9,-26.12,0.01,target_hit
TITAN,camarilla,MIS,2026-06-15 11:25:00,2026-06-15 11:30:00,4263.5,4265.015,7,10.61,-21.05,0.03,target_hit
TATACONSUM,camarilla,MIS,2026-06-15 11:30:00,2026-06-15 12:30:00,1109.0,1100.6785714285713,27,-224.68,-256.29,-1.06,trailing_stop
AMBUJACEM,camarilla,MIS,2026-06-15 11:35:00,2026-06-15 11:40:00,431.7,432.64250000000004,69,65.03,33.4,0.2,target_hit
BDL,camarilla,MIS,2026-06-15 11:35:00,2026-06-15 13:35:00,1213.5,1220.1100000000001,24,158.64,127.65,0.9,target_hit
ADANIGREEN,camarilla,MIS,2026-06-15 11:40:00,2026-06-15 14:50:00,1502.0,1485.557142857143,19,-312.41,-342.48,-0.82,trailing_stop
POLYCAB,camarilla,MIS,2026-06-15 11:40:00,2026-06-15 14:15:00,9625.0,9590.82142857143,3,-102.54,-133.09,-0.69,trailing_stop
TORNTPHARM,camarilla,MIS,2026-06-15 11:40:00,2026-06-15 12:15:00,4532.0,4511.745,6,121.53,92.77,0.45,target_hit
LUPIN,camarilla,MIS,2026-06-15 11:45:00,2026-06-15 11:55:00,2281.9,2278.1200000000003,13,49.14,17.71,0.28,target_hit
NMDC,camarilla,MIS,2026-06-15 11:50:00,2026-06-15 13:00:00,90.38,90.00600000000001,331,123.79,92.15,0.39,target_hit
DRREDDY,camarilla,MIS,2026-06-15 11:55:00,2026-06-15 12:00:00,1288.2,1289.15,23,21.85,-9.58,0.12,target_hit
ADANIPOWER,camarilla,MIS,2026-06-15 12:05:00,2026-06-15 15:15:00,220.85,220.78,135,9.45,-22.16,0.03,forced_close
INDUSTOWER,camarilla,MIS,2026-06-15 12:05:00,2026-06-15 12:10:00,418.0,417.02,71,69.58,38.15,0.26,target_hit
MANKIND,camarilla,MIS,2026-06-15 12:05:00,2026-06-15 14:30:00,2400.0,2386.7714285714283,12,-158.74,-189.18,-0.53,trailing_stop
ZYDUSLIFE,camarilla,MIS,2026-06-15 12:10:00,2026-06-15 12:15:00,1096.5,1095.7350000000001,27,20.65,-10.73,0.08,target_hit
GODFRYPHLP,camarilla,MIS,2026-06-15 12:15:00,2026-06-15 13:00:00,2269.0,2256.615,13,161.01,129.83,0.61,target_hit
TIINDIA,camarilla,MIS,2026-06-15 12:15:00,2026-06-15 13:45:00,3230.9,3236.51,9,50.49,19.62,0.22,target_hit
BAJAJ-AUTO,camarilla,MIS,2026-06-15 12:50:00,2026-06-15 15:15:00,9945.0,9939.0,3,18.0,-13.63,0.11,forced_close
VEDL,camarilla,MIS,2026-06-15 12:50:00,2026-06-15 14:40:00,304.6,303.98499999999996,98,60.27,28.65,0.23,target_hit
LAURUSLABS,camarilla,MIS,2026-06-15 12:55:00,2026-06-15 14:05:00,1383.1,1394.1142857142856,21,-231.3,-262.25,-0.92,trailing_stop
BHARTIARTL,camarilla,MIS,2026-06-15 13:00:00,2026-06-15 14:15:00,1836.5,1845.05,16,136.8,105.55,0.99,target_hit
MCX,camarilla,MIS,2026-06-15 13:00:00,2026-06-15 13:10:00,2883.4,2895.2400000000002,10,118.4,87.75,0.27,target_hit
WAAREEENER,camarilla,MIS,2026-06-15 13:05:00,2026-06-15 13:10:00,3061.0,3063.08,9,18.72,-10.51,0.09,target_hit
COLPAL,camarilla,MIS,2026-06-15 13:15:00,2026-06-15 15:10:00,2065.4,2056.725,14,121.45,90.86,0.58,target_hit
ICICIBANK,camarilla,MIS,2026-06-15 13:50:00,2026-06-15 15:00:00,1332.4,1326.72,22,124.96,93.96,0.58,target_hit
JSWENERGY,camarilla,MIS,2026-06-15 13:55:00,2026-06-15 14:50:00,566.75,568.7,52,101.4,70.08,0.71,target_hit
APLAPOLLO,camarilla,MIS,2026-06-15 14:10:00,2026-06-15 15:15:00,1841.4,1836.4,16,-80.0,-111.19,-0.19,forced_close
TATACOMM,camarilla,MIS,2026-06-15 14:20:00,2026-06-15 15:00:00,1952.0,1946.9099999999999,15,76.35,45.35,0.3,target_hit
SRF,camarilla,MIS,2026-06-15 14:25:00,2026-06-15 15:15:00,2724.0,2721.7,11,25.3,-6.46,0.1,forced_close
KOTAKBANK,camarilla,MIS,2026-06-15 14:35:00,2026-06-15 15:15:00,406.9,405.4,73,-109.5,-140.93,-0.27,forced_close
MARICO,camarilla,MIS,2026-06-15 14:35:00,2026-06-15 14:40:00,812.15,811.7075,36,15.93,-15.06,0.09,target_hit
BIOCON,camarilla,MIS,2026-06-15 14:40:00,2026-06-15 15:15:00,415.95,416.3,72,-25.2,-56.97,-0.09,forced_close
ATGL,camarilla,MIS,2026-06-15 14:45:00,2026-06-15 15:10:00,723.55,718.8475000000001,41,192.8,161.47,0.7,target_hit
IRCTC,camarilla,MIS,2026-06-15 14:50:00,2026-06-15 15:00:00,519.35,518.27,57,61.56,30.21,0.4,target_hit
HINDUNILVR,camarilla,MIS,2026-06-15 15:00:00,2026-06-15 15:15:00,2159.0,2158.1,13,11.7,-18.06,0.05,forced_close
DIVISLAB,camarilla,MIS,2026-06-15 15:05:00,2026-06-15 15:15:00,6604.0,6616.0,4,-48.0,-76.04,-0.24,forced_close
BEL,camarilla,MIS,2026-06-15 15:10:00,2026-06-15 15:15:00,409.3,409.635,73,24.45,-7.25,0.08,target_hit
COCHINSHIP,camarilla,MIS,2026-06-15 15:10:00,2026-06-15 15:15:00,1408.7,1409.9,21,-25.2,-56.59,-0.06,forced_close
GLENMARK,camarilla,MIS,2026-06-15 15:10:00,2026-06-15 15:15:00,2154.0,2155.2,13,-15.6,-45.3,-0.04,forced_close
SAIL,camarilla,MIS,2026-06-15 15:15:00,2026-06-15 15:20:00,182.51,182.28,164,37.72,6.0,0.12,forced_close
HCLTECH,camarilla,MIS,2026-06-15 15:20:00,2026-06-15 15:25:00,1120.3,1121.6999999999998,26,36.4,5.49,0.14,target_hit
LICHSGFIN,camarilla,MIS,2026-06-15 15:20:00,2026-06-15 15:25:00,552.75,551.2,54,83.7,52.1,0.24,forced_close
COALINDIA,camarilla,MIS,2026-06-15 15:25:00,2026-06-15 15:25:00,447.5,447.5,67,0.0,-31.8,0.0,eod_data_end
APOLLOHOSP,camarilla,MIS,2026-06-16 10:55:00,2026-06-16 13:55:00,8427.5,8389.85,3,112.95,86.21,0.64,target_hit
AUBANK,camarilla,MIS,2026-06-16 10:55:00,2026-06-16 11:10:00,1018.4,1015.6699999999998,29,79.17,47.9,0.31,target_hit
CGPOWER,camarilla,MIS,2026-06-16 10:55:00,2026-06-16 12:20:00,943.45,933.825,31,-298.38,-329.2,-0.79,trailing_stop
FORTIS,camarilla,MIS,2026-06-16 10:55:00,2026-06-16 11:00:00,968.25,966.785,30,43.95,13.17,0.15,target_hit
SBIN,camarilla,MIS,2026-06-16 10:55:00,2026-06-16 11:20:00,1015.3,1012.325,29,86.27,55.11,0.36,target_hit
SHRIRAMFIN,camarilla,MIS,2026-06-16 10:55:00,2026-06-16 13:10:00,993.55,1001.0678571428572,30,-225.54,-257.29,-0.62,trailing_stop
SUNPHARMA,camarilla,MIS,2026-06-16 10:55:00,2026-06-16 11:25:00,1800.4,1794.8899999999999,16,88.16,57.67,0.43,target_hit
BAJAJHLDNG,camarilla,MIS,2026-06-16 11:00:00,2026-06-16 11:50:00,10418,10449.9,2,63.8,41.66,0.42,target_hit
COROMANDEL,camarilla,MIS,2026-06-16 11:00:00,2026-06-16 11:15:00,2017.6,2031.3999999999999,14,193.2,163.12,0.38,target_hit
SBILIFE,camarilla,MIS,2026-06-16 11:00:00,2026-06-16 11:40:00,1782.5,1770.5428571428572,16,-191.31,-221.44,-0.9,trailing_stop
TATACOMM,camarilla,MIS,2026-06-16 11:00:00,2026-06-16 14:30:00,1904.7,1915.2000000000003,15,-157.5,-187.9,-0.31,trailing_stop
UNIONBANK,camarilla,MIS,2026-06-16 11:00:00,2026-06-16 11:40:00,165.03,164.7345,181,53.49,21.84,0.14,target_hit
ZYDUSLIFE,camarilla,MIS,2026-06-16 11:00:00,2026-06-16 11:30:00,1079.4,1073.745,27,152.69,121.88,0.5,target_hit
BANKINDIA,camarilla,MIS,2026-06-16 11:05:00,2026-06-16 14:10:00,144.46,145.54500000000002,207,-224.6,-256.45,-0.48,trailing_stop
HDFCLIFE,camarilla,MIS,2026-06-16 11:05:00,2026-06-16 14:20:00,573.05,574.6964285714286,52,-85.61,-117.27,-0.29,trailing_stop
HINDZINC,camarilla,MIS,2026-06-16 11:05:00,2026-06-16 13:15:00,557.75,561.1285714285715,53,-179.06,-210.53,-0.52,trailing_stop
PAYTM,camarilla,MIS,2026-06-16 11:05:00,2026-06-16 13:55:00,1102.5,1107.9285714285713,27,-146.57,-178.23,-0.32,trailing_stop
TATAPOWER,camarilla,MIS,2026-06-16 11:05:00,2026-06-16 14:15:00,401.0,403.08928571428567,74,-154.61,-186.17,-0.53,trailing_stop
ADANIPORTS,camarilla,MIS,2026-06-16 11:10:00,2026-06-16 13:35:00,1818.9,1827.57,16,138.72,107.77,0.33,target_hit
DIVISLAB,camarilla,MIS,2026-06-16 11:10:00,2026-06-16 11:45:00,6578.5,6623.142857142857,4,-178.57,-206.59,-0.94,trailing_stop
INDHOTEL,camarilla,MIS,2026-06-16 11:10:00,2026-06-16 12:05:00,695.35,697.495,43,92.23,60.47,0.35,target_hit
MCX,camarilla,MIS,2026-06-16 11:10:00,2026-06-16 12:40:00,2846.2,2841.2599999999998,10,49.4,19.25,0.14,target_hit
MFSL,camarilla,MIS,2026-06-16 11:10:00,2026-06-16 12:00:00,1610.9,1604.77,18,110.34,79.66,0.32,target_hit
NTPC,camarilla,MIS,2026-06-16 11:15:00,2026-06-16 12:30:00,353.0,354.1775,84,98.91,67.4,0.35,target_hit
PHOENIXLTD,camarilla,MIS,2026-06-16 11:15:00,2026-06-16 12:40:00,1876.4,1853.4357142857145,15,-344.46,-374.09,-0.9,trailing_stop
POLYCAB,camarilla,MIS,2026-06-16 11:15:00,2026-06-16 14:05:00,9602.5,9633.55,3,93.15,62.54,0.34,target_hit
COCHINSHIP,camarilla,MIS,2026-06-16 11:20:00,2026-06-16 12:45:00,1435.8,1424.6785714285713,20,-222.43,-252.74,-0.61,trailing_stop
CONCOR,camarilla,MIS,2026-06-16 11:20:00,2026-06-16 11:40:00,455.9,455.14250000000004,65,49.24,17.84,0.16,target_hit
HDFCBANK,camarilla,MIS,2026-06-16 11:20:00,2026-06-16 11:50:00,784.5,787.195,38,102.41,70.73,0.62,target_hit
NYKAA,camarilla,MIS,2026-06-16 11:20:00,2026-06-16 13:40:00,271.0,272.3392857142857,110,-147.32,-179.03,-0.43,trailing_stop
PIIND,camarilla,MIS,2026-06-16 11:20:00,2026-06-16 11:25:00,2884.8,2885.045,10,2.45,-28.14,0.01,target_hit
TITAN,camarilla,MIS,2026-06-16 11:20:00,2026-06-16 11:25:00,4324.3,4325.6849999999995,6,8.31,-19.21,0.03,target_hit
PIDILITIND,camarilla,MIS,2026-06-16 11:25:00,2026-06-16 11:35:00,1558.1,1556.205,19,36.0,4.63,0.16,target_hit
SWIGGY,camarilla,MIS,2026-06-16 11:30:00,2026-06-16 13:20:00,261.65,260.4035714285714,114,-142.09,-173.63,-0.27,trailing_stop
TORNTPHARM,camarilla,MIS,2026-06-16 11:30:00,2026-06-16 13:30:00,4464.3,4447.625,6,100.05,71.71,0.35,target_hit
IDFCFIRSTB,camarilla,MIS,2026-06-16 11:35:00,2026-06-16 15:15:00,77.66,77.43,386,88.78,57.05,0.33,forced_close
POWERGRID,camarilla,MIS,2026-06-16 11:35:00,2026-06-16 13:45:00,284.05,284.8321428571429,105,-82.13,-113.81,-0.35,trailing_stop
SOLARINDS,camarilla,MIS,2026-06-16 11:35:00,2026-06-16 12:00:00,17147,17074.6,1,72.4,54.26,0.32,target_hit
APLAPOLLO,camarilla,MIS,2026-06-16 11:40:00,2026-06-16 15:15:00,1847.0,1838.3,16,-139.2,-170.45,-0.31,forced_close
ATGL,camarilla,MIS,2026-06-16 11:40:00,2026-06-16 13:05:00,710.4,704.9799999999999,42,227.64,196.15,0.6,target_hit
DMART,camarilla,MIS,2026-06-16 11:40:00,2026-06-16 11:45:00,4165.5,4170.555,7,35.39,4.44,0.15,target_hit
MARUTI,camarilla,MIS,2026-06-16 11:40:00,2026-06-16 14:20:00,13681,13741.357142857143,2,-120.71,-149.81,-0.58,trailing_stop
PRESTIGE,camarilla,MIS,2026-06-16 11:40:00,2026-06-16 14:25:00,1500.5,1520.5700000000002,19,381.33,350.85,0.88,target_hit
GRASIM,camarilla,MIS,2026-06-16 11:45:00,2026-06-16 14:40:00,3145.5,3140.3,9,46.8,16.81,0.2,target_hit
M&MFIN,camarilla,MIS,2026-06-16 11:50:00,2026-06-16 13:45:00,288.8,290.10357142857146,103,-134.27,-165.9,-0.36,trailing_stop
JSWENERGY,camarilla,MIS,2026-06-16 11:55:00,2026-06-16 12:00:00,562.6,561.3275,53,67.44,35.87,0.22,target_hit
ADANIENSOL,camarilla,MIS,2026-06-16 12:00:00,2026-06-16 13:35:00,1478.2,1492.4285714285713,20,-284.57,-316.1,-0.56,trailing_stop
CHOLAFIN,camarilla,MIS,2026-06-16 12:05:00,2026-06-16 12:20:00,1682.3,1684.7849999999999,17,42.24,11.89,0.14,target_hit
GODREJCP,camarilla,MIS,2026-06-16 12:05:00,2026-06-16 14:00:00,1028.8,1031.6999999999998,29,-84.1,-115.79,-0.41,trailing_stop
HAVELLS,camarilla,MIS,2026-06-16 12:10:00,2026-06-16 14:05:00,1179.3,1184.96,25,141.5,110.14,0.67,target_hit
HINDPETRO,camarilla,MIS,2026-06-16 12:10:00,2026-06-16 14:00:00,398.85,401.9142857142857,75,-229.82,-261.69,-0.74,trailing_stop
NMDC,camarilla,MIS,2026-06-16 12:10:00,2026-06-16 14:00:00,87.42,87.86857142857143,343,-153.86,-185.76,-0.6,trailing_stop
BEL,camarilla,MIS,2026-06-16 12:15:00,2026-06-16 14:35:00,407.55,408.13214285714287,73,-42.5,-74.07,-0.34,trailing_stop
TMPV,camarilla,MIS,2026-06-16 12:15:00,2026-06-16 12:40:00,391.1,389.49749999999995,76,121.79,90.35,0.46,target_hit
MAXHEALTH,camarilla,MIS,2026-06-16 12:20:00,2026-06-16 12:35:00,1020.45,1017.3775,29,89.1,57.78,0.32,target_hit
SAIL,camarilla,MIS,2026-06-16 12:25:00,2026-06-16 14:30:00,180.45,181.30714285714288,166,-142.29,-174.14,-0.29,trailing_stop
GLENMARK,camarilla,MIS,2026-06-16 12:30:00,2026-06-16 13:10:00,2144.0,2133.2799999999997,13,139.36,109.89,0.61,target_hit
LODHA,camarilla,MIS,2026-06-16 12:30:00,2026-06-16 14:40:00,930.4,934.7375000000001,32,138.8,107.14,0.51,target_hit
PREMIERENE,camarilla,MIS,2026-06-16 12:30:00,2026-06-16 12:40:00,1053.0,1058.105,28,142.94,111.58,0.4,target_hit
ENRIN,camarilla,MIS,2026-06-16 12:35:00,2026-06-16 14:05:00,3595.0,3634.7200000000003,8,317.76,287.06,0.78,target_hit
HYUNDAI,camarilla,MIS,2026-06-16 12:35:00,2026-06-16 12:40:00,2002.3,2002.1599999999999,14,1.96,-27.77,0.01,target_hit
CIPLA,camarilla,MIS,2026-06-16 12:40:00,2026-06-16 13:05:00,1373.9,1368.4299999999998,21,114.87,84.35,0.67,target_hit
INDIGO,camarilla,MIS,2026-06-16 12:40:00,2026-06-16 15:15:00,4825.0,4843.1,6,-108.6,-139.37,-0.44,forced_close
PNB,camarilla,MIS,2026-06-16 12:40:00,2026-06-16 12:50:00,107.14,106.9755,280,46.06,14.28,0.22,target_hit
CUMMINSIND,camarilla,MIS,2026-06-16 12:45:00,2026-06-16 15:15:00,5709.5,5721.5,5,-60.0,-90.31,-0.23,forced_close
VEDL,camarilla,MIS,2026-06-16 12:45:00,2026-06-16 14:00:00,297.15,299.6,100,-245.0,-276.67,-0.81,trailing_stop
DRREDDY,camarilla,MIS,2026-06-16 12:50:00,2026-06-16 15:00:00,1271.7,1279.9571428571428,23,-189.91,-221.05,-1.11,trailing_stop
LUPIN,camarilla,MIS,2026-06-16 12:50:00,2026-06-16 14:25:00,2258.7,2269.0285714285715,13,-134.27,-165.5,-0.64,trailing_stop
SUPREMEIND,camarilla,MIS,2026-06-16 12:50:00,2026-06-16 14:10:00,3585.8,3597.685,8,95.08,64.6,0.92,target_hit
BANKBARODA,camarilla,MIS,2026-06-16 12:55:00,2026-06-16 14:30:00,273.35,275.35,109,-218.0,-249.74,-1.01,trailing_stop
ABCAPITAL,camarilla,MIS,2026-06-16 13:20:00,2026-06-16 14:40:00,371.6,374.4425,80,227.4,195.73,0.98,target_hit
FEDERALBNK,camarilla,MIS,2026-06-16 13:20:00,2026-06-16 15:15:00,319.75,320.7,93,88.35,56.76,0.3,forced_close
MANKIND,camarilla,MIS,2026-06-16 13:20:00,2026-06-16 13:40:00,2354.5,2350.545,12,47.46,17.53,0.14,target_hit
WAAREEENER,camarilla,MIS,2026-06-16 13:25:00,2026-06-16 13:30:00,3063.8,3070.15,9,57.15,27.87,0.34,target_hit
OIL,camarilla,MIS,2026-06-16 13:30:00,2026-06-16 15:15:00,419.9,419.75,71,-10.65,-42.26,-0.05,forced_close
ADANIPOWER,camarilla,MIS,2026-06-16 13:35:00,2026-06-16 15:15:00,223.41,222.4,134,-135.34,-167.0,-0.36,forced_close
DLF,camarilla,MIS,2026-06-16 13:35:00,2026-06-16 14:50:00,621.5,626.5500000000001,48,242.4,210.61,1.22,target_hit
RVNL,camarilla,MIS,2026-06-16 13:35:00,2026-06-16 15:15:00,241.56,241.0,124,-69.44,-101.16,-0.32,forced_close
GAIL,camarilla,MIS,2026-06-16 13:45:00,2026-06-16 14:55:00,177.37,176.17785714285714,169,-201.47,-233.13,-0.7,trailing_stop
COLPAL,camarilla,MIS,2026-06-16 13:50:00,2026-06-16 15:15:00,2086.0,2095.9,14,138.6,107.54,0.71,forced_close
DABUR,camarilla,MIS,2026-06-16 14:00:00,2026-06-16 14:05:00,434.15,434.375,69,15.53,-16.25,0.11,target_hit
RADICO,camarilla,MIS,2026-06-16 14:00:00,2026-06-16 15:15:00,3568.0,3576.3,8,-66.4,-96.71,-0.3,forced_close
TECHM,camarilla,MIS,2026-06-16 14:05:00,2026-06-16 14:25:00,1401.7,1406.22,21,94.92,63.64,0.38,target_hit
CANBK,camarilla,MIS,2026-06-16 14:10:00,2026-06-16 15:15:00,133.46,132.86,224,-134.4,-166.02,-0.42,forced_close
NAUKRI,camarilla,MIS,2026-06-16 14:10:00,2026-06-16 14:30:00,995.0,995.815,30,24.45,-7.22,0.08,target_hit
IRFC,camarilla,MIS,2026-06-16 14:15:00,2026-06-16 15:15:00,97.9,97.62,306,-85.68,-117.39,-0.5,forced_close
MAZDOCK,camarilla,MIS,2026-06-16 14:15:00,2026-06-16 14:50:00,2458.8,2462.125,12,39.9,8.59,0.22,target_hit
POLICYBZR,camarilla,MIS,2026-06-16 14:15:00,2026-06-16 14:25:00,1598.8,1602.6599999999999,18,69.48,38.92,0.28,target_hit
KOTAKBANK,camarilla,MIS,2026-06-16 14:20:00,2026-06-16 15:15:00,408.2,407.9,73,-21.9,-53.49,-0.1,forced_close
OBEROIRLTY,camarilla,MIS,2026-06-16 14:25:00,2026-06-16 14:30:00,1689.0,1694.15,17,87.55,57.05,0.38,target_hit
GVT&D,camarilla,MIS,2026-06-16 14:30:00,2026-06-16 15:15:00,4888.0,4863.5,6,-147.0,-178.01,-0.4,forced_close
IRCTC,camarilla,MIS,2026-06-16 14:30:00,2026-06-16 15:15:00,521.5,522.8,57,74.1,42.53,0.54,forced_close
DIXON,camarilla,MIS,2026-06-16 14:35:00,2026-06-16 14:40:00,12115,12187.45,2,144.9,119.11,0.39,target_hit
MPHASIS,camarilla,MIS,2026-06-16 14:35:00,2026-06-16 15:15:00,2270.4,2268.0,13,-31.2,-62.48,-0.14,forced_close
TATAELXSI,camarilla,MIS,2026-06-16 14:35:00,2026-06-16 14:40:00,4104.8,4113.849999999999,7,63.35,32.84,0.51,target_hit
BPCL,camarilla,MIS,2026-06-16 14:45:00,2026-06-16 15:15:00,313.0,311.9,95,-104.5,-135.97,-0.39,forced_close
HAL,camarilla,MIS,2026-06-16 14:45:00,2026-06-16 15:15:00,4245.2,4253.4,7,-57.4,-88.95,-0.29,forced_close
INFY,camarilla,MIS,2026-06-16 14:45:00,2026-06-16 15:15:00,1147.4,1143.7,26,-96.2,-127.77,-0.39,forced_close
GODREJPROP,camarilla,MIS,2026-06-16 14:50:00,2026-06-16 15:15:00,1795.2,1794.1,16,-17.6,-48.05,-0.05,forced_close
ALKEM,camarilla,MIS,2026-06-16 15:10:00,2026-06-16 15:15:00,5352.0,5343.5,5,-42.5,-70.85,-0.35,forced_close
BHARTIARTL,camarilla,MIS,2026-06-16 15:15:00,2026-06-16 15:20:00,1854.1,1857.4,16,52.8,21.31,0.29,forced_close
ULTRACEMCO,camarilla,MIS,2026-06-16 15:15:00,2026-06-16 15:20:00,11145,11154,2,-18,-41.65,-0.09,forced_close
AMBUJACEM,camarilla,MIS,2026-06-16 15:20:00,2026-06-16 15:25:00,426.05,425.0,70,73.5,41.92,0.27,forced_close
BRITANNIA,camarilla,MIS,2026-06-16 15:20:00,2026-06-16 15:25:00,5222.0,5217.5,5,-22.5,-50.17,-0.2,forced_close
BSE,camarilla,MIS,2026-06-16 15:20:00,2026-06-16 15:25:00,4170.0,4164.6,7,-37.8,-68.73,-0.12,forced_close
APLAPOLLO,camarilla,MIS,2026-06-17 10:55:00,2026-06-17 11:10:00,1850.0,1857.0700000000002,16,113.12,81.66,0.35,target_hit
NESTLEIND,camarilla,MIS,2026-06-17 10:55:00,2026-06-17 11:50:00,1405.7,1410.62,21,103.32,71.95,0.48,target_hit
PRESTIGE,camarilla,MIS,2026-06-17 10:55:00,2026-06-17 13:40:00,1500.6,1512.8785714285714,19,-233.29,-263.68,-0.57,trailing_stop
AXISBANK,camarilla,MIS,2026-06-17 11:00:00,2026-06-17 11:15:00,1355.2,1353.4350000000002,22,38.83,7.24,0.19,target_hit
BSE,camarilla,MIS,2026-06-17 11:00:00,2026-06-17 11:05:00,4120.6,4113.945,7,46.59,16.03,0.11,target_hit
LTF,camarilla,MIS,2026-06-17 11:00:00,2026-06-17 13:05:00,295.5,293.2892857142857,101,-223.28,-254.79,-0.5,trailing_stop
TITAN,camarilla,MIS,2026-06-17 11:00:00,2026-06-17 11:25:00,4367.6,4371.275,6,22.05,-5.75,0.09,target_hit
BANKBARODA,camarilla,MIS,2026-06-17 11:05:00,2026-06-17 11:10:00,277.5,278.1,108,64.8,32.98,0.16,target_hit
FEDERALBNK,camarilla,MIS,2026-06-17 11:05:00,2026-06-17 12:35:00,322.0,320.01428571428573,93,-184.67,-216.31,-0.68,trailing_stop
PNB,camarilla,MIS,2026-06-17 11:05:00,2026-06-17 12:05:00,108.49,108.9545,276,128.2,96.37,0.39,target_hit
BAJAJHLDNG,camarilla,MIS,2026-06-17 11:10:00,2026-06-17 11:15:00,10568,10576.75,2,17.5,-4.92,0.08,target_hit
CIPLA,camarilla,MIS,2026-06-17 11:10:00,2026-06-17 11:15:00,1359.1,1358.7350000000001,22,8.03,-23.67,0.05,target_hit
DRREDDY,camarilla,MIS,2026-06-17 11:10:00,2026-06-17 11:15:00,1267.9,1267.605,23,6.79,-24.14,0.04,target_hit
LUPIN,camarilla,MIS,2026-06-17 11:10:00,2026-06-17 11:20:00,2263.0,2260.42,13,33.54,2.36,0.18,target_hit
PIIND,camarilla,MIS,2026-06-17 11:10:00,2026-06-17 11:55:00,2856.7,2835.54,10,211.6,181.44,0.56,target_hit
TATAPOWER,camarilla,MIS,2026-06-17 11:10:00,2026-06-17 13:35:00,400.75,401.8285714285714,74,-79.81,-111.31,-0.31,trailing_stop
ASHOKLEY,camarilla,MIS,2026-06-17 11:15:00,2026-06-17 14:25:00,159.9,158.95357142857145,187,-176.98,-208.58,-0.59,trailing_stop
COALINDIA,camarilla,MIS,2026-06-17 11:15:00,2026-06-17 11:40:00,455.3,456.36749999999995,65,69.39,37.96,0.18,target_hit
INDHOTEL,camarilla,MIS,2026-06-17 11:15:00,2026-06-17 14:55:00,697.2,698.6899999999999,43,64.07,32.24,0.3,target_hit
MANKIND,camarilla,MIS,2026-06-17 11:15:00,2026-06-17 13:20:00,2376.4,2364.778571428571,12,-139.46,-169.61,-0.39,trailing_stop
GODFRYPHLP,camarilla,MIS,2026-06-17 11:20:00,2026-06-17 13:15:00,2253.0,2241.2857142857147,13,-152.29,-183.25,-0.93,trailing_stop
LT,camarilla,MIS,2026-06-17 11:20:00,2026-06-17 15:15:00,4211.0,4207.9,7,-21.7,-52.95,-0.09,forced_close
ONGC,camarilla,MIS,2026-06-17 11:20:00,2026-06-17 12:00:00,245.6,245.28499999999997,122,38.43,6.68,0.22,target_hit
RVNL,camarilla,MIS,2026-06-17 11:20:00,2026-06-17 12:40:00,242.83,241.4035714285714,123,-175.45,-207.01,-0.55,trailing_stop
SIEMENS,camarilla,MIS,2026-06-17 11:20:00,2026-06-17 11:30:00,3663.1,3672.43,8,74.64,43.52,0.26,target_hit
TVSMOTOR,camarilla,MIS,2026-06-17 11:20:00,2026-06-17 11:55:00,3465.5,3470.7,8,41.6,12.17,0.15,target_hit
DLF,camarilla,MIS,2026-06-17 11:25:00,2026-06-17 14:55:00,622.45,622.4857142857143,48,-1.71,-33.4,-0.0,trailing_stop
GMRAIRPORT,camarilla,MIS,2026-06-17 11:25:00,2026-06-17 14:35:00,108.45,109.3525,276,249.09,217.19,1.09,target_hit
IRCTC,camarilla,MIS,2026-06-17 11:25:00,2026-06-17 11:35:00,520.05,519.71,57,19.38,-12.04,0.12,target_hit
TORNTPHARM,camarilla,MIS,2026-06-17 11:25:00,2026-06-17 14:25:00,4435.1,4450.192857142857,6,-90.56,-118.83,-0.51,trailing_stop
BAJAJFINSV,camarilla,MIS,2026-06-17 11:30:00,2026-06-17 11:55:00,1766.5,1759.415,16,113.36,83.46,0.49,target_hit
BHARATFORG,camarilla,MIS,2026-06-17 11:30:00,2026-06-17 15:00:00,2025.5,2031.2749999999999,14,80.85,50.73,0.3,target_hit
POWERGRID,camarilla,MIS,2026-06-17 11:30:00,2026-06-17 14:45:00,284.15,285.2678571428571,105,-117.37,-149.09,-1.23,trailing_stop
SHRIRAMFIN,camarilla,MIS,2026-06-17 11:30:00,2026-06-17 13:50:00,1013.75,1006.9285714285714,29,-197.82,-228.87,-0.67,trailing_stop
ATGL,camarilla,MIS,2026-06-17 11:35:00,2026-06-17 12:00:00,704.75,703.58,42,49.14,17.78,0.22,target_hit
INDUSINDBK,camarilla,MIS,2026-06-17 11:35:00,2026-06-17 11:45:00,932.15,933.7275,32,50.48,18.82,0.18,target_hit
JSWENERGY,camarilla,MIS,2026-06-17 11:35:00,2026-06-17 11:40:00,557.1,556.88,53,11.66,-19.64,0.05,target_hit
M&MFIN,camarilla,MIS,2026-06-17 11:35:00,2026-06-17 13:15:00,288.7,290.73571428571427,103,-209.68,-241.35,-0.88,trailing_stop
MUTHOOTFIN,camarilla,MIS,2026-06-17 11:35:00,2026-06-17 11:50:00,3179.8,3189.285,9,85.36,54.96,0.3,target_hit
SBILIFE,camarilla,MIS,2026-06-17 11:35:00,2026-06-17 14:05:00,1777.4,1783.55,16,98.4,68.18,0.42,target_hit
SOLARINDS,camarilla,MIS,2026-06-17 11:35:00,2026-06-17 11:40:00,17186,17194.35,1,8.35,-9.88,0.04,target_hit
BIOCON,camarilla,MIS,2026-06-17 11:40:00,2026-06-17 11:45:00,412.0,411.005,72,71.64,40.23,0.38,target_hit
DABUR,camarilla,MIS,2026-06-17 11:40:00,2026-06-17 12:20:00,432.7,431.15999999999997,69,106.26,74.67,0.49,target_hit
GODREJCP,camarilla,MIS,2026-06-17 11:40:00,2026-06-17 12:55:00,1025.0,1018.385,29,191.84,160.44,0.78,target_hit
NHPC,camarilla,MIS,2026-06-17 11:40:00,2026-06-17 12:00:00,74.47,74.40350000000001,402,26.73,-5.0,0.11,target_hit
OFSS,camarilla,MIS,2026-06-17 11:45:00,2026-06-17 15:00:00,9395.0,9463.75,3,-206.25,-236.27,-1.11,trailing_stop
TATACONSUM,camarilla,MIS,2026-06-17 11:55:00,2026-06-17 14:55:00,1123.1,1124.7928571428572,26,-44.01,-75.01,-0.18,trailing_stop
360ONE,camarilla,MIS,2026-06-17 12:00:00,2026-06-17 14:20:00,1143.4,1130.7214285714288,26,-329.64,-360.96,-1.54,trailing_stop
BANKINDIA,camarilla,MIS,2026-06-17 12:05:00,2026-06-17 15:15:00,146.92,147.1,204,36.72,4.91,0.09,forced_close
MFSL,camarilla,MIS,2026-06-17 12:05:00,2026-06-17 13:55:00,1627.7,1625.1214285714284,18,-46.41,-77.45,-0.21,trailing_stop
SBIN,camarilla,MIS,2026-06-17 12:05:00,2026-06-17 15:05:00,1021.1,1025.8325,29,137.24,105.75,0.58,target_hit
UNIONBANK,camarilla,MIS,2026-06-17 12:05:00,2026-06-17 13:05:00,166.91,168.024,179,199.41,167.6,0.44,target_hit
CUMMINSIND,camarilla,MIS,2026-06-17 12:10:00,2026-06-17 12:15:00,5783.0,5785.65,5,13.25,-17.42,0.05,target_hit
GLENMARK,camarilla,MIS,2026-06-17 12:10:00,2026-06-17 12:55:00,2143.1,2135.305,13,101.34,71.86,0.4,target_hit
ADANIPOWER,camarilla,MIS,2026-06-17 12:20:00,2026-06-17 15:15:00,220.67,220.39,135,37.8,6.23,0.14,forced_close
CONCOR,camarilla,MIS,2026-06-17 12:20:00,2026-06-17 15:15:00,467.3,466.95,64,-22.4,-54.1,-0.08,forced_close
HINDALCO,camarilla,MIS,2026-06-17 12:25:00,2026-06-17 13:25:00,991.0,993.4,30,72.0,40.43,0.28,target_hit
AUBANK,camarilla,MIS,2026-06-17 12:35:00,2026-06-17 14:45:00,1014.85,1020.2678571428571,29,-157.12,-188.43,-0.85,trailing_stop
IDEA,camarilla,MIS,2026-06-17 12:35:00,2026-06-17 13:30:00,14.83,14.878499999999999,2022,98.07,66.21,0.4,target_hit
INDUSTOWER,camarilla,MIS,2026-06-17 12:35:00,2026-06-17 14:35:00,409.9,413.97142857142853,73,-297.21,-329.14,-1.11,trailing_stop
TATACOMM,camarilla,MIS,2026-06-17 12:35:00,2026-06-17 13:40:00,1935.2,1904.3214285714287,15,-463.18,-493.66,-1.23,trailing_stop
TIINDIA,camarilla,MIS,2026-06-17 12:35:00,2026-06-17 14:55:00,3238.7,3252.2714285714287,9,-122.14,-153.13,-0.42,trailing_stop
UPL,camarilla,MIS,2026-06-17 12:35:00,2026-06-17 12:45:00,611.65,608.86,49,136.71,105.01,0.73,target_hit
ABB,camarilla,MIS,2026-06-17 12:45:00,2026-06-17 14:20:00,7071.5,7098.275,4,107.1,77.04,0.46,target_hit
NTPC,camarilla,MIS,2026-06-17 12:55:00,2026-06-17 14:50:00,353.4,354.2107142857143,84,-68.1,-99.62,-0.6,trailing_stop
GAIL,camarilla,MIS,2026-06-17 13:00:00,2026-06-17 15:15:00,175.2,174.97,171,39.33,7.58,0.18,forced_close
JUBLFOOD,camarilla,MIS,2026-06-17 13:00:00,2026-06-17 13:05:00,420.7,420.32500000000005,71,26.62,-5.03,0.13,target_hit
M&M,camarilla,MIS,2026-06-17 13:00:00,2026-06-17 13:05:00,3113.3,3107.65,9,50.85,21.17,0.19,target_hit
RECLTD,camarilla,MIS,2026-06-17 13:05:00,2026-06-17 15:15:00,358.45,358.1,83,-29.05,-60.58,-0.18,forced_close
TATASTEEL,camarilla,MIS,2026-06-17 13:05:00,2026-06-17 13:15:00,198.13,198.3595,151,34.65,2.91,0.18,target_hit
ASIANPAINT,camarilla,MIS,2026-06-17 13:10:00,2026-06-17 15:15:00,2735.2,2739.9,10,-47.0,-76.04,-0.29,forced_close
ITC,camarilla,MIS,2026-06-17 13:10:00,2026-06-17 15:15:00,290.05,290.75,103,-72.1,-103.83,-0.53,forced_close
HDFCAMC,camarilla,MIS,2026-06-17 13:15:00,2026-06-17 13:20:00,2674.4,2683.955,11,105.1,73.84,0.4,target_hit
GRASIM,camarilla,MIS,2026-06-17 13:20:00,2026-06-17 14:45:00,3120.9,3143.4,9,-202.5,-232.42,-1.25,trailing_stop
VMM,camarilla,MIS,2026-06-17 13:20:00,2026-06-17 15:15:00,118.5,118.83,253,83.49,51.64,0.25,forced_close
HINDZINC,camarilla,MIS,2026-06-17 13:30:00,2026-06-17 13:35:00,568.1,569.4975,52,72.67,41.3,0.35,target_hit
HCLTECH,camarilla,MIS,2026-06-17 13:35:00,2026-06-17 15:15:00,1165.9,1167.4,25,37.5,6.57,0.22,forced_close
HUDCO,camarilla,MIS,2026-06-17 13:35:00,2026-06-17 13:40:00,215.57,216.64700000000002,139,149.7,117.83,0.47,target_hit
PAYTM,camarilla,MIS,2026-06-17 13:35:00,2026-06-17 15:15:00,1119.6,1119.5,26,-2.6,-33.47,-0.01,forced_close
TCS,camarilla,MIS,2026-06-17 13:35:00,2026-06-17 15:15:00,2222.4,2223.0,13,7.8,-22.84,0.05,forced_close
JSWSTEEL,camarilla,MIS,2026-06-17 13:40:00,2026-06-17 15:15:00,1284.6,1287.0,23,55.2,23.83,0.3,forced_close
AMBUJACEM,camarilla,MIS,2026-06-17 13:50:00,2026-06-17 15:00:00,423.55,428.2392857142857,70,-328.25,-359.9,-1.31,trailing_stop
INFY,camarilla,MIS,2026-06-17 13:55:00,2026-06-17 14:45:00,1157.6,1160.4299999999998,25,70.75,40.02,0.47,target_hit
KPITTECH,camarilla,MIS,2026-06-17 13:55:00,2026-06-17 15:15:00,750.75,751.0,39,-9.75,-40.81,-0.03,forced_close
BAJAJ-AUTO,camarilla,MIS,2026-06-17 14:05:00,2026-06-17 14:15:00,9982.0,9989.05,3,21.15,-10.62,0.13,target_hit
HDFCBANK,camarilla,MIS,2026-06-17 14:05:00,2026-06-17 14:10:00,789.0,789.4375,38,16.62,-15.18,0.1,target_hit
ASTRAL,camarilla,MIS,2026-06-17 14:10:00,2026-06-17 15:15:00,1573.0,1567.0,19,-114.0,-145.62,-0.43,forced_close
DMART,camarilla,MIS,2026-06-17 14:10:00,2026-06-17 14:15:00,4235.0,4256.3,7,149.1,117.57,0.88,target_hit
ULTRACEMCO,camarilla,MIS,2026-06-17 14:10:00,2026-06-17 15:15:00,11120,11144,2,-48,-71.62,-0.39,forced_close
BHEL,camarilla,MIS,2026-06-17 14:15:00,2026-06-17 14:20:00,386.65,387.445,77,61.22,29.6,0.19,target_hit
DIVISLAB,camarilla,MIS,2026-06-17 14:25:00,2026-06-17 15:15:00,6649.5,6662.0,4,-50.0,-78.24,-0.36,forced_close
PFC,camarilla,MIS,2026-06-17 14:25:00,2026-06-17 15:00:00,430.05,432.505,69,169.39,137.82,0.59,target_hit
MARUTI,camarilla,MIS,2026-06-17 14:35:00,2026-06-17 15:15:00,13602,13615,2,-26,-54.87,-0.13,forced_close
MAXHEALTH,camarilla,MIS,2026-06-17 14:35:00,2026-06-17 15:15:00,1018.2,1027.4,29,-266.8,-298.28,-1.09,forced_close
INDIGO,camarilla,MIS,2026-06-17 14:40:00,2026-06-17 15:15:00,4869.6,4879.6,6,60.0,28.98,0.32,forced_close
SAIL,camarilla,MIS,2026-06-17 14:45:00,2026-06-17 15:15:00,179.5,179.45,167,8.35,-23.43,0.03,forced_close
SUZLON,camarilla,MIS,2026-06-17 14:45:00,2026-06-17 15:15:00,59.46,59.31,504,-75.6,-107.33,-0.14,forced_close
HEROMOTOCO,camarilla,MIS,2026-06-17 14:50:00,2026-06-17 14:55:00,5002.2,5000.2,5,10.0,-16.52,0.06,target_hit
EICHERMOT,camarilla,MIS,2026-06-17 14:55:00,2026-06-17 15:15:00,7507.0,7504.5,3,7.5,-16.38,0.05,forced_close
KALYANKJIL,camarilla,MIS,2026-06-17 14:55:00,2026-06-17 15:15:00,383.1,382.2,78,-70.2,-101.84,-0.25,forced_close
ADANIPORTS,camarilla,MIS,2026-06-17 15:00:00,2026-06-17 15:15:00,1831.5,1828.8,16,-43.2,-74.25,-0.18,forced_close
APOLLOHOSP,camarilla,MIS,2026-06-17 15:00:00,2026-06-17 15:15:00,8436.0,8421.0,3,-45.0,-71.81,-0.29,forced_close
JIOFIN,camarilla,MIS,2026-06-17 15:00:00,2026-06-17 15:15:00,243.23,242.83,123,-49.2,-80.89,-0.23,forced_close
UNITDSPR,camarilla,MIS,2026-06-17 15:00:00,2026-06-17 15:15:00,1309.4,1307.7,22,-37.4,-67.92,-0.15,forced_close
TATAINVEST,camarilla,MIS,2026-06-17 15:05:00,2026-06-17 15:15:00,676.15,674.4,44,-77.0,-108.5,-0.31,forced_close
MPHASIS,camarilla,MIS,2026-06-17 15:15:00,2026-06-17 15:20:00,2280.3,2276.9,13,-44.2,-75.61,-0.17,forced_close
NATIONALUM,camarilla,MIS,2026-06-17 15:20:00,2026-06-17 15:25:00,370.95,372.0,80,84.0,52.48,0.28,forced_close
COROMANDEL,camarilla,MIS,2026-06-17 15:25:00,2026-06-17 15:25:00,2030.5,2030.5,14,-0.0,-30.15,-0.0,eod_data_end
IREDA,camarilla,MIS,2026-06-18 10:55:00,2026-06-18 12:25:00,127.5,127.714,235,50.29,18.48,0.09,target_hit
LODHA,camarilla,MIS,2026-06-18 10:55:00,2026-06-18 12:10:00,924.65,928.55,32,124.8,93.34,0.25,target_hit
VBL,camarilla,MIS,2026-06-18 10:55:00,2026-06-18 11:45:00,550.45,542.7714285714286,54,-414.64,-445.9,-0.74,trailing_stop
PIDILITIND,camarilla,MIS,2026-06-18 11:00:00,2026-06-18 13:05:00,1573.4,1568.905,19,85.41,53.76,0.39,target_hit
TRENT,camarilla,MIS,2026-06-18 11:00:00,2026-06-18 15:15:00,3180.0,3180.1,9,0.9,-29.45,0.0,forced_close
ASIANPAINT,camarilla,MIS,2026-06-18 11:05:00,2026-06-18 14:25:00,2751.0,2738.785714285714,10,-122.14,-151.24,-0.75,trailing_stop
BSE,camarilla,MIS,2026-06-18 11:05:00,2026-06-18 12:15:00,4080.0,4018.678571428571,7,-429.25,-459.26,-0.62,trailing_stop
COROMANDEL,camarilla,MIS,2026-06-18 11:10:00,2026-06-18 11:15:00,1999.2,1998.555,15,9.67,-22.12,0.02,target_hit
ENRIN,camarilla,MIS,2026-06-18 11:10:00,2026-06-18 12:20:00,3723.8,3770.892857142857,8,-376.74,-408.58,-0.84,trailing_stop
GAIL,camarilla,MIS,2026-06-18 11:10:00,2026-06-18 11:20:00,173.8,173.6055,172,33.45,1.77,0.12,target_hit
HINDUNILVR,camarilla,MIS,2026-06-18 11:10:00,2026-06-18 14:20:00,2210.8,2204.5214285714287,13,-81.62,-112.05,-0.34,trailing_stop
MOTHERSON,camarilla,MIS,2026-06-18 11:10:00,2026-06-18 13:30:00,142.86,144.04571428571433,209,-247.81,-279.64,-0.83,trailing_stop
POWERGRID,camarilla,MIS,2026-06-18 11:10:00,2026-06-18 11:35:00,284.75,284.48,105,28.35,-3.34,0.17,target_hit
COFORGE,camarilla,MIS,2026-06-18 11:15:00,2026-06-18 12:20:00,1480.3,1490.175,20,197.5,165.98,0.39,target_hit
CONCOR,camarilla,MIS,2026-06-18 11:15:00,2026-06-18 11:50:00,464.05,463.7275,64,20.64,-10.84,0.08,target_hit
EXIDEIND,camarilla,MIS,2026-06-18 11:15:00,2026-06-18 11:20:00,386.25,385.95249999999993,77,22.91,-8.62,0.06,target_hit
HINDZINC,camarilla,MIS,2026-06-18 11:15:00,2026-06-18 15:05:00,568.0,571.7821428571427,52,-196.67,-228.12,-0.72,trailing_stop
MUTHOOTFIN,camarilla,MIS,2026-06-18 11:15:00,2026-06-18 11:35:00,3161.2,3153.255,9,71.5,41.38,0.23,target_hit
POLICYBZR,camarilla,MIS,2026-06-18 11:15:00,2026-06-18 15:00:00,1607.7,1615.9714285714288,18,-148.89,-179.67,-0.63,trailing_stop
TATAPOWER,camarilla,MIS,2026-06-18 11:15:00,2026-06-18 12:10:00,400.25,399.245,74,74.37,43.01,0.31,target_hit
UPL,camarilla,MIS,2026-06-18 11:15:00,2026-06-18 12:25:00,609.45,612.0571428571429,49,-127.75,-159.5,-0.59,trailing_stop
AXISBANK,camarilla,MIS,2026-06-18 11:20:00,2026-06-18 12:30:00,1357.8,1359.92,22,46.64,14.93,0.17,target_hit
FEDERALBNK,camarilla,MIS,2026-06-18 11:20:00,2026-06-18 12:00:00,321.15,320.335,93,75.79,44.17,0.33,target_hit
NATIONALUM,camarilla,MIS,2026-06-18 11:20:00,2026-06-18 14:25:00,366.25,367.3392857142857,81,-88.23,-119.75,-0.26,trailing_stop
TIINDIA,camarilla,MIS,2026-06-18 11:20:00,2026-06-18 11:50:00,3234.4,3231.785,9,23.54,-7.32,0.05,target_hit
PHOENIXLTD,camarilla,MIS,2026-06-18 11:25:00,2026-06-18 15:15:00,1850.5,1856.8,16,-100.8,-132.26,-0.31,forced_close
GRASIM,camarilla,MIS,2026-06-18 11:30:00,2026-06-18 15:00:00,3123.9,3143.8642857142854,9,-179.68,-209.61,-0.89,trailing_stop
PFC,camarilla,MIS,2026-06-18 11:30:00,2026-06-18 11:35:00,427.15,427.13,70,1.4,-30.31,0.0,target_hit
SBIN,camarilla,MIS,2026-06-18 11:30:00,2026-06-18 11:35:00,1034.35,1034.5575,29,6.02,-25.8,0.02,target_hit
BEL,camarilla,MIS,2026-06-18 11:35:00,2026-06-18 11:55:00,425.35,428.7875,70,240.62,208.9,0.69,target_hit
CUMMINSIND,camarilla,MIS,2026-06-18 11:35:00,2026-06-18 13:25:00,5880.0,5841.642857142857,5,-191.79,-222.84,-0.6,trailing_stop
TITAN,camarilla,MIS,2026-06-18 11:35:00,2026-06-18 11:40:00,4343.6,4343.375,6,1.35,-26.29,0.01,target_hit
WAAREEENER,camarilla,MIS,2026-06-18 11:35:00,2026-06-18 15:15:00,3064.9,3065.3,9,-3.6,-32.85,-0.02,forced_close
DMART,camarilla,MIS,2026-06-18 11:40:00,2026-06-18 12:35:00,4322.9,4345.085,6,133.11,105.52,0.58,target_hit
COALINDIA,camarilla,MIS,2026-06-18 11:45:00,2026-06-18 15:15:00,452.15,451.9,66,16.5,-15.14,0.07,forced_close
PNB,camarilla,MIS,2026-06-18 11:45:00,2026-06-18 12:40:00,109.49,109.8435,273,96.51,64.75,0.37,target_hit
TATACONSUM,camarilla,MIS,2026-06-18 11:50:00,2026-06-18 11:55:00,1115.7,1115.535,26,4.29,-26.47,0.02,target_hit
APOLLOHOSP,camarilla,MIS,2026-06-18 11:55:00,2026-06-18 15:15:00,8402.0,8413.5,3,-34.5,-61.25,-0.19,forced_close
BRITANNIA,camarilla,MIS,2026-06-18 11:55:00,2026-06-18 12:35:00,5217.0,5236.25,5,-96.25,-123.97,-0.7,trailing_stop
LAURUSLABS,camarilla,MIS,2026-06-18 11:55:00,2026-06-18 14:20:00,1355.2,1363.8428571428572,22,-190.14,-221.88,-0.81,trailing_stop
OIL,camarilla,MIS,2026-06-18 11:55:00,2026-06-18 12:15:00,420.7,420.95500000000004,71,18.11,-13.58,0.05,target_hit
BAJFINANCE,camarilla,MIS,2026-06-18 12:00:00,2026-06-18 12:10:00,953.8,952.7624999999999,31,32.16,0.83,0.12,target_hit
BHEL,camarilla,MIS,2026-06-18 12:00:00,2026-06-18 12:10:00,398.25,398.9325,75,51.19,19.48,0.12,target_hit
SWIGGY,camarilla,MIS,2026-06-18 12:00:00,2026-06-18 14:05:00,253.85,253.09749999999997,118,88.8,57.09,0.26,target_hit
DLF,camarilla,MIS,2026-06-18 12:05:00,2026-06-18 12:10:00,630.0,632.1025,47,98.82,67.35,0.32,target_hit
HEROMOTOCO,camarilla,MIS,2026-06-18 12:05:00,2026-06-18 14:00:00,4991.2,5010.535714285715,6,-116.01,-147.85,-0.34,trailing_stop
IRCTC,camarilla,MIS,2026-06-18 12:05:00,2026-06-18 12:20:00,522.2,523.195,57,56.72,25.11,0.19,target_hit
JUBLFOOD,camarilla,MIS,2026-06-18 12:05:00,2026-06-18 15:15:00,420.75,423.0,71,-159.75,-191.53,-0.7,forced_close
MCX,camarilla,MIS,2026-06-18 12:05:00,2026-06-18 12:45:00,2826.9,2802.355,10,245.45,215.63,0.52,target_hit
GMRAIRPORT,camarilla,MIS,2026-06-18 12:10:00,2026-06-18 13:00:00,108.49,109.44214285714285,276,-262.79,-294.71,-1.08,trailing_stop
GODREJPROP,camarilla,MIS,2026-06-18 12:10:00,2026-06-18 12:30:00,1805.1,1818.8799999999999,16,220.48,189.71,0.58,target_hit
ICICIBANK,camarilla,MIS,2026-06-18 12:10:00,2026-06-18 12:30:00,1342.1,1343.73,22,35.86,4.53,0.14,target_hit
RELIANCE,camarilla,MIS,2026-06-18 12:10:00,2026-06-18 12:15:00,1325.2,1323.3500000000001,22,40.7,9.81,0.25,target_hit
BPCL,camarilla,MIS,2026-06-18 12:15:00,2026-06-18 14:20:00,316.6,315.64,94,90.24,58.74,0.48,target_hit
ABCAPITAL,camarilla,MIS,2026-06-18 12:20:00,2026-06-18 14:45:00,370.95,369.5625,80,111.0,79.6,0.42,target_hit
ADANIGREEN,camarilla,MIS,2026-06-18 12:20:00,2026-06-18 12:25:00,1477.0,1484.17,20,143.4,111.98,0.6,target_hit
ADANIPOWER,camarilla,MIS,2026-06-18 12:20:00,2026-06-18 12:25:00,221.24,221.984,135,100.44,68.7,0.42,target_hit
ATGL,camarilla,MIS,2026-06-18 12:20:00,2026-06-18 12:30:00,694.8,704.1892857142858,43,-403.74,-435.68,-1.34,trailing_stop
BHARATFORG,camarilla,MIS,2026-06-18 12:20:00,2026-06-18 13:35:00,2020.5,2013.655,14,95.83,65.89,0.37,target_hit
CGPOWER,camarilla,MIS,2026-06-18 12:20:00,2026-06-18 14:30:00,953.25,948.02,31,162.13,130.9,0.79,target_hit
ADANIENT,camarilla,MIS,2026-06-18 12:25:00,2026-06-18 13:05:00,2963.7,2973.8450000000003,10,101.45,69.96,0.47,target_hit
ADANIPORTS,camarilla,MIS,2026-06-18 12:35:00,2026-06-18 14:10:00,1836.5,1829.0714285714287,16,-118.86,-149.94,-0.45,trailing_stop
DRREDDY,camarilla,MIS,2026-06-18 12:35:00,2026-06-18 15:15:00,1262.7,1266.6,23,-89.7,-120.56,-0.5,forced_close
BANKINDIA,camarilla,MIS,2026-06-18 12:40:00,2026-06-18 14:30:00,148.37,147.45142857142858,202,-185.55,-217.22,-0.55,trailing_stop
M&MFIN,camarilla,MIS,2026-06-18 12:40:00,2026-06-18 12:50:00,288.35,288.31,104,4.16,-27.64,0.01,target_hit
HUDCO,camarilla,MIS,2026-06-18 12:45:00,2026-06-18 13:55:00,212.34,211.51600000000002,141,116.18,84.51,0.27,target_hit
AUBANK,camarilla,MIS,2026-06-18 12:55:00,2026-06-18 15:15:00,1026.5,1025.2,29,-37.7,-69.24,-0.14,forced_close
TATAELXSI,camarilla,MIS,2026-06-18 12:55:00,2026-06-18 15:15:00,4138.5,4110.1,7,-198.8,-229.39,-0.71,forced_close
AUROPHARMA,camarilla,MIS,2026-06-18 13:00:00,2026-06-18 15:00:00,1434.3,1441.155,20,137.1,106.59,0.63,target_hit
JSWENERGY,camarilla,MIS,2026-06-18 13:00:00,2026-06-18 13:40:00,578.55,573.6535714285715,51,-249.72,-280.85,-0.92,trailing_stop
JINDALSTEL,camarilla,MIS,2026-06-18 13:05:00,2026-06-18 15:15:00,1130.6,1132.7,26,-54.6,-85.81,-0.3,forced_close
GODREJCP,camarilla,MIS,2026-06-18 13:15:00,2026-06-18 14:15:00,1010.4,1005.59,29,139.49,108.51,0.78,target_hit
MPHASIS,camarilla,MIS,2026-06-18 13:20:00,2026-06-18 14:15:00,2290.6,2269.0857142857144,13,-279.69,-311.08,-0.97,trailing_stop
SHRIRAMFIN,camarilla,MIS,2026-06-18 13:20:00,2026-06-18 13:45:00,1000.5,999.91,29,17.11,-13.65,0.07,target_hit
BAJAJHLDNG,camarilla,MIS,2026-06-18 13:25:00,2026-06-18 13:40:00,10584,10601.2,2,34.4,11.93,0.19,target_hit
NESTLEIND,camarilla,MIS,2026-06-18 13:30:00,2026-06-18 15:15:00,1398.5,1401.8,21,-69.3,-100.49,-0.55,forced_close
ONGC,camarilla,MIS,2026-06-18 13:40:00,2026-06-18 15:00:00,243.85,245.375,123,-187.58,-219.5,-1.22,trailing_stop
HAVELLS,camarilla,MIS,2026-06-18 13:45:00,2026-06-18 15:00:00,1189.0,1194.057142857143,25,-126.43,-158.03,-0.66,trailing_stop
LICHSGFIN,camarilla,MIS,2026-06-18 13:50:00,2026-06-18 14:25:00,553.9,556.1925,54,123.8,92.0,0.58,target_hit
LT,camarilla,MIS,2026-06-18 13:50:00,2026-06-18 13:55:00,4187.2,4184.215,7,20.89,-10.17,0.12,target_hit
BAJAJFINSV,camarilla,MIS,2026-06-18 14:00:00,2026-06-18 14:55:00,1751.4,1762.9642857142858,17,-196.59,-228.29,-1.02,trailing_stop
DIXON,camarilla,MIS,2026-06-18 14:00:00,2026-06-18 15:15:00,12677,12667,2,20,-6.87,0.13,forced_close
SHREECEM,camarilla,MIS,2026-06-18 14:00:00,2026-06-18 14:35:00,25250,25363.25,1,113.25,86.4,0.8,target_hit
COCHINSHIP,camarilla,MIS,2026-06-18 14:05:00,2026-06-18 14:15:00,1473.4,1454.605,20,375.9,344.89,0.92,target_hit
HAL,camarilla,MIS,2026-06-18 14:05:00,2026-06-18 15:15:00,4401.0,4415.8,6,-88.8,-116.86,-0.5,forced_close
HINDPETRO,camarilla,MIS,2026-06-18 14:05:00,2026-06-18 15:15:00,399.45,401.8,75,-176.25,-208.13,-1.05,forced_close
MAZDOCK,camarilla,MIS,2026-06-18 14:05:00,2026-06-18 15:15:00,2525.0,2536.9,11,-130.9,-160.44,-0.67,forced_close
SUZLON,camarilla,MIS,2026-06-18 14:05:00,2026-06-18 15:15:00,58.46,58.46,513,-0.0,-31.8,-0.0,forced_close
VMM,camarilla,MIS,2026-06-18 14:05:00,2026-06-18 15:15:00,117.56,117.85,255,-73.95,-105.79,-0.45,forced_close
HYUNDAI,camarilla,MIS,2026-06-18 14:10:00,2026-06-18 15:15:00,1968.4,1976.9,15,-127.5,-158.89,-0.62,forced_close
NAUKRI,camarilla,MIS,2026-06-18 14:15:00,2026-06-18 14:25:00,1004.0,1003.9875,29,0.36,-30.51,0.0,target_hit
ITC,camarilla,MIS,2026-06-18 14:20:00,2026-06-18 15:15:00,289.65,291.15,103,-154.5,-186.24,-1.56,forced_close
SAIL,camarilla,MIS,2026-06-18 14:20:00,2026-06-18 15:05:00,182.23,182.34650000000002,164,19.11,-12.6,0.08,target_hit
TATASTEEL,camarilla,MIS,2026-06-18 14:20:00,2026-06-18 15:15:00,200.51,200.63,149,17.88,-13.81,0.09,forced_close
GVT&D,camarilla,MIS,2026-06-18 14:25:00,2026-06-18 15:15:00,5258.0,5253.0,5,-25.0,-52.86,-0.07,forced_close
KOTAKBANK,camarilla,MIS,2026-06-18 14:35:00,2026-06-18 15:15:00,402.45,402.9,74,-33.3,-64.9,-0.19,forced_close
ULTRACEMCO,camarilla,MIS,2026-06-18 14:40:00,2026-06-18 15:15:00,11175,11202.2,2,54.4,30.66,0.4,target_hit
KPITTECH,camarilla,MIS,2026-06-18 14:45:00,2026-06-18 15:15:00,745.7,745.5,40,8.0,-23.63,0.03,forced_close
OFSS,camarilla,MIS,2026-06-18 14:45:00,2026-06-18 15:15:00,9370.5,9401.0,3,-91.5,-121.37,-0.38,forced_close
UNIONBANK,camarilla,MIS,2026-06-18 14:45:00,2026-06-18 15:10:00,171.12,171.311,175,33.43,1.65,0.12,target_hit
SOLARINDS,camarilla,MIS,2026-06-18 14:50:00,2026-06-18 15:15:00,17725,17777,1,52,33.17,0.31,forced_close
CHOLAFIN,camarilla,MIS,2026-06-18 14:55:00,2026-06-18 15:00:00,1686.8,1689.265,17,41.91,11.47,0.23,target_hit
ZYDUSLIFE,camarilla,MIS,2026-06-18 14:55:00,2026-06-18 15:00:00,1073.7,1074.6000000000001,27,24.3,-6.46,0.11,target_hit
ADANIENSOL,camarilla,MIS,2026-06-18 15:00:00,2026-06-18 15:05:00,1503.5,1505.465,19,37.33,7.02,0.1,target_hit
FORTIS,camarilla,MIS,2026-06-18 15:00:00,2026-06-18 15:15:00,959.15,959.2,31,1.55,-29.98,0.01,forced_close
NMDC,camarilla,MIS,2026-06-18 15:00:00,2026-06-18 15:15:00,88.58,88.52,338,-20.28,-52.02,-0.08,forced_close
RVNL,camarilla,MIS,2026-06-18 15:00:00,2026-06-18 15:15:00,247.55,247.85,121,36.3,4.51,0.11,forced_close
SUNPHARMA,camarilla,MIS,2026-06-18 15:00:00,2026-06-18 15:15:00,1827.2,1822.9,16,-68.8,-99.76,-0.34,forced_close
ABB,camarilla,MIS,2026-06-18 15:05:00,2026-06-18 15:15:00,7225.0,7246.5,4,86.0,55.3,0.33,forced_close
JSWSTEEL,camarilla,MIS,2026-06-18 15:05:00,2026-06-18 15:15:00,1294.0,1294.7,23,16.1,-15.47,0.08,forced_close
PATANJALI,camarilla,MIS,2026-06-18 15:05:00,2026-06-18 15:10:00,424.75,424.8575,70,7.53,-24.01,0.03,target_hit
ALKEM,camarilla,MIS,2026-06-18 15:10:00,2026-06-18 15:15:00,5365.5,5366.475,5,4.88,-23.58,0.02,target_hit
AMBUJACEM,camarilla,MIS,2026-06-18 15:10:00,2026-06-18 15:15:00,428.6,429.6125,69,69.86,38.46,0.22,target_hit
HDFCAMC,camarilla,MIS,2026-06-18 15:10:00,2026-06-18 15:15:00,2728.3,2729.0,10,7.0,-21.94,0.03,forced_close
BAJAJ-AUTO,camarilla,MIS,2026-06-18 15:15:00,2026-06-18 15:20:00,10095.0,10085.0,2,-20.0,-41.4,-0.16,forced_close
IOC,camarilla,MIS,2026-06-18 15:20:00,2026-06-18 15:25:00,146.37,146.44,204,14.28,-17.39,0.05,forced_close
SBILIFE,camarilla,MIS,2026-06-18 15:20:00,2026-06-18 15:25:00,1810.0,1807.4,16,-41.6,-72.28,-0.21,forced_close
TATACOMM,camarilla,MIS,2026-06-18 15:20:00,2026-06-18 15:25:00,1939.1,1940.39,15,19.35,-11.51,0.04,target_hit
JIOFIN,camarilla,MIS,2026-06-18 15:25:00,2026-06-18 15:25:00,244.65,244.65,122,0.0,-31.65,0.0,eod_data_end
BANKBARODA,camarilla,MIS,2026-06-19 10:55:00,2026-06-19 11:00:00,280.1,280.0575,107,4.55,-27.23,0.02,target_hit
FORTIS,camarilla,MIS,2026-06-19 10:55:00,2026-06-19 14:00:00,963.05,959.8071428571428,31,-100.53,-132.12,-0.24,trailing_stop
SUPREMEIND,camarilla,MIS,2026-06-19 10:55:00,2026-06-19 11:00:00,3493.0,3492.71,8,2.32,-27.31,0.01,target_hit
BAJAJHLDNG,camarilla,MIS,2026-06-19 11:00:00,2026-06-19 13:00:00,10758,10656.07142857143,2,-203.86,-226.54,-0.64,trailing_stop
TATAPOWER,camarilla,MIS,2026-06-19 11:00:00,2026-06-19 11:55:00,400.9,399.9025,74,73.82,42.4,0.23,target_hit
BHEL,camarilla,MIS,2026-06-19 11:05:00,2026-06-19 11:10:00,413.1,415.85499999999996,72,198.36,166.69,0.51,target_hit
CONCOR,camarilla,MIS,2026-06-19 11:05:00,2026-06-19 11:10:00,469.5,470.2025,63,44.26,12.86,0.14,target_hit
ITC,camarilla,MIS,2026-06-19 11:05:00,2026-06-19 11:15:00,289.65,289.005,103,66.43,34.84,0.35,target_hit
COLPAL,camarilla,MIS,2026-06-19 11:10:00,2026-06-19 11:20:00,2011.7,2011.625,14,1.05,-28.82,0.0,target_hit
ICICIBANK,camarilla,MIS,2026-06-19 11:10:00,2026-06-19 14:25:00,1349.0,1350.825,22,40.15,8.65,0.28,target_hit
NTPC,camarilla,MIS,2026-06-19 11:10:00,2026-06-19 14:50:00,366.8,364.11071428571427,81,-217.83,-249.2,-0.83,trailing_stop
TIINDIA,camarilla,MIS,2026-06-19 11:10:00,2026-06-19 11:45:00,3281.9,3291.205,9,83.74,52.37,0.27,target_hit
ADANIGREEN,camarilla,MIS,2026-06-19 11:15:00,2026-06-19 13:50:00,1523.5,1509.2785714285715,19,-270.21,-300.73,-0.68,trailing_stop
APLAPOLLO,camarilla,MIS,2026-06-19 11:15:00,2026-06-19 11:45:00,1854.1,1851.0,16,49.6,18.17,0.26,target_hit
GVT&D,camarilla,MIS,2026-06-19 11:15:00,2026-06-19 11:25:00,5343.5,5376.225,5,163.63,135.19,0.4,target_hit
INDIANB,camarilla,MIS,2026-06-19 11:15:00,2026-06-19 13:20:00,872.0,869.1825,34,95.79,64.42,0.34,target_hit
AUBANK,camarilla,MIS,2026-06-19 11:20:00,2026-06-19 11:25:00,1030.35,1031.8674999999998,29,44.01,12.29,0.18,target_hit
HAVELLS,camarilla,MIS,2026-06-19 11:25:00,2026-06-19 12:55:00,1184.9,1180.7050000000002,25,104.87,73.53,0.49,target_hit
DLF,camarilla,MIS,2026-06-19 11:30:00,2026-06-19 11:50:00,633.0,629.1500000000001,47,180.95,149.52,0.56,target_hit
FEDERALBNK,camarilla,MIS,2026-06-19 11:30:00,2026-06-19 14:10:00,322.5,322.65,93,13.95,-17.86,0.07,target_hit
MOTILALOFS,camarilla,MIS,2026-06-19 11:30:00,2026-06-19 13:05:00,955.75,949.1035714285714,31,-206.04,-237.33,-0.67,trailing_stop
OFSS,camarilla,MIS,2026-06-19 11:30:00,2026-06-19 13:40:00,9454.5,9496.3,3,125.4,95.24,0.38,target_hit
ALKEM,camarilla,MIS,2026-06-19 11:35:00,2026-06-19 11:45:00,5399.5,5344.142857142857,5,-276.79,-305.24,-1.56,trailing_stop
KOTAKBANK,camarilla,MIS,2026-06-19 11:35:00,2026-06-19 11:40:00,400.45,400.41999999999996,74,2.22,-29.2,0.01,target_hit
JSWENERGY,camarilla,MIS,2026-06-19 11:45:00,2026-06-19 13:55:00,572.1,570.2974999999999,52,93.73,62.24,0.27,target_hit
MARUTI,camarilla,MIS,2026-06-19 11:45:00,2026-06-19 15:15:00,13388,13399,2,-22,-50.41,-0.13,forced_close
MFSL,camarilla,MIS,2026-06-19 11:45:00,2026-06-19 13:10:00,1663.4,1652.78,18,191.16,159.53,0.59,target_hit
NESTLEIND,camarilla,MIS,2026-06-19 11:45:00,2026-06-19 14:20:00,1406.2,1411.2350000000001,21,105.74,74.35,0.68,target_hit
SAIL,camarilla,MIS,2026-06-19 11:45:00,2026-06-19 11:50:00,179.91,179.6685,166,40.09,8.44,0.06,target_hit
SUNPHARMA,camarilla,MIS,2026-06-19 11:45:00,2026-06-19 12:05:00,1833.9,1834.425,16,8.4,-22.72,0.05,target_hit
SWIGGY,camarilla,MIS,2026-06-19 11:45:00,2026-06-19 15:15:00,252.8,254.25,118,-171.1,-202.84,-0.49,forced_close
UNIONBANK,camarilla,MIS,2026-06-19 11:45:00,2026-06-19 14:00:00,169.88,170.7642857142857,176,-155.63,-187.44,-0.51,trailing_stop
RECLTD,camarilla,MIS,2026-06-19 11:50:00,2026-06-19 15:15:00,355.4,355.5,84,-8.4,-40.06,-0.03,forced_close
INDUSINDBK,camarilla,MIS,2026-06-19 11:55:00,2026-06-19 12:05:00,942.8,943.8375,31,32.16,1.15,0.1,target_hit
IREDA,camarilla,MIS,2026-06-19 11:55:00,2026-06-19 13:00:00,126.86,126.6565,236,48.03,16.31,0.19,target_hit
MCX,camarilla,MIS,2026-06-19 11:55:00,2026-06-19 13:00:00,2784.6,2778.645,10,59.55,30.06,0.16,target_hit
CGPOWER,camarilla,MIS,2026-06-19 12:00:00,2026-06-19 15:15:00,961.3,963.05,31,54.25,22.61,0.24,forced_close
MANKIND,camarilla,MIS,2026-06-19 12:00:00,2026-06-19 14:55:00,2424.0,2401.25,12,-273.0,-303.67,-0.9,trailing_stop
GODREJCP,camarilla,MIS,2026-06-19 12:05:00,2026-06-19 13:20:00,1003.7,998.53,29,149.93,119.16,0.64,target_hit
HDFCLIFE,camarilla,MIS,2026-06-19 12:10:00,2026-06-19 12:40:00,586.65,585.5799999999999,51,54.57,22.88,0.25,target_hit
POWERGRID,camarilla,MIS,2026-06-19 12:10:00,2026-06-19 15:05:00,290.55,292.0825,103,157.85,126.01,0.51,target_hit
TATACOMM,camarilla,MIS,2026-06-19 12:10:00,2026-06-19 13:15:00,1963.0,1942.5,15,-307.5,-338.53,-0.72,trailing_stop
LODHA,camarilla,MIS,2026-06-19 12:15:00,2026-06-19 12:20:00,914.75,913.5775,32,37.52,6.5,0.15,target_hit
PIDILITIND,camarilla,MIS,2026-06-19 12:15:00,2026-06-19 13:55:00,1586.2,1576.4642857142858,18,-175.24,-205.41,-0.74,trailing_stop
HDFCAMC,camarilla,MIS,2026-06-19 12:20:00,2026-06-19 12:30:00,2702.8,2698.94,11,42.46,10.96,0.14,target_hit
LICHSGFIN,camarilla,MIS,2026-06-19 12:20:00,2026-06-19 14:25:00,553.4,548.3035714285714,54,-275.21,-306.72,-1.25,trailing_stop
LUPIN,camarilla,MIS,2026-06-19 12:20:00,2026-06-19 14:15:00,2343.7,2340.5071428571428,12,-38.31,-68.11,-0.16,trailing_stop
AXISBANK,camarilla,MIS,2026-06-19 12:25:00,2026-06-19 14:30:00,1353.5,1358.642857142857,22,-113.14,-144.79,-0.69,trailing_stop
GMRAIRPORT,camarilla,MIS,2026-06-19 12:25:00,2026-06-19 12:30:00,109.32,109.021,274,81.93,50.21,0.34,target_hit
PATANJALI,camarilla,MIS,2026-06-19 12:25:00,2026-06-19 15:15:00,421.85,421.5,71,24.85,-6.9,0.09,forced_close
IRCTC,camarilla,MIS,2026-06-19 12:30:00,2026-06-19 12:35:00,520.75,520.425,57,18.53,-12.94,0.14,target_hit
POLICYBZR,camarilla,MIS,2026-06-19 12:30:00,2026-06-19 15:00:00,1624.7,1631.34,18,119.52,88.43,0.53,target_hit
SBILIFE,camarilla,MIS,2026-06-19 12:30:00,2026-06-19 12:50:00,1798.9,1794.675,16,67.6,37.12,0.37,target_hit
EXIDEIND,camarilla,MIS,2026-06-19 12:35:00,2026-06-19 14:55:00,381.8,379.8175,78,154.64,123.15,0.85,target_hit
360ONE,camarilla,MIS,2026-06-19 12:40:00,2026-06-19 13:55:00,1132.6,1144.5714285714287,26,-311.26,-342.68,-1.03,trailing_stop
AMBUJACEM,camarilla,MIS,2026-06-19 12:40:00,2026-06-19 13:00:00,425.0,424.1425,70,60.03,28.51,0.28,target_hit
COALINDIA,camarilla,MIS,2026-06-19 12:40:00,2026-06-19 14:55:00,449.7,448.0675,66,107.74,76.34,0.56,target_hit
IRFC,camarilla,MIS,2026-06-19 12:40:00,2026-06-19 13:10:00,99.67,99.3655,300,91.35,59.7,0.39,target_hit
JIOFIN,camarilla,MIS,2026-06-19 12:40:00,2026-06-19 12:45:00,245.39,245.475,122,10.37,-21.38,0.04,target_hit
ONGC,camarilla,MIS,2026-06-19 12:40:00,2026-06-19 14:10:00,243.7,245.08214285714283,123,-170.0,-201.9,-0.97,trailing_stop
SBIN,camarilla,MIS,2026-06-19 12:40:00,2026-06-19 12:55:00,1032.8,1031.0125,29,51.84,20.11,0.3,target_hit
SHREECEM,camarilla,MIS,2026-06-19 12:40:00,2026-06-19 14:00:00,25210,25038.75,1,171.25,144.63,1.48,target_hit
INDUSTOWER,camarilla,MIS,2026-06-19 12:45:00,2026-06-19 14:50:00,412.35,410.89000000000004,72,105.12,73.7,0.42,target_hit
MOTHERSON,camarilla,MIS,2026-06-19 12:45:00,2026-06-19 15:15:00,145.58,145.73,206,30.9,-0.92,0.1,forced_close
ULTRACEMCO,camarilla,MIS,2026-06-19 12:50:00,2026-06-19 13:00:00,11122,11079.45,2,85.1,61.57,0.75,target_hit
ADANIENSOL,camarilla,MIS,2026-06-19 12:55:00,2026-06-19 15:15:00,1503.6,1507.4,19,-72.2,-102.54,-0.22,forced_close
NHPC,camarilla,MIS,2026-06-19 13:00:00,2026-06-19 15:00:00,75.23,75.73928571428571,398,-202.7,-234.58,-1.3,trailing_stop
TATAINVEST,camarilla,MIS,2026-06-19 13:00:00,2026-06-19 15:00:00,678.8,686.4571428571428,44,-336.91,-368.8,-1.26,trailing_stop
TRENT,camarilla,MIS,2026-06-19 13:00:00,2026-06-19 14:15:00,3149.5,3170.75,9,-191.25,-221.43,-0.72,trailing_stop
BHARATFORG,camarilla,MIS,2026-06-19 13:05:00,2026-06-19 14:15:00,2037.5,2043.66,14,86.24,55.94,0.33,target_hit
RELIANCE,camarilla,MIS,2026-06-19 13:05:00,2026-06-19 14:20:00,1324.6,1321.5549999999998,22,66.99,36.13,0.39,target_hit
POLYCAB,camarilla,MIS,2026-06-19 13:10:00,2026-06-19 13:15:00,10011.5,10012.45,2,1.9,-19.33,0.01,target_hit
DMART,camarilla,MIS,2026-06-19 13:15:00,2026-06-19 13:20:00,4283.0,4272.325,7,74.73,42.98,0.34,target_hit
EICHERMOT,camarilla,MIS,2026-06-19 13:25:00,2026-06-19 14:35:00,7558.5,7608.071428571428,3,-148.71,-172.86,-1.03,trailing_stop
ICICIGI,camarilla,MIS,2026-06-19 13:25:00,2026-06-19 15:05:00,1858.1,1871.285,16,210.96,179.3,0.81,target_hit
MARICO,camarilla,MIS,2026-06-19 13:30:00,2026-06-19 13:35:00,808.9,808.3475,37,20.44,-11.28,0.05,target_hit
ETERNAL,camarilla,MIS,2026-06-19 13:35:00,2026-06-19 13:45:00,260.4,261.1075,115,81.36,49.55,0.27,target_hit
OIL,camarilla,MIS,2026-06-19 13:35:00,2026-06-19 15:15:00,417.45,417.8,71,-24.85,-56.3,-0.11,forced_close
BAJFINANCE,camarilla,MIS,2026-06-19 13:50:00,2026-06-19 15:15:00,964.4,961.8,31,-80.6,-112.25,-0.33,forced_close
BIOCON,camarilla,MIS,2026-06-19 13:50:00,2026-06-19 15:15:00,416.0,415.5,72,-36.0,-67.74,-0.16,forced_close
IDEA,camarilla,MIS,2026-06-19 13:50:00,2026-06-19 14:50:00,14.93,14.8615,2009,137.62,105.9,0.53,target_hit
VOLTAS,camarilla,MIS,2026-06-19 13:55:00,2026-06-19 14:20:00,1345.5,1343.3549999999998,22,47.19,15.83,0.13,target_hit
IDFCFIRSTB,camarilla,MIS,2026-06-19 14:05:00,2026-06-19 14:35:00,78.57,78.9205,381,133.54,101.71,0.67,target_hit
UPL,camarilla,MIS,2026-06-19 14:25:00,2026-06-19 14:40:00,607.35,605.8499999999999,49,73.5,41.99,0.32,target_hit
ZYDUSLIFE,camarilla,MIS,2026-06-19 14:25:00,2026-06-19 15:15:00,1067.9,1072.2,28,-120.4,-152.19,-0.58,forced_close
ADANIPORTS,camarilla,MIS,2026-06-19 14:50:00,2026-06-19 15:15:00,1831.0,1834.8,16,-60.8,-91.91,-0.23,forced_close
BAJAJFINSV,camarilla,MIS,2026-06-19 14:50:00,2026-06-19 15:15:00,1763.3,1772.2,17,-151.3,-183.19,-0.6,forced_close
BEL,camarilla,MIS,2026-06-19 14:50:00,2026-06-19 15:15:00,425.95,426.5,70,-38.5,-70.14,-0.15,forced_close
CIPLA,camarilla,MIS,2026-06-19 14:50:00,2026-06-19 15:15:00,1349.0,1351.6,22,-57.2,-88.71,-0.29,forced_close
HUDCO,camarilla,MIS,2026-06-19 14:50:00,2026-06-19 15:05:00,209.5,207.59550000000002,143,272.34,240.75,1.21,target_hit
KALYANKJIL,camarilla,MIS,2026-06-19 14:50:00,2026-06-19 14:55:00,380.8,380.5575,78,18.92,-12.57,0.07,target_hit
M&MFIN,camarilla,MIS,2026-06-19 14:50:00,2026-06-19 15:15:00,286.05,287.75,104,-176.8,-208.46,-0.65,forced_close
MAZDOCK,camarilla,MIS,2026-06-19 14:50:00,2026-06-19 15:15:00,2509.0,2517.8,11,-96.8,-126.13,-0.36,forced_close
RADICO,camarilla,MIS,2026-06-19 14:50:00,2026-06-19 15:15:00,3751.0,3774.3,7,163.1,135.15,0.55,forced_close
SHRIRAMFIN,camarilla,MIS,2026-06-19 14:50:00,2026-06-19 15:15:00,995.4,1003.8,30,-252.0,-283.83,-0.7,forced_close
CUMMINSIND,camarilla,MIS,2026-06-19 14:55:00,2026-06-19 15:15:00,5832.0,5867.0,5,-175.0,-206.03,-0.67,forced_close
NMDC,camarilla,MIS,2026-06-19 14:55:00,2026-06-19 15:15:00,88.15,88.48,340,-112.2,-144.05,-0.33,forced_close
SIEMENS,camarilla,MIS,2026-06-19 14:55:00,2026-06-19 15:15:00,3719.8,3765.7,8,-367.2,-398.99,-1.05,forced_close
KPITTECH,camarilla,MIS,2026-06-19 15:00:00,2026-06-19 15:05:00,754.05,755.465,39,55.19,23.96,0.1,target_hit
LT,camarilla,MIS,2026-06-19 15:00:00,2026-06-19 15:15:00,4215.7,4207.3,7,-58.8,-90.06,-0.22,forced_close
TITAN,camarilla,MIS,2026-06-19 15:00:00,2026-06-19 15:05:00,4409.9,4430.195,6,121.77,93.63,0.41,target_hit
VMM,camarilla,MIS,2026-06-19 15:00:00,2026-06-19 15:15:00,118.77,118.93,252,40.32,8.55,0.11,forced_close
ADANIENT,camarilla,MIS,2026-06-19 15:05:00,2026-06-19 15:15:00,3044.8,3038.1,9,-60.3,-89.32,-0.16,forced_close
DRREDDY,camarilla,MIS,2026-06-19 15:10:00,2026-06-19 15:15:00,1273.0,1272.7,23,-6.9,-37.94,-0.02,forced_close
JINDALSTEL,camarilla,MIS,2026-06-19 15:10:00,2026-06-19 15:15:00,1137.9,1138.0,26,2.6,-28.78,0.01,forced_close
GODFRYPHLP,camarilla,MIS,2026-06-19 15:20:00,2026-06-19 15:25:00,2291.1,2291.22,13,1.56,-30.03,0.0,target_hit
HINDALCO,camarilla,MIS,2026-06-19 15:25:00,2026-06-19 15:25:00,1014.2,1014.2,29,0.0,-31.19,0.0,eod_data_end
INFY,camarilla,MIS,2026-06-22 10:55:00,2026-06-22 11:10:00,1069.1,1071.2,28,58.8,27.02,0.2,target_hit
LODHA,camarilla,MIS,2026-06-22 10:55:00,2026-06-22 11:00:00,926.8,926.9499999999999,32,4.8,-26.65,0.02,target_hit
MUTHOOTFIN,camarilla,MIS,2026-06-22 10:55:00,2026-06-22 11:00:00,3156.0,3157.615,9,14.53,-15.6,0.05,target_hit
LTM,camarilla,MIS,2026-06-22 11:00:00,2026-06-22 12:00:00,3860.5,3832.6785714285706,7,-194.75,-223.28,-0.61,trailing_stop
PNB,camarilla,MIS,2026-06-22 11:00:00,2026-06-22 14:25:00,109.28,109.419,274,38.09,6.31,0.16,target_hit
SHRIRAMFIN,camarilla,MIS,2026-06-22 11:00:00,2026-06-22 11:35:00,994.05,993.43,30,18.6,-13.01,0.05,target_hit
ADANIGREEN,camarilla,MIS,2026-06-22 11:05:00,2026-06-22 11:10:00,1512.5,1521.045,19,162.36,131.78,0.38,target_hit
IDFCFIRSTB,camarilla,MIS,2026-06-22 11:05:00,2026-06-22 11:10:00,79.39,79.4445,377,20.55,-11.21,0.06,target_hit
ALKEM,camarilla,MIS,2026-06-22 11:10:00,2026-06-22 15:15:00,5349.0,5372.5,5,-117.5,-145.94,-0.67,forced_close
APOLLOHOSP,camarilla,MIS,2026-06-22 11:10:00,2026-06-22 14:50:00,8445.5,8469.857142857143,3,-73.07,-99.99,-0.47,trailing_stop
ASTRAL,camarilla,MIS,2026-06-22 11:10:00,2026-06-22 13:40:00,1560.8,1563.2749999999999,19,47.02,15.55,0.18,target_hit
JSWENERGY,camarilla,MIS,2026-06-22 11:10:00,2026-06-22 11:25:00,576.2,579.12,52,151.84,119.97,0.36,target_hit
MOTILALOFS,camarilla,MIS,2026-06-22 11:10:00,2026-06-22 11:30:00,945.65,943.33,31,71.92,40.88,0.29,target_hit
TCS,camarilla,MIS,2026-06-22 11:10:00,2026-06-22 12:40:00,2152.7,2142.285714285714,13,-135.39,-164.98,-0.44,trailing_stop
GLENMARK,camarilla,MIS,2026-06-22 11:15:00,2026-06-22 13:40:00,2177.5,2186.9928571428572,13,-123.41,-153.5,-0.5,trailing_stop
GODFRYPHLP,camarilla,MIS,2026-06-22 11:15:00,2026-06-22 13:05:00,2293.4,2281.8357142857144,13,-150.34,-181.86,-0.68,trailing_stop
MARUTI,camarilla,MIS,2026-06-22 11:15:00,2026-06-22 11:30:00,13459,13479.7,2,41.4,12.83,0.23,target_hit
PIIND,camarilla,MIS,2026-06-22 11:15:00,2026-06-22 11:20:00,2825.1,2838.91,10,138.1,108.05,0.51,target_hit
CGPOWER,camarilla,MIS,2026-06-22 11:20:00,2026-06-22 14:50:00,958.85,962.0178571428571,31,-98.2,-129.79,-0.31,trailing_stop
MARICO,camarilla,MIS,2026-06-22 11:20:00,2026-06-22 14:40:00,810.45,814.6892857142857,37,-156.85,-188.75,-0.72,trailing_stop
POWERGRID,camarilla,MIS,2026-06-22 11:20:00,2026-06-22 11:50:00,290.7,289.3625,103,137.76,106.1,0.62,target_hit
AXISBANK,camarilla,MIS,2026-06-22 11:25:00,2026-06-22 14:15:00,1363.8,1357.3428571428572,21,-135.6,-165.88,-0.69,trailing_stop
GODREJCP,camarilla,MIS,2026-06-22 11:25:00,2026-06-22 11:35:00,1009.9,1011.545,29,47.7,16.62,0.17,target_hit
CONCOR,camarilla,MIS,2026-06-22 11:30:00,2026-06-22 15:15:00,474.75,473.0,63,-110.25,-141.9,-0.47,forced_close
GMRAIRPORT,camarilla,MIS,2026-06-22 11:30:00,2026-06-22 11:40:00,107.78,107.6695,278,30.72,-1.04,0.21,target_hit
RADICO,camarilla,MIS,2026-06-22 11:30:00,2026-06-22 13:35:00,3797.0,3753.4857142857136,7,-304.6,-332.59,-1.32,trailing_stop
INDUSINDBK,camarilla,MIS,2026-06-22 11:35:00,2026-06-22 11:40:00,936.85,936.8075000000001,32,1.36,-30.43,0.01,target_hit
JINDALSTEL,camarilla,MIS,2026-06-22 11:35:00,2026-06-22 13:00:00,1145.7,1138.7142857142858,26,-181.63,-213.1,-0.76,trailing_stop
NMDC,camarilla,MIS,2026-06-22 11:35:00,2026-06-22 11:40:00,88.97,89.0635,337,31.51,-0.31,0.16,target_hit
ABB,camarilla,MIS,2026-06-22 11:40:00,2026-06-22 15:00:00,7204.0,7253.75,4,-199.0,-229.69,-0.92,trailing_stop
BPCL,camarilla,MIS,2026-06-22 11:40:00,2026-06-22 12:45:00,309.55,307.0678571428571,96,-238.29,-269.65,-1.28,trailing_stop
GRASIM,camarilla,MIS,2026-06-22 11:40:00,2026-06-22 12:15:00,3160.0,3169.85,9,88.65,58.43,0.46,target_hit
TECHM,camarilla,MIS,2026-06-22 11:40:00,2026-06-22 12:25:00,1404.6,1392.7857142857144,21,-248.1,-279.22,-0.88,trailing_stop
BIOCON,camarilla,MIS,2026-06-22 11:45:00,2026-06-22 11:50:00,418.3,418.58,71,19.88,-11.63,0.09,target_hit
IRCTC,camarilla,MIS,2026-06-22 11:45:00,2026-06-22 12:00:00,521.85,522.5425,57,39.47,7.9,0.25,target_hit
JSWSTEEL,camarilla,MIS,2026-06-22 11:45:00,2026-06-22 13:25:00,1295.7,1286.5142857142855,23,-211.27,-242.74,-0.94,trailing_stop
PATANJALI,camarilla,MIS,2026-06-22 11:45:00,2026-06-22 11:55:00,419.5,419.005,71,35.15,3.58,0.14,target_hit
COALINDIA,camarilla,MIS,2026-06-22 11:50:00,2026-06-22 15:15:00,448.8,448.9,66,-6.6,-38.02,-0.04,forced_close
COROMANDEL,camarilla,MIS,2026-06-22 11:50:00,2026-06-22 13:40:00,1995.4,1994.5357142857142,15,12.96,-18.77,0.04,trailing_stop
DLF,camarilla,MIS,2026-06-22 11:50:00,2026-06-22 13:35:00,630.05,627.2535714285716,47,-131.43,-162.75,-0.46,trailing_stop
HDFCLIFE,camarilla,MIS,2026-06-22 11:55:00,2026-06-22 12:15:00,595.8,597.075,50,63.75,32.12,0.24,target_hit
PREMIERENE,camarilla,MIS,2026-06-22 11:55:00,2026-06-22 13:15:00,1064.8,1058.975,28,163.1,131.59,0.39,target_hit
WAAREEENER,camarilla,MIS,2026-06-22 11:55:00,2026-06-22 13:35:00,3089.7,3073.205,9,148.45,119.06,0.53,target_hit
BANKINDIA,camarilla,MIS,2026-06-22 12:00:00,2026-06-22 12:35:00,145.73,145.393,205,69.08,37.45,0.45,target_hit
HEROMOTOCO,camarilla,MIS,2026-06-22 12:00:00,2026-06-22 13:20:00,5002.8,5022.3099999999995,5,97.55,70.96,0.51,target_hit
YESBANK,camarilla,MIS,2026-06-22 12:00:00,2026-06-22 12:35:00,25.28,25.217499999999998,1186,74.13,42.38,0.25,target_hit
EICHERMOT,camarilla,MIS,2026-06-22 12:10:00,2026-06-22 12:30:00,7694.5,7697.35,3,8.55,-15.93,0.05,target_hit
FORTIS,camarilla,MIS,2026-06-22 12:10:00,2026-06-22 12:25:00,968.6,970.595,30,59.85,29.0,0.23,target_hit
LAURUSLABS,camarilla,MIS,2026-06-22 12:15:00,2026-06-22 15:15:00,1432.5,1435.6,20,62.0,31.58,0.25,forced_close
ONGC,camarilla,MIS,2026-06-22 12:15:00,2026-06-22 15:15:00,244.8,245.45,122,-79.3,-111.02,-0.32,forced_close
SAIL,camarilla,MIS,2026-06-22 12:15:00,2026-06-22 12:55:00,178.45,177.0085,168,242.17,210.54,1.09,target_hit
BHARATFORG,camarilla,MIS,2026-06-22 12:20:00,2026-06-22 12:30:00,2059.8,2063.18,14,47.32,16.71,0.21,target_hit
BRITANNIA,camarilla,MIS,2026-06-22 12:20:00,2026-06-22 15:15:00,5213.0,5217.0,5,20.0,-7.65,0.13,forced_close
MPHASIS,camarilla,MIS,2026-06-22 12:20:00,2026-06-22 13:35:00,2244.1,2229.285714285714,13,-192.59,-223.4,-0.72,trailing_stop
DIXON,camarilla,MIS,2026-06-22 12:25:00,2026-06-22 12:30:00,12386,12380.05,2,11.9,-14.36,0.05,target_hit
SBILIFE,camarilla,MIS,2026-06-22 12:25:00,2026-06-22 13:55:00,1810.7,1802.7142857142856,16,-127.77,-158.41,-0.73,trailing_stop
TATASTEEL,camarilla,MIS,2026-06-22 12:25:00,2026-06-22 15:10:00,199.99,199.0,150,-148.5,-180.22,-1.07,trailing_stop
TORNTPHARM,camarilla,MIS,2026-06-22 12:25:00,2026-06-22 13:40:00,4452.5,4469.345,6,101.07,72.68,0.47,target_hit
BEL,camarilla,MIS,2026-06-22 12:30:00,2026-06-22 14:35:00,429.3,430.7775,69,101.95,70.47,0.5,target_hit
HDFCAMC,camarilla,MIS,2026-06-22 12:30:00,2026-06-22 12:50:00,2705.0,2694.6349999999998,11,114.02,82.53,0.3,target_hit
PHOENIXLTD,camarilla,MIS,2026-06-22 12:30:00,2026-06-22 13:25:00,1861.9,1882.4214285714284,16,-328.34,-360.14,-1.74,trailing_stop
TIINDIA,camarilla,MIS,2026-06-22 12:40:00,2026-06-22 12:55:00,3312.6,3326.85,9,128.25,96.55,0.47,target_hit
INDHOTEL,camarilla,MIS,2026-06-22 12:45:00,2026-06-22 15:15:00,731.2,732.65,41,59.45,27.62,0.29,forced_close
UNITDSPR,camarilla,MIS,2026-06-22 12:45:00,2026-06-22 13:05:00,1339.3,1340.52,22,26.84,-4.42,0.12,target_hit
ENRIN,camarilla,MIS,2026-06-22 12:50:00,2026-06-22 13:20:00,3802.8,3781.65,7,148.05,119.92,0.67,target_hit
HINDZINC,camarilla,MIS,2026-06-22 12:50:00,2026-06-22 14:40:00,568.75,570.5625,52,94.25,62.83,0.3,target_hit
OFSS,camarilla,MIS,2026-06-22 12:50:00,2026-06-22 15:00:00,9815.5,9749.142857142857,3,-199.07,-230.17,-0.61,trailing_stop
HAL,camarilla,MIS,2026-06-22 12:55:00,2026-06-22 14:25:00,4425.2,4435.545000000001,6,62.07,33.87,0.44,target_hit
SBIN,camarilla,MIS,2026-06-22 13:00:00,2026-06-22 15:05:00,1039.75,1042.085,28,65.38,34.47,0.43,target_hit
TATACONSUM,camarilla,MIS,2026-06-22 13:00:00,2026-06-22 14:25:00,1107.1,1111.7357142857143,27,-125.16,-156.94,-0.79,trailing_stop
APLAPOLLO,camarilla,MIS,2026-06-22 13:05:00,2026-06-22 13:45:00,1861.6,1853.7799999999997,16,125.12,93.61,0.71,target_hit
LT,camarilla,MIS,2026-06-22 13:05:00,2026-06-22 15:15:00,4191.5,4200.0,7,-59.5,-90.65,-0.38,forced_close
NESTLEIND,camarilla,MIS,2026-06-22 13:05:00,2026-06-22 13:20:00,1406.5,1400.5,21,126.0,94.76,0.5,target_hit
ITC,camarilla,MIS,2026-06-22 13:10:00,2026-06-22 15:15:00,290.3,290.85,103,-56.65,-88.39,-0.39,forced_close
SIEMENS,camarilla,MIS,2026-06-22 13:10:00,2026-06-22 14:45:00,3730.5,3750.6785714285716,8,-161.43,-193.18,-0.65,trailing_stop
KOTAKBANK,camarilla,MIS,2026-06-22 13:15:00,2026-06-22 14:25:00,401.0,402.3025,74,96.39,64.86,0.62,target_hit
AUROPHARMA,camarilla,MIS,2026-06-22 13:25:00,2026-06-22 14:20:00,1480.0,1493.6785714285716,20,-273.57,-305.14,-1.17,trailing_stop
HINDUNILVR,camarilla,MIS,2026-06-22 13:25:00,2026-06-22 15:15:00,2184.4,2184.1,13,3.9,-26.21,0.03,forced_close
TVSMOTOR,camarilla,MIS,2026-06-22 13:25:00,2026-06-22 14:15:00,3466.3,3468.475,8,17.4,-12.02,0.1,target_hit
INDIGO,camarilla,MIS,2026-06-22 13:30:00,2026-06-22 15:15:00,5051.0,5007.614285714286,5,-216.93,-243.57,-1.55,trailing_stop
COCHINSHIP,camarilla,MIS,2026-06-22 13:35:00,2026-06-22 13:45:00,1446.7,1442.545,20,83.1,52.47,0.11,target_hit
HDFCBANK,camarilla,MIS,2026-06-22 13:35:00,2026-06-22 13:50:00,786.5,786.8675,38,13.96,-17.74,0.11,target_hit
OIL,camarilla,MIS,2026-06-22 13:35:00,2026-06-22 14:10:00,420.35,420.87249999999995,71,37.1,5.42,0.21,target_hit
AUBANK,camarilla,MIS,2026-06-22 13:55:00,2026-06-22 15:15:00,1040.1,1040.75,28,18.2,-12.69,0.07,forced_close
OBEROIRLTY,camarilla,MIS,2026-06-22 13:55:00,2026-06-22 14:50:00,1691.4,1699.23,17,133.11,102.53,1.04,target_hit
CANBK,camarilla,MIS,2026-06-22 14:05:00,2026-06-22 15:00:00,134.39,134.7575,223,81.95,50.12,0.31,target_hit
TATAELXSI,camarilla,MIS,2026-06-22 14:10:00,2026-06-22 15:15:00,4115.0,4114.9,7,-0.7,-31.25,-0.0,forced_close
INDUSTOWER,camarilla,MIS,2026-06-22 14:15:00,2026-06-22 14:45:00,413.95,415.765,72,130.68,98.99,0.73,target_hit
ADANIENSOL,camarilla,MIS,2026-06-22 14:20:00,2026-06-22 15:00:00,1524.7,1531.105,19,121.69,90.9,0.46,target_hit
ADANIENT,camarilla,MIS,2026-06-22 14:20:00,2026-06-22 14:25:00,3050.7,3061.94,9,101.16,71.98,0.38,target_hit
ZYDUSLIFE,camarilla,MIS,2026-06-22 14:20:00,2026-06-22 15:00:00,1076.3,1080.7,27,118.8,87.91,0.74,target_hit
AMBUJACEM,camarilla,MIS,2026-06-22 14:25:00,2026-06-22 15:15:00,428.55,427.7,70,-59.5,-91.27,-0.21,forced_close
IOC,camarilla,MIS,2026-06-22 14:25:00,2026-06-22 15:15:00,144.35,144.42,207,14.49,-17.21,0.09,forced_close
BAJFINANCE,camarilla,MIS,2026-06-22 14:35:00,2026-06-22 15:15:00,967.0,969.35,31,72.85,41.01,0.43,forced_close
BDL,camarilla,MIS,2026-06-22 14:35:00,2026-06-22 15:15:00,1398.3,1409.1,21,226.8,195.52,0.41,forced_close
GODREJPROP,camarilla,MIS,2026-06-22 14:35:00,2026-06-22 14:40:00,1807.0,1808.275,16,20.4,-10.27,0.1,target_hit
LTF,camarilla,MIS,2026-06-22 14:35:00,2026-06-22 15:15:00,288.8,288.8,103,0.0,-31.54,0.0,forced_close
MAZDOCK,camarilla,MIS,2026-06-22 14:35:00,2026-06-22 15:00:00,2533.0,2544.0,11,121.0,91.38,0.47,target_hit
PIDILITIND,camarilla,MIS,2026-06-22 14:35:00,2026-06-22 14:40:00,1563.5,1563.4,19,1.9,-29.6,0.01,target_hit
ATGL,camarilla,MIS,2026-06-22 14:45:00,2026-06-22 15:15:00,735.85,734.05,40,-72.0,-103.17,-0.15,forced_close
BAJAJHLDNG,camarilla,MIS,2026-06-22 14:45:00,2026-06-22 15:00:00,10808,10821.1,2,26.2,3.26,0.15,target_hit
DIVISLAB,camarilla,MIS,2026-06-22 14:45:00,2026-06-22 14:50:00,6781.5,6786.175,4,18.7,-10.08,0.1,target_hit
SOLARINDS,camarilla,MIS,2026-06-22 14:45:00,2026-06-22 15:00:00,18267,18427.65,1,160.65,141.18,0.84,target_hit
UNIONBANK,camarilla,MIS,2026-06-22 14:55:00,2026-06-22 15:15:00,171.33,171.55,175,38.5,6.68,0.17,forced_close
ADANIPOWER,camarilla,MIS,2026-06-22 15:00:00,2026-06-22 15:15:00,234.09,233.7,128,-49.92,-81.66,-0.12,forced_close
BAJAJFINSV,camarilla,MIS,2026-06-22 15:00:00,2026-06-22 15:05:00,1780.1,1781.5,16,22.4,-7.82,0.1,target_hit
COLPAL,camarilla,MIS,2026-06-22 15:00:00,2026-06-22 15:15:00,1985.7,1981.6,15,61.5,29.95,0.23,forced_close
NYKAA,camarilla,MIS,2026-06-22 15:00:00,2026-06-22 15:15:00,304.1,304.55,98,44.1,12.47,0.16,forced_close
TITAN,camarilla,MIS,2026-06-22 15:00:00,2026-06-22 15:05:00,4378.4,4374.965,6,20.61,-7.24,0.11,target_hit
TRENT,camarilla,MIS,2026-06-22 15:00:00,2026-06-22 15:15:00,3179.1,3180.8,9,-15.3,-45.65,-0.06,forced_close
JIOFIN,camarilla,MIS,2026-06-22 15:05:00,2026-06-22 15:15:00,243.11,243.4,123,-35.67,-67.4,-0.2,forced_close
MFSL,camarilla,MIS,2026-06-22 15:10:00,2026-06-22 15:15:00,1691.3,1688.4,17,-49.3,-79.76,-0.16,forced_close
UPL,camarilla,MIS,2026-06-22 15:10:00,2026-06-22 15:15:00,605.55,604.75,49,39.2,7.76,0.2,forced_close
360ONE,camarilla,MIS,2026-06-22 15:15:00,2026-06-22 15:20:00,1138.9,1138.1,26,20.8,-10.59,0.09,forced_close
KALYANKJIL,camarilla,MIS,2026-06-22 15:15:00,2026-06-22 15:20:00,380.1,380.45,78,-27.3,-58.76,-0.1,forced_close
SRF,camarilla,MIS,2026-06-22 15:15:00,2026-06-22 15:20:00,2721.5,2721.9,11,4.4,-27.35,0.02,forced_close
ASHOKLEY,camarilla,MIS,2026-06-22 15:20:00,2026-06-22 15:25:00,157.5,157.54,190,7.6,-24.14,0.03,forced_close
IDEA,camarilla,MIS,2026-06-22 15:20:00,2026-06-22 15:25:00,14.81,14.79,2025,40.5,8.72,0.14,forced_close
POLYCAB,camarilla,MIS,2026-06-22 15:25:00,2026-06-22 15:25:00,10001.0,10001.0,2,-0.0,-21.21,-0.0,eod_data_end
ADANIPORTS,camarilla,MIS,2026-06-23 10:55:00,2026-06-23 11:25:00,1816.3,1811.415,16,78.16,47.39,0.32,target_hit
CUMMINSIND,camarilla,MIS,2026-06-23 10:55:00,2026-06-23 11:55:00,5831.0,5780.5,5,-252.5,-283.26,-0.77,trailing_stop
KOTAKBANK,camarilla,MIS,2026-06-23 10:55:00,2026-06-23 11:05:00,403.6,404.5425,74,69.74,38.03,0.29,target_hit
DIXON,camarilla,MIS,2026-06-23 11:00:00,2026-06-23 11:10:00,12129,12122.6,2,12.8,-12.92,0.04,target_hit
ETERNAL,camarilla,MIS,2026-06-23 11:00:00,2026-06-23 11:10:00,265.5,266.2625,112,85.4,53.81,0.36,target_hit
IDFCFIRSTB,camarilla,MIS,2026-06-23 11:00:00,2026-06-23 11:45:00,79.46,79.0235,377,164.56,132.9,0.59,target_hit
KPITTECH,camarilla,MIS,2026-06-23 11:00:00,2026-06-23 11:05:00,748.0,746.5274999999999,40,58.9,27.21,0.16,target_hit
LT,camarilla,MIS,2026-06-23 11:00:00,2026-06-23 11:05:00,4225.0,4226.27,7,8.89,-22.48,0.05,target_hit
AUBANK,camarilla,MIS,2026-06-23 11:05:00,2026-06-23 11:55:00,1037.15,1029.7875,28,206.15,175.49,0.79,target_hit
BAJFINANCE,camarilla,MIS,2026-06-23 11:05:00,2026-06-23 11:15:00,974.15,974.57,30,12.6,-18.4,0.06,target_hit
COFORGE,camarilla,MIS,2026-06-23 11:05:00,2026-06-23 14:55:00,1474.5,1485.2285714285715,20,-214.57,-245.98,-0.6,trailing_stop
ULTRACEMCO,camarilla,MIS,2026-06-23 11:05:00,2026-06-23 11:50:00,11142,11118.45,2,47.1,23.5,0.4,target_hit
TMPV,camarilla,MIS,2026-06-23 11:10:00,2026-06-23 11:40:00,356.75,355.725,84,86.1,54.38,0.37,target_hit
NYKAA,camarilla,MIS,2026-06-23 11:15:00,2026-06-23 12:25:00,307.05,303.85357142857146,97,-310.05,-341.44,-0.72,trailing_stop
ATGL,camarilla,MIS,2026-06-23 11:20:00,2026-06-23 11:45:00,724.3,722.2624999999999,41,83.54,52.1,0.25,target_hit
HEROMOTOCO,camarilla,MIS,2026-06-23 11:20:00,2026-06-23 13:00:00,5005.7,4968.528571428572,5,-185.86,-212.28,-0.72,trailing_stop
TVSMOTOR,camarilla,MIS,2026-06-23 11:20:00,2026-06-23 12:05:00,3511.5,3483.0357142857147,8,-227.71,-257.36,-0.85,trailing_stop
MFSL,camarilla,MIS,2026-06-23 11:25:00,2026-06-23 11:40:00,1706.1,1707.995,17,32.21,1.44,0.13,target_hit
BEL,camarilla,MIS,2026-06-23 11:30:00,2026-06-23 11:45:00,428.85,427.8975,69,65.72,34.39,0.25,target_hit
JIOFIN,camarilla,MIS,2026-06-23 11:30:00,2026-06-23 11:45:00,241.95,241.51549999999997,123,53.44,21.92,0.25,target_hit
JSWENERGY,camarilla,MIS,2026-06-23 11:30:00,2026-06-23 11:35:00,572.55,572.4524999999999,52,5.07,-26.5,0.02,target_hit
JSWSTEEL,camarilla,MIS,2026-06-23 11:30:00,2026-06-23 11:35:00,1270.9,1270.355,23,12.54,-18.45,0.05,target_hit
MOTHERSON,camarilla,MIS,2026-06-23 11:30:00,2026-06-23 11:35:00,144.2,144.112,208,18.3,-13.49,0.08,target_hit
NTPC,camarilla,MIS,2026-06-23 11:30:00,2026-06-23 11:35:00,365.0,364.6025,82,32.59,0.88,0.14,target_hit
BHARATFORG,camarilla,MIS,2026-06-23 11:35:00,2026-06-23 14:50:00,2141.7,2143.3450000000003,14,23.03,-8.78,0.06,target_hit
HAVELLS,camarilla,MIS,2026-06-23 11:35:00,2026-06-23 11:50:00,1190.0,1181.742857142857,25,-206.43,-237.84,-1.37,trailing_stop
HUDCO,camarilla,MIS,2026-06-23 11:35:00,2026-06-23 11:55:00,209.83,208.6005,142,174.59,143.1,0.69,target_hit
360ONE,camarilla,MIS,2026-06-23 11:40:00,2026-06-23 11:45:00,1129.5,1127.595,26,49.53,18.42,0.16,target_hit
ASTRAL,camarilla,MIS,2026-06-23 11:40:00,2026-06-23 11:45:00,1552.3,1547.46,19,91.96,60.74,0.3,target_hit
CGPOWER,camarilla,MIS,2026-06-23 11:40:00,2026-06-23 11:45:00,958.2,954.3824999999999,31,118.34,86.92,0.45,target_hit
DMART,camarilla,MIS,2026-06-23 11:40:00,2026-06-23 11:45:00,4353.2,4356.2300000000005,6,18.18,-9.53,0.14,target_hit
HDFCAMC,camarilla,MIS,2026-06-23 11:40:00,2026-06-23 12:25:00,2711.7,2719.71,11,88.11,56.42,0.3,target_hit
IDEA,camarilla,MIS,2026-06-23 11:40:00,2026-06-23 11:55:00,14.73,14.666,2036,130.3,98.58,0.45,target_hit
IRCTC,camarilla,MIS,2026-06-23 11:40:00,2026-06-23 11:55:00,518.6,517.8725000000001,57,41.47,10.15,0.26,target_hit
IREDA,camarilla,MIS,2026-06-23 11:40:00,2026-06-23 11:55:00,128.93,127.9405,232,229.56,197.99,0.91,target_hit
MOTILALOFS,camarilla,MIS,2026-06-23 11:40:00,2026-06-23 12:00:00,942.3,936.3149999999999,31,185.54,154.68,0.69,target_hit
PFC,camarilla,MIS,2026-06-23 11:40:00,2026-06-23 11:55:00,434.7,433.1125,69,109.54,77.8,0.46,target_hit
POWERGRID,camarilla,MIS,2026-06-23 11:40:00,2026-06-23 14:10:00,291.3,291.9775,102,69.11,37.55,0.4,target_hit
SAIL,camarilla,MIS,2026-06-23 11:40:00,2026-06-23 12:20:00,171.95,170.208,174,303.11,271.57,0.74,target_hit
YESBANK,camarilla,MIS,2026-06-23 11:40:00,2026-06-23 13:00:00,24.75,24.613500000000002,1212,165.44,133.73,0.78,target_hit
BAJAJ-AUTO,camarilla,MIS,2026-06-23 11:45:00,2026-06-23 12:10:00,10141.0,10092.0,2,98.0,76.55,0.63,target_hit
GRASIM,camarilla,MIS,2026-06-23 11:45:00,2026-06-23 11:50:00,3147.3,3146.6549999999997,9,5.81,-24.23,0.03,target_hit
HYUNDAI,camarilla,MIS,2026-06-23 11:45:00,2026-06-23 11:55:00,1974.0,1971.5200000000002,15,37.2,5.82,0.2,target_hit
INDUSINDBK,camarilla,MIS,2026-06-23 11:45:00,2026-06-23 15:15:00,910.5,905.0,32,176.0,145.22,0.8,forced_close
RADICO,camarilla,MIS,2026-06-23 11:45:00,2026-06-23 11:55:00,3745.7,3742.19,8,28.08,-3.68,0.12,target_hit
RECLTD,camarilla,MIS,2026-06-23 11:45:00,2026-06-23 15:15:00,364.45,361.38000000000005,82,251.74,220.21,1.04,target_hit
ENRIN,camarilla,MIS,2026-06-23 11:50:00,2026-06-23 12:25:00,3825.2,3800.3599999999997,7,173.88,145.6,0.55,target_hit
SBILIFE,camarilla,MIS,2026-06-23 11:50:00,2026-06-23 12:30:00,1796.3,1791.8049999999998,16,71.92,41.49,0.26,target_hit
SHREECEM,camarilla,MIS,2026-06-23 11:50:00,2026-06-23 14:25:00,24865,25062.5,1,-197.5,-223.99,-0.71,trailing_stop
MAZDOCK,camarilla,MIS,2026-06-23 11:55:00,2026-06-23 13:15:00,2524.1,2509.305,11,162.75,133.41,0.58,target_hit
OFSS,camarilla,MIS,2026-06-23 11:55:00,2026-06-23 12:00:00,9814.0,9831.325,3,51.98,20.72,0.2,target_hit
CHOLAFIN,camarilla,MIS,2026-06-23 12:00:00,2026-06-23 12:05:00,1734.8,1734.9699999999998,17,2.89,-28.39,0.01,target_hit
PREMIERENE,camarilla,MIS,2026-06-23 12:00:00,2026-06-23 13:15:00,1052.6,1044.87,28,216.44,185.32,0.68,target_hit
SOLARINDS,camarilla,MIS,2026-06-23 12:00:00,2026-06-23 13:15:00,18230,18092.3,1,137.7,118.46,0.7,target_hit
INDIGO,camarilla,MIS,2026-06-23 12:05:00,2026-06-23 12:25:00,4992.9,4971.05,6,131.1,99.42,0.59,target_hit
MAXHEALTH,camarilla,MIS,2026-06-23 12:05:00,2026-06-23 13:35:00,1088.1,1081.1899999999998,27,186.57,155.53,0.49,target_hit
TATAELXSI,camarilla,MIS,2026-06-23 12:10:00,2026-06-23 12:40:00,4086.3,4085.82,7,3.36,-26.97,0.02,target_hit
COALINDIA,camarilla,MIS,2026-06-23 12:15:00,2026-06-23 12:55:00,446.6,445.37,67,82.41,50.73,0.37,target_hit
JUBLFOOD,camarilla,MIS,2026-06-23 12:20:00,2026-06-23 14:25:00,427.25,424.875,70,166.25,134.64,0.55,target_hit
MARICO,camarilla,MIS,2026-06-23 12:20:00,2026-06-23 14:20:00,817.75,819.1875,36,51.75,20.5,0.21,target_hit
TATACOMM,camarilla,MIS,2026-06-23 12:25:00,2026-06-23 13:00:00,2020.2,1990.9149999999997,14,409.99,380.26,1.29,target_hit
PATANJALI,camarilla,MIS,2026-06-23 12:40:00,2026-06-23 12:45:00,414.25,413.685,72,40.68,9.08,0.13,target_hit
PERSISTENT,camarilla,MIS,2026-06-23 12:45:00,2026-06-23 15:15:00,4830.0,4833.0,6,-18.0,-48.74,-0.06,forced_close
APLAPOLLO,camarilla,MIS,2026-06-23 12:50:00,2026-06-23 13:00:00,1841.7,1837.6850000000002,16,64.24,33.03,0.26,target_hit
DIVISLAB,camarilla,MIS,2026-06-23 12:50:00,2026-06-23 13:00:00,6747.5,6740.75,4,27.0,-1.6,0.11,target_hit
POLICYBZR,camarilla,MIS,2026-06-23 12:50:00,2026-06-23 13:25:00,1639.1,1632.445,18,119.79,88.58,0.31,target_hit
DABUR,camarilla,MIS,2026-06-23 12:55:00,2026-06-23 15:00:00,420.05,419.665,71,27.33,-4.27,0.15,target_hit
GVT&D,camarilla,MIS,2026-06-23 13:00:00,2026-06-23 13:05:00,5440.5,5426.3,5,71.0,42.2,0.14,target_hit
ITC,camarilla,MIS,2026-06-23 13:00:00,2026-06-23 15:15:00,289.8,290.05,103,-25.75,-57.42,-0.14,forced_close
M&M,camarilla,MIS,2026-06-23 13:00:00,2026-06-23 15:00:00,3046.1,3036.8900000000003,9,82.89,53.87,0.3,target_hit
SUPREMEIND,camarilla,MIS,2026-06-23 13:00:00,2026-06-23 13:10:00,3551.6,3549.75,8,14.8,-15.32,0.05,target_hit
ABCAPITAL,camarilla,MIS,2026-06-23 13:10:00,2026-06-23 15:15:00,385.7,383.6,77,161.7,130.31,0.55,forced_close
FORTIS,camarilla,MIS,2026-06-23 13:10:00,2026-06-23 14:55:00,968.35,976.4785714285714,30,-243.86,-274.82,-0.77,trailing_stop
TATACONSUM,camarilla,MIS,2026-06-23 13:10:00,2026-06-23 13:15:00,1106.9,1106.1350000000002,27,20.65,-11.02,0.08,target_hit
WAAREEENER,camarilla,MIS,2026-06-23 13:15:00,2026-06-23 15:15:00,3033.1,3033.7,9,-5.4,-34.35,-0.02,forced_close
HINDPETRO,camarilla,MIS,2026-06-23 13:25:00,2026-06-23 13:40:00,396.75,397.2375,75,36.56,4.98,0.11,target_hit
HAL,camarilla,MIS,2026-06-23 13:30:00,2026-06-23 14:40:00,4456.8,4506.771428571428,6,-299.83,-328.38,-1.08,trailing_stop
RELIANCE,camarilla,MIS,2026-06-23 13:30:00,2026-06-23 15:10:00,1317.3,1309.56,22,170.28,139.66,1.22,target_hit
VOLTAS,camarilla,MIS,2026-06-23 13:30:00,2026-06-23 15:15:00,1320.2,1326.0,22,-127.6,-158.48,-0.35,forced_close
KALYANKJIL,camarilla,MIS,2026-06-23 13:45:00,2026-06-23 14:45:00,378.65,376.70000000000005,79,154.05,122.43,0.45,target_hit
BAJAJFINSV,camarilla,MIS,2026-06-23 13:50:00,2026-06-23 15:00:00,1771.5,1768.285,16,51.44,21.42,0.2,target_hit
GMRAIRPORT,camarilla,MIS,2026-06-23 13:55:00,2026-06-23 15:15:00,107.49,107.25,279,66.96,35.2,0.25,forced_close
VBL,camarilla,MIS,2026-06-23 13:55:00,2026-06-23 15:15:00,504.7,503.8,59,53.1,21.56,0.15,forced_close
LTF,camarilla,MIS,2026-06-23 14:05:00,2026-06-23 14:10:00,286.95,286.7475,104,21.06,-10.57,0.08,target_hit
TITAN,camarilla,MIS,2026-06-23 14:15:00,2026-06-23 14:25:00,4343.0,4338.675,6,25.95,-1.67,0.14,target_hit
TRENT,camarilla,MIS,2026-06-23 14:15:00,2026-06-23 15:00:00,3155.8,3141.66,9,127.26,97.22,0.36,target_hit
HDFCLIFE,camarilla,MIS,2026-06-23 14:20:00,2026-06-23 14:30:00,600.0,601.11,50,55.5,23.65,0.18,target_hit
BHARTIARTL,camarilla,MIS,2026-06-23 14:35:00,2026-06-23 15:00:00,1907.9,1903.675,15,63.38,33.07,0.33,target_hit
ICICIGI,camarilla,MIS,2026-06-23 14:40:00,2026-06-23 14:45:00,1842.5,1839.025,16,55.6,24.37,0.18,target_hit
ADANIGREEN,camarilla,MIS,2026-06-23 14:45:00,2026-06-23 15:00:00,1518.4,1514.4250000000002,19,75.52,44.98,0.15,target_hit
ICICIBANK,camarilla,MIS,2026-06-23 14:45:00,2026-06-23 15:00:00,1348.0,1344.535,22,76.23,44.83,0.44,target_hit
BPCL,camarilla,MIS,2026-06-23 14:55:00,2026-06-23 15:15:00,310.25,308.0,96,-216.0,-247.45,-0.91,forced_close
BDL,camarilla,MIS,2026-06-23 15:00:00,2026-06-23 15:15:00,1393.6,1389.8,21,79.8,48.82,0.15,forced_close
EICHERMOT,camarilla,MIS,2026-06-23 15:00:00,2026-06-23 15:05:00,7584.0,7581.475,3,7.57,-16.55,0.03,target_hit
EXIDEIND,camarilla,MIS,2026-06-23 15:00:00,2026-06-23 15:15:00,378.8,378.75,79,3.95,-27.78,0.01,forced_close
IOC,camarilla,MIS,2026-06-23 15:00:00,2026-06-23 15:05:00,143.38,143.3405,209,8.26,-23.52,0.03,target_hit
NESTLEIND,camarilla,MIS,2026-06-23 15:00:00,2026-06-23 15:15:00,1391.5,1392.2,21,-14.7,-45.7,-0.05,forced_close
ONGC,camarilla,MIS,2026-06-23 15:00:00,2026-06-23 15:15:00,244.1,244.4,122,-36.6,-68.2,-0.22,forced_close
PHOENIXLTD,camarilla,MIS,2026-06-23 15:00:00,2026-06-23 15:05:00,1853.1,1852.345,16,12.08,-19.35,0.05,target_hit
GODREJPROP,camarilla,MIS,2026-06-23 15:05:00,2026-06-23 15:15:00,1788.9,1788.8,16,1.6,-28.75,0.0,forced_close
MARUTI,camarilla,MIS,2026-06-23 15:05:00,2026-06-23 15:15:00,13460,13464,2,8,-20.55,0.02,forced_close
ADANIPOWER,camarilla,MIS,2026-06-23 15:15:00,2026-06-23 15:20:00,230.87,230.8265,129,5.61,-25.97,0.01,target_hit
GLENMARK,camarilla,MIS,2026-06-23 15:25:00,2026-06-23 15:25:00,2175.0,2175.0,13,-0.0,-29.98,-0.0,eod_data_end
ASHOKLEY,camarilla,MIS,2026-06-24 10:55:00,2026-06-24 11:45:00,154.74,155.2495,193,98.33,66.6,0.17,target_hit
BHEL,camarilla,MIS,2026-06-24 11:00:00,2026-06-24 13:25:00,406.7,401.47142857142853,73,-381.69,-412.93,-0.79,trailing_stop
HDFCAMC,camarilla,MIS,2026-06-24 11:00:00,2026-06-24 13:40:00,2659.6,2642.05,11,193.05,162.15,0.59,target_hit
M&MFIN,camarilla,MIS,2026-06-24 11:00:00,2026-06-24 11:05:00,287.65,288.6725,104,106.34,74.55,0.28,target_hit
SHRIRAMFIN,camarilla,MIS,2026-06-24 11:00:00,2026-06-24 12:15:00,1000.0,1006.11,30,183.3,151.37,0.42,target_hit
SIEMENS,camarilla,MIS,2026-06-24 11:00:00,2026-06-24 11:05:00,3603.0,3601.3650000000002,8,13.08,-17.48,0.03,target_hit
ABCAPITAL,camarilla,MIS,2026-06-24 11:05:00,2026-06-24 12:30:00,389.4,390.15749999999997,77,58.33,26.49,0.14,target_hit
HAVELLS,camarilla,MIS,2026-06-24 11:05:00,2026-06-24 11:10:00,1186.8,1186.955,25,3.87,-27.59,0.01,target_hit
M&M,camarilla,MIS,2026-06-24 11:05:00,2026-06-24 13:05:00,3065.2,3070.52,9,47.88,18.59,0.18,target_hit
MANKIND,camarilla,MIS,2026-06-24 11:10:00,2026-06-24 12:00:00,2500.1,2472.17,11,307.23,278.26,0.95,target_hit
MCX,camarilla,MIS,2026-06-24 11:10:00,2026-06-24 11:25:00,2860.2,2867.795,10,75.95,45.57,0.24,target_hit
MOTILALOFS,camarilla,MIS,2026-06-24 11:10:00,2026-06-24 12:20:00,944.1,936.6178571428572,31,-231.95,-262.83,-0.57,trailing_stop
NAUKRI,camarilla,MIS,2026-06-24 11:10:00,2026-06-24 12:30:00,1002.6,1008.3464285714285,29,-166.65,-197.59,-0.39,trailing_stop
TMPV,camarilla,MIS,2026-06-24 11:10:00,2026-06-24 11:25:00,350.95,348.06000000000006,85,245.65,214.17,0.44,target_hit
GODREJCP,camarilla,MIS,2026-06-24 11:15:00,2026-06-24 13:40:00,1025.2,1028.73,29,102.37,70.78,0.31,target_hit
HINDUNILVR,camarilla,MIS,2026-06-24 11:15:00,2026-06-24 13:35:00,2151.6,2163.135714285714,13,-149.96,-179.72,-0.83,trailing_stop
IOC,camarilla,MIS,2026-06-24 11:15:00,2026-06-24 13:05:00,144.4,144.90249999999997,207,104.02,72.25,0.5,target_hit
KPITTECH,camarilla,MIS,2026-06-24 11:15:00,2026-06-24 15:15:00,746.45,736.0,40,-418.0,-449.4,-0.84,forced_close
ONGC,camarilla,MIS,2026-06-24 11:15:00,2026-06-24 11:20:00,243.05,242.8925,123,19.37,-12.32,0.13,target_hit
BRITANNIA,camarilla,MIS,2026-06-24 11:20:00,2026-06-24 15:15:00,5266.0,5262.0,5,-20.0,-47.91,-0.11,forced_close
BANKINDIA,camarilla,MIS,2026-06-24 11:25:00,2026-06-24 13:20:00,143.53,144.95857142857145,209,-298.57,-330.57,-0.77,trailing_stop
BLUESTARCO,camarilla,MIS,2026-06-24 11:25:00,2026-06-24 15:15:00,1651.2,1652.0,18,-14.4,-45.93,-0.04,forced_close
OBEROIRLTY,camarilla,MIS,2026-06-24 11:25:00,2026-06-24 13:00:00,1723.8,1735.64,17,201.28,170.08,0.54,target_hit
PATANJALI,camarilla,MIS,2026-06-24 11:25:00,2026-06-24 13:20:00,410.95,414.17500000000007,73,-235.43,-267.39,-0.84,trailing_stop
SBIN,camarilla,MIS,2026-06-24 11:25:00,2026-06-24 11:45:00,1031.95,1036.9325000000001,29,144.49,112.66,0.6,target_hit
TATAPOWER,camarilla,MIS,2026-06-24 11:25:00,2026-06-24 13:20:00,395.15,395.85,75,-52.5,-83.96,-0.18,trailing_stop
VOLTAS,camarilla,MIS,2026-06-24 11:25:00,2026-06-24 13:25:00,1312.4,1311.1357142857144,22,27.81,-2.79,0.09,trailing_stop
ADANIPORTS,camarilla,MIS,2026-06-24 11:30:00,2026-06-24 15:15:00,1804.0,1812.4,16,134.4,103.71,0.47,forced_close
ICICIGI,camarilla,MIS,2026-06-24 11:30:00,2026-06-24 12:55:00,1819.5,1825.1785714285713,16,-90.86,-121.79,-0.32,trailing_stop
JSWENERGY,camarilla,MIS,2026-06-24 11:30:00,2026-06-24 12:25:00,574.45,566.9678571428572,52,-389.07,-420.5,-1.06,trailing_stop
RADICO,camarilla,MIS,2026-06-24 11:30:00,2026-06-24 14:05:00,3761.3,3770.545,7,64.71,36.75,0.26,target_hit
PERSISTENT,camarilla,MIS,2026-06-24 11:35:00,2026-06-24 12:00:00,4874.0,4909.1,6,210.6,179.45,0.53,target_hit
GODREJPROP,camarilla,MIS,2026-06-24 11:45:00,2026-06-24 13:25:00,1811.2,1815.55,16,69.6,38.82,0.18,target_hit
INDIANB,camarilla,MIS,2026-06-24 11:45:00,2026-06-24 12:45:00,853.0,843.625,35,-328.12,-359.57,-0.93,trailing_stop
MARICO,camarilla,MIS,2026-06-24 11:45:00,2026-06-24 12:50:00,814.0,818.5178571428572,36,-162.64,-193.82,-0.44,trailing_stop
ZYDUSLIFE,camarilla,MIS,2026-06-24 11:45:00,2026-06-24 15:15:00,1101.8,1099.2,27,70.2,38.7,0.25,forced_close
HAL,camarilla,MIS,2026-06-24 11:50:00,2026-06-24 11:55:00,4452.9,4451.634999999999,6,7.59,-20.74,0.03,target_hit
MOTHERSON,camarilla,MIS,2026-06-24 11:50:00,2026-06-24 14:45:00,145.08,143.85714285714283,206,-251.91,-283.44,-0.76,trailing_stop
NHPC,camarilla,MIS,2026-06-24 11:50:00,2026-06-24 11:55:00,78.6,78.71400000000001,381,43.43,11.65,0.16,target_hit
TATACONSUM,camarilla,MIS,2026-06-24 11:50:00,2026-06-24 15:15:00,1096.7,1098.5,27,-48.6,-80.03,-0.17,forced_close
COLPAL,camarilla,MIS,2026-06-24 11:55:00,2026-06-24 12:05:00,1971.2,1965.0449999999998,15,92.33,61.03,0.3,target_hit
TIINDIA,camarilla,MIS,2026-06-24 12:00:00,2026-06-24 14:40:00,3233.1,3213.0499999999997,9,180.45,149.71,0.46,target_hit
BDL,camarilla,MIS,2026-06-24 12:10:00,2026-06-24 15:15:00,1370.8,1379.7,21,-186.9,-217.55,-0.34,forced_close
MAZDOCK,camarilla,MIS,2026-06-24 12:10:00,2026-06-24 15:15:00,2485.5,2493.3,12,-93.6,-125.29,-0.2,forced_close
BSE,camarilla,MIS,2026-06-24 12:15:00,2026-06-24 15:15:00,3894.3,3885.0,7,65.1,36.23,0.21,forced_close
DABUR,camarilla,MIS,2026-06-24 12:15:00,2026-06-24 13:30:00,422.5,423.1275,71,44.55,12.71,0.23,target_hit
PFC,camarilla,MIS,2026-06-24 12:15:00,2026-06-24 13:40:00,435.45,438.2425,68,189.89,158.37,0.8,target_hit
TATAELXSI,camarilla,MIS,2026-06-24 12:15:00,2026-06-24 12:20:00,4041.2,4037.215,7,27.89,-2.09,0.08,target_hit
CONCOR,camarilla,MIS,2026-06-24 12:20:00,2026-06-24 12:30:00,472.7,472.2925,63,25.67,-5.89,0.12,target_hit
ETERNAL,camarilla,MIS,2026-06-24 12:20:00,2026-06-24 12:30:00,255.75,254.385,117,159.71,128.08,0.33,target_hit
SRF,camarilla,MIS,2026-06-24 12:20:00,2026-06-24 13:35:00,2765.0,2766.95,10,19.5,-9.83,0.08,target_hit
WIPRO,camarilla,MIS,2026-06-24 12:20:00,2026-06-24 13:00:00,171.96,173.88357142857143,174,-334.7,-366.65,-1.05,trailing_stop
ASIANPAINT,camarilla,MIS,2026-06-24 12:25:00,2026-06-24 13:50:00,2676.4,2659.2357142857145,11,-188.81,-219.91,-0.74,trailing_stop
LAURUSLABS,camarilla,MIS,2026-06-24 12:35:00,2026-06-24 14:55:00,1465.2,1452.95,20,245.0,214.08,1.19,target_hit
NATIONALUM,camarilla,MIS,2026-06-24 12:35:00,2026-06-24 13:20:00,349.0,352.3178571428572,85,-282.02,-313.66,-0.86,trailing_stop
BHARATFORG,camarilla,MIS,2026-06-24 12:40:00,2026-06-24 13:40:00,2136.0,2122.215,14,192.99,161.4,0.65,target_hit
CIPLA,camarilla,MIS,2026-06-24 12:40:00,2026-06-24 15:00:00,1446.3,1438.65,20,-153.0,-183.58,-0.52,trailing_stop
UNITDSPR,camarilla,MIS,2026-06-24 12:40:00,2026-06-24 12:45:00,1345.8,1346.5,22,15.4,-16.01,0.07,target_hit
PIIND,camarilla,MIS,2026-06-24 12:45:00,2026-06-24 15:15:00,2745.8,2744.4,10,14.0,-15.11,0.09,forced_close
ADANIENT,camarilla,MIS,2026-06-24 12:50:00,2026-06-24 12:55:00,3039.0,3044.41,9,48.69,19.65,0.15,target_hit
INDHOTEL,camarilla,MIS,2026-06-24 13:00:00,2026-06-24 14:20:00,728.85,726.8214285714287,41,-83.17,-114.81,-0.36,trailing_stop
LICHSGFIN,camarilla,MIS,2026-06-24 13:05:00,2026-06-24 13:35:00,545.3,547.0025,55,93.64,61.77,0.39,target_hit
BAJAJFINSV,camarilla,MIS,2026-06-24 13:10:00,2026-06-24 13:15:00,1785.7,1786.45,16,12.0,-18.31,0.05,target_hit
BPCL,camarilla,MIS,2026-06-24 13:10:00,2026-06-24 13:15:00,311.55,311.76750000000004,96,20.88,-10.85,0.09,target_hit
HCLTECH,camarilla,MIS,2026-06-24 13:10:00,2026-06-24 13:35:00,1115.6,1120.665,26,131.69,100.85,0.39,target_hit
RELIANCE,camarilla,MIS,2026-06-24 13:10:00,2026-06-24 15:10:00,1319.3,1311.25,22,-177.1,-207.77,-0.81,trailing_stop
IDFCFIRSTB,camarilla,MIS,2026-06-24 13:15:00,2026-06-24 15:15:00,79.46,79.18,377,-105.56,-137.26,-0.33,forced_close
NMDC,camarilla,MIS,2026-06-24 13:15:00,2026-06-24 14:30:00,86.5,86.03142857142856,346,-162.13,-193.76,-0.46,trailing_stop
OIL,camarilla,MIS,2026-06-24 13:15:00,2026-06-24 15:15:00,419.05,418.8,71,-17.75,-49.29,-0.06,forced_close
POLICYBZR,camarilla,MIS,2026-06-24 13:15:00,2026-06-24 15:15:00,1639.9,1634.9,18,-90.0,-121.25,-0.28,forced_close
SAIL,camarilla,MIS,2026-06-24 13:15:00,2026-06-24 13:30:00,171.3,172.788,175,260.4,228.44,0.61,target_hit
SUNPHARMA,camarilla,MIS,2026-06-24 13:15:00,2026-06-24 15:15:00,1879.7,1873.5,15,-93.0,-122.84,-0.56,forced_close
COCHINSHIP,camarilla,MIS,2026-06-24 13:20:00,2026-06-24 14:40:00,1473.7,1487.7071428571428,20,-280.14,-311.58,-0.89,trailing_stop
DMART,camarilla,MIS,2026-06-24 13:20:00,2026-06-24 13:35:00,4331.0,4376.214285714285,6,-271.29,-299.02,-1.33,trailing_stop
EICHERMOT,camarilla,MIS,2026-06-24 13:30:00,2026-06-24 13:45:00,7618.0,7643.175,3,75.53,51.24,0.46,target_hit
LODHA,camarilla,MIS,2026-06-24 13:30:00,2026-06-24 15:15:00,931.5,938.1,32,211.2,179.45,0.43,forced_close
PRESTIGE,camarilla,MIS,2026-06-24 13:30:00,2026-06-24 15:15:00,1539.8,1540.9,19,20.9,-10.14,0.06,forced_close
SUPREMEIND,camarilla,MIS,2026-06-24 13:30:00,2026-06-24 15:15:00,3578.9,3551.0,8,-223.2,-253.42,-0.96,forced_close
DLF,camarilla,MIS,2026-06-24 13:35:00,2026-06-24 15:15:00,619.6,618.7,48,-43.2,-74.71,-0.11,forced_close
PIDILITIND,camarilla,MIS,2026-06-24 13:35:00,2026-06-24 15:15:00,1579.2,1580.0,18,14.4,-15.75,0.05,forced_close
SUZLON,camarilla,MIS,2026-06-24 13:45:00,2026-06-24 14:45:00,58.7,58.080714285714286,511,-316.46,-348.06,-1.08,trailing_stop
LTM,camarilla,MIS,2026-06-24 13:50:00,2026-06-24 14:10:00,3806.6,3818.835,7,85.65,57.33,0.33,target_hit
SOLARINDS,camarilla,MIS,2026-06-24 13:55:00,2026-06-24 14:30:00,18025,17955.3,1,69.7,50.63,0.4,target_hit
GAIL,camarilla,MIS,2026-06-24 14:00:00,2026-06-24 15:15:00,175.15,174.69,171,-78.66,-110.37,-0.38,forced_close
BANKBARODA,camarilla,MIS,2026-06-24 14:10:00,2026-06-24 15:15:00,281.9,280.0,106,-201.4,-232.96,-0.64,forced_close
HINDALCO,camarilla,MIS,2026-06-24 14:15:00,2026-06-24 15:15:00,980.0,975.4,30,138.0,106.91,0.64,forced_close
MPHASIS,camarilla,MIS,2026-06-24 14:15:00,2026-06-24 15:15:00,2210.0,2203.9,13,-79.3,-109.72,-0.3,forced_close
GMRAIRPORT,camarilla,MIS,2026-06-24 14:20:00,2026-06-24 15:15:00,108.64,108.02,276,-171.12,-202.81,-0.56,forced_close
TATACOMM,camarilla,MIS,2026-06-24 14:20:00,2026-06-24 14:35:00,2052.7,2032.6999999999998,14,-280.0,-310.3,-1.37,trailing_stop
DIXON,camarilla,MIS,2026-06-24 14:25:00,2026-06-24 15:15:00,12097,12086,2,-22,-47.64,-0.09,forced_close
NESTLEIND,camarilla,MIS,2026-06-24 14:25:00,2026-06-24 15:15:00,1383.7,1380.8,21,60.9,30.12,0.31,forced_close
VMM,camarilla,MIS,2026-06-24 14:30:00,2026-06-24 15:15:00,119.42,119.05,251,-92.87,-124.6,-0.27,forced_close
BEL,camarilla,MIS,2026-06-24 14:35:00,2026-06-24 15:15:00,414.95,413.1,72,133.2,101.6,0.68,forced_close
HINDZINC,camarilla,MIS,2026-06-24 14:35:00,2026-06-24 15:15:00,541.25,541.5,55,-13.75,-45.33,-0.04,forced_close
ALKEM,camarilla,MIS,2026-06-24 14:50:00,2026-06-24 15:15:00,5455.0,5427.5,5,-137.5,-166.34,-0.93,forced_close
KALYANKJIL,camarilla,MIS,2026-06-24 14:50:00,2026-06-24 15:15:00,377.9,376.15,79,-138.25,-169.82,-0.34,forced_close
TITAN,camarilla,MIS,2026-06-24 14:55:00,2026-06-24 15:15:00,4340.8,4304.3,6,-219.0,-246.48,-0.81,forced_close
ADANIGREEN,camarilla,MIS,2026-06-24 15:05:00,2026-06-24 15:15:00,1532.6,1521.2,19,-216.6,-247.34,-0.46,forced_close
COALINDIA,camarilla,MIS,2026-06-24 15:05:00,2026-06-24 15:15:00,442.0,441.5,67,33.5,2.12,0.26,forced_close
JSWSTEEL,camarilla,MIS,2026-06-24 15:15:00,2026-06-24 15:20:00,1228.1,1232.5,24,-105.6,-136.92,-0.31,forced_close
360ONE,camarilla,MIS,2026-06-24 15:20:00,2026-06-24 15:25:00,1101.0,1100.565,27,11.74,-19.77,0.03,target_hit
IDEA,camarilla,MIS,2026-06-24 15:20:00,2026-06-24 15:25:00,14.28,14.31,2100,-63.0,-94.84,-0.17,forced_close
IRCTC,camarilla,MIS,2026-06-24 15:20:00,2026-06-24 15:25:00,514.55,514.9,58,-20.3,-51.96,-0.1,forced_close
POWERGRID,camarilla,MIS,2026-06-24 15:20:00,2026-06-24 15:25:00,290.25,290.0525,103,20.34,-11.35,0.08,target_hit
APOLLOHOSP,camarilla,MIS,2026-06-25 10:55:00,2026-06-25 11:10:00,8645.0,8647.475,3,7.43,-20.08,0.03,target_hit
EXIDEIND,camarilla,MIS,2026-06-25 10:55:00,2026-06-25 11:50:00,407.4,400.9321428571428,73,-472.15,-503.39,-0.84,trailing_stop
JIOFIN,camarilla,MIS,2026-06-25 10:55:00,2026-06-25 15:00:00,241.12,239.3857142857143,124,-215.05,-246.62,-0.83,trailing_stop
SIEMENS,camarilla,MIS,2026-06-25 10:55:00,2026-06-25 11:00:00,3648.7,3649.665,8,7.72,-23.24,0.02,target_hit
TECHM,camarilla,MIS,2026-06-25 11:00:00,2026-06-25 15:00:00,1411.8,1399.6299999999999,21,255.57,224.29,0.81,target_hit
ADANIGREEN,camarilla,MIS,2026-06-25 11:05:00,2026-06-25 11:15:00,1541.0,1548.2250000000001,19,137.28,106.14,0.26,target_hit
DIXON,camarilla,MIS,2026-06-25 11:05:00,2026-06-25 13:10:00,12275,12181.785714285714,2,-186.43,-212.34,-0.64,trailing_stop
PERSISTENT,camarilla,MIS,2026-06-25 11:05:00,2026-06-25 15:10:00,4885.0,4843.525,6,248.85,217.93,0.69,target_hit
YESBANK,camarilla,MIS,2026-06-25 11:05:00,2026-06-25 12:20:00,25.12,24.934285714285714,1194,-221.74,-253.41,-0.61,trailing_stop
MUTHOOTFIN,camarilla,MIS,2026-06-25 11:10:00,2026-06-25 11:50:00,3095.0,3081.115,9,124.97,95.51,0.37,target_hit
TATACONSUM,camarilla,MIS,2026-06-25 11:10:00,2026-06-25 11:15:00,1106.7,1107.5049999999999,27,21.73,-9.97,0.08,target_hit
ATGL,camarilla,MIS,2026-06-25 11:15:00,2026-06-25 12:45:00,726.1,720.5892857142858,41,-225.94,-257.36,-0.63,trailing_stop
BHARATFORG,camarilla,MIS,2026-06-25 11:15:00,2026-06-25 11:20:00,2158.2,2160.31,13,27.43,-2.34,0.09,target_hit
ICICIBANK,camarilla,MIS,2026-06-25 11:15:00,2026-06-25 11:55:00,1388.2,1393.9499999999998,21,120.75,89.76,0.63,target_hit
OFSS,camarilla,MIS,2026-06-25 11:15:00,2026-06-25 11:35:00,10795.0,10818.025,2,46.05,23.13,0.09,target_hit
MOTILALOFS,camarilla,MIS,2026-06-25 11:20:00,2026-06-25 11:35:00,942.0,944.555,31,79.2,48.19,0.23,target_hit
GRASIM,camarilla,MIS,2026-06-25 11:25:00,2026-06-25 11:35:00,3146.0,3153.035,9,63.31,33.25,0.27,target_hit
IREDA,camarilla,MIS,2026-06-25 11:30:00,2026-06-25 11:50:00,128.79,128.8125,232,5.22,-26.47,0.02,target_hit
LUPIN,camarilla,MIS,2026-06-25 11:30:00,2026-06-25 12:25:00,2378.3,2361.2785714285715,12,-204.26,-234.39,-0.97,trailing_stop
M&MFIN,camarilla,MIS,2026-06-25 11:30:00,2026-06-25 13:20:00,312.95,312.83571428571435,95,-10.86,-42.38,-0.03,trailing_stop
POLICYBZR,camarilla,MIS,2026-06-25 11:30:00,2026-06-25 12:45:00,1622.9,1610.6699999999998,18,220.14,189.3,0.59,target_hit
TIINDIA,camarilla,MIS,2026-06-25 11:30:00,2026-06-25 14:15:00,3116.2,3074.745,9,373.09,343.59,1.01,target_hit
CGPOWER,camarilla,MIS,2026-06-25 11:35:00,2026-06-25 12:25:00,932.0,937.5725000000001,32,178.32,146.58,0.55,target_hit
GMRAIRPORT,camarilla,MIS,2026-06-25 11:35:00,2026-06-25 11:40:00,109.49,109.5055,273,4.23,-27.47,0.01,target_hit
ICICIGI,camarilla,MIS,2026-06-25 11:35:00,2026-06-25 14:55:00,1835.0,1813.5714285714284,16,-342.86,-373.77,-1.71,trailing_stop
VMM,camarilla,MIS,2026-06-25 11:35:00,2026-06-25 12:40:00,118.12,117.573,253,138.39,106.79,0.43,target_hit
KPITTECH,camarilla,MIS,2026-06-25 11:40:00,2026-06-25 15:15:00,745.6,742.7,40,-116.0,-147.55,-0.23,forced_close
TORNTPHARM,camarilla,MIS,2026-06-25 11:40:00,2026-06-25 12:55:00,4535.8,4544.825,6,54.15,25.26,0.18,target_hit
HDFCBANK,camarilla,MIS,2026-06-25 11:45:00,2026-06-25 14:10:00,800.3,798.7,37,-59.2,-90.56,-0.3,trailing_stop
TCS,camarilla,MIS,2026-06-25 11:45:00,2026-06-25 14:20:00,2130.9,2112.192857142857,14,-261.9,-293.37,-0.75,trailing_stop
AUBANK,camarilla,MIS,2026-06-25 11:50:00,2026-06-25 13:50:00,1049.8,1038.6000000000001,28,313.6,282.63,0.94,target_hit
COCHINSHIP,camarilla,MIS,2026-06-25 11:50:00,2026-06-25 12:25:00,1472.6,1466.53,20,121.4,90.25,0.45,target_hit
CUMMINSIND,camarilla,MIS,2026-06-25 11:50:00,2026-06-25 12:00:00,5666.0,5687.5,5,107.5,77.39,0.33,target_hit
INDUSTOWER,camarilla,MIS,2026-06-25 11:50:00,2026-06-25 12:20:00,396.45,395.21750000000003,75,92.44,60.97,0.26,target_hit
POLYCAB,camarilla,MIS,2026-06-25 11:50:00,2026-06-25 14:45:00,9601.0,9547.025,3,161.93,131.48,0.51,target_hit
ABB,camarilla,MIS,2026-06-25 11:55:00,2026-06-25 13:15:00,7083.5,7022.5,4,-244.0,-273.89,-0.97,trailing_stop
AXISBANK,camarilla,MIS,2026-06-25 11:55:00,2026-06-25 13:05:00,1393.2,1385.507142857143,21,-161.55,-192.47,-0.72,trailing_stop
HCLTECH,camarilla,MIS,2026-06-25 11:55:00,2026-06-25 13:00:00,1122.1,1110.3285714285714,26,-306.06,-336.8,-1.01,trailing_stop
TATASTEEL,camarilla,MIS,2026-06-25 11:55:00,2026-06-25 12:25:00,188.51,188.0755,159,69.09,37.34,0.31,target_hit
DIVISLAB,camarilla,MIS,2026-06-25 12:00:00,2026-06-25 12:05:00,6700.5,6698.5,4,8.0,-20.42,0.04,target_hit
IDFCFIRSTB,camarilla,MIS,2026-06-25 12:00:00,2026-06-25 14:15:00,79.82,79.26928571428572,375,-206.52,-238.13,-1.06,trailing_stop
HYUNDAI,camarilla,MIS,2026-06-25 12:05:00,2026-06-25 12:10:00,1970.0,1972.89,15,43.35,11.99,0.12,target_hit
MPHASIS,camarilla,MIS,2026-06-25 12:05:00,2026-06-25 12:10:00,2222.4,2222.835,13,5.65,-24.99,0.02,target_hit
SHRIRAMFIN,camarilla,MIS,2026-06-25 12:05:00,2026-06-25 14:10:00,1042.3,1037.2107142857144,28,-142.5,-173.36,-0.51,trailing_stop
BANKINDIA,camarilla,MIS,2026-06-25 12:10:00,2026-06-25 14:15:00,145.44,144.32857142857142,206,-228.95,-260.58,-1.25,trailing_stop
COROMANDEL,camarilla,MIS,2026-06-25 12:10:00,2026-06-25 13:25:00,1973.2,1980.9285714285716,15,-115.93,-147.39,-0.44,trailing_stop
GODREJCP,camarilla,MIS,2026-06-25 12:10:00,2026-06-25 13:20:00,1031.0,1031.555,29,16.1,-15.62,0.06,target_hit
BEL,camarilla,MIS,2026-06-25 12:20:00,2026-06-25 14:20:00,410.65,408.1875,73,179.76,148.09,0.81,target_hit
CIPLA,camarilla,MIS,2026-06-25 12:20:00,2026-06-25 14:05:00,1447.5,1452.3100000000002,20,96.2,65.44,0.68,target_hit
INDIANB,camarilla,MIS,2026-06-25 12:20:00,2026-06-25 12:30:00,838.1,835.9775,35,74.29,43.23,0.38,target_hit
IDEA,camarilla,MIS,2026-06-25 12:25:00,2026-06-25 13:35:00,14.16,14.073500000000001,2118,183.21,151.52,0.78,target_hit
IOC,camarilla,MIS,2026-06-25 12:25:00,2026-06-25 14:40:00,145.1,144.3475,206,155.01,123.42,0.74,target_hit
JINDALSTEL,camarilla,MIS,2026-06-25 12:25:00,2026-06-25 12:45:00,1074.3,1072.045,27,60.88,30.16,0.14,target_hit
SBILIFE,camarilla,MIS,2026-06-25 12:25:00,2026-06-25 15:00:00,1751.2,1742.51,17,147.73,116.25,0.86,target_hit
FORTIS,camarilla,MIS,2026-06-25 12:30:00,2026-06-25 12:55:00,970.65,967.37,30,98.4,67.58,0.36,target_hit
GAIL,camarilla,MIS,2026-06-25 12:30:00,2026-06-25 14:15:00,174.16,173.786,172,64.33,32.6,0.27,target_hit
INFY,camarilla,MIS,2026-06-25 12:30:00,2026-06-25 15:00:00,1048.2,1041.31,28,192.92,161.92,0.64,target_hit
GLENMARK,camarilla,MIS,2026-06-25 12:40:00,2026-06-25 14:10:00,2168.5,2158.105,13,135.13,105.33,0.68,target_hit
MCX,camarilla,MIS,2026-06-25 12:40:00,2026-06-25 14:35:00,2869.3,2843.107142857143,10,-261.93,-292.19,-0.71,trailing_stop
SUNPHARMA,camarilla,MIS,2026-06-25 12:50:00,2026-06-25 12:55:00,1868.7,1864.9400000000003,16,60.16,28.49,0.29,target_hit
ADANIPOWER,camarilla,MIS,2026-06-25 13:00:00,2026-06-25 14:15:00,232.21,229.84500000000003,129,-305.08,-336.66,-0.78,trailing_stop
BHEL,camarilla,MIS,2026-06-25 13:00:00,2026-06-25 13:20:00,405.8,407.96,73,157.68,126.16,0.37,target_hit
BPCL,camarilla,MIS,2026-06-25 13:10:00,2026-06-25 14:15:00,312.9,310.96999999999997,95,183.35,151.94,0.66,target_hit
PATANJALI,camarilla,MIS,2026-06-25 13:10:00,2026-06-25 15:15:00,410.8,412.35,73,-113.15,-145.02,-0.35,forced_close
PREMIERENE,camarilla,MIS,2026-06-25 13:20:00,2026-06-25 15:15:00,1062.9,1051.2,28,-327.6,-358.95,-0.69,forced_close
RECLTD,camarilla,MIS,2026-06-25 13:20:00,2026-06-25 13:40:00,365.3,366.28999999999996,82,81.18,49.36,0.29,target_hit
SOLARINDS,camarilla,MIS,2026-06-25 13:25:00,2026-06-25 14:30:00,17646,17530.7,1,115.3,96.66,0.55,target_hit
ITC,camarilla,MIS,2026-06-25 13:30:00,2026-06-25 13:40:00,291.05,291.4225,103,38.37,6.55,0.17,target_hit
UPL,camarilla,MIS,2026-06-25 13:30:00,2026-06-25 15:00:00,595.0,590.89,50,205.5,174.08,1.15,target_hit
KALYANKJIL,camarilla,MIS,2026-06-25 13:35:00,2026-06-25 15:15:00,381.0,377.15,78,-300.3,-331.62,-0.7,forced_close
TATACOMM,camarilla,MIS,2026-06-25 13:35:00,2026-06-25 14:00:00,2000.6,1996.105,14,62.93,33.27,0.22,target_hit
KEI,camarilla,MIS,2026-06-25 13:40:00,2026-06-25 14:25:00,5352.5,5306.525,5,229.88,201.64,0.59,target_hit
PNB,camarilla,MIS,2026-06-25 13:40:00,2026-06-25 13:45:00,108.63,108.6395,276,2.62,-29.17,0.01,target_hit
UNIONBANK,camarilla,MIS,2026-06-25 13:40:00,2026-06-25 13:55:00,170.47,170.832,175,63.35,31.67,0.27,target_hit
360ONE,camarilla,MIS,2026-06-25 13:45:00,2026-06-25 14:00:00,1091.2,1086.315,27,131.89,100.74,0.46,target_hit
BRITANNIA,camarilla,MIS,2026-06-25 13:50:00,2026-06-25 14:05:00,5227.0,5221.8,5,26.0,-1.7,0.13,target_hit
WIPRO,camarilla,MIS,2026-06-25 14:05:00,2026-06-25 15:15:00,175.85,174.98,170,-147.9,-179.51,-0.63,forced_close
BAJAJFINSV,camarilla,MIS,2026-06-25 14:10:00,2026-06-25 15:15:00,1768.6,1764.8,16,60.8,30.83,0.23,forced_close
DMART,camarilla,MIS,2026-06-25 14:10:00,2026-06-25 15:15:00,4301.0,4296.9,6,24.6,-2.75,0.2,forced_close
BIOCON,camarilla,MIS,2026-06-25 14:15:00,2026-06-25 15:15:00,416.95,416.15,71,56.8,25.44,0.31,forced_close
BLUESTARCO,camarilla,MIS,2026-06-25 14:15:00,2026-06-25 14:40:00,1645.2,1640.425,18,85.95,54.6,0.37,target_hit
CONCOR,camarilla,MIS,2026-06-25 14:15:00,2026-06-25 15:15:00,470.8,469.5,63,81.9,50.5,0.32,forced_close
NTPC,camarilla,MIS,2026-06-25 14:20:00,2026-06-25 14:25:00,352.65,352.3475,85,25.71,-6.06,0.11,target_hit
ASIANPAINT,camarilla,MIS,2026-06-25 14:30:00,2026-06-25 14:40:00,2652.4,2648.8,11,39.6,8.69,0.17,target_hit
NMDC,camarilla,MIS,2026-06-25 14:30:00,2026-06-25 15:15:00,84.79,84.74,353,17.65,-14.08,0.07,forced_close
SRF,camarilla,MIS,2026-06-25 14:35:00,2026-06-25 15:15:00,2737.9,2731.6,10,63.0,34.01,0.21,forced_close
ADANIENT,camarilla,MIS,2026-06-25 14:40:00,2026-06-25 15:15:00,3035.2,3038.0,9,-25.2,-54.18,-0.09,forced_close
ADANIPORTS,camarilla,MIS,2026-06-25 14:40:00,2026-06-25 15:15:00,1800.8,1795.0,16,92.8,62.3,0.35,forced_close
HDFCLIFE,camarilla,MIS,2026-06-25 14:40:00,2026-06-25 15:00:00,586.6,585.5625,51,52.91,21.22,0.21,target_hit
INDHOTEL,camarilla,MIS,2026-06-25 14:40:00,2026-06-25 14:45:00,721.8,720.6875,41,45.61,14.26,0.2,target_hit
SUZLON,camarilla,MIS,2026-06-25 14:40:00,2026-06-25 15:00:00,57.36,57.260999999999996,523,51.78,20.0,0.2,target_hit
PFC,camarilla,MIS,2026-06-25 14:45:00,2026-06-25 15:15:00,433.9,432.2325,69,115.06,83.38,0.43,target_hit
WAAREEENER,camarilla,MIS,2026-06-25 14:45:00,2026-06-25 15:00:00,3017.4,3008.4500000000003,9,80.55,51.8,0.37,target_hit
LTM,camarilla,MIS,2026-06-25 14:55:00,2026-06-25 15:15:00,3775.4,3758.8,7,116.2,88.25,0.49,forced_close
SWIGGY,camarilla,MIS,2026-06-25 15:00:00,2026-06-25 15:15:00,241.25,240.7,124,68.2,36.52,0.18,forced_close
TATAPOWER,camarilla,MIS,2026-06-25 15:00:00,2026-06-25 15:15:00,388.8,388.8,77,-0.0,-31.75,-0.0,forced_close
ABCAPITAL,camarilla,MIS,2026-06-25 15:05:00,2026-06-25 15:15:00,390.7,390.5,76,15.2,-16.28,0.03,forced_close
INDUSINDBK,camarilla,MIS,2026-06-25 15:15:00,2026-06-25 15:20:00,918.15,917.85,32,9.6,-21.55,0.03,forced_close
IRCTC,camarilla,MIS,2026-06-25 15:15:00,2026-06-25 15:20:00,513.5,513.7,58,-11.6,-43.19,-0.06,forced_close
MAZDOCK,camarilla,MIS,2026-06-25 15:15:00,2026-06-25 15:20:00,2471.5,2467.7,12,45.6,14.18,0.12,forced_close
BDL,camarilla,MIS,2026-06-25 15:20:00,2026-06-25 15:25:00,1365.1,1361.0,21,86.1,55.76,0.2,forced_close
CANBK,camarilla,MIS,2026-06-25 15:20:00,2026-06-25 15:25:00,129.18,129.28,232,-23.2,-55.0,-0.07,forced_close
HAVELLS,camarilla,MIS,2026-06-25 15:20:00,2026-06-25 15:25:00,1176.3,1178.8,25,-62.5,-93.73,-0.21,forced_close
SHREECEM,camarilla,MIS,2026-06-25 15:20:00,2026-06-25 15:25:00,25700,25890,1,-190,-217.38,-0.77,forced_close
DLF,camarilla,MIS,2026-06-29 10:55:00,2026-06-29 12:50:00,617.1,614.8875,48,106.2,74.86,0.26,target_hit
HAVELLS,camarilla,MIS,2026-06-29 10:55:00,2026-06-29 11:35:00,1185.5,1174.0357142857142,25,-286.61,-317.85,-0.87,trailing_stop
ITC,camarilla,MIS,2026-06-29 10:55:00,2026-06-29 11:05:00,291.55,291.6775,102,13.0,-18.54,0.06,target_hit
PATANJALI,camarilla,MIS,2026-06-29 10:55:00,2026-06-29 12:25:00,410.3,408.15000000000003,73,156.95,125.29,0.46,target_hit
GODFRYPHLP,camarilla,MIS,2026-06-29 11:00:00,2026-06-29 11:05:00,2224.0,2210.34,13,177.58,147.03,0.31,target_hit
BAJFINANCE,camarilla,MIS,2026-06-29 11:05:00,2026-06-29 12:30:00,988.7,979.9321428571428,30,-263.04,-294.32,-0.87,trailing_stop
BHEL,camarilla,MIS,2026-06-29 11:05:00,2026-06-29 11:20:00,405.15,406.65999999999997,74,111.74,79.87,0.18,target_hit
CHOLAFIN,camarilla,MIS,2026-06-29 11:05:00,2026-06-29 11:25:00,1786.7,1782.315,16,70.16,39.89,0.22,target_hit
GRASIM,camarilla,MIS,2026-06-29 11:05:00,2026-06-29 11:10:00,3107.4,3104.105,9,29.66,0.02,0.12,target_hit
INDUSINDBK,camarilla,MIS,2026-06-29 11:05:00,2026-06-29 14:10:00,911.4,918.4642857142858,32,-226.06,-257.13,-0.85,trailing_stop
KALYANKJIL,camarilla,MIS,2026-06-29 11:05:00,2026-06-29 11:15:00,374.6,374.115,80,38.8,7.05,0.08,target_hit
LODHA,camarilla,MIS,2026-06-29 11:05:00,2026-06-29 11:45:00,939.0,931.0325,31,246.99,216.28,0.63,target_hit
UPL,camarilla,MIS,2026-06-29 11:05:00,2026-06-29 11:20:00,581.05,580.6,51,22.95,-8.46,0.06,target_hit
ASHOKLEY,camarilla,MIS,2026-06-29 11:10:00,2026-06-29 11:20:00,157.69,157.5505,190,26.5,-5.25,0.06,target_hit
PREMIERENE,camarilla,MIS,2026-06-29 11:10:00,2026-06-29 11:20:00,1036.5,1035.6399999999999,28,24.08,-6.68,0.05,target_hit
BRITANNIA,camarilla,MIS,2026-06-29 11:15:00,2026-06-29 11:30:00,5199.0,5186.675,5,61.62,34.1,0.29,target_hit
JSWENERGY,camarilla,MIS,2026-06-29 11:15:00,2026-06-29 11:25:00,579.3,579.9075,51,30.98,-0.37,0.09,target_hit
NTPC,camarilla,MIS,2026-06-29 11:15:00,2026-06-29 11:40:00,355.3,356.20250000000004,84,75.81,44.11,0.24,target_hit
OIL,camarilla,MIS,2026-06-29 11:15:00,2026-06-29 15:15:00,411.2,412.8,72,115.2,83.73,0.33,forced_close
JINDALSTEL,camarilla,MIS,2026-06-29 11:20:00,2026-06-29 11:30:00,1078.7,1079.685,27,26.59,-4.31,0.08,target_hit
KEI,camarilla,MIS,2026-06-29 11:20:00,2026-06-29 15:05:00,5340.0,5398.075,5,290.37,261.88,0.65,target_hit
TATACONSUM,camarilla,MIS,2026-06-29 11:20:00,2026-06-29 11:25:00,1112.7,1111.7749999999999,26,24.05,-6.61,0.06,target_hit
FEDERALBNK,camarilla,MIS,2026-06-29 11:25:00,2026-06-29 11:35:00,325.9,326.27750000000003,92,34.73,2.91,0.13,target_hit
SBICARD,camarilla,MIS,2026-06-29 11:25:00,2026-06-29 11:30:00,609.25,609.065,49,9.06,-22.59,0.03,target_hit
SWIGGY,camarilla,MIS,2026-06-29 11:25:00,2026-06-29 13:50:00,238.7,237.065,125,204.37,172.86,0.65,target_hit
TATAINVEST,camarilla,MIS,2026-06-29 11:25:00,2026-06-29 13:10:00,670.0,672.1964285714287,44,-96.64,-127.97,-0.38,trailing_stop
WIPRO,camarilla,MIS,2026-06-29 11:25:00,2026-06-29 13:05:00,176.2,175.01285714285717,170,-201.81,-233.45,-0.64,trailing_stop
BDL,camarilla,MIS,2026-06-29 11:30:00,2026-06-29 12:00:00,1349.3,1347.0600000000002,22,49.28,17.83,0.11,target_hit
BHARTIARTL,camarilla,MIS,2026-06-29 11:30:00,2026-06-29 15:15:00,1836.6,1839.7,16,-49.6,-80.79,-0.22,forced_close
HEROMOTOCO,camarilla,MIS,2026-06-29 11:30:00,2026-06-29 12:40:00,4817.8,4804.360000000001,6,80.64,50.04,0.19,target_hit
INFY,camarilla,MIS,2026-06-29 11:30:00,2026-06-29 15:00:00,1032.3,1041.3000000000002,29,-261.0,-292.91,-0.86,trailing_stop
IREDA,camarilla,MIS,2026-06-29 11:30:00,2026-06-29 13:45:00,126.65,127.84714285714286,236,-282.53,-314.4,-0.73,trailing_stop
MARUTI,camarilla,MIS,2026-06-29 11:30:00,2026-06-29 13:40:00,13573,13419.95,2,306.1,277.51,1.37,target_hit
MPHASIS,camarilla,MIS,2026-06-29 11:30:00,2026-06-29 12:15:00,2183.4,2176.69,13,87.23,57.19,0.25,target_hit
PNB,camarilla,MIS,2026-06-29 11:30:00,2026-06-29 11:45:00,107.2,107.06700000000001,279,37.11,5.41,0.13,target_hit
SBIN,camarilla,MIS,2026-06-29 11:30:00,2026-06-29 11:50:00,1037.9,1036.1325,28,49.49,18.7,0.16,target_hit
COALINDIA,camarilla,MIS,2026-06-29 11:35:00,2026-06-29 11:45:00,439.05,441.3675,68,157.59,125.83,0.41,target_hit
JUBLFOOD,camarilla,MIS,2026-06-29 11:35:00,2026-06-29 12:00:00,420.6,418.085,71,178.57,147.01,0.48,target_hit
TATAELXSI,camarilla,MIS,2026-06-29 11:35:00,2026-06-29 11:45:00,3994.7,3987.6000000000004,7,49.7,20.08,0.14,target_hit
ULTRACEMCO,camarilla,MIS,2026-06-29 11:35:00,2026-06-29 12:30:00,11194,11139.1,2,109.8,86.13,0.66,target_hit
VOLTAS,camarilla,MIS,2026-06-29 11:35:00,2026-06-29 12:30:00,1291.2,1283.4250000000002,23,178.82,147.45,0.66,target_hit
LTM,camarilla,MIS,2026-06-29 11:40:00,2026-06-29 11:50:00,3728.0,3714.475,8,108.2,76.64,0.35,target_hit
NAUKRI,camarilla,MIS,2026-06-29 11:40:00,2026-06-29 14:35:00,992.35,988.4107142857143,30,-118.18,-149.67,-0.32,trailing_stop
OBEROIRLTY,camarilla,MIS,2026-06-29 11:40:00,2026-06-29 11:50:00,1772.1,1774.72,16,41.92,11.83,0.1,target_hit
CUMMINSIND,camarilla,MIS,2026-06-29 11:45:00,2026-06-29 12:10:00,5591.0,5560.6,5,152.0,122.45,0.45,target_hit
INDUSTOWER,camarilla,MIS,2026-06-29 11:45:00,2026-06-29 12:30:00,387.75,387.225,77,40.42,8.79,0.11,target_hit
POWERGRID,camarilla,MIS,2026-06-29 11:45:00,2026-06-29 15:15:00,286.75,286.0,104,-78.0,-109.57,-0.31,forced_close
TIINDIA,camarilla,MIS,2026-06-29 11:45:00,2026-06-29 15:15:00,3011.6,3019.0,9,-66.6,-95.39,-0.15,forced_close
DIXON,camarilla,MIS,2026-06-29 11:50:00,2026-06-29 12:30:00,11904,11837.55,2,132.9,107.74,0.63,target_hit
FORTIS,camarilla,MIS,2026-06-29 11:50:00,2026-06-29 12:20:00,943.6,936.9524999999999,31,206.07,175.18,0.56,target_hit
IDFCFIRSTB,camarilla,MIS,2026-06-29 11:50:00,2026-06-29 12:00:00,78.8,78.5765,380,84.93,53.23,0.29,target_hit
TATACOMM,camarilla,MIS,2026-06-29 11:50:00,2026-06-29 13:05:00,2017.8,1988.1571428571428,14,-415.0,-444.69,-1.01,trailing_stop
NHPC,camarilla,MIS,2026-06-29 11:55:00,2026-06-29 15:00:00,80.09,80.2415,374,56.66,24.86,0.19,target_hit
MUTHOOTFIN,camarilla,MIS,2026-06-29 12:00:00,2026-06-29 14:15:00,2973.3,3010.7285714285717,10,-374.29,-406.06,-0.88,trailing_stop
HDFCAMC,camarilla,MIS,2026-06-29 12:05:00,2026-06-29 12:15:00,2632.6,2620.5499999999997,11,132.55,101.93,0.33,target_hit
HINDZINC,camarilla,MIS,2026-06-29 12:05:00,2026-06-29 14:35:00,523.7,521.0785714285715,57,-149.42,-180.98,-0.62,trailing_stop
SIEMENS,camarilla,MIS,2026-06-29 12:05:00,2026-06-29 14:35:00,3589.8,3576.53,8,106.16,75.77,0.21,target_hit
UNIONBANK,camarilla,MIS,2026-06-29 12:10:00,2026-06-29 12:45:00,169.01,168.47899999999998,177,93.99,62.32,0.27,target_hit
AUBANK,camarilla,MIS,2026-06-29 12:15:00,2026-06-29 14:05:00,1019.1,1028.8892857142857,29,-283.89,-315.41,-0.93,trailing_stop
COCHINSHIP,camarilla,MIS,2026-06-29 12:15:00,2026-06-29 15:00:00,1439.2,1433.705,20,109.9,79.45,0.42,target_hit
RVNL,camarilla,MIS,2026-06-29 12:15:00,2026-06-29 14:25:00,238.25,237.9185,125,41.44,9.88,0.16,target_hit
MAXHEALTH,camarilla,MIS,2026-06-29 12:20:00,2026-06-29 15:00:00,1150.2,1145.0571428571427,26,-133.71,-165.34,-0.62,trailing_stop
ADANIPORTS,camarilla,MIS,2026-06-29 12:25:00,2026-06-29 15:15:00,1784.3,1773.725,16,169.2,139.03,0.9,target_hit
VBL,camarilla,MIS,2026-06-29 12:25:00,2026-06-29 14:50:00,505.1,502.61749999999995,59,146.47,114.96,0.53,target_hit
LT,camarilla,MIS,2026-06-29 12:30:00,2026-06-29 12:35:00,4170.1,4169.54,7,3.92,-27.03,0.02,target_hit
PIDILITIND,camarilla,MIS,2026-06-29 12:35:00,2026-06-29 13:25:00,1605.6,1613.6100000000001,18,144.18,113.44,0.52,target_hit
TCS,camarilla,MIS,2026-06-29 12:40:00,2026-06-29 15:00:00,2076.0,2095.464285714286,14,-272.5,-303.5,-1.2,trailing_stop
GODREJPROP,camarilla,MIS,2026-06-29 12:50:00,2026-06-29 15:15:00,1832.8,1829.2,16,57.6,26.54,0.22,forced_close
MFSL,camarilla,MIS,2026-06-29 12:55:00,2026-06-29 14:30:00,1581.7,1597.8714285714284,18,-291.09,-321.46,-0.56,trailing_stop
MOTHERSON,camarilla,MIS,2026-06-29 12:55:00,2026-06-29 14:15:00,148.5,149.62357142857144,202,-226.96,-258.92,-0.5,trailing_stop
GODREJCP,camarilla,MIS,2026-06-29 13:10:00,2026-06-29 13:20:00,1026.5,1024.6999999999998,29,52.2,20.67,0.21,target_hit
MCX,camarilla,MIS,2026-06-29 13:10:00,2026-06-29 14:05:00,2858.9,2872.3999999999996,10,135.0,104.6,0.41,target_hit
SOLARINDS,camarilla,MIS,2026-06-29 13:10:00,2026-06-29 13:25:00,17747,17811.35,1,64.35,45.49,0.2,target_hit
VEDL,camarilla,MIS,2026-06-29 13:10:00,2026-06-29 13:15:00,277.55,277.63,108,8.64,-23.15,0.03,target_hit
CGPOWER,camarilla,MIS,2026-06-29 13:15:00,2026-06-29 15:15:00,950.8,958.325,31,233.28,201.87,0.62,target_hit
HINDUNILVR,camarilla,MIS,2026-06-29 13:15:00,2026-06-29 15:00:00,2160.4,2152.2549999999997,13,105.89,76.17,0.55,target_hit
POLYCAB,camarilla,MIS,2026-06-29 13:15:00,2026-06-29 13:25:00,9612.0,9661.35,3,148.05,117.38,0.49,target_hit
HDFCLIFE,camarilla,MIS,2026-06-29 13:35:00,2026-06-29 15:00:00,581.4,586.2857142857142,51,-249.17,-280.77,-1.13,trailing_stop
IDEA,camarilla,MIS,2026-06-29 13:35:00,2026-06-29 14:10:00,14.25,14.3185,2105,144.19,112.29,0.33,target_hit
NMDC,camarilla,MIS,2026-06-29 13:45:00,2026-06-29 15:15:00,85.55,85.57,350,7.0,-24.76,0.02,forced_close
SHREECEM,camarilla,MIS,2026-06-29 13:50:00,2026-06-29 14:15:00,25365,25363.75,1,1.25,-25.65,0.0,target_hit
MAZDOCK,camarilla,MIS,2026-06-29 13:55:00,2026-06-29 14:00:00,2503.2,2513.585,11,114.24,84.96,0.24,target_hit
BLUESTARCO,camarilla,MIS,2026-06-29 14:10:00,2026-06-29 14:50:00,1651.7,1627.4,18,-437.4,-468.65,-1.74,trailing_stop
RADICO,camarilla,MIS,2026-06-29 14:10:00,2026-06-29 14:30:00,3863.4,3876.55,7,92.05,63.31,0.34,target_hit
ONGC,camarilla,MIS,2026-06-29 14:15:00,2026-06-29 15:15:00,230.7,235.58928571428572,130,-635.61,-667.82,-1.35,trailing_stop
TATAPOWER,camarilla,MIS,2026-06-29 14:15:00,2026-06-29 15:15:00,386.5,385.9,77,46.2,14.67,0.2,forced_close
BAJAJHLDNG,camarilla,MIS,2026-06-29 14:30:00,2026-06-29 15:00:00,10667,10579.5,2,-175.0,-197.51,-1.31,trailing_stop
PHOENIXLTD,camarilla,MIS,2026-06-29 14:30:00,2026-06-29 15:15:00,1920.2,1910.0,15,-153.0,-183.45,-0.41,forced_close
ABCAPITAL,camarilla,MIS,2026-06-29 14:40:00,2026-06-29 15:10:00,387.75,385.1625,77,199.24,167.7,0.51,target_hit
ATGL,camarilla,MIS,2026-06-29 14:50:00,2026-06-29 15:00:00,727.65,730.5799999999999,41,120.13,88.42,0.29,target_hit
INDIGO,camarilla,MIS,2026-06-29 14:50:00,2026-06-29 14:55:00,5351.1,5340.055,5,55.23,26.89,0.23,target_hit
ALKEM,camarilla,MIS,2026-06-29 14:55:00,2026-06-29 15:15:00,5402.5,5414.5,5,-60.0,-88.68,-0.23,forced_close
NESTLEIND,camarilla,MIS,2026-06-29 14:55:00,2026-06-29 15:05:00,1394.4,1387.97,21,135.03,104.06,0.65,target_hit
BEL,camarilla,MIS,2026-06-29 15:00:00,2026-06-29 15:15:00,410.6,412.1775,73,115.16,83.3,0.41,target_hit
ASIANPAINT,camarilla,MIS,2026-06-29 15:05:00,2026-06-29 15:15:00,2662.2,2653.5,11,-95.7,-126.69,-0.42,forced_close
BHARATFORG,camarilla,MIS,2026-06-29 15:05:00,2026-06-29 15:15:00,2158.1,2169.005,13,141.77,111.92,0.2,target_hit
SBILIFE,camarilla,MIS,2026-06-29 15:10:00,2026-06-29 15:15:00,1756.2,1757.3,17,18.7,-12.97,0.05,forced_close
DABUR,camarilla,MIS,2026-06-29 15:15:00,2026-06-29 15:20:00,427.25,426.65,70,-42.0,-73.69,-0.18,forced_close
HDFCBANK,camarilla,MIS,2026-06-29 15:15:00,2026-06-29 15:20:00,799.25,799.25,37,0.0,-31.36,0.0,forced_close
TATASTEEL,camarilla,MIS,2026-06-29 15:15:00,2026-06-29 15:20:00,190.25,189.98,157,-42.39,-74.04,-0.13,forced_close
AUROPHARMA,camarilla,MIS,2026-06-29 15:20:00,2026-06-29 15:25:00,1541.8,1546.0,19,-79.8,-110.92,-0.21,forced_close
AXISBANK,camarilla,MIS,2026-06-29 15:25:00,2026-06-29 15:25:00,1368.0,1368.0,21,-0.0,-30.46,-0.0,eod_data_end
GVT&D,camarilla,MIS,2026-06-29 15:25:00,2026-06-29 15:25:00,4925.0,4925.0,6,-0.0,-31.34,-0.0,eod_data_end
NYKAA,camarilla,MIS,2026-06-29 15:25:00,2026-06-29 15:25:00,304.2,304.2,98,0.0,-31.61,0.0,eod_data_end
BANKINDIA,camarilla,MIS,2026-06-30 10:55:00,2026-06-30 13:00:00,141.35,140.57000000000002,212,165.36,133.69,0.46,target_hit
COROMANDEL,camarilla,MIS,2026-06-30 10:55:00,2026-06-30 11:45:00,1974.7,1986.335,15,174.52,143.0,0.39,target_hit
JSWENERGY,camarilla,MIS,2026-06-30 10:55:00,2026-06-30 12:05:00,577.7,582.8642857142858,51,-263.38,-294.79,-0.6,trailing_stop
TMPV,camarilla,MIS,2026-06-30 10:55:00,2026-06-30 11:20:00,348.8,351.1275,86,200.16,168.23,0.54,target_hit
OIL,camarilla,MIS,2026-06-30 11:00:00,2026-06-30 11:05:00,416.4,416.6,72,14.4,-17.4,0.04,target_hit
HDFCAMC,camarilla,MIS,2026-06-30 11:05:00,2026-06-30 12:20:00,2636.7,2653.625,11,186.18,155.3,0.55,target_hit
TRENT,camarilla,MIS,2026-06-30 11:05:00,2026-06-30 15:15:00,3283.0,3282.1,9,-8.1,-39.43,-0.02,forced_close
UNIONBANK,camarilla,MIS,2026-06-30 11:05:00,2026-06-30 13:55:00,167.87,167.5315,178,60.25,28.6,0.2,target_hit
GRASIM,camarilla,MIS,2026-06-30 11:10:00,2026-06-30 11:25:00,3101.0,3120.1849999999995,9,172.66,142.96,0.65,target_hit
HINDALCO,camarilla,MIS,2026-06-30 11:10:00,2026-06-30 12:05:00,952.5,965.4571428571428,31,-401.67,-433.24,-1.3,trailing_stop
HINDZINC,camarilla,MIS,2026-06-30 11:10:00,2026-06-30 11:15:00,519.65,519.56,57,5.13,-26.28,0.02,target_hit
MANKIND,camarilla,MIS,2026-06-30 11:10:00,2026-06-30 11:55:00,2506.2,2524.885,11,205.54,176.17,0.66,target_hit
PFC,camarilla,MIS,2026-06-30 11:10:00,2026-06-30 12:35:00,427.5,424.8535714285715,70,-185.25,-216.87,-0.65,trailing_stop
PIDILITIND,camarilla,MIS,2026-06-30 11:10:00,2026-06-30 11:15:00,1585.5,1585.465,18,0.63,-29.63,0.0,target_hit
RECLTD,camarilla,MIS,2026-06-30 11:10:00,2026-06-30 11:25:00,366.8,367.67249999999996,81,70.67,39.12,0.23,target_hit
VMM,camarilla,MIS,2026-06-30 11:10:00,2026-06-30 12:00:00,116.96,117.462,256,128.51,96.68,0.29,target_hit
IDFCFIRSTB,camarilla,MIS,2026-06-30 11:15:00,2026-06-30 13:30:00,78.78,79.333,380,210.14,178.26,0.65,target_hit
INDHOTEL,camarilla,MIS,2026-06-30 11:15:00,2026-06-30 11:20:00,713.45,715.4649999999999,42,84.63,52.8,0.25,target_hit
INDIGO,camarilla,MIS,2026-06-30 11:15:00,2026-06-30 13:40:00,5357.8,5382.025,5,121.12,92.64,0.58,target_hit
BRITANNIA,camarilla,MIS,2026-06-30 11:20:00,2026-06-30 12:35:00,5152.5,5125.214285714285,5,-136.43,-163.66,-0.59,trailing_stop
M&M,camarilla,MIS,2026-06-30 11:20:00,2026-06-30 13:10:00,3122.5,3092.114285714286,9,-273.47,-303.1,-1.0,trailing_stop
PREMIERENE,camarilla,MIS,2026-06-30 11:20:00,2026-06-30 15:15:00,1046.5,1051.4,28,137.2,106.04,0.44,forced_close
SBIN,camarilla,MIS,2026-06-30 11:20:00,2026-06-30 13:55:00,1043.85,1034.375,28,-265.3,-296.12,-0.86,trailing_stop
SHRIRAMFIN,camarilla,MIS,2026-06-30 11:20:00,2026-06-30 12:30:00,1042.15,1046.7575000000002,28,129.01,97.98,0.45,target_hit
SRF,camarilla,MIS,2026-06-30 11:20:00,2026-06-30 11:40:00,2707.1,2713.9799999999996,11,75.68,44.05,0.24,target_hit
SUZLON,camarilla,MIS,2026-06-30 11:20:00,2026-06-30 11:35:00,57.62,57.798500000000004,520,92.82,60.99,0.28,target_hit
TVSMOTOR,camarilla,MIS,2026-06-30 11:20:00,2026-06-30 15:00:00,3496.0,3469.764285714286,8,-209.89,-239.41,-0.61,trailing_stop
ADANIENT,camarilla,MIS,2026-06-30 11:25:00,2026-06-30 11:30:00,2997.2,2998.25,10,10.5,-21.29,0.03,target_hit
APOLLOHOSP,camarilla,MIS,2026-06-30 11:25:00,2026-06-30 12:55:00,8700.0,8725.95,3,77.85,50.12,0.42,target_hit
ASHOKLEY,camarilla,MIS,2026-06-30 11:25:00,2026-06-30 15:15:00,158.7,157.66,189,-196.56,-228.24,-0.56,forced_close
BAJAJ-AUTO,camarilla,MIS,2026-06-30 11:25:00,2026-06-30 15:15:00,9716.0,9700.0,3,-48.0,-78.88,-0.12,forced_close
CHOLAFIN,camarilla,MIS,2026-06-30 11:25:00,2026-06-30 15:15:00,1800.0,1788.4,16,-185.6,-216.02,-0.55,forced_close
HINDUNILVR,camarilla,MIS,2026-06-30 11:25:00,2026-06-30 11:30:00,2128.0,2125.505,14,34.93,3.36,0.14,target_hit
JIOFIN,camarilla,MIS,2026-06-30 11:25:00,2026-06-30 15:00:00,238.07,236.2592857142857,126,-228.15,-259.81,-0.96,trailing_stop
NMDC,camarilla,MIS,2026-06-30 11:25:00,2026-06-30 11:35:00,85.01,84.691,352,112.29,80.63,0.23,target_hit
VBL,camarilla,MIS,2026-06-30 11:25:00,2026-06-30 13:40:00,506.15,507.675,59,89.98,58.25,0.33,target_hit
AUBANK,camarilla,MIS,2026-06-30 11:30:00,2026-06-30 13:20:00,1040.05,1031.692857142857,28,-234.0,-264.73,-0.85,trailing_stop
CONCOR,camarilla,MIS,2026-06-30 11:30:00,2026-06-30 14:25:00,474.3,475.8125,63,95.29,63.54,0.34,target_hit
SIEMENS,camarilla,MIS,2026-06-30 11:30:00,2026-06-30 15:15:00,3610.6,3601.8,8,-70.4,-100.99,-0.25,forced_close
VEDL,camarilla,MIS,2026-06-30 11:30:00,2026-06-30 13:15:00,279.3,281.0857142857143,107,-191.07,-222.89,-0.65,trailing_stop
ATGL,camarilla,MIS,2026-06-30 11:35:00,2026-06-30 13:30:00,720.0,725.1964285714287,41,-213.05,-244.49,-0.79,trailing_stop
BAJAJFINSV,camarilla,MIS,2026-06-30 11:35:00,2026-06-30 11:40:00,1776.6,1776.845,16,3.92,-26.23,0.02,target_hit
ICICIBANK,camarilla,MIS,2026-06-30 11:35:00,2026-06-30 12:10:00,1380.2,1377.26,21,61.74,31.04,0.19,target_hit
PAYTM,camarilla,MIS,2026-06-30 11:35:00,2026-06-30 11:45:00,1146.1,1148.28,26,56.68,25.04,0.15,target_hit
POLICYBZR,camarilla,MIS,2026-06-30 11:35:00,2026-06-30 14:55:00,1643.9,1638.9857142857143,18,-88.46,-119.78,-0.18,trailing_stop
HYUNDAI,camarilla,MIS,2026-06-30 11:40:00,2026-06-30 14:15:00,1919.8,1908.6071428571427,15,-167.89,-198.32,-0.57,trailing_stop
PATANJALI,camarilla,MIS,2026-06-30 11:40:00,2026-06-30 12:35:00,410.25,408.75,73,109.5,77.81,0.29,target_hit
BPCL,camarilla,MIS,2026-06-30 11:45:00,2026-06-30 15:15:00,303.65,303.55,98,-9.8,-41.35,-0.04,forced_close
COALINDIA,camarilla,MIS,2026-06-30 11:45:00,2026-06-30 15:15:00,439.9,438.95,68,64.6,32.92,0.23,forced_close
SAIL,camarilla,MIS,2026-06-30 11:45:00,2026-06-30 12:40:00,171.78,174.00499999999997,174,-387.15,-419.09,-1.08,trailing_stop
TECHM,camarilla,MIS,2026-06-30 11:45:00,2026-06-30 11:50:00,1385.0,1383.9150000000002,21,22.78,-8.04,0.07,target_hit
SWIGGY,camarilla,MIS,2026-06-30 11:50:00,2026-06-30 12:15:00,240.6,241.3625,124,94.55,62.85,0.19,target_hit
CIPLA,camarilla,MIS,2026-06-30 11:55:00,2026-06-30 14:15:00,1471.3,1468.7642857142857,20,-50.71,-81.89,-0.16,trailing_stop
ICICIGI,camarilla,MIS,2026-06-30 11:55:00,2026-06-30 15:15:00,1750.0,1737.4,17,214.2,182.79,0.62,forced_close
MPHASIS,camarilla,MIS,2026-06-30 11:55:00,2026-06-30 12:50:00,2119.3,2101.69,14,246.54,215.23,0.8,target_hit
NESTLEIND,camarilla,MIS,2026-06-30 11:55:00,2026-06-30 14:00:00,1410.3,1399.9571428571426,21,-217.2,-248.47,-0.62,trailing_stop
AUROPHARMA,camarilla,MIS,2026-06-30 12:00:00,2026-06-30 12:05:00,1572.4,1573.46,19,20.14,-11.55,0.07,target_hit
GVT&D,camarilla,MIS,2026-06-30 12:00:00,2026-06-30 13:15:00,5062.5,5019.035714285715,5,-217.32,-244.02,-0.5,trailing_stop
OBEROIRLTY,camarilla,MIS,2026-06-30 12:00:00,2026-06-30 13:05:00,1767.4,1775.935,16,136.56,106.48,0.41,target_hit
BSE,camarilla,MIS,2026-06-30 12:05:00,2026-06-30 14:55:00,3908.0,3876.8857142857137,7,-217.8,-246.67,-0.66,trailing_stop
CUMMINSIND,camarilla,MIS,2026-06-30 12:05:00,2026-06-30 13:35:00,5629.5,5652.05,5,112.75,82.83,0.34,target_hit
VOLTAS,camarilla,MIS,2026-06-30 12:10:00,2026-06-30 12:30:00,1285.2,1281.28,23,90.16,58.87,0.29,target_hit
MCX,camarilla,MIS,2026-06-30 12:25:00,2026-06-30 12:35:00,2863.6,2842.45,10,211.5,181.27,0.68,target_hit
POLYCAB,camarilla,MIS,2026-06-30 12:25:00,2026-06-30 15:15:00,9937.5,9977.0,3,118.5,86.81,0.34,forced_close
GAIL,camarilla,MIS,2026-06-30 12:30:00,2026-06-30 13:00:00,174.11,172.49999999999997,172,-276.92,-308.5,-1.22,trailing_stop
PRESTIGE,camarilla,MIS,2026-06-30 12:30:00,2026-06-30 13:05:00,1564.6,1566.24,19,31.16,-0.38,0.14,target_hit
TATACOMM,camarilla,MIS,2026-06-30 12:30:00,2026-06-30 13:00:00,1965.8,1955.835,15,149.47,118.3,0.33,target_hit
LODHA,camarilla,MIS,2026-06-30 12:35:00,2026-06-30 13:05:00,948.6,953.2449999999999,31,143.99,112.72,0.58,target_hit
INDUSTOWER,camarilla,MIS,2026-06-30 12:45:00,2026-06-30 15:15:00,391.7,391.6,76,7.6,-23.96,0.03,forced_close
GLENMARK,camarilla,MIS,2026-06-30 12:55:00,2026-06-30 14:25:00,2205.9,2218.61,13,165.23,134.71,0.48,target_hit
BIOCON,camarilla,MIS,2026-06-30 13:00:00,2026-06-30 14:25:00,418.0,419.815,71,128.86,97.31,0.33,target_hit
JINDALSTEL,camarilla,MIS,2026-06-30 13:00:00,2026-06-30 14:30:00,1061.0,1054.5149999999999,28,181.58,150.19,0.63,target_hit
UNITDSPR,camarilla,MIS,2026-06-30 13:00:00,2026-06-30 14:15:00,1353.8,1363.5,22,213.4,181.68,0.67,target_hit
ADANIENSOL,camarilla,MIS,2026-06-30 13:05:00,2026-06-30 13:40:00,1474.5,1484.5714285714287,20,-201.43,-232.83,-0.94,trailing_stop
HAL,camarilla,MIS,2026-06-30 13:05:00,2026-06-30 13:15:00,4390.0,4402.365000000001,6,74.19,46.21,0.35,target_hit
OFSS,camarilla,MIS,2026-06-30 13:05:00,2026-06-30 14:25:00,10746.5,10839.57142857143,2,-186.14,-209.05,-0.78,trailing_stop
RVNL,camarilla,MIS,2026-06-30 13:05:00,2026-06-30 15:15:00,236.28,235.31,126,122.22,90.73,0.49,target_hit
SBILIFE,camarilla,MIS,2026-06-30 13:05:00,2026-06-30 14:15:00,1765.8,1757.4785714285713,16,-133.14,-163.02,-0.65,trailing_stop
360ONE,camarilla,MIS,2026-06-30 13:10:00,2026-06-30 15:00:00,1081.1,1074.3999999999999,27,180.9,150.06,0.63,target_hit
COFORGE,camarilla,MIS,2026-06-30 13:10:00,2026-06-30 14:35:00,1477.3,1468.795,20,170.1,138.88,0.51,target_hit
BLUESTARCO,camarilla,MIS,2026-06-30 13:25:00,2026-06-30 14:55:00,1644.4,1650.79,18,115.02,83.56,0.32,target_hit
HINDPETRO,camarilla,MIS,2026-06-30 13:25:00,2026-06-30 15:15:00,395.15,394.25,75,-67.5,-98.88,-0.29,forced_close
KOTAKBANK,camarilla,MIS,2026-06-30 13:25:00,2026-06-30 15:15:00,392.05,392.6,76,-41.8,-73.42,-0.11,forced_close
TIINDIA,camarilla,MIS,2026-06-30 13:25:00,2026-06-30 13:30:00,3046.5,3059.755,9,119.3,90.14,0.3,target_hit
DLF,camarilla,MIS,2026-06-30 13:30:00,2026-06-30 14:25:00,620.9,624.21,48,158.88,127.17,0.54,target_hit
GODREJCP,camarilla,MIS,2026-06-30 13:30:00,2026-06-30 15:15:00,1012.8,1006.775,29,174.72,143.69,0.86,target_hit
FORTIS,camarilla,MIS,2026-06-30 13:55:00,2026-06-30 15:00:00,960.8,954.417857142857,31,-197.85,-229.31,-0.75,trailing_stop
GODFRYPHLP,camarilla,MIS,2026-06-30 13:55:00,2026-06-30 15:15:00,2160.0,2170.7,13,-139.1,-168.97,-0.52,forced_close
ASTRAL,camarilla,MIS,2026-06-30 14:00:00,2026-06-30 15:15:00,1342.3,1335.5,22,149.6,118.38,0.46,forced_close
PNB,camarilla,MIS,2026-06-30 14:00:00,2026-06-30 15:15:00,106.33,106.65,282,-90.24,-122.1,-0.43,forced_close
RELIANCE,camarilla,MIS,2026-06-30 14:00:00,2026-06-30 15:15:00,1293.1,1294.8,23,-39.1,-70.66,-0.19,forced_close
DIVISLAB,camarilla,MIS,2026-06-30 14:20:00,2026-06-30 15:15:00,6615.0,6578.5,4,-146.0,-173.97,-0.6,forced_close
APLAPOLLO,camarilla,MIS,2026-06-30 14:25:00,2026-06-30 15:15:00,1796.9,1790.4,16,-104.0,-134.42,-0.47,forced_close
DABUR,camarilla,MIS,2026-06-30 14:25:00,2026-06-30 15:00:00,424.1,422.6975,70,98.18,66.76,0.54,target_hit
LUPIN,camarilla,MIS,2026-06-30 14:25:00,2026-06-30 15:15:00,2437.0,2412.2,12,-297.6,-328.42,-1.04,forced_close
MOTILALOFS,camarilla,MIS,2026-06-30 14:25:00,2026-06-30 15:15:00,954.7,951.6,31,-96.1,-127.42,-0.44,forced_close
MAXHEALTH,camarilla,MIS,2026-06-30 14:35:00,2026-06-30 15:00:00,1137.4,1127.0475000000001,26,269.16,237.98,0.85,target_hit
DMART,camarilla,MIS,2026-06-30 14:40:00,2026-06-30 15:15:00,4393.2,4370.2,6,-138.0,-165.86,-0.82,forced_close
AMBUJACEM,camarilla,MIS,2026-06-30 15:00:00,2026-06-30 15:15:00,421.45,421.65,71,-14.2,-45.94,-0.04,forced_close
ASIANPAINT,camarilla,MIS,2026-06-30 15:00:00,2026-06-30 15:15:00,2637.4,2635.9,11,16.5,-14.25,0.06,forced_close
AXISBANK,camarilla,MIS,2026-06-30 15:00:00,2026-06-30 15:15:00,1345.0,1345.2,22,-4.4,-35.78,-0.01,forced_close
DRREDDY,camarilla,MIS,2026-06-30 15:00:00,2026-06-30 15:15:00,1355.5,1355.3,22,4.4,-27.22,0.01,forced_close
ENRIN,camarilla,MIS,2026-06-30 15:00:00,2026-06-30 15:05:00,3677.5,3678.225,8,5.8,-25.4,0.02,target_hit
JSWSTEEL,camarilla,MIS,2026-06-30 15:00:00,2026-06-30 15:15:00,1223.2,1227.6,24,-105.6,-136.8,-0.32,forced_close
MOTHERSON,camarilla,MIS,2026-06-30 15:00:00,2026-06-30 15:15:00,148.11,147.99,202,24.24,-7.47,0.06,forced_close
MUTHOOTFIN,camarilla,MIS,2026-06-30 15:00:00,2026-06-30 15:15:00,2996.4,2998.6,10,-22.0,-53.79,-0.06,forced_close
RADICO,camarilla,MIS,2026-06-30 15:00:00,2026-06-30 15:10:00,3944.2,3947.63,7,24.01,-5.28,0.11,target_hit
SBICARD,camarilla,MIS,2026-06-30 15:00:00,2026-06-30 15:15:00,592.0,594.25,50,-112.5,-143.96,-0.36,forced_close
SUNPHARMA,camarilla,MIS,2026-06-30 15:00:00,2026-06-30 15:15:00,1862.7,1862.0,16,11.2,-20.4,0.04,forced_close
ULTRACEMCO,camarilla,MIS,2026-06-30 15:00:00,2026-06-30 15:15:00,11017,11024,2,-14,-37.37,-0.05,forced_close
ZYDUSLIFE,camarilla,MIS,2026-06-30 15:00:00,2026-06-30 15:15:00,1113.8,1111.7,26,54.6,23.93,0.16,forced_close
WAAREEENER,camarilla,MIS,2026-06-30 15:05:00,2026-06-30 15:15:00,2949.6,2952.3,10,27.0,-4.3,0.07,forced_close
TATASTEEL,camarilla,MIS,2026-06-30 15:10:00,2026-06-30 15:15:00,188.21,188.18,159,4.77,-26.96,0.01,forced_close
ABB,camarilla,MIS,2026-06-30 15:15:00,2026-06-30 15:20:00,7021.0,7012.0,4,36.0,6.24,0.09,forced_close
LICHSGFIN,camarilla,MIS,2026-06-30 15:25:00,2026-06-30 15:25:00,566.0,566.0,53,0.0,-31.81,0.0,eod_data_end
MFSL,camarilla,MIS,2026-06-30 15:25:00,2026-06-30 15:25:00,1580.0,1580.0,18,-0.0,-30.16,-0.0,eod_data_end
ADANIPOWER,camarilla,MIS,2026-07-01 10:55:00,2026-07-01 11:30:00,226.08,227.4165,132,176.42,144.66,0.25,target_hit
ATGL,camarilla,MIS,2026-07-01 10:55:00,2026-07-01 13:40:00,739.2,735.1071428571429,40,-163.71,-194.96,-0.23,trailing_stop
CONCOR,camarilla,MIS,2026-07-01 10:55:00,2026-07-01 11:00:00,480.7,481.08,62,23.56,-8.06,0.08,target_hit
AUBANK,camarilla,MIS,2026-07-01 11:00:00,2026-07-01 13:20:00,1044.9,1048.0224999999998,28,87.43,56.35,0.19,target_hit
BHARTIARTL,camarilla,MIS,2026-07-01 11:00:00,2026-07-01 11:15:00,1861.6,1870.37,16,140.32,108.64,0.74,target_hit
COALINDIA,camarilla,MIS,2026-07-01 11:00:00,2026-07-01 12:40:00,435.8,434.155,68,111.86,80.51,0.42,target_hit
DLF,camarilla,MIS,2026-07-01 11:00:00,2026-07-01 11:20:00,628.3,629.3175,47,47.82,16.48,0.1,target_hit
MAZDOCK,camarilla,MIS,2026-07-01 11:00:00,2026-07-01 15:15:00,2524.1,2535.0,11,119.9,90.38,0.29,forced_close
MFSL,camarilla,MIS,2026-07-01 11:00:00,2026-07-01 11:10:00,1597.4,1600.06,18,47.88,17.36,0.13,target_hit
NTPC,camarilla,MIS,2026-07-01 11:00:00,2026-07-01 11:05:00,358.75,359.6475,83,74.49,42.87,0.26,target_hit
PIDILITIND,camarilla,MIS,2026-07-01 11:00:00,2026-07-01 15:15:00,1585.3,1582.9,18,43.2,12.97,0.14,forced_close
TORNTPHARM,camarilla,MIS,2026-07-01 11:00:00,2026-07-01 12:30:00,4586.3,4612.778571428571,6,-158.87,-188.15,-0.53,trailing_stop
WAAREEENER,camarilla,MIS,2026-07-01 11:00:00,2026-07-01 13:00:00,2920.9,2895.355,10,255.45,224.64,0.78,target_hit
APLAPOLLO,camarilla,MIS,2026-07-01 11:05:00,2026-07-01 11:10:00,1772.6,1771.7050000000002,16,14.32,-15.75,0.04,target_hit
BRITANNIA,camarilla,MIS,2026-07-01 11:05:00,2026-07-01 12:25:00,5198.0,5201.775,5,18.87,-8.7,0.07,target_hit
HYUNDAI,camarilla,MIS,2026-07-01 11:05:00,2026-07-01 11:30:00,1924.0,1928.435,15,66.52,35.88,0.16,target_hit
POWERGRID,camarilla,MIS,2026-07-01 11:05:00,2026-07-01 13:25:00,287.55,286.35,104,-124.8,-156.43,-0.47,trailing_stop
SUPREMEIND,camarilla,MIS,2026-07-01 11:05:00,2026-07-01 12:50:00,3181.9,3142.092857142857,9,-358.26,-388.4,-0.83,trailing_stop
BPCL,camarilla,MIS,2026-07-01 11:10:00,2026-07-01 12:35:00,301.95,303.4571428571429,99,-149.21,-181.0,-0.66,trailing_stop
OIL,camarilla,MIS,2026-07-01 11:10:00,2026-07-01 11:35:00,413.75,417.3214285714286,72,-257.14,-288.9,-1.52,trailing_stop
BAJFINANCE,camarilla,MIS,2026-07-01 11:15:00,2026-07-01 11:50:00,1016.1,1023.0375,29,201.19,169.81,0.52,target_hit
BANKINDIA,camarilla,MIS,2026-07-01 11:15:00,2026-07-01 11:20:00,142.11,142.27,211,33.76,1.94,0.09,target_hit
BHARATFORG,camarilla,MIS,2026-07-01 11:15:00,2026-07-01 15:15:00,2104.1,2109.7,14,-78.4,-109.69,-0.22,forced_close
INDIANB,camarilla,MIS,2026-07-01 11:15:00,2026-07-01 11:55:00,820.95,825.01,36,146.16,114.73,0.33,target_hit
LT,camarilla,MIS,2026-07-01 11:15:00,2026-07-01 11:20:00,4113.3,4110.565,7,19.15,-11.38,0.08,target_hit
PIIND,camarilla,MIS,2026-07-01 11:15:00,2026-07-01 11:20:00,2577.4,2580.895,11,38.44,8.36,0.11,target_hit
POLYCAB,camarilla,MIS,2026-07-01 11:15:00,2026-07-01 12:15:00,9798.5,9734.95,3,190.65,159.6,0.69,target_hit
UNIONBANK,camarilla,MIS,2026-07-01 11:15:00,2026-07-01 14:55:00,169.0,169.5745,177,101.69,69.9,0.28,target_hit
ASTRAL,camarilla,MIS,2026-07-01 11:20:00,2026-07-01 14:55:00,1357.9,1367.5,22,211.2,179.39,0.45,target_hit
IDEA,camarilla,MIS,2026-07-01 11:20:00,2026-07-01 11:25:00,14.6,14.647000000000002,2054,96.54,64.67,0.24,target_hit
ITC,camarilla,MIS,2026-07-01 11:20:00,2026-07-01 12:25:00,290.2,290.305,103,10.82,-20.89,0.05,target_hit
JSWENERGY,camarilla,MIS,2026-07-01 11:20:00,2026-07-01 12:25:00,578.15,575.1475,51,153.13,121.96,0.47,target_hit
BAJAJHLDNG,camarilla,MIS,2026-07-01 11:25:00,2026-07-01 11:30:00,10745,10759.75,2,29.5,6.69,0.09,target_hit
ENRIN,camarilla,MIS,2026-07-01 11:25:00,2026-07-01 12:10:00,3750.0,3688.3571428571427,8,-493.14,-524.64,-1.23,trailing_stop
HINDZINC,camarilla,MIS,2026-07-01 11:25:00,2026-07-01 13:00:00,526.8,523.4425,56,188.02,156.86,0.79,target_hit
INDUSTOWER,camarilla,MIS,2026-07-01 11:25:00,2026-07-01 11:30:00,395.35,396.0725,75,54.19,22.71,0.13,target_hit
IOC,camarilla,MIS,2026-07-01 11:25:00,2026-07-01 15:15:00,139.94,139.67,214,-57.78,-89.5,-0.22,forced_close
AUROPHARMA,camarilla,MIS,2026-07-01 11:30:00,2026-07-01 11:35:00,1557.2,1555.93,19,24.13,-7.23,0.08,target_hit
GAIL,camarilla,MIS,2026-07-01 11:30:00,2026-07-01 15:15:00,174.46,174.51,171,8.55,-23.09,0.03,forced_close
HDFCLIFE,camarilla,MIS,2026-07-01 11:30:00,2026-07-01 11:45:00,570.25,568.26,52,103.48,72.1,0.38,target_hit
MPHASIS,camarilla,MIS,2026-07-01 11:30:00,2026-07-01 15:10:00,2082.7,2068.5699999999997,14,197.82,167.03,0.55,target_hit
NAUKRI,camarilla,MIS,2026-07-01 11:30:00,2026-07-01 11:45:00,990.25,992.2725,30,60.68,29.13,0.13,target_hit
LTF,camarilla,MIS,2026-07-01 11:35:00,2026-07-01 14:10:00,315.3,312.5964285714286,95,-256.84,-288.44,-0.68,trailing_stop
GMRAIRPORT,camarilla,MIS,2026-07-01 11:40:00,2026-07-01 12:05:00,113.58,114.0755,264,130.81,98.93,0.35,target_hit
KOTAKBANK,camarilla,MIS,2026-07-01 11:40:00,2026-07-01 11:45:00,396.0,396.15500000000003,75,11.63,-19.88,0.05,target_hit
MOTILALOFS,camarilla,MIS,2026-07-01 11:45:00,2026-07-01 11:55:00,956.55,957.515,31,29.92,-1.55,0.09,target_hit
SBIN,camarilla,MIS,2026-07-01 11:45:00,2026-07-01 12:05:00,1036.7,1037.3225000000002,28,17.43,-13.36,0.1,target_hit
TATAPOWER,camarilla,MIS,2026-07-01 11:50:00,2026-07-01 11:55:00,382.85,382.5575,78,22.82,-8.84,0.07,target_hit
TIINDIA,camarilla,MIS,2026-07-01 11:50:00,2026-07-01 12:15:00,3065.3,3069.7250000000004,9,39.83,10.54,0.1,target_hit
UPL,camarilla,MIS,2026-07-01 11:50:00,2026-07-01 15:15:00,567.0,565.2,52,93.6,62.39,0.44,forced_close
BDL,camarilla,MIS,2026-07-01 11:55:00,2026-07-01 13:40:00,1383.8,1370.65,21,-276.15,-306.79,-0.71,trailing_stop
BLUESTARCO,camarilla,MIS,2026-07-01 11:55:00,2026-07-01 12:15:00,1615.0,1611.085,18,70.47,39.69,0.25,target_hit
LUPIN,camarilla,MIS,2026-07-01 12:00:00,2026-07-01 15:15:00,2401.1,2393.1,12,96.0,65.51,0.47,forced_close
MANKIND,camarilla,MIS,2026-07-01 12:00:00,2026-07-01 13:20:00,2515.2,2499.565,11,171.98,142.76,0.91,target_hit
ABB,camarilla,MIS,2026-07-01 12:05:00,2026-07-01 12:15:00,7001.0,6972.15,4,115.4,85.78,0.47,target_hit
CIPLA,camarilla,MIS,2026-07-01 12:05:00,2026-07-01 12:25:00,1448.7,1447.7450000000001,20,19.1,-11.61,0.09,target_hit
OBEROIRLTY,camarilla,MIS,2026-07-01 12:10:00,2026-07-01 13:20:00,1780.0,1790.5400000000002,16,168.64,138.33,0.63,target_hit
PERSISTENT,camarilla,MIS,2026-07-01 12:10:00,2026-07-01 12:15:00,4379.9,4382.875,6,17.85,-10.03,0.05,target_hit
TATASTEEL,camarilla,MIS,2026-07-01 12:10:00,2026-07-01 12:25:00,187.08,186.2175,160,138.0,106.35,0.52,target_hit
GVT&D,camarilla,MIS,2026-07-01 12:15:00,2026-07-01 12:20:00,4858.0,4843.35,6,87.9,57.05,0.15,target_hit
TATACONSUM,camarilla,MIS,2026-07-01 12:15:00,2026-07-01 15:15:00,1086.9,1091.7,27,129.6,98.4,0.35,forced_close
TMPV,camarilla,MIS,2026-07-01 12:15:00,2026-07-01 14:25:00,347.9,350.6607142857143,86,-237.42,-269.3,-0.93,trailing_stop
ABCAPITAL,camarilla,MIS,2026-07-01 12:20:00,2026-07-01 15:15:00,395.25,392.9,75,-176.25,-207.57,-0.84,forced_close
PREMIERENE,camarilla,MIS,2026-07-01 12:20:00,2026-07-01 13:10:00,1043.0,1050.75,28,-217.0,-248.11,-1.12,trailing_stop
IDFCFIRSTB,camarilla,MIS,2026-07-01 12:25:00,2026-07-01 14:40:00,78.81,78.60999999999999,380,76.0,44.29,0.38,target_hit
NMDC,camarilla,MIS,2026-07-01 12:25:00,2026-07-01 14:00:00,84.29,83.9665,355,114.84,83.18,0.64,target_hit
BANKBARODA,camarilla,MIS,2026-07-01 12:30:00,2026-07-01 13:55:00,273.8,272.02857142857147,109,-193.09,-224.61,-0.49,trailing_stop
MOTHERSON,camarilla,MIS,2026-07-01 12:40:00,2026-07-01 15:15:00,147.0,147.51,204,-104.04,-135.91,-0.28,forced_close
VMM,camarilla,MIS,2026-07-01 12:50:00,2026-07-01 15:15:00,116.95,116.77,256,46.08,14.36,0.15,forced_close
CHOLAFIN,camarilla,MIS,2026-07-01 13:05:00,2026-07-01 15:15:00,1800.3,1803.5,16,51.2,20.62,0.19,forced_close
HINDPETRO,camarilla,MIS,2026-07-01 13:05:00,2026-07-01 13:15:00,391.5,390.9575,76,41.23,9.7,0.16,target_hit
LAURUSLABS,camarilla,MIS,2026-07-01 13:05:00,2026-07-01 13:20:00,1499.0,1496.83,20,43.4,11.64,0.14,target_hit
APOLLOHOSP,camarilla,MIS,2026-07-01 13:15:00,2026-07-01 15:00:00,8640.0,8615.45,3,73.65,46.21,0.42,target_hit
BEL,camarilla,MIS,2026-07-01 13:15:00,2026-07-01 13:20:00,415.0,415.0725,72,5.22,-26.47,0.03,target_hit
INFY,camarilla,MIS,2026-07-01 13:15:00,2026-07-01 15:15:00,990.8,984.7,30,183.0,151.6,0.65,forced_close
JUBLFOOD,camarilla,MIS,2026-07-01 13:20:00,2026-07-01 13:50:00,421.4,421.94500000000005,71,38.7,6.94,0.16,target_hit
SBILIFE,camarilla,MIS,2026-07-01 13:30:00,2026-07-01 13:45:00,1778.3,1787.15,16,141.6,111.34,0.66,target_hit
ICICIGI,camarilla,MIS,2026-07-01 13:35:00,2026-07-01 15:15:00,1757.1,1754.0,17,-52.7,-84.34,-0.22,forced_close
TCS,camarilla,MIS,2026-07-01 13:35:00,2026-07-01 14:35:00,2006.0,1984.475,14,301.35,271.76,1.39,target_hit
TVSMOTOR,camarilla,MIS,2026-07-01 13:35:00,2026-07-01 15:15:00,3488.2,3494.9,8,53.6,23.97,0.16,forced_close
BAJAJFINSV,camarilla,MIS,2026-07-01 13:45:00,2026-07-01 14:15:00,1794.8,1804.84,16,160.64,130.08,0.47,target_hit
DRREDDY,camarilla,MIS,2026-07-01 13:50:00,2026-07-01 14:25:00,1345.0,1341.7549999999999,22,71.39,40.06,0.19,target_hit
MAXHEALTH,camarilla,MIS,2026-07-01 13:55:00,2026-07-01 15:15:00,1139.9,1139.8,26,-2.6,-34.03,-0.01,forced_close
NATIONALUM,camarilla,MIS,2026-07-01 14:05:00,2026-07-01 14:10:00,334.7,334.65000000000003,89,4.45,-27.14,0.02,target_hit
CANBK,camarilla,MIS,2026-07-01 14:10:00,2026-07-01 15:15:00,126.65,126.22,236,-101.48,-133.11,-0.35,forced_close
FORTIS,camarilla,MIS,2026-07-01 14:10:00,2026-07-01 14:45:00,950.95,947.9850000000001,31,91.91,60.71,0.32,target_hit
MARUTI,camarilla,MIS,2026-07-01 14:15:00,2026-07-01 15:15:00,14390,14404,2,28,-2.54,0.11,forced_close
EXIDEIND,camarilla,MIS,2026-07-01 14:20:00,2026-07-01 15:15:00,390.6,390.35,76,-19.0,-50.47,-0.07,forced_close
BAJAJ-AUTO,camarilla,MIS,2026-07-01 14:25:00,2026-07-01 15:15:00,9844.0,9839.0,3,-15.0,-46.31,-0.1,forced_close
HAL,camarilla,MIS,2026-07-01 14:35:00,2026-07-01 14:40:00,4431.3,4434.7699999999995,6,20.82,-7.39,0.11,target_hit
INDIGO,camarilla,MIS,2026-07-01 14:35:00,2026-07-01 15:15:00,5397.0,5400.5,5,17.5,-11.13,0.09,forced_close
ZYDUSLIFE,camarilla,MIS,2026-07-01 14:35:00,2026-07-01 15:15:00,1107.5,1108.6,27,-29.7,-61.43,-0.14,forced_close
WIPRO,camarilla,MIS,2026-07-01 14:45:00,2026-07-01 15:15:00,172.0,170.01,174,-346.26,-377.78,-1.07,forced_close
YESBANK,camarilla,MIS,2026-07-01 14:50:00,2026-07-01 15:15:00,24.6,24.55,1219,-60.95,-92.71,-0.14,forced_close
HEROMOTOCO,camarilla,MIS,2026-07-01 14:55:00,2026-07-01 15:15:00,4841.0,4828.3,6,-76.2,-106.95,-0.21,forced_close
KALYANKJIL,camarilla,MIS,2026-07-01 14:55:00,2026-07-01 15:15:00,382.25,380.85,78,109.2,77.65,0.34,forced_close
DIVISLAB,camarilla,MIS,2026-07-01 15:00:00,2026-07-01 15:15:00,6546.5,6545.5,4,4.0,-23.77,0.02,forced_close
PATANJALI,camarilla,MIS,2026-07-01 15:00:00,2026-07-01 15:15:00,413.4,412.5,72,-64.8,-96.32,-0.25,forced_close
SHRIRAMFIN,camarilla,MIS,2026-07-01 15:00:00,2026-07-01 15:15:00,1051.0,1046.6,28,-123.2,-154.33,-0.78,forced_close
PNB,camarilla,MIS,2026-07-01 15:05:00,2026-07-01 15:10:00,107.48,107.493,279,3.63,-28.18,0.02,target_hit
TATAINVEST,camarilla,MIS,2026-07-01 15:05:00,2026-07-01 15:15:00,665.3,663.9949999999999,45,58.73,27.01,0.26,target_hit
AMBUJACEM,camarilla,MIS,2026-07-01 15:10:00,2026-07-01 15:15:00,418.95,418.95,71,-0.0,-31.54,-0.0,forced_close
SUZLON,camarilla,MIS,2026-07-01 15:10:00,2026-07-01 15:15:00,58.4,58.23,513,87.21,55.5,0.33,forced_close
INDHOTEL,camarilla,MIS,2026-07-01 15:20:00,2026-07-01 15:25:00,719.5,722.0,41,102.5,71.15,0.41,forced_close
JSWSTEEL,camarilla,MIS,2026-07-01 15:20:00,2026-07-01 15:25:00,1217.8,1216.94,24,20.64,-10.34,0.08,target_hit
BAJFINANCE,camarilla,MIS,2026-07-02 10:55:00,2026-07-02 11:50:00,1025.4,1015.8928571428571,29,-275.71,-307.06,-0.82,trailing_stop
CONCOR,camarilla,MIS,2026-07-02 10:55:00,2026-07-02 12:35:00,477.8,478.99642857142857,62,-74.18,-105.64,-0.29,trailing_stop
ITC,camarilla,MIS,2026-07-02 10:55:00,2026-07-02 12:35:00,289.15,290.1857142857143,103,-106.68,-138.33,-0.4,trailing_stop
PHOENIXLTD,camarilla,MIS,2026-07-02 10:55:00,2026-07-02 11:55:00,1991.0,2002.1999999999998,15,-168.0,-199.78,-0.37,trailing_stop
RELIANCE,camarilla,MIS,2026-07-02 10:55:00,2026-07-02 11:30:00,1302.0,1299.365,23,60.6,28.89,0.23,target_hit
WAAREEENER,camarilla,MIS,2026-07-02 10:55:00,2026-07-02 14:55:00,2902.9,2888.407142857143,10,-144.93,-175.62,-0.51,trailing_stop
ZYDUSLIFE,camarilla,MIS,2026-07-02 10:55:00,2026-07-02 11:45:00,1100.9,1097.98,27,78.84,47.37,0.23,target_hit
ALKEM,camarilla,MIS,2026-07-02 11:00:00,2026-07-02 12:35:00,5526.0,5498.75,5,136.25,107.04,0.76,target_hit
ASHOKLEY,camarilla,MIS,2026-07-02 11:00:00,2026-07-02 15:15:00,164.55,164.77,182,40.04,8.26,0.13,forced_close
PREMIERENE,camarilla,MIS,2026-07-02 11:00:00,2026-07-02 14:35:00,1058.5,1053.8785714285714,28,-129.4,-160.75,-0.33,trailing_stop
SIEMENS,camarilla,MIS,2026-07-02 11:00:00,2026-07-02 11:55:00,3595.2,3604.7,8,76.0,45.45,0.19,target_hit
SUNPHARMA,camarilla,MIS,2026-07-02 11:00:00,2026-07-02 11:15:00,1877.4,1881.16,15,56.4,26.5,0.27,target_hit
M&MFIN,camarilla,MIS,2026-07-02 11:05:00,2026-07-02 12:40:00,310.45,311.91249999999997,96,140.4,108.71,0.37,target_hit
OBEROIRLTY,camarilla,MIS,2026-07-02 11:05:00,2026-07-02 11:40:00,1832.6,1835.675,16,49.2,18.07,0.16,target_hit
PAYTM,camarilla,MIS,2026-07-02 11:10:00,2026-07-02 13:00:00,1225.9,1214.45,24,-274.8,-305.82,-0.55,trailing_stop
SBILIFE,camarilla,MIS,2026-07-02 11:10:00,2026-07-02 12:35:00,1773.5,1780.2214285714288,16,-107.54,-137.7,-0.45,trailing_stop
TRENT,camarilla,MIS,2026-07-02 11:10:00,2026-07-02 11:25:00,3303.9,3308.835,9,44.41,12.85,0.14,target_hit
ABCAPITAL,camarilla,MIS,2026-07-02 11:15:00,2026-07-02 12:20:00,390.6,394.72142857142853,76,-313.23,-344.91,-1.08,trailing_stop
ADANIENSOL,camarilla,MIS,2026-07-02 11:15:00,2026-07-02 11:35:00,1540.9,1558.085,19,326.51,295.26,0.48,target_hit
GODREJCP,camarilla,MIS,2026-07-02 11:15:00,2026-07-02 11:25:00,1054.8,1060.705,28,165.34,133.91,0.49,target_hit
MAXHEALTH,camarilla,MIS,2026-07-02 11:15:00,2026-07-02 13:35:00,1131.3,1130.275,26,26.65,-4.52,0.08,target_hit
TATACONSUM,camarilla,MIS,2026-07-02 11:15:00,2026-07-02 11:20:00,1102.8,1102.9450000000002,27,3.92,-27.66,0.01,target_hit
BAJAJHLDNG,camarilla,MIS,2026-07-02 11:20:00,2026-07-02 12:45:00,10876,10823.357142857143,2,-105.29,-128.29,-0.66,trailing_stop
COCHINSHIP,camarilla,MIS,2026-07-02 11:20:00,2026-07-02 12:00:00,1512.7,1517.765,19,96.24,65.69,0.3,target_hit
HINDZINC,camarilla,MIS,2026-07-02 11:20:00,2026-07-02 11:25:00,531.0,531.11,56,6.16,-25.38,0.01,target_hit
PATANJALI,camarilla,MIS,2026-07-02 11:20:00,2026-07-02 13:05:00,411.5,410.1475,72,97.38,66.02,0.57,target_hit
BHARTIARTL,camarilla,MIS,2026-07-02 11:25:00,2026-07-02 14:10:00,1855.9,1866.0714285714284,16,-162.74,-194.34,-0.77,trailing_stop
BRITANNIA,camarilla,MIS,2026-07-02 11:25:00,2026-07-02 12:30:00,5314.0,5350.55,5,182.75,154.46,0.8,target_hit
JSWENERGY,camarilla,MIS,2026-07-02 11:25:00,2026-07-02 12:40:00,563.65,568.2142857142857,53,-241.91,-273.74,-0.8,trailing_stop
UNITDSPR,camarilla,MIS,2026-07-02 11:25:00,2026-07-02 11:30:00,1363.3,1365.105,22,39.71,7.88,0.13,target_hit
COLPAL,camarilla,MIS,2026-07-02 11:30:00,2026-07-02 12:15:00,2042.1,2058.7285714285713,14,-232.8,-263.27,-0.96,trailing_stop
CUMMINSIND,camarilla,MIS,2026-07-02 11:30:00,2026-07-02 11:40:00,5601.0,5593.975,5,35.12,5.45,0.12,target_hit
DIVISLAB,camarilla,MIS,2026-07-02 11:30:00,2026-07-02 11:55:00,6610.5,6619.75,4,37.0,8.94,0.25,target_hit
GLENMARK,camarilla,MIS,2026-07-02 11:30:00,2026-07-02 11:45:00,2192.7,2199.355,13,86.52,56.23,0.24,target_hit
YESBANK,camarilla,MIS,2026-07-02 11:30:00,2026-07-02 11:35:00,24.32,24.261,1233,72.75,40.99,0.38,target_hit
AUROPHARMA,camarilla,MIS,2026-07-02 11:35:00,2026-07-02 12:45:00,1563.6,1553.757142857143,19,-187.01,-218.4,-0.72,trailing_stop
AXISBANK,camarilla,MIS,2026-07-02 11:35:00,2026-07-02 15:15:00,1358.5,1360.7,22,-48.4,-80.12,-0.2,forced_close
DRREDDY,camarilla,MIS,2026-07-02 11:35:00,2026-07-02 13:35:00,1349.3,1357.8850000000002,22,188.87,157.27,0.7,target_hit
IDFCFIRSTB,camarilla,MIS,2026-07-02 11:35:00,2026-07-02 12:25:00,78.62,79.35285714285715,381,-279.22,-311.16,-1.26,trailing_stop
ADANIPORTS,camarilla,MIS,2026-07-02 11:40:00,2026-07-02 15:10:00,1870.2,1884.665,16,231.44,199.56,0.7,target_hit
INDUSTOWER,camarilla,MIS,2026-07-02 11:40:00,2026-07-02 15:15:00,383.6,383.65,78,-3.9,-35.63,-0.01,forced_close
PNB,camarilla,MIS,2026-07-02 11:40:00,2026-07-02 14:10:00,106.79,106.48400000000001,280,85.68,54.03,0.34,target_hit
ASIANPAINT,camarilla,MIS,2026-07-02 11:45:00,2026-07-02 14:55:00,2746.0,2747.257142857143,10,12.57,-16.56,0.05,trailing_stop
GRASIM,camarilla,MIS,2026-07-02 11:50:00,2026-07-02 15:15:00,3159.6,3168.4,9,79.2,48.99,0.39,forced_close
GODFRYPHLP,camarilla,MIS,2026-07-02 11:55:00,2026-07-02 14:00:00,2174.2,2184.295,13,131.24,101.18,1.19,target_hit
OFSS,camarilla,MIS,2026-07-02 11:55:00,2026-07-02 12:05:00,11170.0,11182.0,2,24.0,0.29,0.06,target_hit
APOLLOHOSP,camarilla,MIS,2026-07-02 12:00:00,2026-07-02 12:40:00,8669.5,8688.35,3,56.55,28.93,0.42,target_hit
BEL,camarilla,MIS,2026-07-02 12:00:00,2026-07-02 12:10:00,413.75,412.8125,72,67.5,35.95,0.48,target_hit
DLF,camarilla,MIS,2026-07-02 12:00:00,2026-07-02 13:50:00,657.85,653.9464285714287,45,-175.66,-206.94,-0.65,trailing_stop
ONGC,camarilla,MIS,2026-07-02 12:00:00,2026-07-02 12:30:00,234.27,235.48499999999999,128,-155.52,-187.42,-0.55,trailing_stop
ATGL,camarilla,MIS,2026-07-02 12:05:00,2026-07-02 13:40:00,741.15,735.6642857142857,40,-219.43,-250.73,-0.59,trailing_stop
ULTRACEMCO,camarilla,MIS,2026-07-02 12:05:00,2026-07-02 13:45:00,11299,11260.42857142857,2,-77.14,-101.06,-1.07,trailing_stop
MCX,camarilla,MIS,2026-07-02 12:10:00,2026-07-02 12:50:00,3008.1,2965.078571428571,9,-387.19,-415.65,-1.24,trailing_stop
POLYCAB,camarilla,MIS,2026-07-02 12:10:00,2026-07-02 15:15:00,9602.5,9641.0,3,-115.5,-146.12,-0.63,forced_close
UNIONBANK,camarilla,MIS,2026-07-02 12:10:00,2026-07-02 12:35:00,168.5,170.16857142857143,178,-297.01,-329.0,-1.15,trailing_stop
MARICO,camarilla,MIS,2026-07-02 12:15:00,2026-07-02 15:15:00,857.6,856.1,34,-51.0,-81.89,-0.18,forced_close
BHARATFORG,camarilla,MIS,2026-07-02 12:20:00,2026-07-02 14:20:00,2138.5,2152.58,14,197.12,165.24,0.49,target_hit
BSE,camarilla,MIS,2026-07-02 12:20:00,2026-07-02 12:30:00,3916.0,3897.9,7,126.7,97.71,0.53,target_hit
HDFCLIFE,camarilla,MIS,2026-07-02 12:20:00,2026-07-02 15:15:00,573.5,571.05,52,-127.4,-158.94,-0.63,forced_close
TITAN,camarilla,MIS,2026-07-02 12:20:00,2026-07-02 12:45:00,4442.1,4461.52,6,116.52,88.18,0.36,target_hit
HYUNDAI,camarilla,MIS,2026-07-02 12:25:00,2026-07-02 12:30:00,1928.2,1937.99,15,146.85,116.08,0.78,target_hit
ADANIPOWER,camarilla,MIS,2026-07-02 12:30:00,2026-07-02 15:15:00,224.58,224.47,133,14.63,-17.04,0.04,forced_close
IDEA,camarilla,MIS,2026-07-02 12:30:00,2026-07-02 14:35:00,14.49,14.514285714285716,2070,-50.27,-82.11,-0.19,trailing_stop
LAURUSLABS,camarilla,MIS,2026-07-02 12:30:00,2026-07-02 13:25:00,1510.8,1520.91,19,192.09,161.53,0.7,target_hit
LODHA,camarilla,MIS,2026-07-02 12:30:00,2026-07-02 15:15:00,1010.4,1005.75,29,-134.85,-165.84,-0.39,forced_close
ABB,camarilla,MIS,2026-07-02 12:35:00,2026-07-02 12:40:00,6850.0,6849.825,4,0.7,-28.36,0.0,target_hit
ASTRAL,camarilla,MIS,2026-07-02 12:35:00,2026-07-02 13:50:00,1372.2,1363.3285714285714,21,-186.3,-216.74,-0.78,trailing_stop
LTF,camarilla,MIS,2026-07-02 12:40:00,2026-07-02 15:15:00,314.95,315.55,95,57.0,25.23,0.18,forced_close
SUPREMEIND,camarilla,MIS,2026-07-02 12:40:00,2026-07-02 12:45:00,3267.9,3270.81,9,26.19,-5.02,0.09,target_hit
TATAINVEST,camarilla,MIS,2026-07-02 12:40:00,2026-07-02 15:15:00,669.65,667.25,44,-105.6,-136.78,-0.45,forced_close
GVT&D,camarilla,MIS,2026-07-02 12:45:00,2026-07-02 12:55:00,4794.4,4774.48,6,119.52,89.09,0.27,target_hit
HINDUNILVR,camarilla,MIS,2026-07-02 12:45:00,2026-07-02 15:15:00,2205.6,2212.3,13,87.1,56.64,0.24,forced_close
MFSL,camarilla,MIS,2026-07-02 12:45:00,2026-07-02 15:15:00,1620.6,1620.0,18,-10.8,-41.73,-0.04,forced_close
IRFC,camarilla,MIS,2026-07-02 12:50:00,2026-07-02 15:15:00,90.65,90.77,330,-39.6,-71.35,-0.28,forced_close
RADICO,camarilla,MIS,2026-07-02 12:50:00,2026-07-02 15:15:00,3977.2,3971.5,7,-39.9,-69.4,-0.2,forced_close
SOLARINDS,camarilla,MIS,2026-07-02 12:50:00,2026-07-02 14:45:00,18439,18522.214285714286,1,-83.21,-102.82,-0.32,trailing_stop
TATAELXSI,camarilla,MIS,2026-07-02 12:50:00,2026-07-02 15:15:00,3686.1,3673.0,8,-104.8,-136.0,-0.39,forced_close
BAJAJ-AUTO,camarilla,MIS,2026-07-02 12:55:00,2026-07-02 13:00:00,9774.0,9766.1,3,23.7,-7.38,0.1,target_hit
SUZLON,camarilla,MIS,2026-07-02 12:55:00,2026-07-02 13:20:00,57.91,57.701,518,108.26,76.52,0.42,target_hit
IREDA,camarilla,MIS,2026-07-02 13:00:00,2026-07-02 14:55:00,128.5,128.799,233,69.67,37.87,0.34,target_hit
MAZDOCK,camarilla,MIS,2026-07-02 13:10:00,2026-07-02 15:15:00,2555.0,2555.5,11,5.5,-24.31,0.03,forced_close
M&M,camarilla,MIS,2026-07-02 13:15:00,2026-07-02 14:55:00,3151.7,3173.065,9,192.29,162.08,0.71,target_hit
BDL,camarilla,MIS,2026-07-02 13:20:00,2026-07-02 15:15:00,1386.8,1384.0,21,-58.8,-89.65,-0.16,forced_close
KALYANKJIL,camarilla,MIS,2026-07-02 13:20:00,2026-07-02 13:25:00,387.8,388.585,77,60.44,28.74,0.2,target_hit
BAJAJFINSV,camarilla,MIS,2026-07-02 13:35:00,2026-07-02 13:45:00,1834.2,1834.945,16,11.92,-19.21,0.05,target_hit
TATASTEEL,camarilla,MIS,2026-07-02 13:35:00,2026-07-02 15:15:00,186.54,187.06,160,83.2,51.5,0.37,forced_close
VBL,camarilla,MIS,2026-07-02 13:35:00,2026-07-02 15:15:00,510.25,510.55,58,-17.4,-48.79,-0.08,forced_close
NATIONALUM,camarilla,MIS,2026-07-02 13:50:00,2026-07-02 15:15:00,332.25,332.4,90,-13.5,-45.22,-0.05,forced_close
INDIANB,camarilla,MIS,2026-07-02 14:10:00,2026-07-02 14:15:00,812.85,812.0675,36,28.17,-2.84,0.1,target_hit
SHREECEM,camarilla,MIS,2026-07-02 14:10:00,2026-07-02 14:20:00,26170,26208.75,1,38.75,10.97,0.3,target_hit
COALINDIA,camarilla,MIS,2026-07-02 14:15:00,2026-07-02 14:40:00,437.0,437.94,68,63.92,32.37,0.35,target_hit
TORNTPHARM,camarilla,MIS,2026-07-02 14:25:00,2026-07-02 15:15:00,4670.0,4657.9,6,-72.6,-102.27,-0.36,forced_close
NHPC,camarilla,MIS,2026-07-02 14:30:00,2026-07-02 15:15:00,80.2,80.58,374,142.12,110.22,0.56,forced_close
CHOLAFIN,camarilla,MIS,2026-07-02 14:35:00,2026-07-02 15:10:00,1792.3,1785.5349999999999,16,108.24,77.9,0.53,target_hit
POWERGRID,camarilla,MIS,2026-07-02 14:35:00,2026-07-02 15:15:00,288.8,288.2,103,-61.8,-93.31,-0.43,forced_close
BLUESTARCO,camarilla,MIS,2026-07-02 14:40:00,2026-07-02 15:15:00,1594.0,1597.6,18,-64.8,-95.27,-0.3,forced_close
COROMANDEL,camarilla,MIS,2026-07-02 14:45:00,2026-07-02 15:15:00,2014.5,2005.0,14,-133.0,-162.82,-0.44,forced_close
TATACOMM,camarilla,MIS,2026-07-02 14:45:00,2026-07-02 15:15:00,1936.5,1937.0,15,7.5,-23.31,0.02,forced_close
INDIGO,camarilla,MIS,2026-07-02 14:55:00,2026-07-02 15:00:00,5444.0,5444.65,5,3.25,-25.62,0.02,target_hit
ADANIGREEN,camarilla,MIS,2026-07-02 15:05:00,2026-07-02 15:15:00,1552.7,1553.8,19,20.9,-10.4,0.09,forced_close
ADANIENT,camarilla,MIS,2026-07-02 15:10:00,2026-07-02 15:15:00,3185.7,3174.2,9,-103.5,-133.84,-0.33,forced_close
CGPOWER,camarilla,MIS,2026-07-02 15:10:00,2026-07-02 15:15:00,961.0,960.605,31,12.24,-19.34,0.05,target_hit
360ONE,camarilla,MIS,2026-07-02 15:15:00,2026-07-02 15:20:00,1072.3,1073.0,27,18.9,-11.81,0.07,forced_close
VOLTAS,camarilla,MIS,2026-07-02 15:15:00,2026-07-02 15:20:00,1290.1,1293.0,23,66.7,35.19,0.3,forced_close
HEROMOTOCO,camarilla,MIS,2026-07-02 15:20:00,2026-07-02 15:25:00,4870.2,4870.5,6,1.8,-29.19,0.01,forced_close
SWIGGY,camarilla,MIS,2026-07-02 15:20:00,2026-07-02 15:25:00,250.0,249.62,120,-45.6,-77.38,-0.19,forced_close
TIINDIA,camarilla,MIS,2026-07-02 15:25:00,2026-07-02 15:25:00,3075.0,3075.0,9,-0.0,-29.35,-0.0,eod_data_end
HDFCLIFE,camarilla,MIS,2026-07-03 10:55:00,2026-07-03 11:40:00,568.45,567.2525,52,62.27,30.96,0.19,target_hit
INDIANB,camarilla,MIS,2026-07-03 10:55:00,2026-07-03 12:20:00,802.85,799.9475,37,107.39,75.96,0.23,target_hit
UNITDSPR,camarilla,MIS,2026-07-03 10:55:00,2026-07-03 11:00:00,1386.8,1389.7350000000001,21,61.64,30.71,0.19,target_hit
COFORGE,camarilla,MIS,2026-07-03 11:00:00,2026-07-03 11:15:00,1478.5,1479.1900000000003,20,13.8,-17.57,0.03,target_hit
GODFRYPHLP,camarilla,MIS,2026-07-03 11:00:00,2026-07-03 12:20:00,2185.6,2188.4500000000003,13,37.05,6.9,0.1,target_hit
INFY,camarilla,MIS,2026-07-03 11:00:00,2026-07-03 13:20:00,1055.8,1046.7642857142857,28,-253.0,-284.19,-0.55,trailing_stop
M&M,camarilla,MIS,2026-07-03 11:00:00,2026-07-03 14:35:00,3152.1,3132.225,9,178.88,148.91,0.6,target_hit
MCX,camarilla,MIS,2026-07-03 11:00:00,2026-07-03 11:55:00,2864.0,2855.5499999999997,10,84.5,54.18,0.11,target_hit
COROMANDEL,camarilla,MIS,2026-07-03 11:05:00,2026-07-03 11:35:00,2029.9,2032.92,14,42.28,12.12,0.09,target_hit
MFSL,camarilla,MIS,2026-07-03 11:05:00,2026-07-03 11:10:00,1610.4,1606.42,18,71.64,40.95,0.18,target_hit
RECLTD,camarilla,MIS,2026-07-03 11:05:00,2026-07-03 11:55:00,367.95,367.40000000000003,81,44.55,12.97,0.16,target_hit
AXISBANK,camarilla,MIS,2026-07-03 11:10:00,2026-07-03 11:15:00,1353.7,1353.0299999999997,22,14.74,-16.83,0.05,target_hit
GLENMARK,camarilla,MIS,2026-07-03 11:10:00,2026-07-03 11:20:00,2228.5,2235.6549999999997,13,93.01,62.23,0.2,target_hit
LAURUSLABS,camarilla,MIS,2026-07-03 11:10:00,2026-07-03 14:30:00,1552.5,1540.3928571428576,19,-230.04,-261.17,-0.48,trailing_stop
SBIN,camarilla,MIS,2026-07-03 11:10:00,2026-07-03 12:10:00,1045.3,1043.46,28,51.52,20.52,0.18,target_hit
POWERGRID,camarilla,MIS,2026-07-03 11:15:00,2026-07-03 12:40:00,289.85,291.06,103,124.63,92.89,0.62,target_hit
YESBANK,camarilla,MIS,2026-07-03 11:15:00,2026-07-03 11:25:00,24.44,24.5305,1227,111.04,79.17,0.31,target_hit
COLPAL,camarilla,MIS,2026-07-03 11:20:00,2026-07-03 15:15:00,2045.2,2047.8,14,-36.4,-66.79,-0.16,forced_close
CUMMINSIND,camarilla,MIS,2026-07-03 11:20:00,2026-07-03 11:40:00,5510.5,5504.25,5,31.25,2.05,0.12,target_hit
OIL,camarilla,MIS,2026-07-03 11:20:00,2026-07-03 12:15:00,424.1,419.14642857142854,70,-346.75,-378.01,-0.75,trailing_stop
TATACONSUM,camarilla,MIS,2026-07-03 11:20:00,2026-07-03 12:05:00,1097.9,1108.7285714285713,27,-292.37,-323.99,-0.97,trailing_stop
CIPLA,camarilla,MIS,2026-07-03 11:25:00,2026-07-03 11:30:00,1463.2,1464.525,20,26.5,-4.55,0.09,target_hit
DIVISLAB,camarilla,MIS,2026-07-03 11:25:00,2026-07-03 11:30:00,6776.5,6782.325,4,23.3,-5.46,0.1,target_hit
HAVELLS,camarilla,MIS,2026-07-03 11:25:00,2026-07-03 12:35:00,1180.1,1178.175,25,48.12,16.87,0.21,target_hit
BANKINDIA,camarilla,MIS,2026-07-03 11:30:00,2026-07-03 12:40:00,146.84,145.24285714285713,204,-325.82,-357.37,-0.74,trailing_stop
SUZLON,camarilla,MIS,2026-07-03 11:30:00,2026-07-03 11:35:00,57.01,56.944,526,34.72,2.94,0.16,target_hit
BANKBARODA,camarilla,MIS,2026-07-03 11:40:00,2026-07-03 12:00:00,252.2,251.56,118,75.52,44.01,0.22,target_hit
CONCOR,camarilla,MIS,2026-07-03 11:40:00,2026-07-03 11:50:00,481.05,482.3175,62,78.58,46.91,0.18,target_hit
KOTAKBANK,camarilla,MIS,2026-07-03 11:40:00,2026-07-03 14:15:00,397.0,395.065,75,145.13,113.64,0.83,target_hit
PAYTM,camarilla,MIS,2026-07-03 11:40:00,2026-07-03 14:45:00,1203.9,1212.892857142857,24,-215.83,-246.61,-0.61,trailing_stop
POLYCAB,camarilla,MIS,2026-07-03 11:40:00,2026-07-03 15:15:00,9560.0,9545.5,3,43.5,13.11,0.19,forced_close
ICICIGI,camarilla,MIS,2026-07-03 11:50:00,2026-07-03 12:00:00,1772.6,1774.86,16,36.16,6.06,0.18,target_hit
RADICO,camarilla,MIS,2026-07-03 11:55:00,2026-07-03 12:40:00,3947.6,3925.54,7,154.42,125.22,0.8,target_hit
RELIANCE,camarilla,MIS,2026-07-03 11:55:00,2026-07-03 13:25:00,1309.3,1303.6857142857143,22,-123.51,-153.98,-0.68,trailing_stop
SHRIRAMFIN,camarilla,MIS,2026-07-03 11:55:00,2026-07-03 14:30:00,1075.2,1062.9285714285713,27,-331.33,-361.9,-1.38,trailing_stop
HYUNDAI,camarilla,MIS,2026-07-03 12:00:00,2026-07-03 13:30:00,1975.0,1980.345,15,80.18,48.71,0.3,target_hit
SUPREMEIND,camarilla,MIS,2026-07-03 12:00:00,2026-07-03 13:10:00,3253.7,3232.48,9,190.98,160.05,0.59,target_hit
GMRAIRPORT,camarilla,MIS,2026-07-03 12:05:00,2026-07-03 12:40:00,112.94,113.418,265,126.67,94.85,0.33,target_hit
INDIGO,camarilla,MIS,2026-07-03 12:05:00,2026-07-03 12:35:00,5414.5,5404.4,5,50.5,21.82,0.25,target_hit
ITC,camarilla,MIS,2026-07-03 12:05:00,2026-07-03 13:45:00,291.25,290.0321428571429,103,-125.44,-157.17,-0.84,trailing_stop
BSE,camarilla,MIS,2026-07-03 12:10:00,2026-07-03 14:45:00,3787.0,3810.75,7,-166.25,-194.47,-0.54,trailing_stop
AUBANK,camarilla,MIS,2026-07-03 12:15:00,2026-07-03 14:15:00,1065.1,1055.9857142857143,28,-255.2,-286.66,-0.77,trailing_stop
PFC,camarilla,MIS,2026-07-03 12:15:00,2026-07-03 13:00:00,428.6,427.3825,69,84.01,52.7,0.26,target_hit
ASHOKLEY,camarilla,MIS,2026-07-03 12:20:00,2026-07-03 12:25:00,166.25,166.34699999999998,180,17.46,-14.29,0.05,target_hit
ICICIBANK,camarilla,MIS,2026-07-03 12:20:00,2026-07-03 12:50:00,1413.7,1415.51,21,38.01,6.5,0.21,target_hit
MOTILALOFS,camarilla,MIS,2026-07-03 12:20:00,2026-07-03 12:50:00,964.5,970.925,31,199.17,167.34,0.53,target_hit
VMM,camarilla,MIS,2026-07-03 12:25:00,2026-07-03 15:05:00,120.38,121.04785714285714,249,-166.3,-198.19,-0.51,trailing_stop
ATGL,camarilla,MIS,2026-07-03 12:30:00,2026-07-03 13:55:00,728.7,724.4575,41,173.94,142.37,0.6,target_hit
BLUESTARCO,camarilla,MIS,2026-07-03 12:35:00,2026-07-03 14:00:00,1585.1,1592.392857142857,18,-131.27,-161.61,-0.54,trailing_stop
ADANIPOWER,camarilla,MIS,2026-07-03 12:40:00,2026-07-03 13:00:00,222.01,221.82750000000001,135,24.64,-7.13,0.09,target_hit
ADANIENT,camarilla,MIS,2026-07-03 12:45:00,2026-07-03 13:55:00,3215.0,3179.8285714285716,9,-316.54,-347.02,-0.6,trailing_stop
ONGC,camarilla,MIS,2026-07-03 12:50:00,2026-07-03 12:55:00,238.91,239.00150000000002,125,11.44,-20.24,0.06,target_hit
COALINDIA,camarilla,MIS,2026-07-03 12:55:00,2026-07-03 13:35:00,442.0,439.725,67,-152.42,-183.73,-0.84,trailing_stop
NESTLEIND,camarilla,MIS,2026-07-03 12:55:00,2026-07-03 15:00:00,1452.2,1455.99,20,75.8,44.95,0.3,target_hit
TCS,camarilla,MIS,2026-07-03 12:55:00,2026-07-03 14:35:00,2106.5,2090.3142857142852,14,-226.6,-257.73,-0.8,trailing_stop
ABB,camarilla,MIS,2026-07-03 13:00:00,2026-07-03 14:10:00,6900.0,6932.775,4,131.1,101.75,0.42,target_hit
BPCL,camarilla,MIS,2026-07-03 13:05:00,2026-07-03 15:15:00,307.75,308.0,97,-24.25,-55.92,-0.1,forced_close
IDEA,camarilla,MIS,2026-07-03 13:05:00,2026-07-03 14:55:00,14.38,14.287500000000001,2086,192.95,161.27,0.7,target_hit
RVNL,camarilla,MIS,2026-07-03 13:05:00,2026-07-03 15:15:00,235.98,235.88,127,12.7,-19.07,0.07,forced_close
TATAPOWER,camarilla,MIS,2026-07-03 13:05:00,2026-07-03 15:15:00,375.4,374.41999999999996,79,77.42,46.02,0.38,target_hit
BHARATFORG,camarilla,MIS,2026-07-03 13:10:00,2026-07-03 14:30:00,2130.3,2146.821428571429,14,-231.3,-263.08,-0.61,trailing_stop
DIXON,camarilla,MIS,2026-07-03 13:15:00,2026-07-03 14:55:00,12550,12431.285714285714,2,-237.43,-263.89,-0.65,trailing_stop
PRESTIGE,camarilla,MIS,2026-07-03 13:15:00,2026-07-03 13:25:00,1652.1,1648.36,18,67.32,35.83,0.15,target_hit
LT,camarilla,MIS,2026-07-03 13:30:00,2026-07-03 15:15:00,4023.0,4025.0,7,-14.0,-43.87,-0.06,forced_close
TATACOMM,camarilla,MIS,2026-07-03 13:30:00,2026-07-03 14:00:00,1915.1,1896.8600000000001,15,273.6,243.31,0.81,target_hit
OFSS,camarilla,MIS,2026-07-03 13:35:00,2026-07-03 13:55:00,11160.0,11163.65,2,7.3,-16.37,0.04,target_hit
APLAPOLLO,camarilla,MIS,2026-07-03 13:50:00,2026-07-03 15:15:00,1774.6,1790.0,16,-246.4,-276.67,-0.94,forced_close
BAJAJ-AUTO,camarilla,MIS,2026-07-03 14:00:00,2026-07-03 15:15:00,9777.0,9783.5,3,-19.5,-50.62,-0.08,forced_close
IREDA,camarilla,MIS,2026-07-03 14:00:00,2026-07-03 15:15:00,128.0,128.48,234,-112.32,-144.15,-0.52,forced_close
MOTHERSON,camarilla,MIS,2026-07-03 14:00:00,2026-07-03 14:40:00,147.01,146.5505,204,93.74,62.0,0.31,target_hit
SOLARINDS,camarilla,MIS,2026-07-03 14:05:00,2026-07-03 14:45:00,18446,18412.05,1,33.95,14.41,0.17,target_hit
HINDUNILVR,camarilla,MIS,2026-07-03 14:15:00,2026-07-03 14:30:00,2196.0,2190.3599999999997,13,73.32,43.09,0.43,target_hit
VOLTAS,camarilla,MIS,2026-07-03 14:25:00,2026-07-03 15:15:00,1283.1,1284.5,23,-32.2,-63.52,-0.16,forced_close
ASTRAL,camarilla,MIS,2026-07-03 14:35:00,2026-07-03 14:40:00,1370.0,1375.74,21,120.54,89.95,0.61,target_hit
EICHERMOT,camarilla,MIS,2026-07-03 14:35:00,2026-07-03 15:00:00,7310.0,7319.85,4,39.4,8.37,0.21,target_hit
TMPV,camarilla,MIS,2026-07-03 14:35:00,2026-07-03 14:40:00,342.95,342.5125,87,38.06,6.45,0.18,target_hit
DABUR,camarilla,MIS,2026-07-03 14:40:00,2026-07-03 15:15:00,443.85,444.4,67,-36.85,-68.41,-0.11,forced_close
NYKAA,camarilla,MIS,2026-07-03 14:45:00,2026-07-03 15:15:00,311.9,311.3,96,57.6,25.88,0.26,forced_close
PIDILITIND,camarilla,MIS,2026-07-03 14:45:00,2026-07-03 15:15:00,1596.9,1597.4,18,-9.0,-39.49,-0.04,forced_close
MAZDOCK,camarilla,MIS,2026-07-03 14:50:00,2026-07-03 15:15:00,2541.6,2538.005,11,39.54,9.92,0.24,target_hit
NTPC,camarilla,MIS,2026-07-03 14:50:00,2026-07-03 15:15:00,356.0,356.15,84,-12.6,-44.32,-0.05,forced_close
ADANIPORTS,camarilla,MIS,2026-07-03 15:15:00,2026-07-03 15:20:00,1870.3,1871.2,16,-14.4,-46.14,-0.05,forced_close
BAJFINANCE,camarilla,MIS,2026-07-03 15:15:00,2026-07-03 15:20:00,1033.1,1032.5,29,-17.4,-49.16,-0.07,forced_close
KALYANKJIL,camarilla,MIS,2026-07-03 15:25:00,2026-07-03 15:25:00,385.0,385.0,77,-0.0,-31.44,-0.0,eod_data_end
BANKINDIA,camarilla,MIS,2026-07-06 10:55:00,2026-07-06 11:00:00,142.27,141.65200000000002,210,129.78,98.18,0.46,target_hit
DLF,camarilla,MIS,2026-07-06 10:55:00,2026-07-06 12:10:00,682.0,678.6642857142857,43,-143.44,-174.44,-0.29,trailing_stop
DRREDDY,camarilla,MIS,2026-07-06 10:55:00,2026-07-06 14:10:00,1360.8,1366.6857142857145,22,-129.49,-161.32,-0.37,trailing_stop
HEROMOTOCO,camarilla,MIS,2026-07-06 10:55:00,2026-07-06 11:00:00,4900.0,4900.615000000001,6,3.69,-27.49,0.01,target_hit
HINDUNILVR,camarilla,MIS,2026-07-06 10:55:00,2026-07-06 14:15:00,2217.2,2198.8928571428573,13,-237.99,-268.41,-0.68,trailing_stop
COLPAL,camarilla,MIS,2026-07-06 11:00:00,2026-07-06 11:05:00,2076.0,2076.48,14,6.72,-24.11,0.03,target_hit
COROMANDEL,camarilla,MIS,2026-07-06 11:00:00,2026-07-06 15:15:00,2054.5,2057.4,14,40.6,10.07,0.07,forced_close
DIVISLAB,camarilla,MIS,2026-07-06 11:00:00,2026-07-06 14:35:00,6792.5,6822.45,4,119.8,90.91,0.36,target_hit
GRASIM,camarilla,MIS,2026-07-06 11:00:00,2026-07-06 12:20:00,3197.7,3210.7650000000003,9,117.59,86.99,0.53,target_hit
ICICIGI,camarilla,MIS,2026-07-06 11:00:00,2026-07-06 14:50:00,1778.8,1783.855,16,80.88,50.65,0.29,target_hit
IDFCFIRSTB,camarilla,MIS,2026-07-06 11:00:00,2026-07-06 12:20:00,81.11,81.6095,369,184.32,152.46,0.43,target_hit
INDIGO,camarilla,MIS,2026-07-06 11:00:00,2026-07-06 15:15:00,5400.0,5405.0,5,-25.0,-53.65,-0.12,forced_close
JIOFIN,camarilla,MIS,2026-07-06 11:00:00,2026-07-06 14:05:00,240.48,238.95428571428573,124,-189.19,-220.69,-0.57,trailing_stop
JINDALSTEL,camarilla,MIS,2026-07-06 11:05:00,2026-07-06 15:15:00,1062.5,1058.7,28,-106.4,-137.88,-0.31,forced_close
OBEROIRLTY,camarilla,MIS,2026-07-06 11:05:00,2026-07-06 13:15:00,1974.9,1958.75,15,-242.25,-273.51,-0.5,trailing_stop
BAJAJFINSV,camarilla,MIS,2026-07-06 11:10:00,2026-07-06 12:15:00,1880.0,1870.6299999999999,15,140.55,110.74,0.64,target_hit
JSWENERGY,camarilla,MIS,2026-07-06 11:10:00,2026-07-06 12:40:00,556.35,551.8607142857144,53,-237.93,-269.05,-0.43,trailing_stop
MARUTI,camarilla,MIS,2026-07-06 11:10:00,2026-07-06 11:15:00,14449,14468.85,2,39.7,9.03,0.13,target_hit
NHPC,camarilla,MIS,2026-07-06 11:10:00,2026-07-06 11:45:00,79.74,80.64857142857144,376,-341.62,-373.64,-1.15,trailing_stop
BAJAJHLDNG,camarilla,MIS,2026-07-06 11:15:00,2026-07-06 11:20:00,10920,10915.65,2,8.7,-14.45,0.05,target_hit
DMART,camarilla,MIS,2026-07-06 11:15:00,2026-07-06 11:20:00,4050.0,4053.4150000000004,7,23.91,-6.17,0.1,target_hit
GODFRYPHLP,camarilla,MIS,2026-07-06 11:15:00,2026-07-06 11:20:00,2148.5,2145.625,13,37.38,7.78,0.13,target_hit
LICHSGFIN,camarilla,MIS,2026-07-06 11:15:00,2026-07-06 11:20:00,547.55,547.54,54,0.54,-30.81,0.0,target_hit
PNB,camarilla,MIS,2026-07-06 11:15:00,2026-07-06 15:15:00,104.53,104.24,286,82.94,51.29,0.36,forced_close
360ONE,camarilla,MIS,2026-07-06 11:20:00,2026-07-06 15:10:00,1130.6,1133.3700000000001,26,72.02,40.8,0.2,target_hit
ADANIGREEN,camarilla,MIS,2026-07-06 11:20:00,2026-07-06 11:25:00,1572.0,1582.655,19,202.44,170.64,0.46,target_hit
JUBLFOOD,camarilla,MIS,2026-07-06 11:20:00,2026-07-06 11:25:00,434.3,434.935,69,43.81,12.01,0.08,target_hit
PFC,camarilla,MIS,2026-07-06 11:20:00,2026-07-06 12:30:00,422.95,427.02142857142854,70,-285.0,-316.58,-1.03,trailing_stop
GAIL,camarilla,MIS,2026-07-06 11:25:00,2026-07-06 11:30:00,174.94,175.3545,171,70.88,39.11,0.34,target_hit
HDFCAMC,camarilla,MIS,2026-07-06 11:25:00,2026-07-06 11:50:00,2783.0,2776.4949999999994,10,65.05,35.58,0.14,target_hit
MAZDOCK,camarilla,MIS,2026-07-06 11:25:00,2026-07-06 11:50:00,2566.3,2577.15,11,119.35,89.34,0.43,target_hit
LT,camarilla,MIS,2026-07-06 11:30:00,2026-07-06 12:15:00,4064.0,4067.85,7,26.95,-3.23,0.1,target_hit
LTF,camarilla,MIS,2026-07-06 11:30:00,2026-07-06 12:35:00,330.25,333.1875,90,264.38,232.69,0.53,target_hit
NESTLEIND,camarilla,MIS,2026-07-06 11:30:00,2026-07-06 15:00:00,1466.1,1471.295,20,103.9,72.74,0.43,target_hit
PAYTM,camarilla,MIS,2026-07-06 11:30:00,2026-07-06 11:40:00,1207.6,1204.02,24,85.92,55.24,0.23,target_hit
BIOCON,camarilla,MIS,2026-07-06 11:35:00,2026-07-06 11:40:00,421.2,421.19,71,0.71,-31.0,0.0,target_hit
INFY,camarilla,MIS,2026-07-06 11:35:00,2026-07-06 15:05:00,1037.8,1041.9857142857145,28,-117.2,-148.09,-0.39,trailing_stop
VEDL,camarilla,MIS,2026-07-06 11:35:00,2026-07-06 11:40:00,282.5,282.59999999999997,106,10.6,-21.16,0.04,target_hit
ADANIPORTS,camarilla,MIS,2026-07-06 11:40:00,2026-07-06 14:45:00,1882.9,1871.0,15,-178.5,-208.34,-0.71,trailing_stop
ATGL,camarilla,MIS,2026-07-06 11:40:00,2026-07-06 12:00:00,728.0,733.795,41,237.59,205.79,0.59,target_hit
BAJFINANCE,camarilla,MIS,2026-07-06 11:45:00,2026-07-06 12:45:00,1037.7,1026.7642857142855,28,-306.2,-336.82,-1.75,trailing_stop
ABCAPITAL,camarilla,MIS,2026-07-06 11:50:00,2026-07-06 11:55:00,406.2,407.3825,73,86.32,54.82,0.37,target_hit
BHARATFORG,camarilla,MIS,2026-07-06 11:50:00,2026-07-06 13:20:00,2158.8,2142.535714285714,13,-211.44,-241.06,-0.72,trailing_stop
COALINDIA,camarilla,MIS,2026-07-06 11:50:00,2026-07-06 13:50:00,436.25,434.4925,68,119.51,88.13,0.54,target_hit
DABUR,camarilla,MIS,2026-07-06 11:50:00,2026-07-06 12:40:00,441.45,448.46785714285716,67,-470.2,-501.86,-1.22,trailing_stop
JSWSTEEL,camarilla,MIS,2026-07-06 11:50:00,2026-07-06 11:55:00,1240.4,1240.7050000000002,24,7.32,-24.25,0.04,target_hit
TMPV,camarilla,MIS,2026-07-06 11:50:00,2026-07-06 11:55:00,347.3,347.70250000000004,86,34.62,2.92,0.1,target_hit
BHARTIARTL,camarilla,MIS,2026-07-06 11:55:00,2026-07-06 12:00:00,1924.8,1925.8000000000002,15,15.0,-15.63,0.11,target_hit
CONCOR,camarilla,MIS,2026-07-06 11:55:00,2026-07-06 12:00:00,481.7,480.5825,62,69.29,37.66,0.22,target_hit
INDUSINDBK,camarilla,MIS,2026-07-06 11:55:00,2026-07-06 12:05:00,992.0,994.315,30,69.45,37.85,0.17,target_hit
NATIONALUM,camarilla,MIS,2026-07-06 11:55:00,2026-07-06 15:15:00,351.35,351.05,85,-25.5,-57.15,-0.09,forced_close
PIDILITIND,camarilla,MIS,2026-07-06 11:55:00,2026-07-06 12:25:00,1610.4,1614.72,18,77.76,46.97,0.43,target_hit
AUROPHARMA,camarilla,MIS,2026-07-06 12:00:00,2026-07-06 14:25:00,1597.1,1607.2857142857142,18,-183.34,-213.95,-0.57,trailing_stop
NTPC,camarilla,MIS,2026-07-06 12:00:00,2026-07-06 13:35:00,358.2,359.03499999999997,83,69.3,37.73,0.37,target_hit
LTM,camarilla,MIS,2026-07-06 12:05:00,2026-07-06 15:15:00,3727.3,3734.9,8,-60.8,-92.46,-0.23,forced_close
ASIANPAINT,camarilla,MIS,2026-07-06 12:10:00,2026-07-06 15:00:00,2751.0,2755.6200000000003,10,46.2,17.0,0.23,target_hit
ENRIN,camarilla,MIS,2026-07-06 12:10:00,2026-07-06 13:40:00,3419.2,3421.75,8,20.4,-8.62,0.06,target_hit
FEDERALBNK,camarilla,MIS,2026-07-06 12:10:00,2026-07-06 13:25:00,329.85,331.745,90,170.55,138.96,0.67,target_hit
NMDC,camarilla,MIS,2026-07-06 12:10:00,2026-07-06 12:15:00,84.58,84.5035,354,27.08,-4.65,0.1,target_hit
SBIN,camarilla,MIS,2026-07-06 12:10:00,2026-07-06 14:05:00,1047.0,1040.7214285714285,28,-175.8,-206.78,-0.83,trailing_stop
TATASTEEL,camarilla,MIS,2026-07-06 12:15:00,2026-07-06 14:45:00,191.0,190.28785714285712,157,-111.81,-143.53,-0.52,trailing_stop
POLICYBZR,camarilla,MIS,2026-07-06 12:20:00,2026-07-06 15:15:00,1570.0,1583.0,19,-247.0,-278.79,-0.56,forced_close
GMRAIRPORT,camarilla,MIS,2026-07-06 12:25:00,2026-07-06 13:55:00,113.82,113.25142857142856,263,-149.53,-181.18,-0.73,trailing_stop
PATANJALI,camarilla,MIS,2026-07-06 12:25:00,2026-07-06 14:55:00,415.7,416.59,72,64.08,32.3,0.48,target_hit
TATAPOWER,camarilla,MIS,2026-07-06 12:25:00,2026-07-06 13:15:00,378.45,379.0775,79,49.57,17.84,0.21,target_hit
TITAN,camarilla,MIS,2026-07-06 12:25:00,2026-07-06 15:15:00,4477.9,4483.4,6,33.0,4.49,0.14,forced_close
CUMMINSIND,camarilla,MIS,2026-07-06 12:30:00,2026-07-06 15:15:00,5553.0,5579.5,5,132.5,102.97,0.37,forced_close
HUDCO,camarilla,MIS,2026-07-06 12:30:00,2026-07-06 15:00:00,212.86,214.29000000000002,140,-200.2,-231.93,-0.76,trailing_stop
OFSS,camarilla,MIS,2026-07-06 12:30:00,2026-07-06 12:50:00,11084.0,11059.35,2,49.3,25.82,0.26,target_hit
FORTIS,camarilla,MIS,2026-07-06 12:40:00,2026-07-06 15:15:00,979.6,979.0,30,-18.0,-49.15,-0.06,forced_close
COFORGE,camarilla,MIS,2026-07-06 12:45:00,2026-07-06 15:15:00,1478.4,1481.7,20,66.0,34.6,0.3,forced_close
TATAINVEST,camarilla,MIS,2026-07-06 12:50:00,2026-07-06 12:55:00,663.2,662.9549999999999,45,11.03,-20.62,0.05,target_hit
MCX,camarilla,MIS,2026-07-06 13:05:00,2026-07-06 14:30:00,2751.1,2731.83,10,192.7,163.65,0.43,target_hit
TORNTPHARM,camarilla,MIS,2026-07-06 13:05:00,2026-07-06 15:10:00,4805.6,4824.95,6,116.1,85.45,0.53,target_hit
M&MFIN,camarilla,MIS,2026-07-06 13:10:00,2026-07-06 14:05:00,330.85,325.35714285714283,90,-494.36,-525.62,-1.24,trailing_stop
MUTHOOTFIN,camarilla,MIS,2026-07-06 13:10:00,2026-07-06 13:15:00,3109.0,3109.295,9,2.66,-27.02,0.01,target_hit
OIL,camarilla,MIS,2026-07-06 13:10:00,2026-07-06 15:15:00,425.2,425.25,70,3.5,-28.07,0.02,forced_close
ADANIPOWER,camarilla,MIS,2026-07-06 13:15:00,2026-07-06 14:40:00,224.39,222.73928571428573,133,-219.54,-251.05,-0.39,trailing_stop
MOTHERSON,camarilla,MIS,2026-07-06 13:25:00,2026-07-06 15:15:00,145.26,145.45,206,-39.14,-70.9,-0.14,forced_close
APOLLOHOSP,camarilla,MIS,2026-07-06 13:30:00,2026-07-06 15:00:00,8827.0,8882.25,3,-165.75,-193.94,-0.93,trailing_stop
CIPLA,camarilla,MIS,2026-07-06 13:35:00,2026-07-06 15:00:00,1464.4,1468.65,20,85.0,53.89,0.44,target_hit
INDIANB,camarilla,MIS,2026-07-06 13:35:00,2026-07-06 15:15:00,789.95,786.95,37,111.0,80.08,0.47,forced_close
SBILIFE,camarilla,MIS,2026-07-06 13:35:00,2026-07-06 15:05:00,1782.1,1788.9857142857143,16,-110.17,-140.48,-0.57,trailing_stop
MAXHEALTH,camarilla,MIS,2026-07-06 13:40:00,2026-07-06 13:55:00,1139.4,1136.7350000000001,26,69.29,37.92,0.23,target_hit
BHEL,camarilla,MIS,2026-07-06 13:50:00,2026-07-06 15:15:00,390.05,387.6,76,-186.2,-217.52,-0.77,forced_close
MFSL,camarilla,MIS,2026-07-06 13:50:00,2026-07-06 15:15:00,1580.7,1580.4,18,5.4,-24.77,0.02,forced_close
SHREECEM,camarilla,MIS,2026-07-06 13:50:00,2026-07-06 15:15:00,26585,26610,1,-25,-53.21,-0.18,forced_close
ULTRACEMCO,camarilla,MIS,2026-07-06 13:50:00,2026-07-06 14:45:00,11426,11397.8,2,56.4,32.2,0.39,target_hit
YESBANK,camarilla,MIS,2026-07-06 13:55:00,2026-07-06 15:15:00,24.26,24.27,1236,-12.36,-44.17,-0.06,forced_close
ASHOKLEY,camarilla,MIS,2026-07-06 14:00:00,2026-07-06 14:10:00,166.31,166.462,180,27.36,-4.4,0.13,target_hit
HYUNDAI,camarilla,MIS,2026-07-06 14:10:00,2026-07-06 15:15:00,2011.6,2002.5,14,-127.4,-157.18,-0.64,forced_close
HINDZINC,camarilla,MIS,2026-07-06 14:15:00,2026-07-06 15:15:00,540.8,540.35,55,-24.75,-56.28,-0.12,forced_close
PIIND,camarilla,MIS,2026-07-06 14:15:00,2026-07-06 15:00:00,2662.6,2677.395,11,162.75,131.58,0.82,target_hit
COCHINSHIP,camarilla,MIS,2026-07-06 14:20:00,2026-07-06 15:00:00,1514.2,1506.7749999999999,19,141.08,110.66,0.65,target_hit
ABB,camarilla,MIS,2026-07-06 14:25:00,2026-07-06 14:30:00,7056.5,7073.15,4,66.6,36.63,0.19,target_hit
SAIL,camarilla,MIS,2026-07-06 14:25:00,2026-07-06 15:15:00,168.42,169.64,178,-217.16,-249.09,-0.56,forced_close
HCLTECH,camarilla,MIS,2026-07-06 14:30:00,2026-07-06 15:15:00,1126.7,1133.7,26,-182.0,-213.18,-0.62,forced_close
MANKIND,camarilla,MIS,2026-07-06 14:30:00,2026-07-06 15:15:00,2549.9,2542.8,11,-78.1,-107.79,-0.24,forced_close
SIEMENS,camarilla,MIS,2026-07-06 14:30:00,2026-07-06 15:15:00,3583.6,3570.9,8,-101.6,-131.94,-0.35,forced_close
UNIONBANK,camarilla,MIS,2026-07-06 14:30:00,2026-07-06 15:15:00,160.92,161.14,186,-40.92,-72.69,-0.22,forced_close
HDFCLIFE,camarilla,MIS,2026-07-06 14:40:00,2026-07-06 15:15:00,563.0,564.25,53,-66.25,-97.94,-0.3,forced_close
IDEA,camarilla,MIS,2026-07-06 14:45:00,2026-07-06 15:15:00,14.13,14.07,2123,127.38,95.65,0.48,forced_close
ITC,camarilla,MIS,2026-07-06 14:45:00,2026-07-06 14:50:00,288.55,288.52,103,3.09,-28.43,0.02,target_hit
LAURUSLABS,camarilla,MIS,2026-07-06 14:50:00,2026-07-06 15:15:00,1527.1,1528.5,19,-26.6,-57.39,-0.12,forced_close
WIPRO,camarilla,MIS,2026-07-06 14:50:00,2026-07-06 14:55:00,174.26,174.12750000000003,172,22.79,-8.98,0.14,target_hit
POWERGRID,camarilla,MIS,2026-07-06 15:00:00,2026-07-06 15:10:00,285.45,285.15500000000003,105,30.97,-0.79,0.12,target_hit
BLUESTARCO,camarilla,MIS,2026-07-06 15:05:00,2026-07-06 15:15:00,1599.6,1594.9,18,-84.6,-115.08,-0.29,forced_close
BANKBARODA,camarilla,MIS,2026-07-06 15:15:00,2026-07-06 15:20:00,249.85,249.8,120,6.0,-25.79,0.03,forced_close
TATAELXSI,camarilla,MIS,2026-07-06 15:15:00,2026-07-06 15:20:00,3655.8,3657.8,8,-16.0,-47.02,-0.08,forced_close
PERSISTENT,camarilla,MIS,2026-07-06 15:20:00,2026-07-06 15:25:00,4722.4,4725.0,6,15.6,-14.46,0.07,forced_close
POLYCAB,camarilla,MIS,2026-07-06 15:20:00,2026-07-06 15:25:00,9595.5,9605.0,3,28.5,-2.04,0.09,forced_close
ABCAPITAL,camarilla,MIS,2026-07-07 10:55:00,2026-07-07 15:15:00,407.15,405.05,73,153.3,121.88,0.45,forced_close
ADANIPOWER,camarilla,MIS,2026-07-07 10:55:00,2026-07-07 14:35:00,216.99,218.26071428571433,138,-175.36,-207.23,-0.25,trailing_stop
HINDUNILVR,camarilla,MIS,2026-07-07 10:55:00,2026-07-07 14:50:00,2210.9,2219.105,13,106.66,76.12,0.37,target_hit
SHREECEM,camarilla,MIS,2026-07-07 10:55:00,2026-07-07 11:15:00,26760,26806.0,1,46.0,17.59,0.16,target_hit
BIOCON,camarilla,MIS,2026-07-07 11:00:00,2026-07-07 11:35:00,419.2,417.7,71,106.5,75.01,0.22,target_hit
INDIANB,camarilla,MIS,2026-07-07 11:00:00,2026-07-07 13:25:00,779.2,790.1321428571429,38,-415.42,-447.09,-1.36,trailing_stop
TIINDIA,camarilla,MIS,2026-07-07 11:00:00,2026-07-07 11:05:00,2964.5,2964.21,10,2.9,-28.54,0.01,target_hit
GVT&D,camarilla,MIS,2026-07-07 11:05:00,2026-07-07 11:10:00,4427.0,4426.24,6,4.56,-23.6,0.01,target_hit
NTPC,camarilla,MIS,2026-07-07 11:05:00,2026-07-07 12:25:00,353.8,356.18571428571425,84,-200.4,-232.04,-0.86,trailing_stop
OIL,camarilla,MIS,2026-07-07 11:05:00,2026-07-07 14:20:00,423.15,424.64642857142854,70,-104.75,-136.23,-0.47,trailing_stop
PFC,camarilla,MIS,2026-07-07 11:05:00,2026-07-07 11:10:00,417.05,416.81,71,17.04,-14.35,0.07,target_hit
BAJAJ-AUTO,camarilla,MIS,2026-07-07 11:10:00,2026-07-07 11:20:00,10148.0,10186.375,2,76.75,55.18,0.43,target_hit
BANKINDIA,camarilla,MIS,2026-07-07 11:10:00,2026-07-07 11:30:00,141.92,142.6655,211,157.3,125.44,0.47,target_hit
HYUNDAI,camarilla,MIS,2026-07-07 11:10:00,2026-07-07 11:25:00,1983.0,1981.795,15,18.07,-13.46,0.06,target_hit
OFSS,camarilla,MIS,2026-07-07 11:10:00,2026-07-07 12:55:00,11193.0,11084.785714285714,2,-216.43,-240.03,-0.67,trailing_stop
TVSMOTOR,camarilla,MIS,2026-07-07 11:10:00,2026-07-07 11:15:00,3756.9,3769.9,7,91.0,63.05,0.25,target_hit
360ONE,camarilla,MIS,2026-07-07 11:15:00,2026-07-07 13:25:00,1144.5,1149.5249999999999,26,130.65,99.01,0.27,target_hit
ULTRACEMCO,camarilla,MIS,2026-07-07 11:15:00,2026-07-07 11:20:00,11488,11494.55,2,13.1,-11.27,0.07,target_hit
ASIANPAINT,camarilla,MIS,2026-07-07 11:20:00,2026-07-07 12:15:00,2742.6,2735.1,10,75.0,45.96,0.35,target_hit
JUBLFOOD,camarilla,MIS,2026-07-07 11:20:00,2026-07-07 11:45:00,450.15,451.1475,66,65.84,34.29,0.14,target_hit
TORNTPHARM,camarilla,MIS,2026-07-07 11:20:00,2026-07-07 15:15:00,4854.6,4868.679999999999,6,84.48,53.54,0.24,target_hit
POWERGRID,camarilla,MIS,2026-07-07 11:25:00,2026-07-07 12:30:00,286.3,287.1875,104,92.3,60.67,0.45,target_hit
GRASIM,camarilla,MIS,2026-07-07 11:30:00,2026-07-07 11:40:00,3195.6,3187.7,9,71.1,40.65,0.23,target_hit
ITC,camarilla,MIS,2026-07-07 11:30:00,2026-07-07 13:45:00,287.35,289.2714285714285,104,-199.83,-231.65,-0.74,trailing_stop
GMRAIRPORT,camarilla,MIS,2026-07-07 11:35:00,2026-07-07 11:40:00,114.21,114.2475,262,9.83,-21.91,0.04,target_hit
PNB,camarilla,MIS,2026-07-07 11:35:00,2026-07-07 11:40:00,103.51,103.47050000000002,289,11.42,-20.3,0.06,target_hit
SBIN,camarilla,MIS,2026-07-07 11:35:00,2026-07-07 11:40:00,1044.1,1044.2450000000001,28,4.06,-26.94,0.02,target_hit
APOLLOHOSP,camarilla,MIS,2026-07-07 11:40:00,2026-07-07 13:00:00,8844.0,8832.675,3,33.98,5.86,0.25,target_hit
CIPLA,camarilla,MIS,2026-07-07 11:40:00,2026-07-07 13:15:00,1466.0,1460.585,20,108.3,77.28,0.51,target_hit
PREMIERENE,camarilla,MIS,2026-07-07 11:40:00,2026-07-07 13:40:00,1036.5,1029.6785714285713,28,-191.0,-221.65,-0.44,trailing_stop
RELIANCE,camarilla,MIS,2026-07-07 11:40:00,2026-07-07 15:15:00,1312.4,1306.89,22,121.22,90.68,0.47,target_hit
AUBANK,camarilla,MIS,2026-07-07 11:45:00,2026-07-07 14:15:00,1073.2,1066.2785714285712,27,-186.88,-217.49,-0.91,trailing_stop
BAJAJFINSV,camarilla,MIS,2026-07-07 11:45:00,2026-07-07 12:50:00,1890.0,1893.525,15,52.88,22.78,0.21,target_hit
BRITANNIA,camarilla,MIS,2026-07-07 11:45:00,2026-07-07 14:30:00,5422.0,5448.571428571428,5,-132.86,-161.69,-0.64,trailing_stop
MANKIND,camarilla,MIS,2026-07-07 11:45:00,2026-07-07 14:00:00,2527.9,2542.821428571429,11,-164.14,-193.73,-0.83,trailing_stop
VBL,camarilla,MIS,2026-07-07 11:45:00,2026-07-07 11:50:00,483.6,482.86000000000007,62,45.88,14.11,0.14,target_hit
PIIND,camarilla,MIS,2026-07-07 11:50:00,2026-07-07 11:55:00,2656.6,2652.3,11,47.3,16.34,0.34,target_hit
HUDCO,camarilla,MIS,2026-07-07 11:55:00,2026-07-07 12:00:00,211.18,211.14700000000002,142,4.69,-27.11,0.02,target_hit
NESTLEIND,camarilla,MIS,2026-07-07 12:00:00,2026-07-07 14:05:00,1465.2,1475.1642857142858,20,-199.29,-230.49,-0.6,trailing_stop
COROMANDEL,camarilla,MIS,2026-07-07 12:05:00,2026-07-07 15:15:00,2072.1,2075.1,14,42.0,11.21,0.21,forced_close
HDFCBANK,camarilla,MIS,2026-07-07 12:05:00,2026-07-07 13:10:00,837.45,830.9642857142857,35,-227.0,-257.94,-1.31,trailing_stop
INDHOTEL,camarilla,MIS,2026-07-07 12:05:00,2026-07-07 12:10:00,744.75,747.4175,40,106.7,75.04,0.42,target_hit
INDUSINDBK,camarilla,MIS,2026-07-07 12:05:00,2026-07-07 15:00:00,1033.7,1026.3928571428573,29,-211.91,-243.56,-0.5,trailing_stop
LICHSGFIN,camarilla,MIS,2026-07-07 12:05:00,2026-07-07 15:15:00,545.15,543.35,55,99.0,67.27,0.64,forced_close
VOLTAS,camarilla,MIS,2026-07-07 12:05:00,2026-07-07 13:50:00,1274.9,1284.75,23,-226.55,-257.79,-0.57,trailing_stop
GLENMARK,camarilla,MIS,2026-07-07 12:10:00,2026-07-07 13:05:00,2287.7,2265.65,13,-286.65,-318.0,-1.12,trailing_stop
GODREJPROP,camarilla,MIS,2026-07-07 12:10:00,2026-07-07 15:15:00,2027.5,2038.8,14,-158.2,-188.4,-0.56,forced_close
YESBANK,camarilla,MIS,2026-07-07 12:10:00,2026-07-07 13:10:00,24.06,23.930000000000003,1246,161.98,130.29,0.83,target_hit
ASHOKLEY,camarilla,MIS,2026-07-07 12:15:00,2026-07-07 14:55:00,164.37,164.64999999999998,182,-50.96,-82.72,-0.16,trailing_stop
CONCOR,camarilla,MIS,2026-07-07 12:15:00,2026-07-07 15:00:00,475.65,475.0025,63,40.79,9.04,0.14,target_hit
DIVISLAB,camarilla,MIS,2026-07-07 12:15:00,2026-07-07 13:05:00,6792.0,6782.425,4,38.3,9.51,0.14,target_hit
HDFCLIFE,camarilla,MIS,2026-07-07 12:15:00,2026-07-07 12:20:00,570.0,570.3875,52,20.15,-11.29,0.07,target_hit
IRFC,camarilla,MIS,2026-07-07 12:15:00,2026-07-07 12:20:00,89.75,89.72299999999998,334,9.02,-22.76,0.08,target_hit
KPITTECH,camarilla,MIS,2026-07-07 12:15:00,2026-07-07 15:10:00,564.95,561.9214285714286,53,-160.51,-192.16,-0.34,trailing_stop
SRF,camarilla,MIS,2026-07-07 12:15:00,2026-07-07 14:00:00,2800.5,2819.192857142857,10,-186.93,-216.75,-0.9,trailing_stop
MARICO,camarilla,MIS,2026-07-07 12:20:00,2026-07-07 12:25:00,843.3,844.315,35,35.53,4.2,0.15,target_hit
PATANJALI,camarilla,MIS,2026-07-07 12:20:00,2026-07-07 13:55:00,413.6,415.05,72,-104.4,-136.05,-0.57,trailing_stop
TATACONSUM,camarilla,MIS,2026-07-07 12:20:00,2026-07-07 12:30:00,1113.0,1111.355,26,42.77,12.11,0.16,target_hit
POLICYBZR,camarilla,MIS,2026-07-07 12:25:00,2026-07-07 12:30:00,1596.6,1598.6850000000002,18,37.53,7.03,0.07,target_hit
BAJFINANCE,camarilla,MIS,2026-07-07 12:30:00,2026-07-07 14:00:00,1035.2,1037.57,28,66.36,35.58,0.37,target_hit
BEL,camarilla,MIS,2026-07-07 12:30:00,2026-07-07 12:35:00,420.35,420.16,71,13.49,-18.15,0.07,target_hit
FORTIS,camarilla,MIS,2026-07-07 12:30:00,2026-07-07 12:55:00,975.5,973.1199999999999,30,71.4,40.41,0.18,target_hit
LTF,camarilla,MIS,2026-07-07 12:30:00,2026-07-07 14:10:00,331.85,334.7214285714286,90,-258.43,-290.27,-0.8,trailing_stop
MARUTI,camarilla,MIS,2026-07-07 12:30:00,2026-07-07 14:05:00,14533,14585.25,2,104.5,73.61,0.5,target_hit
TATAPOWER,camarilla,MIS,2026-07-07 12:30:00,2026-07-07 13:50:00,375.8,378.2428571428572,79,-192.99,-224.59,-0.89,trailing_stop
TATASTEEL,camarilla,MIS,2026-07-07 12:30:00,2026-07-07 12:35:00,189.82,189.627,158,30.49,-1.29,0.12,target_hit
ICICIBANK,camarilla,MIS,2026-07-07 12:35:00,2026-07-07 12:50:00,1419.2,1415.9,21,69.3,37.74,0.32,target_hit
NMDC,camarilla,MIS,2026-07-07 12:35:00,2026-07-07 12:40:00,84.33,84.31099999999999,355,6.75,-25.0,0.03,target_hit
M&MFIN,camarilla,MIS,2026-07-07 12:45:00,2026-07-07 13:40:00,319.5,324.2928571428571,93,-445.74,-477.53,-1.16,trailing_stop
HEROMOTOCO,camarilla,MIS,2026-07-07 12:55:00,2026-07-07 14:05:00,5001.1,5013.04,5,59.7,33.14,0.28,target_hit
SUNPHARMA,camarilla,MIS,2026-07-07 12:55:00,2026-07-07 13:35:00,1908.0,1903.45,15,68.25,37.94,0.26,target_hit
ADANIGREEN,camarilla,MIS,2026-07-07 13:00:00,2026-07-07 13:55:00,1527.0,1524.505,19,47.4,16.67,0.17,target_hit
EXIDEIND,camarilla,MIS,2026-07-07 13:00:00,2026-07-07 13:10:00,411.3,410.1125,72,85.5,54.15,0.22,target_hit
ICICIGI,camarilla,MIS,2026-07-07 13:00:00,2026-07-07 13:05:00,1792.3,1797.5,16,83.2,52.74,0.16,target_hit
JSWSTEEL,camarilla,MIS,2026-07-07 13:00:00,2026-07-07 15:15:00,1250.0,1242.5,24,-180.0,-211.7,-0.61,forced_close
SUPREMEIND,camarilla,MIS,2026-07-07 13:00:00,2026-07-07 13:30:00,3218.7,3206.005,9,114.25,83.61,0.39,target_hit
TMPV,camarilla,MIS,2026-07-07 13:00:00,2026-07-07 13:10:00,343.9,343.1725,87,63.29,31.61,0.32,target_hit
GODFRYPHLP,camarilla,MIS,2026-07-07 13:05:00,2026-07-07 15:15:00,2126.5,2134.2,14,-107.8,-139.44,-0.45,forced_close
LUPIN,camarilla,MIS,2026-07-07 13:05:00,2026-07-07 15:15:00,2482.7,2487.7,12,-60.0,-91.63,-0.28,forced_close
EICHERMOT,camarilla,MIS,2026-07-07 13:15:00,2026-07-07 15:15:00,7567.5,7525.5,3,-126.0,-149.99,-0.7,forced_close
GAIL,camarilla,MIS,2026-07-07 13:15:00,2026-07-07 15:15:00,174.09,174.01,172,13.76,-17.98,0.06,forced_close
TATACOMM,camarilla,MIS,2026-07-07 13:25:00,2026-07-07 15:00:00,1911.8,1914.4950000000001,15,40.43,9.99,0.11,target_hit
ADANIPORTS,camarilla,MIS,2026-07-07 13:35:00,2026-07-07 14:05:00,1854.6,1851.0900000000001,16,56.16,24.73,0.19,target_hit
BLUESTARCO,camarilla,MIS,2026-07-07 13:55:00,2026-07-07 15:15:00,1613.8,1604.8,18,-162.0,-192.7,-0.52,forced_close
HINDALCO,camarilla,MIS,2026-07-07 13:55:00,2026-07-07 15:15:00,966.3,970.2,31,-120.9,-152.74,-0.5,forced_close
IDFCFIRSTB,camarilla,MIS,2026-07-07 13:55:00,2026-07-07 15:15:00,80.38,80.31,373,26.11,-5.67,0.14,forced_close
PHOENIXLTD,camarilla,MIS,2026-07-07 13:55:00,2026-07-07 15:15:00,2073.6,2071.0,14,36.4,5.64,0.1,forced_close
ADANIENSOL,camarilla,MIS,2026-07-07 14:00:00,2026-07-07 15:15:00,1651.0,1648.2,18,-50.4,-81.88,-0.18,forced_close
MAXHEALTH,camarilla,MIS,2026-07-07 14:15:00,2026-07-07 15:15:00,1119.5,1118.5,26,26.0,-4.85,0.08,forced_close
BANKBARODA,camarilla,MIS,2026-07-07 14:20:00,2026-07-07 15:10:00,247.9,247.75,121,18.15,-13.65,0.1,target_hit
DABUR,camarilla,MIS,2026-07-07 14:20:00,2026-07-07 15:15:00,454.0,453.0,66,-66.0,-97.73,-0.3,forced_close
HDFCAMC,camarilla,MIS,2026-07-07 14:25:00,2026-07-07 15:15:00,2798.6,2780.5,10,-181.0,-210.56,-0.58,forced_close
IDEA,camarilla,MIS,2026-07-07 14:25:00,2026-07-07 14:30:00,13.83,13.820500000000001,2169,20.61,-11.19,0.07,target_hit
WIPRO,camarilla,MIS,2026-07-07 14:25:00,2026-07-07 15:15:00,173.5,172.81849999999997,172,117.22,85.65,0.63,target_hit
DRREDDY,camarilla,MIS,2026-07-07 14:45:00,2026-07-07 14:50:00,1358.3,1355.085,22,70.73,39.09,0.28,target_hit
APLAPOLLO,camarilla,MIS,2026-07-07 14:50:00,2026-07-07 15:15:00,1822.0,1820.0,16,-32.0,-62.89,-0.15,forced_close
SBICARD,camarilla,MIS,2026-07-07 14:50:00,2026-07-07 15:15:00,606.1,605.4,49,-34.3,-65.77,-0.16,forced_close
UPL,camarilla,MIS,2026-07-07 14:50:00,2026-07-07 14:55:00,605.0,603.92,49,52.92,21.52,0.36,target_hit
ENRIN,camarilla,MIS,2026-07-07 14:55:00,2026-07-07 15:15:00,3361.2,3373.9,8,-101.6,-130.18,-0.33,forced_close
PIDILITIND,camarilla,MIS,2026-07-07 15:00:00,2026-07-07 15:15:00,1624.2,1623.0,18,-21.6,-52.59,-0.11,forced_close
SUZLON,camarilla,MIS,2026-07-07 15:00:00,2026-07-07 15:15:00,54.54,54.37,550,93.5,61.75,0.31,forced_close
UNITDSPR,camarilla,MIS,2026-07-07 15:05:00,2026-07-07 15:15:00,1439.5,1438.9,20,-12.0,-42.52,-0.07,forced_close
PRESTIGE,camarilla,MIS,2026-07-07 15:10:00,2026-07-07 15:15:00,1675.8,1675.1200000000001,17,11.56,-18.64,0.04,target_hit
AUROPHARMA,camarilla,MIS,2026-07-07 15:15:00,2026-07-07 15:20:00,1581.7,1581.6,18,1.8,-28.39,0.01,forced_close
BDL,camarilla,MIS,2026-07-07 15:15:00,2026-07-07 15:20:00,1393.2,1396.7,21,-73.5,-104.57,-0.21,forced_close
BAJAJHLDNG,camarilla,MIS,2026-07-07 15:25:00,2026-07-07 15:25:00,10710,10710,2,0,-22.71,-0.0,eod_data_end
COALINDIA,camarilla,MIS,2026-07-07 15:25:00,2026-07-07 15:25:00,427.45,427.45,70,-0.0,-31.73,-0.0,eod_data_end
DLF,camarilla,MIS,2026-07-08 10:55:00,2026-07-08 12:00:00,663.45,655.3321428571429,45,-365.3,-396.73,-0.71,trailing_stop
ENRIN,camarilla,MIS,2026-07-08 11:00:00,2026-07-08 13:50:00,3399.0,3376.95,8,-176.4,-205.12,-0.43,trailing_stop
HAL,camarilla,MIS,2026-07-08 11:00:00,2026-07-08 12:25:00,4426.6,4405.2357142857145,6,-128.19,-156.27,-0.45,trailing_stop
ETERNAL,camarilla,MIS,2026-07-08 11:05:00,2026-07-08 11:10:00,292.25,293.49749999999995,102,127.24,95.55,0.32,target_hit
FEDERALBNK,camarilla,MIS,2026-07-08 11:05:00,2026-07-08 12:30:00,328.85,328.635,91,19.57,-12.16,0.08,target_hit
HINDALCO,camarilla,MIS,2026-07-08 11:05:00,2026-07-08 11:45:00,975.95,978.3275,30,71.32,40.23,0.22,target_hit
NMDC,camarilla,MIS,2026-07-08 11:05:00,2026-07-08 13:00:00,84.65,84.9165,354,94.34,62.5,0.26,target_hit
MFSL,camarilla,MIS,2026-07-08 11:10:00,2026-07-08 11:20:00,1589.0,1584.04,18,89.28,59.01,0.27,target_hit
NESTLEIND,camarilla,MIS,2026-07-08 11:10:00,2026-07-08 12:00:00,1477.9,1462.6785714285713,20,-304.43,-335.58,-0.96,trailing_stop
AXISBANK,camarilla,MIS,2026-07-08 11:15:00,2026-07-08 11:20:00,1329.8,1329.615,22,4.07,-26.95,0.02,target_hit
MAXHEALTH,camarilla,MIS,2026-07-08 11:15:00,2026-07-08 12:40:00,1105.0,1098.0500000000002,27,187.65,156.13,0.49,target_hit
BAJAJ-AUTO,camarilla,MIS,2026-07-08 11:20:00,2026-07-08 11:25:00,10197.0,10202.725,2,11.45,-10.18,0.05,target_hit
LICHSGFIN,camarilla,MIS,2026-07-08 11:20:00,2026-07-08 11:35:00,540.5,539.645,55,47.03,15.53,0.2,target_hit
ONGC,camarilla,MIS,2026-07-08 11:20:00,2026-07-08 11:35:00,243.11,242.7555,123,43.6,11.92,0.14,target_hit
ATGL,camarilla,MIS,2026-07-08 11:25:00,2026-07-08 13:45:00,721.5,715.4464285714286,41,-248.2,-279.41,-0.51,trailing_stop
BEL,camarilla,MIS,2026-07-08 11:25:00,2026-07-08 12:25:00,415.35,413.705,72,118.44,86.8,0.52,target_hit
TATAELXSI,camarilla,MIS,2026-07-08 11:25:00,2026-07-08 11:30:00,3668.2,3666.39,8,14.48,-16.63,0.06,target_hit
UPL,camarilla,MIS,2026-07-08 11:25:00,2026-07-08 11:30:00,592.2,592.1875,50,0.63,-30.77,0.0,target_hit
ABB,camarilla,MIS,2026-07-08 11:30:00,2026-07-08 11:40:00,6854.5,6846.55,4,31.8,2.74,0.09,target_hit
ALKEM,camarilla,MIS,2026-07-08 11:35:00,2026-07-08 11:40:00,5612.5,5597.65,5,74.25,44.54,0.34,target_hit
ASTRAL,camarilla,MIS,2026-07-08 11:40:00,2026-07-08 11:45:00,1344.4,1341.02,22,74.36,43.04,0.36,target_hit
PERSISTENT,camarilla,MIS,2026-07-08 11:40:00,2026-07-08 13:55:00,4799.0,4790.255,6,52.47,21.97,0.13,target_hit
SAIL,camarilla,MIS,2026-07-08 11:40:00,2026-07-08 14:00:00,164.55,163.4655,182,197.38,165.75,0.75,target_hit
BDL,camarilla,MIS,2026-07-08 11:45:00,2026-07-08 12:25:00,1378.2,1373.7,21,94.5,63.87,0.31,target_hit
HUDCO,camarilla,MIS,2026-07-08 11:45:00,2026-07-08 13:00:00,212.0,208.8,141,-451.2,-482.61,-1.3,trailing_stop
INDIANB,camarilla,MIS,2026-07-08 11:45:00,2026-07-08 13:50:00,793.05,787.2178571428572,37,-215.79,-246.77,-0.59,trailing_stop
MOTILALOFS,camarilla,MIS,2026-07-08 11:45:00,2026-07-08 13:45:00,941.85,937.6125000000001,31,131.36,100.48,0.46,target_hit
BHARATFORG,camarilla,MIS,2026-07-08 11:50:00,2026-07-08 12:50:00,2131.0,2137.6150000000002,14,92.61,60.91,0.33,target_hit
ICICIBANK,camarilla,MIS,2026-07-08 11:50:00,2026-07-08 12:00:00,1406.7,1402.05,21,97.65,66.39,0.43,target_hit
TATACOMM,camarilla,MIS,2026-07-08 11:55:00,2026-07-08 13:00:00,1892.1,1912.7785714285715,15,-310.18,-340.47,-1.61,trailing_stop
DIVISLAB,camarilla,MIS,2026-07-08 12:00:00,2026-07-08 13:15:00,6829.0,6783.464285714285,4,-182.14,-210.99,-0.68,trailing_stop
KEI,camarilla,MIS,2026-07-08 12:00:00,2026-07-08 14:15:00,5048.5,4992.7,5,279.0,252.41,0.83,target_hit
POWERGRID,camarilla,MIS,2026-07-08 12:00:00,2026-07-08 13:45:00,283.05,282.15000000000003,105,94.5,63.04,0.47,target_hit
MPHASIS,camarilla,MIS,2026-07-08 12:10:00,2026-07-08 13:10:00,2287.4,2264.6949999999997,13,295.17,263.82,0.76,target_hit
AUBANK,camarilla,MIS,2026-07-08 12:15:00,2026-07-08 13:50:00,1071.0,1062.2714285714287,28,-244.4,-276.04,-1.13,trailing_stop
BHEL,camarilla,MIS,2026-07-08 12:15:00,2026-07-08 12:55:00,383.0,384.53499999999997,78,119.73,87.97,0.27,target_hit
JSWSTEEL,camarilla,MIS,2026-07-08 12:15:00,2026-07-08 13:45:00,1236.1,1229.0200000000002,24,169.92,138.57,0.66,target_hit
MUTHOOTFIN,camarilla,MIS,2026-07-08 12:15:00,2026-07-08 14:00:00,3151.9,3119.3571428571427,9,-292.89,-322.78,-1.03,trailing_stop
GODFRYPHLP,camarilla,MIS,2026-07-08 12:25:00,2026-07-08 13:45:00,2121.7,2115.15,14,91.7,60.26,0.44,target_hit
LT,camarilla,MIS,2026-07-08 12:30:00,2026-07-08 13:45:00,3967.1,3952.685,7,100.9,71.52,0.4,target_hit
VMM,camarilla,MIS,2026-07-08 12:30:00,2026-07-08 13:50:00,118.25,117.59,253,-166.98,-198.6,-0.51,trailing_stop
YESBANK,camarilla,MIS,2026-07-08 12:30:00,2026-07-08 13:50:00,23.87,23.768,1256,128.11,96.4,0.41,target_hit
CUMMINSIND,camarilla,MIS,2026-07-08 12:35:00,2026-07-08 12:45:00,5549.5,5556.475,5,34.88,5.43,0.13,target_hit
GVT&D,camarilla,MIS,2026-07-08 12:35:00,2026-07-08 13:50:00,4507.0,4483.178571428572,6,-142.93,-171.51,-0.56,trailing_stop
LAURUSLABS,camarilla,MIS,2026-07-08 12:40:00,2026-07-08 13:40:00,1453.5,1468.6642857142858,20,-303.29,-334.31,-1.1,trailing_stop
TATAPOWER,camarilla,MIS,2026-07-08 12:40:00,2026-07-08 13:45:00,374.85,374.2025,80,51.8,20.03,0.23,target_hit
TVSMOTOR,camarilla,MIS,2026-07-08 12:40:00,2026-07-08 12:45:00,3748.5,3752.52,8,32.16,0.34,0.12,target_hit
ADANIGREEN,camarilla,MIS,2026-07-08 12:45:00,2026-07-08 13:50:00,1538.9,1527.1642857142856,19,-222.98,-253.84,-0.78,trailing_stop
HDFCLIFE,camarilla,MIS,2026-07-08 12:50:00,2026-07-08 12:55:00,569.25,566.565,52,139.62,108.32,0.47,target_hit
TRENT,camarilla,MIS,2026-07-08 12:55:00,2026-07-08 14:05:00,2976.0,2926.3999999999996,10,-496.0,-527.24,-1.14,trailing_stop
VOLTAS,camarilla,MIS,2026-07-08 12:55:00,2026-07-08 13:50:00,1271.5,1271.115,23,8.85,-22.15,0.03,target_hit
AUROPHARMA,camarilla,MIS,2026-07-08 13:00:00,2026-07-08 13:15:00,1573.5,1569.5149999999999,19,75.72,44.06,0.25,target_hit
POLYCAB,camarilla,MIS,2026-07-08 13:00:00,2026-07-08 13:45:00,9325.0,9268.725,3,168.82,139.27,0.81,target_hit
MANKIND,camarilla,MIS,2026-07-08 13:05:00,2026-07-08 13:50:00,2514.0,2503.145,11,119.41,90.16,0.65,target_hit
CGPOWER,camarilla,MIS,2026-07-08 13:10:00,2026-07-08 14:00:00,919.25,911.0714285714287,32,-261.71,-292.74,-0.95,trailing_stop
MAZDOCK,camarilla,MIS,2026-07-08 13:10:00,2026-07-08 13:25:00,2499.9,2492.015,12,94.62,62.87,0.46,target_hit
RADICO,camarilla,MIS,2026-07-08 13:15:00,2026-07-08 13:55:00,4132.0,4101.857142857143,7,-211.0,-241.54,-0.99,trailing_stop
SHREECEM,camarilla,MIS,2026-07-08 13:15:00,2026-07-08 13:20:00,26555,26545.0,1,10.0,-18.15,0.06,target_hit
JSWENERGY,camarilla,MIS,2026-07-08 13:20:00,2026-07-08 13:45:00,541.3,538.48,55,155.1,123.63,0.52,target_hit
IREDA,camarilla,MIS,2026-07-08 13:25:00,2026-07-08 13:30:00,123.85,123.83449999999999,242,3.75,-28.03,0.03,target_hit
SRF,camarilla,MIS,2026-07-08 13:35:00,2026-07-08 13:40:00,2783.3,2781.725,10,15.75,-13.76,0.05,target_hit
AMBUJACEM,camarilla,MIS,2026-07-08 13:45:00,2026-07-08 13:50:00,431.2,430.7025,69,34.33,2.8,0.15,target_hit
BAJAJFINSV,camarilla,MIS,2026-07-08 13:45:00,2026-07-08 13:50:00,1873.0,1870.34,16,42.56,10.81,0.14,target_hit
BAJFINANCE,camarilla,MIS,2026-07-08 13:45:00,2026-07-08 13:50:00,1026.8,1026.605,29,5.65,-25.92,0.02,target_hit
CIPLA,camarilla,MIS,2026-07-08 13:45:00,2026-07-08 13:55:00,1440.0,1433.76,20,124.8,94.34,0.4,target_hit
GMRAIRPORT,camarilla,MIS,2026-07-08 13:45:00,2026-07-08 13:50:00,114.33,113.781,262,143.84,112.16,0.8,target_hit
HCLTECH,camarilla,MIS,2026-07-08 13:45:00,2026-07-08 14:10:00,1153.9,1145.65,25,206.25,175.79,1.01,target_hit
HDFCBANK,camarilla,MIS,2026-07-08 13:45:00,2026-07-08 13:55:00,823.05,820.005,36,109.62,78.27,0.44,target_hit
JUBLFOOD,camarilla,MIS,2026-07-08 13:45:00,2026-07-08 13:50:00,440.05,439.9625,68,5.95,-25.78,0.01,target_hit
PFC,camarilla,MIS,2026-07-08 13:45:00,2026-07-08 14:00:00,410.0,407.0175,73,217.72,186.12,0.73,target_hit
TIINDIA,camarilla,MIS,2026-07-08 13:45:00,2026-07-08 13:50:00,2941.5,2940.905,10,5.95,-25.24,0.02,target_hit
WIPRO,camarilla,MIS,2026-07-08 13:45:00,2026-07-08 14:05:00,174.75,173.40642857142856,171,-229.75,-261.29,-1.24,trailing_stop
ADANIPORTS,camarilla,MIS,2026-07-08 13:50:00,2026-07-08 13:55:00,1815.2,1805.41,16,156.64,125.94,0.5,target_hit
BIOCON,camarilla,MIS,2026-07-08 13:50:00,2026-07-08 15:15:00,400.9,397.2,74,273.8,242.52,0.84,forced_close
BLUESTARCO,camarilla,MIS,2026-07-08 13:50:00,2026-07-08 13:55:00,1593.0,1587.085,18,106.47,76.13,0.42,target_hit
GAIL,camarilla,MIS,2026-07-08 13:50:00,2026-07-08 13:55:00,173.1,172.888,173,36.68,4.94,0.13,target_hit
IDFCFIRSTB,camarilla,MIS,2026-07-08 13:50:00,2026-07-08 13:55:00,79.72,79.57750000000001,376,53.58,21.83,0.2,target_hit
MARICO,camarilla,MIS,2026-07-08 13:50:00,2026-07-08 14:00:00,843.7,840.61,35,108.15,76.9,0.41,target_hit
PRESTIGE,camarilla,MIS,2026-07-08 13:50:00,2026-07-08 14:05:00,1657.1,1642.72,18,258.84,227.37,0.61,target_hit
VBL,camarilla,MIS,2026-07-08 13:50:00,2026-07-08 14:40:00,476.85,473.1125,62,231.73,200.52,0.93,target_hit
DIXON,camarilla,MIS,2026-07-08 13:55:00,2026-07-08 14:00:00,13115,13069.85,2,90.3,62.54,0.34,target_hit
DRREDDY,camarilla,MIS,2026-07-08 13:55:00,2026-07-08 14:50:00,1344.7,1338.8149999999998,22,129.47,98.18,0.39,target_hit
GLENMARK,camarilla,MIS,2026-07-08 13:55:00,2026-07-08 14:00:00,2244.3,2236.905,13,96.13,65.26,0.33,target_hit
GODREJPROP,camarilla,MIS,2026-07-08 13:55:00,2026-07-08 14:05:00,2022.3,2014.0599999999997,14,115.36,85.41,0.27,target_hit
HAVELLS,camarilla,MIS,2026-07-08 13:55:00,2026-07-08 15:15:00,1210.1,1208.0,24,50.4,19.63,0.13,forced_close
INDUSINDBK,camarilla,MIS,2026-07-08 13:55:00,2026-07-08 14:05:00,1012.35,1003.7149999999999,29,250.42,219.44,0.58,target_hit
JINDALSTEL,camarilla,MIS,2026-07-08 13:55:00,2026-07-08 14:10:00,1024.0,1020.77,29,93.67,62.24,0.27,target_hit
KPITTECH,camarilla,MIS,2026-07-08 13:55:00,2026-07-08 14:00:00,557.5,556.8725,53,33.26,1.95,0.12,target_hit
LUPIN,camarilla,MIS,2026-07-08 13:55:00,2026-07-08 14:00:00,2469.9,2469.52,12,4.56,-26.87,0.02,target_hit
M&MFIN,camarilla,MIS,2026-07-08 13:55:00,2026-07-08 14:05:00,321.05,319.2625,93,166.24,134.68,0.26,target_hit
MOTHERSON,camarilla,MIS,2026-07-08 13:55:00,2026-07-08 15:15:00,140.57,140.76,213,-40.47,-72.25,-0.07,forced_close
PAYTM,camarilla,MIS,2026-07-08 13:55:00,2026-07-08 14:20:00,1232.2,1222.35,24,236.4,205.19,0.65,target_hit
SUZLON,camarilla,MIS,2026-07-08 13:55:00,2026-07-08 14:05:00,53.8,53.6045,557,108.89,77.19,0.24,target_hit
TCS,camarilla,MIS,2026-07-08 13:55:00,2026-07-08 14:30:00,2070.1,2055.565,14,203.49,172.89,0.86,target_hit
ADANIENT,camarilla,MIS,2026-07-08 14:00:00,2026-07-08 14:10:00,3072.0,3041.915,9,270.77,241.62,0.81,target_hit
LTM,camarilla,MIS,2026-07-08 14:00:00,2026-07-08 14:50:00,3805.2,3776.2200000000003,7,202.86,174.74,0.71,target_hit
OFSS,camarilla,MIS,2026-07-08 14:00:00,2026-07-08 14:05:00,11011.0,10995.25,2,31.5,8.17,0.13,target_hit
RECLTD,camarilla,MIS,2026-07-08 14:00:00,2026-07-08 14:30:00,353.0,350.365,84,221.34,190.04,0.76,target_hit
SBILIFE,camarilla,MIS,2026-07-08 14:00:00,2026-07-08 14:35:00,1800.7,1791.05,16,154.4,123.95,0.5,target_hit
SIEMENS,camarilla,MIS,2026-07-08 14:00:00,2026-07-08 14:10:00,3453.1,3420.805,8,258.36,229.23,1.04,target_hit
SOLARINDS,camarilla,MIS,2026-07-08 14:00:00,2026-07-08 15:15:00,18000,18006,1,-6,-25.09,-0.03,forced_close
WAAREEENER,camarilla,MIS,2026-07-08 14:00:00,2026-07-08 14:05:00,2819.1,2808.2,10,109.0,79.17,0.41,target_hit
IRCTC,camarilla,MIS,2026-07-08 14:05:00,2026-07-08 15:15:00,497.5,498.65,60,-69.0,-100.7,-0.31,forced_close
OBEROIRLTY,camarilla,MIS,2026-07-08 14:05:00,2026-07-08 14:10:00,1872.0,1869.935,16,33.04,1.3,0.08,target_hit
TECHM,camarilla,MIS,2026-07-08 14:05:00,2026-07-08 15:15:00,1427.9,1428.7,21,-16.8,-48.61,-0.06,forced_close
MCX,camarilla,MIS,2026-07-08 14:10:00,2026-07-08 15:00:00,2704.2,2729.2749999999996,11,275.82,244.1,0.56,target_hit
VEDL,camarilla,MIS,2026-07-08 14:10:00,2026-07-08 15:15:00,271.8,272.5,110,-77.0,-108.75,-0.19,forced_close
ADANIPOWER,camarilla,MIS,2026-07-08 14:25:00,2026-07-08 15:10:00,216.32,215.045,138,175.95,144.41,0.33,target_hit
APLAPOLLO,camarilla,MIS,2026-07-08 14:30:00,2026-07-08 14:35:00,1808.7,1807.04,16,26.56,-4.11,0.05,target_hit
EXIDEIND,camarilla,MIS,2026-07-08 14:40:00,2026-07-08 14:45:00,420.4,421.43,71,73.13,41.43,0.08,target_hit
SWIGGY,camarilla,MIS,2026-07-08 14:50:00,2026-07-08 15:15:00,261.17,259.84,114,151.62,120.14,0.18,forced_close
TATAINVEST,camarilla,MIS,2026-07-08 15:00:00,2026-07-08 15:15:00,661.15,663.45,45,-103.5,-135.12,-0.18,forced_close
APOLLOHOSP,camarilla,MIS,2026-07-08 15:10:00,2026-07-08 15:15:00,8765.0,8760.55,3,13.35,-14.53,0.04,target_hit
SUNPHARMA,camarilla,MIS,2026-07-08 15:10:00,2026-07-08 15:15:00,1890.0,1890.0,15,-0.0,-30.06,-0.0,forced_close
BSE,camarilla,MIS,2026-07-08 15:15:00,2026-07-08 15:20:00,3757.0,3763.0,7,42.0,14.08,0.06,forced_close
BAJAJFINSV,camarilla,MIS,2026-07-09 10:55:00,2026-07-09 11:20:00,1869.3,1882.015,16,203.44,171.59,0.46,target_hit
FEDERALBNK,camarilla,MIS,2026-07-09 10:55:00,2026-07-09 12:55:00,330.1,330.895,90,71.55,40.0,0.19,target_hit
ONGC,camarilla,MIS,2026-07-09 10:55:00,2026-07-09 15:05:00,245.07,243.2215,122,225.52,193.96,0.65,target_hit
DABUR,camarilla,MIS,2026-07-09 11:00:00,2026-07-09 12:00:00,445.25,446.25750000000005,67,67.5,35.82,0.18,target_hit
GMRAIRPORT,camarilla,MIS,2026-07-09 11:00:00,2026-07-09 14:20:00,112.5,112.27857142857142,266,-58.9,-90.6,-0.12,trailing_stop
SBILIFE,camarilla,MIS,2026-07-09 11:00:00,2026-07-09 11:55:00,1814.2,1824.365,16,162.64,131.75,0.41,target_hit
VMM,camarilla,MIS,2026-07-09 11:00:00,2026-07-09 15:15:00,117.15,116.64,256,-130.56,-162.28,-0.43,forced_close
MFSL,camarilla,MIS,2026-07-09 11:05:00,2026-07-09 11:25:00,1589.3,1593.09,18,68.22,37.84,0.18,target_hit
UNITDSPR,camarilla,MIS,2026-07-09 11:05:00,2026-07-09 13:15:00,1398.5,1392.74,21,120.96,89.89,0.39,target_hit
INDHOTEL,camarilla,MIS,2026-07-09 11:10:00,2026-07-09 11:25:00,732.7,735.33,40,105.2,74.05,0.29,target_hit
FORTIS,camarilla,MIS,2026-07-09 11:15:00,2026-07-09 12:50:00,956.3,962.835,31,202.59,171.02,0.52,target_hit
HINDUNILVR,camarilla,MIS,2026-07-09 11:15:00,2026-07-09 13:25:00,2155.1,2145.5357142857147,13,-124.34,-153.97,-0.4,trailing_stop
LODHA,camarilla,MIS,2026-07-09 11:15:00,2026-07-09 12:35:00,1149.0,1136.4928571428568,26,-325.19,-356.66,-0.68,trailing_stop
LTM,camarilla,MIS,2026-07-09 11:15:00,2026-07-09 11:35:00,3835.0,3850.1,7,105.7,77.16,0.28,target_hit
M&MFIN,camarilla,MIS,2026-07-09 11:15:00,2026-07-09 11:20:00,330.15,330.675,90,47.25,15.71,0.09,target_hit
PRESTIGE,camarilla,MIS,2026-07-09 11:15:00,2026-07-09 11:40:00,1669.0,1674.46,17,92.82,62.67,0.24,target_hit
GODREJPROP,camarilla,MIS,2026-07-09 11:20:00,2026-07-09 12:30:00,2024.2,2035.985,14,164.99,134.83,0.47,target_hit
AUROPHARMA,camarilla,MIS,2026-07-09 11:25:00,2026-07-09 11:30:00,1588.0,1590.015,18,36.27,5.93,0.08,target_hit
BANKBARODA,camarilla,MIS,2026-07-09 11:25:00,2026-07-09 11:35:00,244.1,244.29999999999998,122,24.4,-7.2,0.06,target_hit
BPCL,camarilla,MIS,2026-07-09 11:25:00,2026-07-09 11:30:00,307.15,308.19750000000005,97,101.61,69.95,0.35,target_hit
CHOLAFIN,camarilla,MIS,2026-07-09 11:25:00,2026-07-09 15:15:00,1803.6,1788.2,16,-246.4,-276.84,-0.45,forced_close
DLF,camarilla,MIS,2026-07-09 11:25:00,2026-07-09 12:20:00,647.5,652.755,46,241.73,209.99,0.49,target_hit
HINDPETRO,camarilla,MIS,2026-07-09 11:25:00,2026-07-09 12:55:00,393.25,391.1607142857143,76,-158.79,-190.38,-0.43,trailing_stop
IDFCFIRSTB,camarilla,MIS,2026-07-09 11:25:00,2026-07-09 15:15:00,78.91,79.57,380,250.8,218.84,0.59,forced_close
LTF,camarilla,MIS,2026-07-09 11:25:00,2026-07-09 13:35:00,320.9,324.0625,93,294.11,262.28,0.59,target_hit
PIDILITIND,camarilla,MIS,2026-07-09 11:25:00,2026-07-09 15:00:00,1588.7,1589.3999999999999,18,12.6,-17.73,0.04,trailing_stop
SHRIRAMFIN,camarilla,MIS,2026-07-09 11:25:00,2026-07-09 15:00:00,1036.7,1030.2642857142855,28,-180.2,-210.87,-0.35,trailing_stop
SRF,camarilla,MIS,2026-07-09 11:25:00,2026-07-09 12:45:00,2741.1,2771.32,10,302.2,272.94,0.8,target_hit
TATAPOWER,camarilla,MIS,2026-07-09 11:25:00,2026-07-09 11:55:00,374.9,375.8675,80,77.4,45.55,0.24,target_hit
UNIONBANK,camarilla,MIS,2026-07-09 11:25:00,2026-07-09 15:15:00,157.45,157.69,190,45.6,13.85,0.1,forced_close
VOLTAS,camarilla,MIS,2026-07-09 11:25:00,2026-07-09 15:15:00,1268.4,1269.4,23,23.0,-7.95,0.06,forced_close
YESBANK,camarilla,MIS,2026-07-09 11:25:00,2026-07-09 15:05:00,23.68,23.592857142857145,1266,-110.32,-142.04,-0.27,trailing_stop
GAIL,camarilla,MIS,2026-07-09 11:30:00,2026-07-09 12:40:00,172.0,170.6614285714286,174,-232.91,-264.5,-0.64,trailing_stop
INDUSINDBK,camarilla,MIS,2026-07-09 11:30:00,2026-07-09 15:15:00,1013.15,1016.6,29,100.05,68.83,0.27,forced_close
ITC,camarilla,MIS,2026-07-09 11:30:00,2026-07-09 15:10:00,283.0,281.4,106,-169.6,-201.3,-0.7,trailing_stop
BHEL,camarilla,MIS,2026-07-09 11:35:00,2026-07-09 12:00:00,385.5,386.435,77,72.0,40.47,0.18,target_hit
BRITANNIA,camarilla,MIS,2026-07-09 11:35:00,2026-07-09 15:15:00,5375.5,5354.0,5,-107.5,-135.93,-0.39,forced_close
SHREECEM,camarilla,MIS,2026-07-09 11:35:00,2026-07-09 12:30:00,26370,26443.5,1,73.5,45.49,0.26,target_hit
TATACONSUM,camarilla,MIS,2026-07-09 11:35:00,2026-07-09 11:40:00,1106.7,1109.6,27,78.3,46.56,0.24,target_hit
CANBK,camarilla,MIS,2026-07-09 11:40:00,2026-07-09 11:45:00,123.46,123.58650000000002,242,30.61,-1.09,0.08,target_hit
INDIANB,camarilla,MIS,2026-07-09 11:40:00,2026-07-09 13:20:00,784.15,787.855,38,140.79,109.1,0.32,target_hit
JINDALSTEL,camarilla,MIS,2026-07-09 11:40:00,2026-07-09 14:35:00,1030.9,1029.842857142857,29,-30.66,-62.34,-0.08,trailing_stop
LT,camarilla,MIS,2026-07-09 11:40:00,2026-07-09 13:35:00,3937.4,3905.6285714285714,7,-222.4,-251.49,-0.71,trailing_stop
PIIND,camarilla,MIS,2026-07-09 11:40:00,2026-07-09 13:15:00,2605.3,2601.5,11,-41.8,-72.16,-0.2,trailing_stop
ABB,camarilla,MIS,2026-07-09 11:45:00,2026-07-09 15:15:00,6858.5,6821.0,4,-150.0,-179.0,-0.6,forced_close
ADANIPORTS,camarilla,MIS,2026-07-09 11:45:00,2026-07-09 15:00:00,1816.3,1802.2428571428568,16,-224.91,-255.59,-0.65,trailing_stop
BHARATFORG,camarilla,MIS,2026-07-09 11:45:00,2026-07-09 15:15:00,2129.0,2127.8,14,-16.8,-48.4,-0.03,forced_close
COFORGE,camarilla,MIS,2026-07-09 11:45:00,2026-07-09 15:15:00,1471.4,1467.4,20,-80.0,-111.16,-0.2,forced_close
CONCOR,camarilla,MIS,2026-07-09 11:45:00,2026-07-09 15:15:00,458.55,457.0,65,-100.75,-132.29,-0.32,forced_close
MOTILALOFS,camarilla,MIS,2026-07-09 11:45:00,2026-07-09 11:50:00,934.25,935.0925000000001,32,26.96,-4.76,0.06,target_hit
OFSS,camarilla,MIS,2026-07-09 11:45:00,2026-07-09 11:50:00,10865.0,10859.0,2,12.0,-11.04,0.04,target_hit
TITAN,camarilla,MIS,2026-07-09 11:45:00,2026-07-09 13:15:00,4565.0,4605.842857142857,6,-245.06,-274.26,-0.66,trailing_stop
COLPAL,camarilla,MIS,2026-07-09 11:50:00,2026-07-09 11:55:00,2052.0,2060.6349999999998,14,120.89,90.35,0.46,target_hit
NTPC,camarilla,MIS,2026-07-09 11:50:00,2026-07-09 14:00:00,346.35,345.7025,86,55.69,24.13,0.16,target_hit
NYKAA,camarilla,MIS,2026-07-09 11:50:00,2026-07-09 11:55:00,324.05,325.2925,92,114.31,82.62,0.26,target_hit
BANKINDIA,camarilla,MIS,2026-07-09 11:55:00,2026-07-09 15:15:00,137.35,138.5,218,250.7,218.79,0.68,forced_close
TORNTPHARM,camarilla,MIS,2026-07-09 11:55:00,2026-07-09 14:35:00,4921.0,4900.142857142857,6,-125.14,-156.37,-0.35,trailing_stop
WIPRO,camarilla,MIS,2026-07-09 11:55:00,2026-07-09 14:40:00,173.94,173.30785714285713,172,-108.73,-140.39,-0.49,trailing_stop
JUBLFOOD,camarilla,MIS,2026-07-09 12:00:00,2026-07-09 12:40:00,441.2,436.17142857142863,67,-336.91,-368.05,-0.96,trailing_stop
CIPLA,camarilla,MIS,2026-07-09 12:05:00,2026-07-09 14:15:00,1449.7,1445.7285714285715,20,-79.43,-110.12,-0.24,trailing_stop
EXIDEIND,camarilla,MIS,2026-07-09 12:10:00,2026-07-09 13:45:00,425.65,421.72142857142853,70,-275.0,-306.42,-0.67,trailing_stop
KPITTECH,camarilla,MIS,2026-07-09 12:10:00,2026-07-09 15:15:00,549.7,548.8,54,48.6,17.15,0.16,forced_close
MOTHERSON,camarilla,MIS,2026-07-09 12:15:00,2026-07-09 13:30:00,142.53,143.52100000000002,210,208.11,176.24,0.62,target_hit
SUZLON,camarilla,MIS,2026-07-09 12:15:00,2026-07-09 13:35:00,53.72,54.2685,558,306.06,274.08,1.08,target_hit
ADANIPOWER,camarilla,MIS,2026-07-09 12:20:00,2026-07-09 14:00:00,219.4,218.2164285714286,136,-160.97,-192.5,-0.44,trailing_stop
BAJAJ-AUTO,camarilla,MIS,2026-07-09 12:20:00,2026-07-09 13:55:00,10246.5,10166.142857142857,2,-160.71,-182.34,-0.59,trailing_stop
JIOFIN,camarilla,MIS,2026-07-09 12:20:00,2026-07-09 15:15:00,233.99,233.35,128,-81.92,-113.63,-0.4,forced_close
ADANIENT,camarilla,MIS,2026-07-09 12:25:00,2026-07-09 15:15:00,3095.9,3084.2,9,-105.3,-134.78,-0.21,forced_close
AMBUJACEM,camarilla,MIS,2026-07-09 12:25:00,2026-07-09 15:15:00,426.9,429.05,70,150.5,118.71,0.53,forced_close
BAJAJHLDNG,camarilla,MIS,2026-07-09 12:25:00,2026-07-09 12:30:00,10571,10584.6,2,27.2,4.76,0.22,target_hit
KEI,camarilla,MIS,2026-07-09 12:25:00,2026-07-09 13:45:00,4960.0,5013.821428571428,6,-322.93,-354.69,-0.8,trailing_stop
ASTRAL,camarilla,MIS,2026-07-09 12:30:00,2026-07-09 15:05:00,1327.2,1318.565,22,189.97,159.13,0.72,target_hit
ATGL,camarilla,MIS,2026-07-09 12:30:00,2026-07-09 14:50:00,708.0,703.1214285714286,42,-204.9,-236.3,-0.74,trailing_stop
NHPC,camarilla,MIS,2026-07-09 12:30:00,2026-07-09 13:50:00,79.36,78.88285714285715,378,-180.36,-212.06,-0.99,trailing_stop
POLICYBZR,camarilla,MIS,2026-07-09 12:30:00,2026-07-09 15:15:00,1577.8,1571.9,19,-112.1,-143.82,-0.31,forced_close
COROMANDEL,camarilla,MIS,2026-07-09 12:35:00,2026-07-09 14:35:00,2039.9,2029.5357142857142,14,-145.1,-175.29,-0.63,trailing_stop
HCLTECH,camarilla,MIS,2026-07-09 12:40:00,2026-07-09 15:05:00,1155.2,1147.8642857142856,25,-183.39,-213.9,-0.48,trailing_stop
INDIGO,camarilla,MIS,2026-07-09 12:40:00,2026-07-09 15:15:00,5205.5,5228.5,5,115.0,87.33,0.52,forced_close
MAXHEALTH,camarilla,MIS,2026-07-09 12:45:00,2026-07-09 15:15:00,1108.8,1098.8,27,-270.0,-301.57,-0.82,forced_close
PERSISTENT,camarilla,MIS,2026-07-09 12:45:00,2026-07-09 14:35:00,4838.6,4823.757142857143,6,-89.06,-119.79,-0.27,trailing_stop
APLAPOLLO,camarilla,MIS,2026-07-09 12:50:00,2026-07-09 12:55:00,1792.9,1790.955,16,31.12,0.72,0.17,target_hit
IDEA,camarilla,MIS,2026-07-09 12:50:00,2026-07-09 15:15:00,14.09,14.04,2129,-106.45,-138.19,-0.44,forced_close
GODREJCP,camarilla,MIS,2026-07-09 12:55:00,2026-07-09 13:25:00,1093.1,1093.5700000000002,27,12.69,-18.62,0.05,target_hit
HDFCAMC,camarilla,MIS,2026-07-09 12:55:00,2026-07-09 13:00:00,2730.7,2730.865,10,1.65,-27.31,0.01,target_hit
HDFCBANK,camarilla,MIS,2026-07-09 12:55:00,2026-07-09 15:15:00,820.5,817.0,36,-126.0,-157.24,-0.55,forced_close
CUMMINSIND,camarilla,MIS,2026-07-09 13:00:00,2026-07-09 15:15:00,5552.5,5540.0,5,-62.5,-91.9,-0.32,forced_close
HAVELLS,camarilla,MIS,2026-07-09 13:00:00,2026-07-09 13:05:00,1192.9,1187.945,25,123.88,92.33,0.24,target_hit
IRFC,camarilla,MIS,2026-07-09 13:00:00,2026-07-09 15:15:00,88.31,88.12,339,-64.41,-96.12,-0.42,forced_close
SBIN,camarilla,MIS,2026-07-09 13:10:00,2026-07-09 15:15:00,1027.0,1022.6,29,-127.6,-159.1,-0.55,forced_close
GODFRYPHLP,camarilla,MIS,2026-07-09 13:15:00,2026-07-09 15:15:00,2103.0,2103.4,14,5.6,-25.63,0.03,forced_close
RVNL,camarilla,MIS,2026-07-09 13:15:00,2026-07-09 15:00:00,226.95,225.94285714285712,132,-132.94,-164.63,-0.87,trailing_stop
MANKIND,camarilla,MIS,2026-07-09 13:20:00,2026-07-09 15:15:00,2541.8,2531.8,11,-110.0,-139.58,-0.4,forced_close
INDUSTOWER,camarilla,MIS,2026-07-09 13:25:00,2026-07-09 13:45:00,396.4,398.20250000000004,75,135.19,103.57,0.38,target_hit
JSWSTEEL,camarilla,MIS,2026-07-09 13:30:00,2026-07-09 13:35:00,1237.3,1237.98,24,16.32,-15.18,0.07,target_hit
PATANJALI,camarilla,MIS,2026-07-09 13:35:00,2026-07-09 13:50:00,412.05,413.37,72,95.04,63.52,0.47,target_hit
MUTHOOTFIN,camarilla,MIS,2026-07-09 13:40:00,2026-07-09 15:15:00,3051.2,3061.7,9,-94.5,-123.68,-0.29,forced_close
NMDC,camarilla,MIS,2026-07-09 13:40:00,2026-07-09 15:15:00,84.41,84.4,355,-3.55,-35.32,-0.02,forced_close
OBEROIRLTY,camarilla,MIS,2026-07-09 13:40:00,2026-07-09 13:50:00,1845.6,1833.3049999999998,16,196.72,165.53,0.29,target_hit
ZYDUSLIFE,camarilla,MIS,2026-07-09 13:40:00,2026-07-09 15:15:00,1161.5,1157.7,25,-95.0,-125.73,-0.55,forced_close
ENRIN,camarilla,MIS,2026-07-09 13:55:00,2026-07-09 14:10:00,3399.9,3410.345,8,83.56,54.66,0.36,target_hit
ICICIGI,camarilla,MIS,2026-07-09 14:00:00,2026-07-09 15:15:00,1791.2,1793.4,16,-35.2,-65.61,-0.14,forced_close
SIEMENS,camarilla,MIS,2026-07-09 14:00:00,2026-07-09 15:15:00,3475.0,3476.8,8,14.4,-15.09,0.07,forced_close
OIL,camarilla,MIS,2026-07-09 14:05:00,2026-07-09 14:10:00,425.8,424.76750000000004,70,72.27,40.71,0.3,target_hit
BSE,camarilla,MIS,2026-07-09 14:35:00,2026-07-09 14:40:00,3804.1,3811.095,7,48.96,20.7,0.2,target_hit
SBICARD,camarilla,MIS,2026-07-09 14:40:00,2026-07-09 15:15:00,591.0,588.3,50,-135.0,-166.25,-0.59,forced_close
ULTRACEMCO,camarilla,MIS,2026-07-09 14:40:00,2026-07-09 14:50:00,11292,11294.3,2,4.6,-19.35,0.03,target_hit
POWERGRID,camarilla,MIS,2026-07-09 14:50:00,2026-07-09 15:15:00,282.95,281.2,106,-185.5,-217.19,-0.85,forced_close
VBL,camarilla,MIS,2026-07-09 14:50:00,2026-07-09 14:55:00,480.3,480.82,62,32.24,0.64,0.15,target_hit
RECLTD,camarilla,MIS,2026-07-09 14:55:00,2026-07-09 15:15:00,352.65,352.05,85,-51.0,-82.75,-0.13,forced_close
ADANIENSOL,camarilla,MIS,2026-07-09 15:00:00,2026-07-09 15:15:00,1622.0,1615.4,18,118.8,87.92,0.27,forced_close
AXISBANK,camarilla,MIS,2026-07-09 15:00:00,2026-07-09 15:15:00,1294.9,1296.9,23,-46.0,-77.61,-0.18,forced_close
KOTAKBANK,camarilla,MIS,2026-07-09 15:00:00,2026-07-09 15:05:00,376.6,377.0575,79,36.14,4.57,0.08,target_hit
MARUTI,camarilla,MIS,2026-07-09 15:00:00,2026-07-09 15:15:00,13736,13720,2,32,2.89,0.17,forced_close
SAIL,camarilla,MIS,2026-07-09 15:05:00,2026-07-09 15:15:00,164.49,164.517,182,4.91,-26.84,0.02,target_hit
ADANIGREEN,camarilla,MIS,2026-07-09 15:10:00,2026-07-09 15:15:00,1484.0,1485.9,20,-38.0,-69.5,-0.09,forced_close
BIOCON,camarilla,MIS,2026-07-09 15:10:00,2026-07-09 15:15:00,402.85,405.74,74,213.86,182.11,0.28,target_hit
IRCTC,camarilla,MIS,2026-07-09 15:10:00,2026-07-09 15:15:00,496.0,496.15,60,-9.0,-40.56,-0.05,forced_close
JSWENERGY,camarilla,MIS,2026-07-09 15:10:00,2026-07-09 15:15:00,531.8,533.2,56,-78.4,-110.03,-0.21,forced_close
EICHERMOT,camarilla,MIS,2026-07-09 15:20:00,2026-07-09 15:25:00,7349.5,7345.5,4,16.0,-15.16,0.08,forced_close
ETERNAL,camarilla,MIS,2026-07-10 11:00:00,2026-07-10 15:10:00,287.95,289.61428571428564,104,-173.09,-204.95,-0.43,trailing_stop
NYKAA,camarilla,MIS,2026-07-10 11:00:00,2026-07-10 11:50:00,326.4,327.3775,91,88.95,57.4,0.28,target_hit
ASHOKLEY,camarilla,MIS,2026-07-10 11:05:00,2026-07-10 11:50:00,156.56,157.302,191,141.72,109.92,0.55,target_hit
BAJFINANCE,camarilla,MIS,2026-07-10 11:05:00,2026-07-10 12:10:00,1010.7,1014.4699999999999,29,109.33,78.18,0.35,target_hit
GLENMARK,camarilla,MIS,2026-07-10 11:05:00,2026-07-10 11:15:00,2292.5,2303.8849999999998,13,148.0,116.31,0.43,target_hit
PRESTIGE,camarilla,MIS,2026-07-10 11:10:00,2026-07-10 12:20:00,1699.8,1704.2600000000002,17,75.82,45.13,0.15,target_hit
BLUESTARCO,camarilla,MIS,2026-07-10 11:20:00,2026-07-10 13:00:00,1632.0,1620.442857142857,18,-208.03,-239.05,-0.86,trailing_stop
MAZDOCK,camarilla,MIS,2026-07-10 11:20:00,2026-07-10 11:45:00,2400.0,2413.5550000000003,12,162.66,132.01,0.38,target_hit
OBEROIRLTY,camarilla,MIS,2026-07-10 11:20:00,2026-07-10 12:50:00,1901.6,1927.54,15,389.1,358.6,0.88,target_hit
ICICIGI,camarilla,MIS,2026-07-10 11:25:00,2026-07-10 13:30:00,1807.1,1816.59,16,151.84,121.08,0.62,target_hit
ITC,camarilla,MIS,2026-07-10 11:25:00,2026-07-10 15:15:00,280.85,281.65,106,-84.8,-116.42,-0.36,forced_close
HEROMOTOCO,camarilla,MIS,2026-07-10 11:30:00,2026-07-10 11:45:00,4935.1,4946.35,6,67.5,36.06,0.25,target_hit
COLPAL,camarilla,MIS,2026-07-10 11:35:00,2026-07-10 15:15:00,2048.8,2052.6,14,-53.2,-83.65,-0.29,forced_close
KALYANKJIL,camarilla,MIS,2026-07-10 11:35:00,2026-07-10 11:50:00,475.45,481.5825,63,386.35,354.34,0.47,target_hit
AUROPHARMA,camarilla,MIS,2026-07-10 11:40:00,2026-07-10 11:45:00,1559.7,1558.415,19,24.42,-7.0,0.06,target_hit
COROMANDEL,camarilla,MIS,2026-07-10 11:40:00,2026-07-10 11:45:00,2040.1,2040.645,14,7.63,-22.66,0.03,target_hit
BPCL,camarilla,MIS,2026-07-10 11:50:00,2026-07-10 13:15:00,311.85,310.3178571428572,96,-147.09,-178.74,-0.68,trailing_stop
CANBK,camarilla,MIS,2026-07-10 11:50:00,2026-07-10 12:40:00,126.33,126.89,237,132.72,100.88,0.62,target_hit
BRITANNIA,camarilla,MIS,2026-07-10 11:55:00,2026-07-10 13:00:00,5342.0,5327.125,5,74.38,46.1,0.38,target_hit
MFSL,camarilla,MIS,2026-07-10 11:55:00,2026-07-10 12:05:00,1595.6,1599.46,18,69.48,38.98,0.22,target_hit
MOTHERSON,camarilla,MIS,2026-07-10 11:55:00,2026-07-10 13:05:00,143.97,143.13928571428568,208,-172.79,-204.43,-0.54,trailing_stop
RECLTD,camarilla,MIS,2026-07-10 12:00:00,2026-07-10 13:05:00,354.5,356.5375,84,171.15,139.46,0.55,target_hit
TATACOMM,camarilla,MIS,2026-07-10 12:00:00,2026-07-10 14:00:00,1890.9,1870.592857142857,15,-304.61,-334.49,-0.9,trailing_stop
GVT&D,camarilla,MIS,2026-07-10 12:05:00,2026-07-10 13:20:00,4705.0,4683.407142857143,6,-129.56,-159.41,-0.34,trailing_stop
BHARTIARTL,camarilla,MIS,2026-07-10 12:10:00,2026-07-10 14:10:00,1912.0,1916.0142857142857,15,-60.21,-90.67,-0.35,trailing_stop
ENRIN,camarilla,MIS,2026-07-10 12:10:00,2026-07-10 12:55:00,3465.7,3492.945,8,217.96,188.42,0.67,target_hit
SWIGGY,camarilla,MIS,2026-07-10 12:10:00,2026-07-10 15:15:00,274.5,273.25,109,136.25,104.61,0.24,forced_close
INDIANB,camarilla,MIS,2026-07-10 12:15:00,2026-07-10 12:20:00,804.9,805.1674999999999,37,9.9,-21.69,0.04,target_hit
SUZLON,camarilla,MIS,2026-07-10 12:15:00,2026-07-10 14:10:00,54.18,53.905,553,-152.07,-183.75,-0.94,trailing_stop
SRF,camarilla,MIS,2026-07-10 12:20:00,2026-07-10 12:55:00,2793.4,2797.875,10,44.75,15.1,0.24,target_hit
PNB,camarilla,MIS,2026-07-10 12:25:00,2026-07-10 12:40:00,104.27,105.035,287,219.56,187.68,1.26,target_hit
POWERGRID,camarilla,MIS,2026-07-10 12:25:00,2026-07-10 14:45:00,282.55,283.52250000000004,106,103.09,71.26,0.43,target_hit
PREMIERENE,camarilla,MIS,2026-07-10 12:25:00,2026-07-10 12:30:00,1110.7,1115.325,27,124.88,92.99,0.31,target_hit
TIINDIA,camarilla,MIS,2026-07-10 12:25:00,2026-07-10 14:30:00,2939.4,2944.7999999999997,10,54.0,22.79,0.35,target_hit
BAJAJHLDNG,camarilla,MIS,2026-07-10 12:35:00,2026-07-10 15:15:00,10643,10637.5,2,-11.0,-33.57,-0.15,trailing_stop
KOTAKBANK,camarilla,MIS,2026-07-10 12:35:00,2026-07-10 15:15:00,380.15,377.0392857142857,78,-242.64,-273.92,-1.13,trailing_stop
NESTLEIND,camarilla,MIS,2026-07-10 12:40:00,2026-07-10 15:15:00,1452.7,1454.9,20,-44.0,-74.84,-0.18,forced_close
ZYDUSLIFE,camarilla,MIS,2026-07-10 12:40:00,2026-07-10 15:15:00,1149.3,1150.6,26,-33.8,-65.51,-0.1,forced_close
ADANIPOWER,camarilla,MIS,2026-07-10 12:45:00,2026-07-10 15:15:00,219.5,218.10571428571427,136,-189.62,-221.16,-0.7,trailing_stop
APOLLOHOSP,camarilla,MIS,2026-07-10 12:45:00,2026-07-10 14:40:00,8791.5,8824.57142857143,3,-99.21,-127.25,-0.73,trailing_stop
BAJAJFINSV,camarilla,MIS,2026-07-10 12:45:00,2026-07-10 15:15:00,1914.5,1916.7,15,33.0,2.53,0.13,forced_close
HINDPETRO,camarilla,MIS,2026-07-10 12:45:00,2026-07-10 15:05:00,397.25,394.80357142857144,75,-183.48,-214.96,-0.77,trailing_stop
SBILIFE,camarilla,MIS,2026-07-10 12:45:00,2026-07-10 12:50:00,1850.8,1851.455,16,10.48,-20.93,0.05,target_hit
VBL,camarilla,MIS,2026-07-10 12:45:00,2026-07-10 13:30:00,478.35,476.66999999999996,62,104.16,72.78,0.31,target_hit
LAURUSLABS,camarilla,MIS,2026-07-10 12:50:00,2026-07-10 15:15:00,1531.7,1536.8,19,96.9,65.98,0.37,forced_close
CGPOWER,camarilla,MIS,2026-07-10 12:55:00,2026-07-10 14:40:00,920.25,914.8785714285714,32,-171.89,-203.0,-1.3,trailing_stop
PHOENIXLTD,camarilla,MIS,2026-07-10 13:00:00,2026-07-10 13:30:00,2118.3,2135.3,14,238.0,206.4,0.71,target_hit
PFC,camarilla,MIS,2026-07-10 13:05:00,2026-07-10 15:15:00,407.85,406.3,73,-113.15,-144.65,-0.4,forced_close
BDL,camarilla,MIS,2026-07-10 13:10:00,2026-07-10 13:15:00,1341.8,1342.03,22,5.06,-26.25,0.02,target_hit
POLYCAB,camarilla,MIS,2026-07-10 13:10:00,2026-07-10 15:15:00,9168.0,9194.0,3,78.0,48.78,0.38,forced_close
MAXHEALTH,camarilla,MIS,2026-07-10 13:15:00,2026-07-10 15:15:00,1113.8,1107.0,26,-176.8,-207.4,-0.51,forced_close
COALINDIA,camarilla,MIS,2026-07-10 13:20:00,2026-07-10 15:00:00,427.05,429.875,70,-197.75,-229.58,-1.11,trailing_stop
MARUTI,camarilla,MIS,2026-07-10 13:25:00,2026-07-10 13:40:00,13871,13913.35,2,84.7,55.23,0.59,target_hit
BHARATFORG,camarilla,MIS,2026-07-10 13:35:00,2026-07-10 15:15:00,2108.3,2115.3,14,-98.0,-129.36,-0.32,forced_close
TORNTPHARM,camarilla,MIS,2026-07-10 13:35:00,2026-07-10 15:10:00,4861.3,4902.392857142857,6,-246.56,-277.65,-0.8,trailing_stop
DMART,camarilla,MIS,2026-07-10 13:40:00,2026-07-10 14:50:00,4027.9,4061.7,7,-236.6,-266.65,-0.68,trailing_stop
GODFRYPHLP,camarilla,MIS,2026-07-10 13:40:00,2026-07-10 13:55:00,2117.8,2122.855,14,70.77,39.28,0.33,target_hit
FORTIS,camarilla,MIS,2026-07-10 13:45:00,2026-07-10 14:05:00,960.05,962.3125,31,70.14,38.53,0.26,target_hit
MARICO,camarilla,MIS,2026-07-10 13:45:00,2026-07-10 14:10:00,849.4,848.5825,35,28.61,-2.9,0.16,target_hit
NMDC,camarilla,MIS,2026-07-10 13:55:00,2026-07-10 15:15:00,85.36,84.78,351,-203.58,-235.22,-0.81,forced_close
POLICYBZR,camarilla,MIS,2026-07-10 14:15:00,2026-07-10 15:15:00,1582.9,1580.1,18,-50.4,-80.58,-0.27,forced_close
MCX,camarilla,MIS,2026-07-10 14:30:00,2026-07-10 15:15:00,2756.8,2771.9,10,-151.0,-180.33,-0.69,forced_close
MANKIND,camarilla,MIS,2026-07-10 14:35:00,2026-07-10 15:15:00,2512.4,2528.5,11,-177.1,-206.52,-0.61,forced_close
PATANJALI,camarilla,MIS,2026-07-10 14:35:00,2026-07-10 15:15:00,414.0,413.65,72,-25.2,-56.79,-0.14,forced_close
DRREDDY,camarilla,MIS,2026-07-10 14:40:00,2026-07-10 15:15:00,1241.3,1246.3,24,-120.0,-151.67,-0.43,forced_close
SHREECEM,camarilla,MIS,2026-07-10 14:45:00,2026-07-10 15:15:00,26650,26585,1,-65,-93.22,-0.42,forced_close
ASTRAL,camarilla,MIS,2026-07-10 14:55:00,2026-07-10 15:15:00,1329.6,1337.56,22,175.12,143.99,0.82,target_hit
FEDERALBNK,camarilla,MIS,2026-07-10 14:55:00,2026-07-10 15:15:00,329.9,329.85,90,-4.5,-35.98,-0.02,forced_close
GMRAIRPORT,camarilla,MIS,2026-07-10 15:00:00,2026-07-10 15:15:00,112.55,112.5,266,-13.3,-45.04,-0.06,forced_close
PIDILITIND,camarilla,MIS,2026-07-10 15:00:00,2026-07-10 15:15:00,1600.8,1600.1,18,-12.6,-43.15,-0.06,forced_close
SHRIRAMFIN,camarilla,MIS,2026-07-10 15:00:00,2026-07-10 15:05:00,1044.8,1045.34,28,15.12,-15.91,0.08,target_hit
HDFCAMC,camarilla,MIS,2026-07-10 15:15:00,2026-07-10 15:20:00,2764.5,2760.0,10,-45.0,-74.29,-0.28,forced_close
ALKEM,camarilla,MIS,2026-07-10 15:20:00,2026-07-10 15:25:00,5675.5,5676.0,5,2.5,-27.59,0.02,forced_close
RADICO,camarilla,MIS,2026-07-10 15:20:00,2026-07-10 15:25:00,4070.3,4062.0,7,58.1,27.92,0.34,forced_close
TATAINVEST,camarilla,MIS,2026-07-10 15:25:00,2026-07-10 15:25:00,695.75,695.75,43,0.0,-31.73,0.0,eod_data_end
BSE,camarilla,MIS,2026-07-13 10:55:00,2026-07-13 13:35:00,3777.9,3795.642857142857,7,-124.2,-152.32,-0.36,trailing_stop
HINDALCO,camarilla,MIS,2026-07-13 10:55:00,2026-07-13 13:50:00,959.9,962.8607142857144,31,-91.78,-123.4,-0.32,trailing_stop
MPHASIS,camarilla,MIS,2026-07-13 10:55:00,2026-07-13 11:00:00,2358.0,2360.9500000000003,12,35.4,5.37,0.07,target_hit
AMBUJACEM,camarilla,MIS,2026-07-13 11:00:00,2026-07-13 11:25:00,431.7,431.115,69,40.36,8.8,0.18,target_hit
DRREDDY,camarilla,MIS,2026-07-13 11:00:00,2026-07-13 11:05:00,1229.6,1227.91,24,40.56,9.29,0.13,target_hit
OBEROIRLTY,camarilla,MIS,2026-07-13 11:00:00,2026-07-13 13:15:00,1896.7,1903.3714285714289,15,-100.07,-130.31,-0.31,trailing_stop
ADANIENT,camarilla,MIS,2026-07-13 11:05:00,2026-07-13 15:15:00,3185.9,3177.7,9,-73.8,-104.16,-0.23,forced_close
AUBANK,camarilla,MIS,2026-07-13 11:05:00,2026-07-13 11:10:00,1056.3,1055.6549999999997,28,18.06,-13.29,0.06,target_hit
CONCOR,camarilla,MIS,2026-07-13 11:05:00,2026-07-13 11:50:00,461.2,458.85499999999996,65,152.43,120.73,0.47,target_hit
INDUSINDBK,camarilla,MIS,2026-07-13 11:05:00,2026-07-13 11:15:00,1006.5,1005.9274999999999,29,16.6,-14.34,0.05,target_hit
LODHA,camarilla,MIS,2026-07-13 11:05:00,2026-07-13 14:00:00,1192.2,1196.9571428571426,25,-118.93,-150.61,-0.22,trailing_stop
AUROPHARMA,camarilla,MIS,2026-07-13 11:10:00,2026-07-13 13:35:00,1548.1,1554.4785714285713,19,-121.19,-152.46,-0.32,trailing_stop
BAJAJ-AUTO,camarilla,MIS,2026-07-13 11:10:00,2026-07-13 11:15:00,10223.5,10256.65,2,66.3,44.57,0.17,target_hit
COFORGE,camarilla,MIS,2026-07-13 11:10:00,2026-07-13 11:50:00,1518.0,1521.95,19,75.05,44.42,0.15,target_hit
MOTHERSON,camarilla,MIS,2026-07-13 11:10:00,2026-07-13 11:15:00,141.98,141.9635,211,3.48,-28.29,0.01,target_hit
OFSS,camarilla,MIS,2026-07-13 11:10:00,2026-07-13 11:55:00,11810.0,11890.8,2,161.6,136.45,0.33,target_hit
PERSISTENT,camarilla,MIS,2026-07-13 11:10:00,2026-07-13 12:30:00,5105.3,5143.219999999999,5,189.6,162.41,0.42,target_hit
PRESTIGE,camarilla,MIS,2026-07-13 11:10:00,2026-07-13 13:15:00,1698.0,1711.242857142857,17,-225.13,-255.88,-0.61,trailing_stop
SIEMENS,camarilla,MIS,2026-07-13 11:10:00,2026-07-13 12:05:00,3472.5,3465.7,8,54.4,24.98,0.18,target_hit
TVSMOTOR,camarilla,MIS,2026-07-13 11:10:00,2026-07-13 11:15:00,3651.0,3655.77,8,38.16,7.16,0.1,target_hit
CHOLAFIN,camarilla,MIS,2026-07-13 11:15:00,2026-07-13 13:25:00,1815.9,1806.3999999999999,16,-152.0,-182.71,-0.6,trailing_stop
COALINDIA,camarilla,MIS,2026-07-13 11:15:00,2026-07-13 13:35:00,426.1,428.68928571428575,70,-181.25,-213.0,-0.78,trailing_stop
MARICO,camarilla,MIS,2026-07-13 11:15:00,2026-07-13 11:25:00,845.9,843.37,35,88.55,57.21,0.39,target_hit
BHARATFORG,camarilla,MIS,2026-07-13 11:20:00,2026-07-13 14:20:00,2141.4,2145.4900000000002,14,57.26,25.43,0.19,target_hit
EICHERMOT,camarilla,MIS,2026-07-13 11:20:00,2026-07-13 11:25:00,7300.0,7299.5,4,2.0,-28.96,0.01,target_hit
JUBLFOOD,camarilla,MIS,2026-07-13 11:20:00,2026-07-13 12:20:00,433.3,432.96250000000003,69,23.29,-8.4,0.07,target_hit
MFSL,camarilla,MIS,2026-07-13 11:20:00,2026-07-13 12:35:00,1652.1,1630.307142857143,18,-392.27,-423.56,-0.83,trailing_stop
VMM,camarilla,MIS,2026-07-13 11:20:00,2026-07-13 11:25:00,117.53,117.51950000000001,255,2.68,-29.1,0.01,target_hit
KPITTECH,camarilla,MIS,2026-07-13 11:25:00,2026-07-13 11:50:00,567.0,569.0925,52,108.81,77.47,0.16,target_hit
RADICO,camarilla,MIS,2026-07-13 11:25:00,2026-07-13 11:55:00,4042.3,4028.105,7,99.37,69.42,0.34,target_hit
TRENT,camarilla,MIS,2026-07-13 11:25:00,2026-07-13 14:10:00,2889.3,2911.3,10,-220.0,-250.78,-0.95,trailing_stop
RVNL,camarilla,MIS,2026-07-13 11:30:00,2026-07-13 12:35:00,229.0,230.22142857142856,131,-160.01,-191.92,-0.58,trailing_stop
APLAPOLLO,camarilla,MIS,2026-07-13 11:35:00,2026-07-13 13:00:00,1814.6,1824.2714285714285,16,-154.74,-185.63,-0.76,trailing_stop
NAUKRI,camarilla,MIS,2026-07-13 11:35:00,2026-07-13 13:25:00,1194.7,1188.6499999999999,25,151.25,119.67,0.34,target_hit
NYKAA,camarilla,MIS,2026-07-13 11:35:00,2026-07-13 11:50:00,327.9,330.8107142857143,91,-264.88,-296.69,-1.24,trailing_stop
PREMIERENE,camarilla,MIS,2026-07-13 11:35:00,2026-07-13 12:50:00,1100.1,1108.6357142857141,27,-230.46,-262.11,-0.63,trailing_stop
AXISBANK,camarilla,MIS,2026-07-13 11:40:00,2026-07-13 14:50:00,1316.5,1321.7071428571428,22,-114.56,-145.34,-0.45,trailing_stop
MAZDOCK,camarilla,MIS,2026-07-13 11:40:00,2026-07-13 14:50:00,2396.0,2399.785714285714,12,-45.43,-75.95,-0.29,trailing_stop
RELIANCE,camarilla,MIS,2026-07-13 11:40:00,2026-07-13 15:15:00,1297.4,1296.6,23,18.4,-13.23,0.13,forced_close
CUMMINSIND,camarilla,MIS,2026-07-13 11:45:00,2026-07-13 13:15:00,5573.5,5540.65,5,164.25,134.8,0.78,target_hit
OIL,camarilla,MIS,2026-07-13 11:45:00,2026-07-13 13:35:00,426.85,427.81,70,67.2,35.47,0.26,target_hit
TITAN,camarilla,MIS,2026-07-13 11:45:00,2026-07-13 11:50:00,4604.0,4607.555,6,21.33,-7.98,0.11,target_hit
ABCAPITAL,camarilla,MIS,2026-07-13 11:50:00,2026-07-13 11:55:00,405.15,403.35,74,133.2,101.49,0.51,target_hit
DLF,camarilla,MIS,2026-07-13 11:50:00,2026-07-13 14:20:00,674.05,679.9392857142857,44,-259.13,-290.75,-0.65,trailing_stop
ENRIN,camarilla,MIS,2026-07-13 11:50:00,2026-07-13 13:00:00,3460.7,3435.71,8,199.92,170.69,0.46,target_hit
INDIANB,camarilla,MIS,2026-07-13 11:50:00,2026-07-13 15:15:00,846.05,842.0,35,141.75,110.44,0.3,forced_close
IRCTC,camarilla,MIS,2026-07-13 11:50:00,2026-07-13 11:55:00,498.95,498.76750000000004,60,10.95,-20.79,0.07,target_hit
LTM,camarilla,MIS,2026-07-13 11:50:00,2026-07-13 11:55:00,4121.7,4137.96,7,113.82,83.15,0.15,target_hit
M&M,camarilla,MIS,2026-07-13 11:50:00,2026-07-13 11:55:00,3144.9,3145.79,9,8.01,-22.01,0.03,target_hit
NTPC,camarilla,MIS,2026-07-13 11:50:00,2026-07-13 12:25:00,346.9,347.63000000000005,86,62.78,31.1,0.23,target_hit
ADANIPORTS,camarilla,MIS,2026-07-13 11:55:00,2026-07-13 12:50:00,1811.0,1820.95,16,-159.2,-190.03,-0.75,trailing_stop
INDUSTOWER,camarilla,MIS,2026-07-13 11:55:00,2026-07-13 13:25:00,409.75,408.0142857142857,73,-126.71,-158.35,-0.32,trailing_stop
NHPC,camarilla,MIS,2026-07-13 11:55:00,2026-07-13 12:00:00,79.22,79.21499999999999,378,1.89,-29.86,0.01,target_hit
SHREECEM,camarilla,MIS,2026-07-13 11:55:00,2026-07-13 13:15:00,26450,26510.714285714286,1,-60.71,-88.8,-0.46,trailing_stop
WAAREEENER,camarilla,MIS,2026-07-13 11:55:00,2026-07-13 12:05:00,2892.5,2889.8450000000003,10,26.55,-4.11,0.12,target_hit
LICHSGFIN,camarilla,MIS,2026-07-13 12:00:00,2026-07-13 15:15:00,552.65,551.85,54,-43.2,-74.82,-0.14,forced_close
ABB,camarilla,MIS,2026-07-13 12:05:00,2026-07-13 12:10:00,6794.5,6781.55,4,51.8,23.01,0.14,target_hit
DIVISLAB,camarilla,MIS,2026-07-13 12:05:00,2026-07-13 13:00:00,6808.5,6857.392857142857,4,-195.57,-224.58,-1.5,trailing_stop
NATIONALUM,camarilla,MIS,2026-07-13 12:05:00,2026-07-13 14:00:00,351.35,353.2142857142857,85,-158.46,-190.24,-0.45,trailing_stop
POLICYBZR,camarilla,MIS,2026-07-13 12:05:00,2026-07-13 12:10:00,1590.0,1591.4,18,25.2,-5.17,0.09,target_hit
IDFCFIRSTB,camarilla,MIS,2026-07-13 12:10:00,2026-07-13 15:15:00,80.06,80.55,374,-183.26,-215.13,-0.76,forced_close
ETERNAL,camarilla,MIS,2026-07-13 12:15:00,2026-07-13 15:00:00,285.9,285.22249999999997,104,70.46,38.97,0.19,target_hit
DABUR,camarilla,MIS,2026-07-13 12:20:00,2026-07-13 13:15:00,440.9,440.2275,68,45.73,13.97,0.3,target_hit
KOTAKBANK,camarilla,MIS,2026-07-13 12:20:00,2026-07-13 12:25:00,379.65,379.9375,79,22.71,-9.11,0.09,target_hit
IREDA,camarilla,MIS,2026-07-13 12:30:00,2026-07-13 14:50:00,124.45,125.13999999999999,241,-166.29,-198.2,-0.64,trailing_stop
LAURUSLABS,camarilla,MIS,2026-07-13 12:30:00,2026-07-13 13:30:00,1556.2,1561.945,19,109.15,77.73,0.37,target_hit
GLENMARK,camarilla,MIS,2026-07-13 12:35:00,2026-07-13 13:45:00,2300.7,2314.305,13,176.87,145.03,0.58,target_hit
MCX,camarilla,MIS,2026-07-13 12:45:00,2026-07-13 15:00:00,2795.5,2783.021428571428,10,-124.79,-154.35,-0.37,trailing_stop
PAYTM,camarilla,MIS,2026-07-13 12:45:00,2026-07-13 14:10:00,1372.4,1391.355,21,398.05,367.24,0.79,target_hit
TMPV,camarilla,MIS,2026-07-13 12:45:00,2026-07-13 12:50:00,340.4,341.58,88,103.84,72.01,0.28,target_hit
ASHOKLEY,camarilla,MIS,2026-07-13 12:50:00,2026-07-13 13:05:00,158.57,158.70000000000002,189,24.57,-7.23,0.07,target_hit
TORNTPHARM,camarilla,MIS,2026-07-13 12:50:00,2026-07-13 15:15:00,4943.3,4956.5,6,79.2,47.7,0.36,forced_close
INDHOTEL,camarilla,MIS,2026-07-13 12:55:00,2026-07-13 13:00:00,740.0,739.98,40,0.8,-30.59,0.0,target_hit
SWIGGY,camarilla,MIS,2026-07-13 13:05:00,2026-07-13 15:15:00,267.54,266.77,112,86.24,54.52,0.24,forced_close
UNIONBANK,camarilla,MIS,2026-07-13 13:15:00,2026-07-13 13:45:00,167.71,168.855,178,203.81,172.02,0.44,target_hit
HDFCLIFE,camarilla,MIS,2026-07-13 13:25:00,2026-07-13 15:15:00,572.45,573.2,52,39.0,7.41,0.12,forced_close
M&MFIN,camarilla,MIS,2026-07-13 13:25:00,2026-07-13 15:15:00,330.4,332.7,90,-207.0,-238.67,-0.77,forced_close
FORTIS,camarilla,MIS,2026-07-13 13:30:00,2026-07-13 15:15:00,958.3,963.45,31,-159.65,-191.26,-0.99,forced_close
APOLLOHOSP,camarilla,MIS,2026-07-13 13:40:00,2026-07-13 13:45:00,8780.0,8778.85,3,3.45,-24.48,0.02,target_hit
ADANIENSOL,camarilla,MIS,2026-07-13 13:55:00,2026-07-13 14:20:00,1635.7,1656.007142857143,18,-365.53,-396.99,-1.24,trailing_stop
MOTILALOFS,camarilla,MIS,2026-07-13 14:05:00,2026-07-13 14:50:00,969.5,982.2321428571429,30,-381.96,-413.05,-1.45,trailing_stop
ADANIPOWER,camarilla,MIS,2026-07-13 14:20:00,2026-07-13 14:25:00,216.52,216.35999999999999,138,22.08,-9.59,0.09,target_hit
SHRIRAMFIN,camarilla,MIS,2026-07-13 14:30:00,2026-07-13 15:15:00,1049.5,1048.4,28,-30.8,-61.94,-0.11,forced_close
BAJFINANCE,camarilla,MIS,2026-07-13 14:50:00,2026-07-13 15:15:00,1026.7,1021.0,29,-165.3,-196.77,-0.62,forced_close
SBICARD,camarilla,MIS,2026-07-13 14:55:00,2026-07-13 15:15:00,618.9,618.3,48,-28.8,-60.28,-0.11,forced_close
TATACOMM,camarilla,MIS,2026-07-13 14:55:00,2026-07-13 15:15:00,1839.6,1837.2,16,38.4,7.21,0.17,forced_close
BAJAJHLDNG,camarilla,MIS,2026-07-13 15:05:00,2026-07-13 15:15:00,10757,10736,2,-42,-64.79,-0.19,forced_close
ICICIBANK,camarilla,MIS,2026-07-13 15:05:00,2026-07-13 15:15:00,1410.0,1408.6,21,-29.4,-60.78,-0.17,forced_close
SUNPHARMA,camarilla,MIS,2026-07-13 15:05:00,2026-07-13 15:10:00,1921.3,1920.485,15,12.23,-18.33,0.07,target_hit
TATAPOWER,camarilla,MIS,2026-07-13 15:05:00,2026-07-13 15:15:00,377.7,377.6425,79,4.54,-27.1,0.04,target_hit
IOC,camarilla,MIS,2026-07-13 15:10:00,2026-07-13 15:15:00,139.94,139.86,214,-17.12,-48.87,-0.07,forced_close
KEI,camarilla,MIS,2026-07-13 15:10:00,2026-07-13 15:15:00,5112.0,5110.0,5,10.0,-17.1,0.05,forced_close
HAVELLS,camarilla,MIS,2026-07-13 15:15:00,2026-07-13 15:20:00,1177.6,1178.2,25,-15.0,-46.23,-0.07,forced_close
MANKIND,camarilla,MIS,2026-07-13 15:15:00,2026-07-13 15:20:00,2507.5,2508.0,11,-5.5,-34.75,-0.03,forced_close
GODREJPROP,camarilla,MIS,2026-07-13 15:20:00,2026-07-13 15:25:00,2167.3,2165.2,13,-27.3,-57.16,-0.1,forced_close
UNITDSPR,camarilla,MIS,2026-07-13 15:20:00,2026-07-13 15:25:00,1377.1,1376.845,21,5.35,-25.31,0.02,target_hit
ASIANPAINT,camarilla,MIS,2026-07-13 15:25:00,2026-07-13 15:25:00,2649.4,2649.4,11,-0.0,-30.91,-0.0,eod_data_end
LUPIN,camarilla,MIS,2026-07-13 15:25:00,2026-07-13 15:25:00,2483.9,2483.9,12,-0.0,-31.61,-0.0,eod_data_end
BPCL,camarilla,MIS,2026-07-14 10:55:00,2026-07-14 11:35:00,303.8,303.7,98,9.8,-21.77,0.04,target_hit
GLENMARK,camarilla,MIS,2026-07-14 10:55:00,2026-07-14 13:15:00,2322.1,2305.5642857142857,12,-198.43,-227.85,-0.54,trailing_stop
ICICIGI,camarilla,MIS,2026-07-14 10:55:00,2026-07-14 11:35:00,1754.3,1750.12,17,71.06,39.48,0.22,target_hit
INDIANB,camarilla,MIS,2026-07-14 10:55:00,2026-07-14 15:00:00,830.4,835.1071428571429,36,-169.46,-201.27,-0.38,trailing_stop
INDUSTOWER,camarilla,MIS,2026-07-14 10:55:00,2026-07-14 14:10:00,405.4,407.86071428571427,74,-182.09,-214.02,-0.43,trailing_stop
TRENT,camarilla,MIS,2026-07-14 10:55:00,2026-07-14 11:45:00,2873.7,2871.2799999999997,10,24.2,-6.26,0.08,target_hit
SIEMENS,camarilla,MIS,2026-07-14 11:00:00,2026-07-14 12:25:00,3499.3,3474.364285714286,8,-199.49,-229.04,-0.45,trailing_stop
ADANIENT,camarilla,MIS,2026-07-14 11:05:00,2026-07-14 12:50:00,3202.5,3181.6285714285714,9,-187.84,-218.29,-0.41,trailing_stop
ATGL,camarilla,MIS,2026-07-14 11:05:00,2026-07-14 11:10:00,728.3,733.105,41,197.01,165.21,0.32,target_hit
OBEROIRLTY,camarilla,MIS,2026-07-14 11:05:00,2026-07-14 15:15:00,1910.0,1915.1,15,-76.5,-106.93,-0.16,forced_close
SBILIFE,camarilla,MIS,2026-07-14 11:05:00,2026-07-14 11:10:00,1840.7,1840.005,16,11.12,-20.1,0.04,target_hit
ZYDUSLIFE,camarilla,MIS,2026-07-14 11:05:00,2026-07-14 11:25:00,1144.7,1146.26,26,40.56,8.97,0.12,target_hit
AMBUJACEM,camarilla,MIS,2026-07-14 11:10:00,2026-07-14 11:15:00,434.15,434.9275,69,53.65,21.85,0.13,target_hit
COLPAL,camarilla,MIS,2026-07-14 11:15:00,2026-07-14 12:15:00,2016.7,2011.3049999999998,14,75.53,45.64,0.33,target_hit
DRREDDY,camarilla,MIS,2026-07-14 11:15:00,2026-07-14 15:00:00,1245.2,1247.04,24,44.16,12.44,0.15,target_hit
SRF,camarilla,MIS,2026-07-14 11:15:00,2026-07-14 12:25:00,2753.7,2731.5142857142855,10,-221.86,-250.92,-0.8,trailing_stop
UPL,camarilla,MIS,2026-07-14 11:15:00,2026-07-14 11:20:00,588.45,588.285,50,8.25,-22.95,0.04,target_hit
ALKEM,camarilla,MIS,2026-07-14 11:20:00,2026-07-14 11:25:00,5620.5,5641.525,5,105.12,75.26,0.2,target_hit
MANKIND,camarilla,MIS,2026-07-14 11:20:00,2026-07-14 11:45:00,2523.3,2530.6,11,80.3,50.81,0.33,target_hit
UNITDSPR,camarilla,MIS,2026-07-14 11:20:00,2026-07-14 14:20:00,1388.3,1389.8450000000003,21,32.45,1.51,0.08,target_hit
HEROMOTOCO,camarilla,MIS,2026-07-14 11:25:00,2026-07-14 14:00:00,4925.0,4899.3,6,154.2,122.96,0.66,target_hit
KPITTECH,camarilla,MIS,2026-07-14 11:25:00,2026-07-14 11:40:00,563.8,561.1850000000001,53,138.59,107.0,0.29,target_hit
PHOENIXLTD,camarilla,MIS,2026-07-14 11:25:00,2026-07-14 12:55:00,2128.2,2126.555,14,23.03,-8.55,0.05,target_hit
AUROPHARMA,camarilla,MIS,2026-07-14 11:30:00,2026-07-14 13:10:00,1568.0,1558.4642857142858,19,-181.18,-212.66,-0.65,trailing_stop
GODREJCP,camarilla,MIS,2026-07-14 11:30:00,2026-07-14 12:25:00,1064.8,1061.825,28,83.3,51.74,0.31,target_hit
TATACONSUM,camarilla,MIS,2026-07-14 11:30:00,2026-07-14 12:10:00,1102.8,1091.442857142857,27,-306.64,-338.02,-0.87,trailing_stop
JSWSTEEL,camarilla,MIS,2026-07-14 11:35:00,2026-07-14 11:40:00,1247.8,1248.235,24,10.44,-21.32,0.03,target_hit
BAJAJ-AUTO,camarilla,MIS,2026-07-14 11:40:00,2026-07-14 14:30:00,10194.5,10154.675,2,79.65,58.08,0.3,target_hit
GAIL,camarilla,MIS,2026-07-14 11:40:00,2026-07-14 11:45:00,171.61,171.5415,174,11.92,-19.74,0.05,target_hit
HDFCBANK,camarilla,MIS,2026-07-14 11:40:00,2026-07-14 11:45:00,812.0,811.9275,36,2.61,-28.39,0.01,target_hit
HINDUNILVR,camarilla,MIS,2026-07-14 11:45:00,2026-07-14 15:15:00,2137.6,2120.0,14,-246.4,-277.98,-0.82,forced_close
BHARATFORG,camarilla,MIS,2026-07-14 11:50:00,2026-07-14 12:25:00,2122.5,2114.415,14,113.19,81.75,0.41,target_hit
TATAELXSI,camarilla,MIS,2026-07-14 11:50:00,2026-07-14 12:15:00,3758.9,3731.64,7,190.82,163.04,0.55,target_hit
PATANJALI,camarilla,MIS,2026-07-14 11:55:00,2026-07-14 15:05:00,407.3,408.225,73,-67.53,-99.1,-0.38,trailing_stop
JUBLFOOD,camarilla,MIS,2026-07-14 12:00:00,2026-07-14 12:20:00,428.3,425.46,70,198.8,167.13,0.73,target_hit
TORNTPHARM,camarilla,MIS,2026-07-14 12:05:00,2026-07-14 14:40:00,4990.0,4978.178571428572,6,-70.93,-102.63,-0.28,trailing_stop
PFC,camarilla,MIS,2026-07-14 12:10:00,2026-07-14 14:00:00,407.9,408.4275,73,38.51,6.91,0.13,target_hit
POWERGRID,camarilla,MIS,2026-07-14 12:10:00,2026-07-14 12:15:00,283.5,283.36,105,14.7,-16.86,0.08,target_hit
HYUNDAI,camarilla,MIS,2026-07-14 12:20:00,2026-07-14 13:15:00,1971.6,1963.2700000000002,15,124.95,93.67,0.58,target_hit
TATAPOWER,camarilla,MIS,2026-07-14 12:20:00,2026-07-14 12:25:00,375.7,375.4025,79,23.5,-7.96,0.1,target_hit
EXIDEIND,camarilla,MIS,2026-07-14 12:25:00,2026-07-14 14:10:00,419.5,418.66999999999996,71,58.93,27.38,0.17,target_hit
GMRAIRPORT,camarilla,MIS,2026-07-14 12:25:00,2026-07-14 13:10:00,113.05,112.8155,265,62.14,30.41,0.25,target_hit
IDEA,camarilla,MIS,2026-07-14 12:50:00,2026-07-14 13:35:00,13.87,13.828000000000001,2162,90.8,59.06,0.3,target_hit
BLUESTARCO,camarilla,MIS,2026-07-14 12:55:00,2026-07-14 15:15:00,1744.1,1745.0,17,15.3,-16.15,0.05,forced_close
KALYANKJIL,camarilla,MIS,2026-07-14 13:00:00,2026-07-14 15:15:00,528.1,529.0,56,50.4,19.01,0.12,forced_close
MAXHEALTH,camarilla,MIS,2026-07-14 13:10:00,2026-07-14 13:40:00,1094.3,1093.1100000000001,27,32.13,0.82,0.09,target_hit
ABB,camarilla,MIS,2026-07-14 13:15:00,2026-07-14 15:00:00,6866.0,6893.075,4,108.3,79.11,0.31,target_hit
LUPIN,camarilla,MIS,2026-07-14 13:15:00,2026-07-14 13:35:00,2483.4,2476.705,12,80.34,48.79,0.42,target_hit
BSE,camarilla,MIS,2026-07-14 13:25:00,2026-07-14 15:15:00,3772.7,3790.9,7,-127.4,-155.49,-0.38,forced_close
HINDZINC,camarilla,MIS,2026-07-14 13:25:00,2026-07-14 13:30:00,528.85,527.8975,56,53.34,21.97,0.19,target_hit
MARUTI,camarilla,MIS,2026-07-14 13:25:00,2026-07-14 13:30:00,13539,13527.25,2,23.5,-5.2,0.14,target_hit
SAIL,camarilla,MIS,2026-07-14 13:25:00,2026-07-14 15:15:00,165.88,166.49,180,-109.8,-141.53,-0.43,forced_close
MOTILALOFS,camarilla,MIS,2026-07-14 13:30:00,2026-07-14 13:35:00,969.9,968.6875,30,36.37,5.54,0.12,target_hit
BAJAJHLDNG,camarilla,MIS,2026-07-14 13:40:00,2026-07-14 15:15:00,10524,10480,2,88,65.74,0.51,forced_close
ETERNAL,camarilla,MIS,2026-07-14 13:40:00,2026-07-14 13:45:00,286.4,287.56499999999994,104,121.16,89.5,0.23,target_hit
JSWENERGY,camarilla,MIS,2026-07-14 13:50:00,2026-07-14 13:55:00,558.5,558.5175,53,0.93,-30.46,0.0,target_hit
JINDALSTEL,camarilla,MIS,2026-07-14 13:55:00,2026-07-14 15:15:00,1040.0,1041.1,28,30.8,-0.1,0.11,forced_close
SOLARINDS,camarilla,MIS,2026-07-14 14:00:00,2026-07-14 15:15:00,18279,18290,1,11,-8.39,0.09,forced_close
NAUKRI,camarilla,MIS,2026-07-14 14:05:00,2026-07-14 15:15:00,1183.4,1187.7,25,-107.5,-138.94,-0.47,forced_close
TITAN,camarilla,MIS,2026-07-14 14:05:00,2026-07-14 15:15:00,4564.2,4565.0,6,-4.8,-33.84,-0.03,forced_close
CGPOWER,camarilla,MIS,2026-07-14 14:10:00,2026-07-14 15:00:00,911.9,914.52,32,83.84,52.84,0.27,target_hit
COROMANDEL,camarilla,MIS,2026-07-14 14:10:00,2026-07-14 15:15:00,2074.9,2073.1,14,-25.2,-55.99,-0.08,forced_close
RELIANCE,camarilla,MIS,2026-07-14 14:10:00,2026-07-14 14:35:00,1291.7,1290.63,23,24.61,-6.88,0.1,target_hit
NTPC,camarilla,MIS,2026-07-14 14:15:00,2026-07-14 15:15:00,348.35,348.1,86,21.5,-10.26,0.08,forced_close
VMM,camarilla,MIS,2026-07-14 14:15:00,2026-07-14 14:20:00,114.83,114.80199999999999,261,7.31,-24.47,0.04,target_hit
GRASIM,camarilla,MIS,2026-07-14 14:25:00,2026-07-14 15:15:00,3110.1,3108.5,9,14.4,-15.27,0.06,forced_close
HAVELLS,camarilla,MIS,2026-07-14 14:25:00,2026-07-14 15:15:00,1186.4,1186.3,25,-2.5,-33.95,-0.01,forced_close
YESBANK,camarilla,MIS,2026-07-14 14:40:00,2026-07-14 14:45:00,23.6,23.5985,1271,1.91,-29.9,0.01,target_hit
WIPRO,camarilla,MIS,2026-07-14 14:45:00,2026-07-14 15:15:00,176.85,177.18,169,-55.77,-87.5,-0.25,forced_close
ASIANPAINT,camarilla,MIS,2026-07-14 14:50:00,2026-07-14 15:15:00,2639.8,2641.9,11,-23.1,-53.91,-0.14,forced_close
PERSISTENT,camarilla,MIS,2026-07-14 14:55:00,2026-07-14 15:15:00,5124.4,5129.9,5,-27.5,-54.69,-0.11,forced_close
FORTIS,camarilla,MIS,2026-07-14 15:00:00,2026-07-14 15:15:00,969.3,969.7,30,12.0,-18.84,0.06,forced_close
RECLTD,camarilla,MIS,2026-07-14 15:00:00,2026-07-14 15:15:00,353.15,352.25,84,-75.6,-107.01,-0.29,forced_close
FEDERALBNK,camarilla,MIS,2026-07-14 15:05:00,2026-07-14 15:15:00,327.45,327.44,91,0.91,-30.69,0.0,target_hit
INDHOTEL,camarilla,MIS,2026-07-14 15:10:00,2026-07-14 15:15:00,732.0,732.2,40,-8.0,-39.06,-0.04,forced_close
BHEL,camarilla,MIS,2026-07-14 15:15:00,2026-07-14 15:20:00,402.55,402.8,74,-18.5,-50.1,-0.05,forced_close
LICHSGFIN,camarilla,MIS,2026-07-14 15:15:00,2026-07-14 15:20:00,547.9,549.2,54,-70.2,-101.62,-0.23,forced_close
PNB,camarilla,MIS,2026-07-14 15:25:00,2026-07-14 15:25:00,105.05,105.05,285,-0.0,-31.75,-0.0,eod_data_end
TATASTEEL,camarilla,MIS,2026-07-14 15:25:00,2026-07-14 15:25:00,188.74,188.74,158,0.0,-31.62,0.0,eod_data_end
ENRIN,camarilla,MIS,2026-07-15 10:55:00,2026-07-15 11:05:00,3453.0,3461.4849999999997,8,67.88,38.54,0.18,target_hit
HINDUNILVR,camarilla,MIS,2026-07-15 10:55:00,2026-07-15 11:00:00,2105.6,2104.305,14,18.13,-13.12,0.07,target_hit
MAXHEALTH,camarilla,MIS,2026-07-15 10:55:00,2026-07-15 13:05:00,1104.9,1095.9,27,-243.0,-274.48,-0.62,trailing_stop
VEDL,camarilla,MIS,2026-07-15 10:55:00,2026-07-15 11:10:00,265.35,265.0875,113,29.66,-2.12,0.1,target_hit
BEL,camarilla,MIS,2026-07-15 11:00:00,2026-07-15 11:05:00,413.15,413.15250000000003,72,0.18,-31.37,0.0,target_hit
MPHASIS,camarilla,MIS,2026-07-15 11:00:00,2026-07-15 11:10:00,2340.2,2337.595,12,31.26,1.5,0.1,target_hit
COALINDIA,camarilla,MIS,2026-07-15 11:05:00,2026-07-15 12:45:00,428.15,428.63571428571436,70,-34.0,-65.8,-0.16,trailing_stop
ICICIGI,camarilla,MIS,2026-07-15 11:05:00,2026-07-15 12:15:00,1811.4,1816.425,16,80.4,49.61,0.23,target_hit
SBICARD,camarilla,MIS,2026-07-15 11:05:00,2026-07-15 13:50:00,650.15,645.1749999999998,46,-228.85,-260.42,-0.46,trailing_stop
BRITANNIA,camarilla,MIS,2026-07-15 11:10:00,2026-07-15 13:35:00,5325.5,5297.714285714285,5,-138.93,-167.08,-0.82,trailing_stop
CANBK,camarilla,MIS,2026-07-15 11:10:00,2026-07-15 12:15:00,127.28,127.709,235,100.82,69.03,0.37,target_hit
HEROMOTOCO,camarilla,MIS,2026-07-15 11:10:00,2026-07-15 11:15:00,4925.0,4929.34,6,26.04,-5.31,0.09,target_hit
KPITTECH,camarilla,MIS,2026-07-15 11:10:00,2026-07-15 14:25:00,546.8,549.85,54,-164.7,-196.12,-0.45,trailing_stop
SUNPHARMA,camarilla,MIS,2026-07-15 11:10:00,2026-07-15 13:15:00,1958.0,1950.0571428571427,15,-119.14,-150.21,-0.52,trailing_stop
UNIONBANK,camarilla,MIS,2026-07-15 11:10:00,2026-07-15 12:10:00,172.85,173.00199999999998,173,26.3,-5.43,0.05,target_hit
ADANIPORTS,camarilla,MIS,2026-07-15 11:15:00,2026-07-15 12:55:00,1834.5,1820.4857142857143,16,-224.23,-255.21,-0.88,trailing_stop
INDUSTOWER,camarilla,MIS,2026-07-15 11:15:00,2026-07-15 11:25:00,407.1,408.8525,73,127.93,96.34,0.63,target_hit
NHPC,camarilla,MIS,2026-07-15 11:15:00,2026-07-15 11:25:00,79.26,79.32,378,22.68,-9.11,0.13,target_hit
PERSISTENT,camarilla,MIS,2026-07-15 11:15:00,2026-07-15 14:10:00,5086.0,5112.214285714285,5,-131.07,-158.12,-0.34,trailing_stop
BHARATFORG,camarilla,MIS,2026-07-15 11:20:00,2026-07-15 12:10:00,2138.0,2121.785714285714,14,-227.0,-258.6,-0.8,trailing_stop
TATACONSUM,camarilla,MIS,2026-07-15 11:20:00,2026-07-15 11:35:00,1089.2,1086.3799999999999,27,76.14,45.0,0.36,target_hit
BHEL,camarilla,MIS,2026-07-15 11:30:00,2026-07-15 12:30:00,406.35,408.29999999999995,73,142.35,110.8,0.39,target_hit
HDFCAMC,camarilla,MIS,2026-07-15 11:30:00,2026-07-15 12:55:00,2712.3,2689.4,11,-251.9,-283.38,-0.91,trailing_stop
M&M,camarilla,MIS,2026-07-15 11:30:00,2026-07-15 12:55:00,3106.5,3082.6071428571427,9,-215.04,-244.55,-0.77,trailing_stop
NTPC,camarilla,MIS,2026-07-15 11:30:00,2026-07-15 12:55:00,346.2,344.60249999999996,86,137.39,105.9,0.51,target_hit
ASIANPAINT,camarilla,MIS,2026-07-15 11:35:00,2026-07-15 11:40:00,2679.3,2682.8,11,38.5,7.22,0.23,target_hit
LODHA,camarilla,MIS,2026-07-15 11:35:00,2026-07-15 12:55:00,1168.9,1156.1000000000001,25,-320.0,-350.78,-0.79,trailing_stop
NESTLEIND,camarilla,MIS,2026-07-15 11:35:00,2026-07-15 12:55:00,1438.5,1430.9642857142858,20,-150.71,-181.13,-0.65,trailing_stop
RECLTD,camarilla,MIS,2026-07-15 11:35:00,2026-07-15 13:05:00,355.15,351.8,84,-281.4,-312.86,-1.3,trailing_stop
ADANIGREEN,camarilla,MIS,2026-07-15 11:40:00,2026-07-15 13:50:00,1575.9,1550.325,19,485.93,454.48,1.32,target_hit
AXISBANK,camarilla,MIS,2026-07-15 11:40:00,2026-07-15 14:15:00,1309.3,1303.7949999999998,22,121.11,90.64,0.2,target_hit
PNB,camarilla,MIS,2026-07-15 11:40:00,2026-07-15 11:45:00,105.93,105.935,283,1.41,-30.38,0.01,target_hit
VOLTAS,camarilla,MIS,2026-07-15 11:40:00,2026-07-15 11:50:00,1369.1,1377.6550000000002,21,179.66,149.05,0.61,target_hit
ADANIENT,camarilla,MIS,2026-07-15 11:45:00,2026-07-15 12:55:00,3164.0,3147.815,9,145.66,115.56,0.58,target_hit
BANKINDIA,camarilla,MIS,2026-07-15 11:45:00,2026-07-15 12:10:00,144.43,144.499,207,14.28,-17.43,0.04,target_hit
DIVISLAB,camarilla,MIS,2026-07-15 11:45:00,2026-07-15 14:10:00,7305.5,7273.428571428572,4,-128.29,-159.19,-0.48,trailing_stop
JSWSTEEL,camarilla,MIS,2026-07-15 11:45:00,2026-07-15 12:55:00,1235.4,1231.365,24,96.84,65.46,0.33,target_hit
JUBLFOOD,camarilla,MIS,2026-07-15 11:45:00,2026-07-15 11:55:00,427.1,429.31,70,154.7,122.9,0.6,target_hit
MOTILALOFS,camarilla,MIS,2026-07-15 11:45:00,2026-07-15 12:55:00,977.2,965.1321428571428,30,-362.04,-392.89,-0.94,trailing_stop
CIPLA,camarilla,MIS,2026-07-15 11:50:00,2026-07-15 12:55:00,1449.7,1438.6785714285713,20,-220.43,-251.03,-0.96,trailing_stop
RELIANCE,camarilla,MIS,2026-07-15 11:50:00,2026-07-15 11:55:00,1303.9,1304.605,23,16.21,-15.6,0.08,target_hit
TATACOMM,camarilla,MIS,2026-07-15 11:50:00,2026-07-15 12:05:00,1838.8,1836.5549999999998,16,35.92,4.74,0.16,target_hit
ADANIPOWER,camarilla,MIS,2026-07-15 11:55:00,2026-07-15 12:30:00,220.76,219.218,135,208.17,176.7,0.41,target_hit
IDEA,camarilla,MIS,2026-07-15 11:55:00,2026-07-15 13:05:00,13.7,13.599,2189,221.09,189.43,0.63,target_hit
KALYANKJIL,camarilla,MIS,2026-07-15 11:55:00,2026-07-15 12:00:00,542.35,544.985,55,144.92,113.2,0.19,target_hit
LT,camarilla,MIS,2026-07-15 11:55:00,2026-07-15 12:20:00,3829.7,3818.5049999999997,7,78.37,49.99,0.54,target_hit
TITAN,camarilla,MIS,2026-07-15 11:55:00,2026-07-15 12:00:00,4598.0,4599.0,6,6.0,-23.26,0.03,target_hit
HINDALCO,camarilla,MIS,2026-07-15 12:00:00,2026-07-15 15:05:00,961.65,955.5999999999999,31,187.55,156.06,1.0,target_hit
IRCTC,camarilla,MIS,2026-07-15 12:05:00,2026-07-15 12:15:00,499.7,499.8925,60,11.55,-20.25,0.06,target_hit
YESBANK,camarilla,MIS,2026-07-15 12:10:00,2026-07-15 12:25:00,23.71,23.802500000000002,1265,117.01,85.13,0.63,target_hit
BANKBARODA,camarilla,MIS,2026-07-15 12:15:00,2026-07-15 12:30:00,249.05,249.5975,120,65.7,33.97,0.22,target_hit
NATIONALUM,camarilla,MIS,2026-07-15 12:15:00,2026-07-15 14:45:00,361.95,362.41071428571433,82,-37.78,-69.28,-0.18,trailing_stop
NAUKRI,camarilla,MIS,2026-07-15 12:30:00,2026-07-15 14:35:00,1179.2,1184.5464285714284,25,-133.66,-165.01,-0.56,trailing_stop
TECHM,camarilla,MIS,2026-07-15 12:35:00,2026-07-15 14:10:00,1495.5,1506.245,20,214.9,183.04,0.59,target_hit
OBEROIRLTY,camarilla,MIS,2026-07-15 12:40:00,2026-07-15 13:30:00,1902.9,1891.2549999999999,15,174.68,144.52,0.76,target_hit
VBL,camarilla,MIS,2026-07-15 12:40:00,2026-07-15 13:10:00,466.55,465.40999999999997,64,72.96,41.34,0.41,target_hit
WIPRO,camarilla,MIS,2026-07-15 12:40:00,2026-07-15 12:55:00,175.58,175.0555,170,89.17,57.57,0.48,target_hit
APOLLOHOSP,camarilla,MIS,2026-07-15 12:45:00,2026-07-15 15:10:00,8981.5,8929.57142857143,3,-155.79,-184.26,-0.97,trailing_stop
JSWENERGY,camarilla,MIS,2026-07-15 12:45:00,2026-07-15 15:05:00,552.8,549.9075,54,156.19,124.64,0.61,target_hit
NYKAA,camarilla,MIS,2026-07-15 12:45:00,2026-07-15 14:00:00,326.65,328.41,91,160.16,128.54,0.47,target_hit
BAJAJFINSV,camarilla,MIS,2026-07-15 12:50:00,2026-07-15 12:55:00,1853.1,1848.3,16,76.8,45.41,0.29,target_hit
OFSS,camarilla,MIS,2026-07-15 12:50:00,2026-07-15 15:10:00,11735.0,11613.57142857143,2,-242.86,-267.59,-1.25,trailing_stop
POLYCAB,camarilla,MIS,2026-07-15 12:50:00,2026-07-15 13:45:00,9415.0,9347.7,3,201.9,172.08,0.63,target_hit
SWIGGY,camarilla,MIS,2026-07-15 12:50:00,2026-07-15 13:05:00,263.04,263.5245,114,55.23,23.4,0.12,target_hit
UNITDSPR,camarilla,MIS,2026-07-15 12:50:00,2026-07-15 13:45:00,1378.9,1373.375,21,116.03,85.39,0.42,target_hit
APLAPOLLO,camarilla,MIS,2026-07-15 12:55:00,2026-07-15 13:00:00,1818.3,1818.415,16,1.84,-29.01,0.01,target_hit
ATGL,camarilla,MIS,2026-07-15 12:55:00,2026-07-15 15:15:00,714.2,715.05,42,-35.7,-67.53,-0.14,forced_close
DABUR,camarilla,MIS,2026-07-15 12:55:00,2026-07-15 15:15:00,431.65,431.15,69,34.5,2.94,0.16,forced_close
GMRAIRPORT,camarilla,MIS,2026-07-15 12:55:00,2026-07-15 13:10:00,112.53,112.357,266,46.02,14.3,0.22,target_hit
GODFRYPHLP,camarilla,MIS,2026-07-15 12:55:00,2026-07-15 15:15:00,2084.9,2084.5,14,-5.6,-36.55,-0.03,forced_close
GRASIM,camarilla,MIS,2026-07-15 12:55:00,2026-07-15 15:15:00,3092.2,3087.3,9,44.1,14.62,0.22,forced_close
HUDCO,camarilla,MIS,2026-07-15 12:55:00,2026-07-15 13:50:00,206.75,206.2165,145,77.36,45.62,0.35,target_hit
IREDA,camarilla,MIS,2026-07-15 12:55:00,2026-07-15 15:15:00,121.28,121.33,247,-12.35,-44.12,-0.07,forced_close
MUTHOOTFIN,camarilla,MIS,2026-07-15 12:55:00,2026-07-15 14:45:00,2999.3,3021.735714285714,10,-224.36,-256.31,-0.9,trailing_stop
ONGC,camarilla,MIS,2026-07-15 12:55:00,2026-07-15 15:15:00,246.6,247.2,121,-72.6,-104.29,-0.31,forced_close
PFC,camarilla,MIS,2026-07-15 12:55:00,2026-07-15 15:15:00,406.05,405.4,73,47.45,16.05,0.18,forced_close
TCS,camarilla,MIS,2026-07-15 12:55:00,2026-07-15 15:15:00,2180.0,2184.3,13,-55.9,-85.99,-0.22,forced_close
TORNTPHARM,camarilla,MIS,2026-07-15 12:55:00,2026-07-15 15:15:00,5004.9,5013.1,5,41.0,14.44,0.13,forced_close
TVSMOTOR,camarilla,MIS,2026-07-15 12:55:00,2026-07-15 15:15:00,3589.5,3606.5,8,-136.0,-166.54,-0.45,forced_close
ALKEM,camarilla,MIS,2026-07-15 13:00:00,2026-07-15 15:15:00,5674.5,5662.5,5,-60.0,-90.05,-0.3,forced_close
BSE,camarilla,MIS,2026-07-15 13:00:00,2026-07-15 15:15:00,3754.0,3757.1,7,-21.7,-49.58,-0.07,forced_close
KEI,camarilla,MIS,2026-07-15 13:00:00,2026-07-15 13:45:00,5070.0,5041.025,5,144.88,118.09,0.63,target_hit
SAIL,camarilla,MIS,2026-07-15 13:00:00,2026-07-15 13:25:00,165.2,164.69,181,92.31,60.66,0.29,target_hit
HAVELLS,camarilla,MIS,2026-07-15 13:25:00,2026-07-15 14:55:00,1178.7,1174.8149999999998,25,97.13,65.94,0.34,target_hit
MFSL,camarilla,MIS,2026-07-15 13:25:00,2026-07-15 13:30:00,1593.8,1591.5249999999999,18,40.95,10.55,0.13,target_hit
UPL,camarilla,MIS,2026-07-15 13:30:00,2026-07-15 13:35:00,598.4,599.1175,50,35.87,4.12,0.04,target_hit
COCHINSHIP,camarilla,MIS,2026-07-15 13:35:00,2026-07-15 14:30:00,1402.7,1410.27,21,158.97,127.63,0.52,target_hit
TIINDIA,camarilla,MIS,2026-07-15 13:45:00,2026-07-15 15:15:00,2953.0,2931.7,10,-213.0,-244.18,-0.54,forced_close
GODREJCP,camarilla,MIS,2026-07-15 13:50:00,2026-07-15 15:15:00,1052.6,1051.6,28,28.0,-3.24,0.1,forced_close
JINDALSTEL,camarilla,MIS,2026-07-15 14:05:00,2026-07-15 15:15:00,1047.0,1042.0,28,-140.0,-171.0,-0.48,forced_close
RADICO,camarilla,MIS,2026-07-15 14:10:00,2026-07-15 15:15:00,4084.1,4099.2,7,105.7,75.32,0.36,forced_close
BHARTIARTL,camarilla,MIS,2026-07-15 14:15:00,2026-07-15 15:15:00,1920.2,1919.0,15,18.0,-12.53,0.11,forced_close
JIOFIN,camarilla,MIS,2026-07-15 14:40:00,2026-07-15 15:15:00,237.29,236.53,126,-95.76,-127.4,-0.41,forced_close
PREMIERENE,camarilla,MIS,2026-07-15 14:55:00,2026-07-15 15:15:00,1094.1,1091.0,27,83.7,52.43,0.22,forced_close
COROMANDEL,camarilla,MIS,2026-07-15 15:00:00,2026-07-15 15:15:00,2053.6,2056.1,14,-35.0,-65.51,-0.1,forced_close
LAURUSLABS,camarilla,MIS,2026-07-15 15:00:00,2026-07-15 15:15:00,1552.2,1555.1,19,-55.1,-86.41,-0.28,forced_close
MARICO,camarilla,MIS,2026-07-15 15:00:00,2026-07-15 15:15:00,845.45,843.025,35,84.88,53.55,0.34,target_hit
MARUTI,camarilla,MIS,2026-07-15 15:00:00,2026-07-15 15:15:00,13578,13585,2,14,-14.81,0.09,forced_close
GLENMARK,camarilla,MIS,2026-07-15 15:05:00,2026-07-15 15:15:00,2293.3,2286.895,13,83.27,51.7,0.38,target_hit
HDFCBANK,camarilla,MIS,2026-07-15 15:15:00,2026-07-15 15:20:00,815.5,815.67,36,6.12,-25.02,0.03,target_hit
COLPAL,camarilla,MIS,2026-07-16 10:55:00,2026-07-16 11:00:00,2023.0,2025.605,14,36.47,6.41,0.16,target_hit
HINDUNILVR,camarilla,MIS,2026-07-16 10:55:00,2026-07-16 12:05:00,2120.2,2107.2857142857147,14,-180.8,-212.16,-0.78,trailing_stop
IRFC,camarilla,MIS,2026-07-16 10:55:00,2026-07-16 12:30:00,89.27,88.91,336,-120.96,-152.69,-0.47,trailing_stop
KOTAKBANK,camarilla,MIS,2026-07-16 10:55:00,2026-07-16 13:30:00,380.3,377.9107142857143,78,-186.36,-217.7,-0.89,trailing_stop
OIL,camarilla,MIS,2026-07-16 10:55:00,2026-07-16 11:10:00,432.55,430.71,69,126.96,95.39,0.4,target_hit
ADANIENT,camarilla,MIS,2026-07-16 11:00:00,2026-07-16 13:00:00,3177.1,3151.1142857142854,9,-233.87,-264.04,-0.65,trailing_stop
ADANIGREEN,camarilla,MIS,2026-07-16 11:00:00,2026-07-16 12:25:00,1582.9,1567.4714285714285,18,-277.71,-307.75,-0.51,trailing_stop
BANKBARODA,camarilla,MIS,2026-07-16 11:00:00,2026-07-16 13:35:00,249.35,247.5964285714286,120,-210.43,-242.02,-0.84,trailing_stop
COFORGE,camarilla,MIS,2026-07-16 11:00:00,2026-07-16 12:15:00,1550.0,1534.7142857142858,19,-290.43,-321.47,-0.64,trailing_stop
DABUR,camarilla,MIS,2026-07-16 11:00:00,2026-07-16 13:30:00,433.4,431.2035714285714,69,-151.55,-183.17,-0.65,trailing_stop
LAURUSLABS,camarilla,MIS,2026-07-16 11:00:00,2026-07-16 14:10:00,1565.7,1559.857142857143,19,-111.01,-142.49,-0.32,trailing_stop
TATACONSUM,camarilla,MIS,2026-07-16 11:00:00,2026-07-16 11:10:00,1096.1,1096.94,27,22.68,-8.72,0.08,target_hit
TCS,camarilla,MIS,2026-07-16 11:00:00,2026-07-16 11:50:00,2215.0,2220.825,13,75.72,45.14,0.2,target_hit
HEROMOTOCO,camarilla,MIS,2026-07-16 11:05:00,2026-07-16 11:20:00,4925.0,4925.7,6,4.2,-27.14,0.02,target_hit
IREDA,camarilla,MIS,2026-07-16 11:05:00,2026-07-16 12:00:00,122.05,121.06857142857143,245,-240.45,-272.01,-0.88,trailing_stop
JSWENERGY,camarilla,MIS,2026-07-16 11:05:00,2026-07-16 11:10:00,554.8,555.6474999999999,54,45.76,13.97,0.14,target_hit
GODFRYPHLP,camarilla,MIS,2026-07-16 11:10:00,2026-07-16 11:25:00,2097.2,2098.9700000000003,14,24.78,-6.37,0.07,target_hit
HYUNDAI,camarilla,MIS,2026-07-16 11:10:00,2026-07-16 12:05:00,2032.7,2037.7150000000001,14,70.21,39.99,0.18,target_hit
MARICO,camarilla,MIS,2026-07-16 11:10:00,2026-07-16 12:10:00,848.55,843.9428571428571,35,-161.25,-192.64,-0.77,trailing_stop
BAJFINANCE,camarilla,MIS,2026-07-16 11:15:00,2026-07-16 11:30:00,1037.3,1038.185,28,24.78,-6.04,0.11,target_hit
NHPC,camarilla,MIS,2026-07-16 11:15:00,2026-07-16 11:20:00,79.57,79.7115,377,53.35,21.5,0.18,target_hit
ONGC,camarilla,MIS,2026-07-16 11:15:00,2026-07-16 12:30:00,245.91,246.89571428571432,121,-119.27,-150.9,-0.62,trailing_stop
FORTIS,camarilla,MIS,2026-07-16 11:20:00,2026-07-16 11:25:00,968.1,967.295,30,24.15,-6.63,0.14,target_hit
INDIGO,camarilla,MIS,2026-07-16 11:20:00,2026-07-16 11:30:00,5209.5,5226.825,5,86.62,58.95,0.37,target_hit
POWERGRID,camarilla,MIS,2026-07-16 11:20:00,2026-07-16 12:55:00,283.5,282.31071428571425,105,-124.88,-156.36,-0.58,trailing_stop
ETERNAL,camarilla,MIS,2026-07-16 11:25:00,2026-07-16 11:35:00,290.55,287.43,103,321.36,289.83,0.86,target_hit
HINDALCO,camarilla,MIS,2026-07-16 11:25:00,2026-07-16 11:30:00,968.25,968.4499999999999,30,6.0,-24.81,0.02,target_hit
JINDALSTEL,camarilla,MIS,2026-07-16 11:25:00,2026-07-16 11:35:00,1037.7,1035.27,28,68.04,37.27,0.25,target_hit
VMM,camarilla,MIS,2026-07-16 11:25:00,2026-07-16 13:35:00,113.31,112.8565,264,119.72,88.08,0.78,target_hit
IDEA,camarilla,MIS,2026-07-16 11:30:00,2026-07-16 12:25:00,13.94,13.967,2152,58.1,26.25,0.18,target_hit
SOLARINDS,camarilla,MIS,2026-07-16 11:30:00,2026-07-16 11:45:00,18440,18533.6,1,93.6,73.99,0.4,target_hit
TRENT,camarilla,MIS,2026-07-16 11:30:00,2026-07-16 12:05:00,2878.9,2889.7,10,108.0,77.4,0.54,target_hit
ABCAPITAL,camarilla,MIS,2026-07-16 11:40:00,2026-07-16 11:50:00,401.6,400.8625,74,54.58,23.1,0.19,target_hit
BRITANNIA,camarilla,MIS,2026-07-16 11:40:00,2026-07-16 13:30:00,5340.0,5309.142857142857,5,-154.29,-182.5,-0.58,trailing_stop
PNB,camarilla,MIS,2026-07-16 11:40:00,2026-07-16 15:15:00,105.05,105.21,285,-45.6,-77.38,-0.18,forced_close
HUDCO,camarilla,MIS,2026-07-16 11:45:00,2026-07-16 12:20:00,203.0,202.41199999999998,147,86.44,54.85,0.27,target_hit
BHARTIARTL,camarilla,MIS,2026-07-16 11:50:00,2026-07-16 15:00:00,1930.3,1921.7142857142858,15,-128.79,-159.41,-0.74,trailing_stop
MAXHEALTH,camarilla,MIS,2026-07-16 11:50:00,2026-07-16 13:30:00,1111.2,1101.2357142857145,26,-259.07,-289.54,-0.78,trailing_stop
YESBANK,camarilla,MIS,2026-07-16 11:50:00,2026-07-16 12:15:00,23.69,23.765,1266,94.95,63.08,0.45,target_hit
APOLLOHOSP,camarilla,MIS,2026-07-16 11:55:00,2026-07-16 15:15:00,8899.0,8882.0,3,51.0,22.72,0.21,forced_close
TATAINVEST,camarilla,MIS,2026-07-16 11:55:00,2026-07-16 12:00:00,667.95,666.975,44,42.9,11.76,0.21,target_hit
TVSMOTOR,camarilla,MIS,2026-07-16 11:55:00,2026-07-16 12:25:00,3578.9,3574.6800000000003,8,33.76,3.42,0.14,target_hit
BEL,camarilla,MIS,2026-07-16 12:00:00,2026-07-16 13:20:00,408.75,407.705,73,76.29,44.69,0.4,target_hit
CONCOR,camarilla,MIS,2026-07-16 12:05:00,2026-07-16 12:20:00,490.25,488.4175,61,111.78,80.14,0.49,target_hit
AMBUJACEM,camarilla,MIS,2026-07-16 12:10:00,2026-07-16 12:55:00,438.05,435.7607142857143,68,-155.67,-187.16,-0.96,trailing_stop
AUROPHARMA,camarilla,MIS,2026-07-16 12:10:00,2026-07-16 13:35:00,1558.9,1551.1428571428573,19,-147.39,-178.7,-0.74,trailing_stop
AXISBANK,camarilla,MIS,2026-07-16 12:10:00,2026-07-16 14:55:00,1300.0,1309.0785714285716,23,-208.81,-240.65,-0.82,trailing_stop
BLUESTARCO,camarilla,MIS,2026-07-16 12:15:00,2026-07-16 12:30:00,1745.0,1740.205,17,81.52,50.11,0.24,target_hit
NMDC,camarilla,MIS,2026-07-16 12:15:00,2026-07-16 12:20:00,84.43,84.34,355,31.95,0.19,0.12,target_hit
HAL,camarilla,MIS,2026-07-16 12:25:00,2026-07-16 15:15:00,4450.7,4425.8,6,-149.4,-177.62,-0.74,forced_close
WAAREEENER,camarilla,MIS,2026-07-16 12:25:00,2026-07-16 13:25:00,2828.8,2805.192857142857,10,-236.07,-265.92,-1.54,trailing_stop
COROMANDEL,camarilla,MIS,2026-07-16 12:30:00,2026-07-16 14:45:00,2040.2,2024.9699999999998,14,213.22,183.07,0.82,target_hit
NAUKRI,camarilla,MIS,2026-07-16 12:30:00,2026-07-16 12:40:00,1200.35,1202.9450000000002,24,62.28,31.69,0.16,target_hit
IRCTC,camarilla,MIS,2026-07-16 12:35:00,2026-07-16 15:15:00,501.1,499.15,59,115.05,83.77,0.71,forced_close
HDFCBANK,camarilla,MIS,2026-07-16 12:40:00,2026-07-16 13:10:00,810.8,809.95,37,31.45,-0.34,0.17,target_hit
UNIONBANK,camarilla,MIS,2026-07-16 12:40:00,2026-07-16 15:15:00,169.77,168.67,176,193.6,162.04,0.63,forced_close
JUBLFOOD,camarilla,MIS,2026-07-16 12:45:00,2026-07-16 14:25:00,426.0,423.1375,70,200.38,168.88,1.08,target_hit
APLAPOLLO,camarilla,MIS,2026-07-16 12:50:00,2026-07-16 14:15:00,1808.3,1800.15,16,130.4,99.8,1.02,target_hit
IOC,camarilla,MIS,2026-07-16 12:50:00,2026-07-16 12:55:00,142.0,142.077,211,16.25,-15.54,0.07,target_hit
ASHOKLEY,camarilla,MIS,2026-07-16 12:55:00,2026-07-16 13:00:00,155.55,155.354,192,37.63,5.99,0.1,target_hit
GODREJPROP,camarilla,MIS,2026-07-16 12:55:00,2026-07-16 15:15:00,2086.9,2089.5,14,-36.4,-67.41,-0.13,forced_close
HINDZINC,camarilla,MIS,2026-07-16 12:55:00,2026-07-16 14:05:00,524.5,522.6075,57,107.87,76.24,0.52,target_hit
SHRIRAMFIN,camarilla,MIS,2026-07-16 12:55:00,2026-07-16 13:35:00,1024.1,1020.7099999999999,29,98.31,66.88,0.51,target_hit
ALKEM,camarilla,MIS,2026-07-16 13:00:00,2026-07-16 14:45:00,5697.5,5731.875,5,171.88,141.56,0.89,target_hit
INDIANB,camarilla,MIS,2026-07-16 13:05:00,2026-07-16 15:15:00,824.3,820.05,36,153.0,121.63,0.57,forced_close
VEDL,camarilla,MIS,2026-07-16 13:05:00,2026-07-16 15:10:00,257.25,257.8142857142857,116,-65.46,-97.14,-0.24,trailing_stop
MOTILALOFS,camarilla,MIS,2026-07-16 13:10:00,2026-07-16 13:25:00,957.8,956.2025,31,49.52,18.07,0.16,target_hit
BANKINDIA,camarilla,MIS,2026-07-16 13:20:00,2026-07-16 15:15:00,143.57,143.44,208,27.04,-4.61,0.11,forced_close
BDL,camarilla,MIS,2026-07-16 13:20:00,2026-07-16 13:45:00,1259.7,1255.03,23,107.41,76.75,0.52,target_hit
ICICIBANK,camarilla,MIS,2026-07-16 13:20:00,2026-07-16 14:50:00,1409.9,1416.4142857142858,21,-136.8,-168.29,-0.69,trailing_stop
HAVELLS,camarilla,MIS,2026-07-16 13:25:00,2026-07-16 13:55:00,1168.9,1179.1,25,-255.0,-286.15,-1.02,trailing_stop
AUBANK,camarilla,MIS,2026-07-16 13:30:00,2026-07-16 13:35:00,1032.0,1031.9099999999999,29,2.61,-29.13,0.01,target_hit
BAJAJFINSV,camarilla,MIS,2026-07-16 13:30:00,2026-07-16 15:15:00,1835.6,1838.0,16,-38.4,-69.57,-0.19,forced_close
GRASIM,camarilla,MIS,2026-07-16 13:30:00,2026-07-16 15:15:00,3066.3,3072.4,9,-54.9,-84.2,-0.3,forced_close
JIOFIN,camarilla,MIS,2026-07-16 13:30:00,2026-07-16 15:15:00,235.2,235.52,127,-40.64,-72.34,-0.21,forced_close
SUZLON,camarilla,MIS,2026-07-16 13:30:00,2026-07-16 15:15:00,52.05,51.96,576,51.84,20.08,0.3,forced_close
TATACOMM,camarilla,MIS,2026-07-16 13:30:00,2026-07-16 15:10:00,1842.3,1834.305,16,127.92,96.74,0.5,target_hit
TATAPOWER,camarilla,MIS,2026-07-16 13:30:00,2026-07-16 15:15:00,378.75,376.85,79,150.1,118.47,0.76,forced_close
CGPOWER,camarilla,MIS,2026-07-16 13:35:00,2026-07-16 15:15:00,922.6,920.8,32,57.6,26.33,0.19,forced_close
ENRIN,camarilla,MIS,2026-07-16 13:35:00,2026-07-16 13:40:00,3436.0,3435.855,8,1.16,-27.99,0.0,target_hit
GLENMARK,camarilla,MIS,2026-07-16 13:35:00,2026-07-16 15:15:00,2284.0,2287.2,13,-41.6,-73.11,-0.26,forced_close
TMPV,camarilla,MIS,2026-07-16 13:35:00,2026-07-16 15:15:00,331.65,331.85,90,-18.0,-49.66,-0.08,forced_close
CANBK,camarilla,MIS,2026-07-16 13:40:00,2026-07-16 15:15:00,125.44,125.93,239,-117.11,-148.98,-0.54,forced_close
CIPLA,camarilla,MIS,2026-07-16 13:40:00,2026-07-16 15:15:00,1431.5,1430.0,20,30.0,-0.34,0.23,forced_close
CHOLAFIN,camarilla,MIS,2026-07-16 13:45:00,2026-07-16 15:15:00,1789.1,1788.3,16,12.8,-17.55,0.07,forced_close
NYKAA,camarilla,MIS,2026-07-16 13:50:00,2026-07-16 14:55:00,326.15,324.45250000000004,91,154.47,123.1,0.75,target_hit
UNITDSPR,camarilla,MIS,2026-07-16 13:50:00,2026-07-16 13:55:00,1386.5,1386.8200000000002,21,6.72,-24.16,0.02,target_hit
POLYCAB,camarilla,MIS,2026-07-16 14:10:00,2026-07-16 14:20:00,9166.0,9137.225,3,86.32,57.22,0.08,target_hit
SBICARD,camarilla,MIS,2026-07-16 14:10:00,2026-07-16 15:15:00,646.35,644.8,46,-71.3,-102.78,-0.24,forced_close
FEDERALBNK,camarilla,MIS,2026-07-16 14:15:00,2026-07-16 14:25:00,326.0,324.745,92,115.46,83.73,0.58,target_hit
M&MFIN,camarilla,MIS,2026-07-16 14:15:00,2026-07-16 15:15:00,320.95,321.9,93,-88.35,-120.06,-0.29,forced_close
OBEROIRLTY,camarilla,MIS,2026-07-16 14:15:00,2026-07-16 15:05:00,1872.3,1858.99,16,212.96,181.33,0.95,target_hit
PFC,camarilla,MIS,2026-07-16 14:15:00,2026-07-16 15:00:00,401.9,401.13999999999993,74,56.24,24.74,0.28,target_hit
BHEL,camarilla,MIS,2026-07-16 14:25:00,2026-07-16 15:15:00,411.35,437.5,72,-1882.8,-1915.41,-1.26,forced_close
NESTLEIND,camarilla,MIS,2026-07-16 14:25:00,2026-07-16 15:15:00,1418.0,1423.8,21,-121.8,-153.46,-0.77,forced_close
DLF,camarilla,MIS,2026-07-16 14:30:00,2026-07-16 15:15:00,650.45,647.85,46,119.6,87.95,0.49,forced_close
RECLTD,camarilla,MIS,2026-07-16 14:30:00,2026-07-16 15:15:00,350.0,349.6,85,34.0,2.47,0.17,forced_close
COCHINSHIP,camarilla,MIS,2026-07-16 14:35:00,2026-07-16 15:15:00,1403.2,1407.0,21,-79.8,-111.1,-0.37,forced_close
MAZDOCK,camarilla,MIS,2026-07-16 14:35:00,2026-07-16 15:15:00,2355.1,2361.6,12,-78.0,-108.02,-0.38,forced_close
TIINDIA,camarilla,MIS,2026-07-16 14:35:00,2026-07-16 15:15:00,2921.8,2934.0,10,-122.0,-153.06,-0.51,forced_close
ATGL,camarilla,MIS,2026-07-16 14:40:00,2026-07-16 15:05:00,710.4,705.9399999999999,42,187.32,155.8,0.59,target_hit
SAIL,camarilla,MIS,2026-07-16 14:40:00,2026-07-16 15:15:00,163.22,163.86,183,-117.12,-148.87,-0.45,forced_close
DRREDDY,camarilla,MIS,2026-07-16 14:45:00,2026-07-16 15:15:00,1222.6,1225.2,24,-62.4,-93.56,-0.31,forced_close
ADANIPORTS,camarilla,MIS,2026-07-16 15:00:00,2026-07-16 15:15:00,1823.0,1827.7,16,-75.2,-106.18,-0.38,forced_close
LTF,camarilla,MIS,2026-07-16 15:00:00,2026-07-16 15:15:00,309.65,309.6,96,4.8,-26.72,0.02,forced_close
NTPC,camarilla,MIS,2026-07-16 15:00:00,2026-07-16 15:15:00,342.5,342.45,87,4.35,-27.25,0.02,forced_close
PIDILITIND,camarilla,MIS,2026-07-16 15:05:00,2026-07-16 15:15:00,1558.4,1559.9,19,-28.5,-59.92,-0.14,forced_close
TORNTPHARM,camarilla,MIS,2026-07-16 15:05:00,2026-07-16 15:10:00,5077.9,5081.215,5,16.58,-10.36,0.02,target_hit
GAIL,camarilla,MIS,2026-07-16 15:10:00,2026-07-16 15:15:00,171.75,171.25,174,87.0,55.36,0.37,forced_close
PREMIERENE,camarilla,MIS,2026-07-16 15:10:00,2026-07-16 15:15:00,1102.9,1103.625,27,19.57,-12.02,0.06,target_hit
VBL,camarilla,MIS,2026-07-16 15:10:00,2026-07-16 15:15:00,466.9,467.7,64,51.2,19.48,0.12,forced_close
KEI,camarilla,MIS,2026-07-16 15:15:00,2026-07-16 15:20:00,5027.5,5063.5,5,-180.0,-206.77,-0.37,forced_close
MUTHOOTFIN,camarilla,MIS,2026-07-16 15:15:00,2026-07-16 15:20:00,2992.6,2994.7,10,-21.0,-52.75,-0.07,forced_close
EXIDEIND,camarilla,MIS,2026-07-16 15:20:00,2026-07-16 15:25:00,421.6,421.6,71,0.0,-31.74,0.0,forced_close
GODREJCP,camarilla,MIS,2026-07-16 15:25:00,2026-07-16 15:25:00,1059.9,1059.9,28,0.0,-31.47,0.0,eod_data_end
LICHSGFIN,camarilla,MIS,2026-07-16 15:25:00,2026-07-16 15:25:00,545.3,545.3,55,-0.0,-31.8,-0.0,eod_data_end
BIOCON,camarilla,MIS,2026-07-17 10:55:00,2026-07-17 11:30:00,433.7,433.4675,69,16.04,-15.68,0.04,target_hit
CANBK,camarilla,MIS,2026-07-17 10:55:00,2026-07-17 11:35:00,125.29,124.888,239,96.08,64.39,0.28,target_hit
DMART,camarilla,MIS,2026-07-17 10:55:00,2026-07-17 12:05:00,3976.2,3943.3285714285716,7,-230.1,-259.47,-0.8,trailing_stop
HYUNDAI,camarilla,MIS,2026-07-17 10:55:00,2026-07-17 12:35:00,2000.3,1981.715,14,260.19,230.66,0.63,target_hit
MFSL,camarilla,MIS,2026-07-17 10:55:00,2026-07-17 11:10:00,1550.7,1548.9750000000001,19,32.77,1.55,0.08,target_hit
RECLTD,camarilla,MIS,2026-07-17 10:55:00,2026-07-17 12:10:00,352.4,353.23,85,70.55,38.74,0.2,target_hit
GMRAIRPORT,camarilla,MIS,2026-07-17 11:00:00,2026-07-17 15:15:00,110.7,110.5,271,54.2,22.42,0.14,forced_close
GVT&D,camarilla,MIS,2026-07-17 11:00:00,2026-07-17 11:20:00,4493.8,4469.700000000001,6,144.6,116.1,0.49,target_hit
SAIL,camarilla,MIS,2026-07-17 11:00:00,2026-07-17 11:30:00,162.09,161.749,185,63.09,31.33,0.18,target_hit
BHARTIARTL,camarilla,MIS,2026-07-17 11:05:00,2026-07-17 11:10:00,1915.0,1911.35,15,54.75,24.32,0.29,target_hit
ENRIN,camarilla,MIS,2026-07-17 11:05:00,2026-07-17 11:50:00,3458.7,3407.9999999999995,8,-405.6,-434.68,-0.83,trailing_stop
GODREJCP,camarilla,MIS,2026-07-17 11:05:00,2026-07-17 12:00:00,1064.7,1057.892857142857,28,-190.6,-222.09,-0.84,trailing_stop
IDEA,camarilla,MIS,2026-07-17 11:05:00,2026-07-17 12:10:00,13.98,13.815,2145,-353.93,-385.5,-0.81,trailing_stop
PERSISTENT,camarilla,MIS,2026-07-17 11:05:00,2026-07-17 11:45:00,5131.7,5147.3,5,78.0,50.74,0.2,target_hit
PRESTIGE,camarilla,MIS,2026-07-17 11:05:00,2026-07-17 13:15:00,1662.5,1675.69,18,237.42,205.53,0.39,target_hit
CGPOWER,camarilla,MIS,2026-07-17 11:10:00,2026-07-17 14:15:00,908.65,902.205,33,212.68,181.02,0.71,target_hit
COCHINSHIP,camarilla,MIS,2026-07-17 11:15:00,2026-07-17 11:20:00,1395.8,1395.79,21,0.21,-30.87,0.0,target_hit
POWERGRID,camarilla,MIS,2026-07-17 11:15:00,2026-07-17 11:50:00,282.9,283.16999999999996,106,28.62,-3.2,0.1,target_hit
SUNPHARMA,camarilla,MIS,2026-07-17 11:15:00,2026-07-17 11:20:00,1945.4,1942.0149999999999,15,50.78,19.86,0.23,target_hit
TATASTEEL,camarilla,MIS,2026-07-17 11:15:00,2026-07-17 12:10:00,184.93,184.478,162,73.22,41.5,0.33,target_hit
HEROMOTOCO,camarilla,MIS,2026-07-17 11:20:00,2026-07-17 12:55:00,4880.6,4910.607142857143,6,-180.04,-211.21,-0.67,trailing_stop
LT,camarilla,MIS,2026-07-17 11:20:00,2026-07-17 11:25:00,3790.3,3797.435,7,49.94,21.78,0.22,target_hit
DIVISLAB,camarilla,MIS,2026-07-17 11:25:00,2026-07-17 11:50:00,7276.0,7252.2,4,95.2,64.4,0.42,target_hit
HINDZINC,camarilla,MIS,2026-07-17 11:25:00,2026-07-17 11:30:00,516.95,516.5600000000001,58,22.62,-9.16,0.08,target_hit
PIIND,camarilla,MIS,2026-07-17 11:25:00,2026-07-17 15:15:00,2622.0,2621.8,11,2.2,-28.38,0.01,forced_close
TATACONSUM,camarilla,MIS,2026-07-17 11:25:00,2026-07-17 12:00:00,1079.7,1078.435,27,34.16,3.26,0.18,target_hit
JINDALSTEL,camarilla,MIS,2026-07-17 11:30:00,2026-07-17 15:15:00,1021.7,1022.9,29,-34.8,-66.24,-0.11,forced_close
NMDC,camarilla,MIS,2026-07-17 11:30:00,2026-07-17 11:50:00,83.33,83.288,360,15.12,-16.68,0.06,target_hit
COALINDIA,camarilla,MIS,2026-07-17 11:35:00,2026-07-17 11:45:00,425.2,424.7925,70,28.52,-3.02,0.09,target_hit
LICHSGFIN,camarilla,MIS,2026-07-17 11:35:00,2026-07-17 13:00:00,543.95,547.7357142857143,55,-208.21,-240.07,-1.05,trailing_stop
LTM,camarilla,MIS,2026-07-17 11:35:00,2026-07-17 11:45:00,4103.0,4117.5,7,101.5,70.98,0.22,target_hit
MARICO,camarilla,MIS,2026-07-17 11:35:00,2026-07-17 11:40:00,832.9,832.7225,36,6.39,-25.4,0.03,target_hit
ULTRACEMCO,camarilla,MIS,2026-07-17 11:35:00,2026-07-17 14:10:00,11483,11444.7,2,76.6,52.29,0.42,target_hit
UPL,camarilla,MIS,2026-07-17 11:35:00,2026-07-17 13:00:00,611.25,615.7285714285714,49,-219.45,-251.35,-0.62,trailing_stop
BAJAJHLDNG,camarilla,MIS,2026-07-17 11:40:00,2026-07-17 12:25:00,10492,10397.857142857143,2,-188.29,-210.42,-1.13,trailing_stop
SWIGGY,camarilla,MIS,2026-07-17 11:40:00,2026-07-17 13:00:00,276.69,279.835,108,339.66,307.75,0.56,target_hit
HAVELLS,camarilla,MIS,2026-07-17 11:45:00,2026-07-17 11:50:00,1181.4,1183.25,25,46.25,14.9,0.18,target_hit
RADICO,camarilla,MIS,2026-07-17 11:45:00,2026-07-17 12:10:00,4128.4,4092.114285714286,7,-254.0,-284.48,-1.0,trailing_stop
TIINDIA,camarilla,MIS,2026-07-17 11:45:00,2026-07-17 15:15:00,2901.3,2889.2,10,121.0,90.31,0.56,forced_close
SBICARD,camarilla,MIS,2026-07-17 11:50:00,2026-07-17 14:25:00,650.45,655.545,46,234.37,202.49,0.67,target_hit
SHRIRAMFIN,camarilla,MIS,2026-07-17 11:50:00,2026-07-17 14:15:00,1030.0,1035.345,29,155.01,123.23,0.45,target_hit
BANKINDIA,camarilla,MIS,2026-07-17 11:55:00,2026-07-17 14:15:00,142.19,143.0914285714286,210,-189.3,-221.09,-0.6,trailing_stop
CHOLAFIN,camarilla,MIS,2026-07-17 11:55:00,2026-07-17 12:00:00,1803.3,1804.665,16,21.84,-8.77,0.1,target_hit
RVNL,camarilla,MIS,2026-07-17 11:55:00,2026-07-17 14:15:00,224.94,227.1942857142857,133,-299.82,-331.74,-1.0,trailing_stop
INDUSTOWER,camarilla,MIS,2026-07-17 12:00:00,2026-07-17 14:30:00,402.3,404.3928571428571,74,-154.87,-186.54,-0.58,trailing_stop
MCX,camarilla,MIS,2026-07-17 12:00:00,2026-07-17 12:15:00,2768.3,2764.2400000000002,10,40.6,11.27,0.15,target_hit
OIL,camarilla,MIS,2026-07-17 12:00:00,2026-07-17 13:30:00,432.3,434.34499999999997,69,141.1,109.38,0.56,target_hit
PFC,camarilla,MIS,2026-07-17 12:00:00,2026-07-17 12:20:00,404.7,405.64000000000004,74,69.56,37.76,0.23,target_hit
ADANIPOWER,camarilla,MIS,2026-07-17 12:05:00,2026-07-17 13:50:00,214.42,213.226,139,165.97,134.47,0.79,target_hit
GRASIM,camarilla,MIS,2026-07-17 12:05:00,2026-07-17 14:15:00,3087.0,3097.65,9,95.85,66.33,0.43,target_hit
ADANIGREEN,camarilla,MIS,2026-07-17 12:10:00,2026-07-17 14:25:00,1528.8,1518.895,19,188.19,157.51,0.93,target_hit
NYKAA,camarilla,MIS,2026-07-17 12:10:00,2026-07-17 13:40:00,322.75,320.75250000000005,92,183.77,152.4,0.59,target_hit
GODFRYPHLP,camarilla,MIS,2026-07-17 12:15:00,2026-07-17 13:15:00,2106.9,2123.4285714285716,14,-231.4,-262.83,-0.99,trailing_stop
PAYTM,camarilla,MIS,2026-07-17 12:15:00,2026-07-17 14:55:00,1332.7,1352.1999999999998,22,-429.0,-460.37,-1.17,trailing_stop
PNB,camarilla,MIS,2026-07-17 12:15:00,2026-07-17 15:15:00,104.83,105.65,286,-234.52,-266.46,-1.38,forced_close
ABCAPITAL,camarilla,MIS,2026-07-17 12:20:00,2026-07-17 15:15:00,401.75,401.25,74,-37.0,-68.5,-0.14,forced_close
ADANIPORTS,camarilla,MIS,2026-07-17 12:20:00,2026-07-17 15:15:00,1838.2,1836.0,16,-35.2,-66.37,-0.12,forced_close
INDIANB,camarilla,MIS,2026-07-17 12:20:00,2026-07-17 14:15:00,826.4,832.55,36,221.4,189.71,0.81,target_hit
MAZDOCK,camarilla,MIS,2026-07-17 12:20:00,2026-07-17 13:55:00,2347.0,2344.25,12,33.0,3.15,0.23,target_hit
VOLTAS,camarilla,MIS,2026-07-17 12:20:00,2026-07-17 14:15:00,1362.1,1355.365,22,148.17,116.49,0.82,target_hit
MPHASIS,camarilla,MIS,2026-07-17 12:25:00,2026-07-17 12:30:00,2374.4,2377.575,12,38.1,7.86,0.13,target_hit
HDFCAMC,camarilla,MIS,2026-07-17 12:30:00,2026-07-17 15:15:00,2651.2,2650.1,11,-12.1,-43.02,-0.05,forced_close
TATAELXSI,camarilla,MIS,2026-07-17 12:30:00,2026-07-17 12:35:00,3493.9,3491.7650000000003,8,17.08,-12.55,0.1,target_hit
UNIONBANK,camarilla,MIS,2026-07-17 12:30:00,2026-07-17 13:40:00,166.61,168.11499999999998,180,-270.9,-302.88,-0.95,trailing_stop
COLPAL,camarilla,MIS,2026-07-17 12:35:00,2026-07-17 12:40:00,2016.2,2018.425,14,31.15,1.2,0.11,target_hit
BPCL,camarilla,MIS,2026-07-17 12:45:00,2026-07-17 15:15:00,314.25,315.35,95,104.5,72.77,0.4,forced_close
ITC,camarilla,MIS,2026-07-17 12:45:00,2026-07-17 14:15:00,281.1,281.7975,106,73.93,42.29,0.3,target_hit
PIDILITIND,camarilla,MIS,2026-07-17 12:45:00,2026-07-17 15:15:00,1568.5,1565.3,19,-60.8,-92.36,-0.23,forced_close
MOTHERSON,camarilla,MIS,2026-07-17 12:55:00,2026-07-17 14:15:00,145.06,145.5145,206,93.63,61.88,0.34,target_hit
WAAREEENER,camarilla,MIS,2026-07-17 13:00:00,2026-07-17 14:35:00,2816.1,2839.5214285714287,10,-234.21,-264.23,-1.23,trailing_stop
BANKBARODA,camarilla,MIS,2026-07-17 13:05:00,2026-07-17 13:20:00,247.1,246.8975,121,24.5,-7.19,0.13,target_hit
BEL,camarilla,MIS,2026-07-17 13:05:00,2026-07-17 15:15:00,409.0,409.2,73,14.6,-17.07,0.11,forced_close
TMPV,camarilla,MIS,2026-07-17 13:05:00,2026-07-17 14:15:00,335.05,336.145,89,97.45,65.77,0.32,target_hit
MOTILALOFS,camarilla,MIS,2026-07-17 13:10:00,2026-07-17 13:30:00,965.75,967.3025,31,48.13,16.35,0.19,target_hit
OBEROIRLTY,camarilla,MIS,2026-07-17 13:10:00,2026-07-17 13:15:00,1883.3,1883.365,15,0.98,-28.98,0.0,target_hit
INDHOTEL,camarilla,MIS,2026-07-17 13:25:00,2026-07-17 15:15:00,727.25,727.6,41,-14.35,-45.98,-0.05,forced_close
M&MFIN,camarilla,MIS,2026-07-17 13:25:00,2026-07-17 14:15:00,323.8,325.6725,92,172.27,140.57,0.52,target_hit
LODHA,camarilla,MIS,2026-07-17 13:30:00,2026-07-17 15:15:00,1191.2,1188.05,25,-78.75,-110.28,-0.32,forced_close
OFSS,camarilla,MIS,2026-07-17 13:40:00,2026-07-17 14:35:00,11778.0,11785.5,2,15.0,-9.99,0.06,target_hit
PHOENIXLTD,camarilla,MIS,2026-07-17 13:40:00,2026-07-17 15:15:00,2066.4,2073.8,14,-103.6,-134.34,-0.49,forced_close
TATAINVEST,camarilla,MIS,2026-07-17 13:40:00,2026-07-17 15:15:00,661.0,662.0,45,-45.0,-76.57,-0.26,forced_close
NTPC,camarilla,MIS,2026-07-17 13:45:00,2026-07-17 15:15:00,341.3,341.7,87,-34.8,-66.31,-0.15,forced_close
IDFCFIRSTB,camarilla,MIS,2026-07-17 13:50:00,2026-07-17 13:55:00,79.05,79.005,379,17.06,-14.71,0.08,target_hit
COFORGE,camarilla,MIS,2026-07-17 13:55:00,2026-07-17 14:00:00,1516.0,1514.145,19,35.25,4.72,0.12,target_hit
SUZLON,camarilla,MIS,2026-07-17 13:55:00,2026-07-17 14:00:00,51.55,51.5245,581,14.82,-16.94,0.06,target_hit
BHEL,camarilla,MIS,2026-07-17 14:05:00,2026-07-17 15:15:00,422.35,421.3,71,74.55,42.8,0.15,forced_close
PATANJALI,camarilla,MIS,2026-07-17 14:05:00,2026-07-17 15:05:00,342.8,338.5875,87,366.49,335.1,1.48,target_hit
ASIANPAINT,camarilla,MIS,2026-07-17 14:15:00,2026-07-17 15:00:00,2688.4,2692.85,11,48.95,17.56,0.26,target_hit
IRCTC,camarilla,MIS,2026-07-17 14:15:00,2026-07-17 15:00:00,503.55,506.1975,59,156.2,124.6,0.61,target_hit
IREDA,camarilla,MIS,2026-07-17 14:15:00,2026-07-17 14:55:00,121.28,121.71,247,106.21,74.37,0.35,target_hit
NHPC,camarilla,MIS,2026-07-17 14:15:00,2026-07-17 15:15:00,79.4,79.22,377,-67.86,-99.56,-0.51,forced_close
AMBUJACEM,camarilla,MIS,2026-07-17 14:25:00,2026-07-17 14:30:00,436.1,437.89000000000004,68,121.72,90.19,0.34,target_hit
MAXHEALTH,camarilla,MIS,2026-07-17 14:30:00,2026-07-17 14:35:00,1088.8,1088.795,27,0.13,-31.04,0.0,target_hit
TRENT,camarilla,MIS,2026-07-17 14:35:00,2026-07-17 15:15:00,2840.1,2841.5,10,-14.0,-44.13,-0.05,forced_close
KPITTECH,camarilla,MIS,2026-07-17 14:55:00,2026-07-17 15:15:00,555.0,553.9,54,-59.4,-91.14,-0.18,forced_close
ONGC,camarilla,MIS,2026-07-17 15:05:00,2026-07-17 15:15:00,247.41,247.35,121,-7.26,-39.0,-0.05,forced_close
CONCOR,camarilla,MIS,2026-07-17 15:10:00,2026-07-17 15:15:00,487.4,487.15,61,15.25,-16.27,0.06,forced_close
DIXON,camarilla,MIS,2026-07-17 15:15:00,2026-07-17 15:20:00,14298,14280,2,36,5.7,0.09,forced_close
DABUR,camarilla,MIS,2026-07-20 10:55:00,2026-07-20 11:00:00,430.4,430.66499999999996,69,18.28,-13.22,0.07,target_hit
HCLTECH,camarilla,MIS,2026-07-20 10:55:00,2026-07-20 13:30:00,1212.6,1219.1350000000002,24,156.84,125.88,0.63,target_hit
KPITTECH,camarilla,MIS,2026-07-20 10:55:00,2026-07-20 11:25:00,559.25,560.0725,53,43.59,12.13,0.12,target_hit
MARICO,camarilla,MIS,2026-07-20 10:55:00,2026-07-20 13:00:00,850.7,856.6775,35,209.21,177.5,0.75,target_hit
VMM,camarilla,MIS,2026-07-20 10:55:00,2026-07-20 11:20:00,111.79,112.42549999999999,268,170.31,138.43,0.38,target_hit
BAJFINANCE,camarilla,MIS,2026-07-20 11:00:00,2026-07-20 11:10:00,1047.1,1044.8049999999998,28,64.26,33.21,0.14,target_hit
DLF,camarilla,MIS,2026-07-20 11:00:00,2026-07-20 13:10:00,656.55,659.8107142857143,45,-146.73,-178.16,-0.37,trailing_stop
LUPIN,camarilla,MIS,2026-07-20 11:00:00,2026-07-20 12:10:00,2465.1,2477.08,12,143.76,112.3,0.61,target_hit
SBILIFE,camarilla,MIS,2026-07-20 11:00:00,2026-07-20 11:15:00,1819.3,1813.7250000000001,16,89.2,58.39,0.43,target_hit
DMART,camarilla,MIS,2026-07-20 11:05:00,2026-07-20 11:15:00,3973.1,3985.725,7,88.38,58.83,0.42,target_hit
NAUKRI,camarilla,MIS,2026-07-20 11:05:00,2026-07-20 14:00:00,1201.2,1195.3285714285716,24,-140.91,-171.4,-0.36,trailing_stop
BEL,camarilla,MIS,2026-07-20 11:10:00,2026-07-20 15:15:00,407.4,408.05,73,-47.45,-79.02,-0.26,forced_close
HUDCO,camarilla,MIS,2026-07-20 11:10:00,2026-07-20 11:30:00,201.72,201.2305,148,72.45,40.83,0.35,target_hit
RECLTD,camarilla,MIS,2026-07-20 11:10:00,2026-07-20 12:10:00,359.65,360.38000000000005,83,60.59,28.9,0.12,target_hit
LAURUSLABS,camarilla,MIS,2026-07-20 11:15:00,2026-07-20 11:40:00,1542.0,1552.1299999999999,19,192.47,161.28,0.58,target_hit
TORNTPHARM,camarilla,MIS,2026-07-20 11:15:00,2026-07-20 11:35:00,4880.5,4893.79,6,79.74,48.64,0.22,target_hit
BAJAJHLDNG,camarilla,MIS,2026-07-20 11:20:00,2026-07-20 12:50:00,10330,10294.6,2,70.8,48.94,0.37,target_hit
BDL,camarilla,MIS,2026-07-20 11:20:00,2026-07-20 12:45:00,1261.7,1250.7357142857145,23,-252.18,-282.79,-0.86,trailing_stop
INDUSINDBK,camarilla,MIS,2026-07-20 11:20:00,2026-07-20 13:50:00,1020.5,1029.3107142857143,29,-255.51,-287.06,-1.05,trailing_stop
CUMMINSIND,camarilla,MIS,2026-07-20 11:25:00,2026-07-20 15:15:00,5511.5,5505.5,5,-30.0,-59.2,-0.14,forced_close
IDEA,camarilla,MIS,2026-07-20 11:25:00,2026-07-20 12:35:00,13.63,13.5805,2201,108.95,77.21,0.26,target_hit
UPL,camarilla,MIS,2026-07-20 11:25:00,2026-07-20 11:30:00,608.5,608.2125,49,14.09,-17.52,0.05,target_hit
BRITANNIA,camarilla,MIS,2026-07-20 11:30:00,2026-07-20 12:50:00,5451.0,5477.95,5,134.75,105.76,0.5,target_hit
TATAINVEST,camarilla,MIS,2026-07-20 11:30:00,2026-07-20 11:45:00,659.9,658.0925,45,81.34,49.9,0.56,target_hit
ABB,camarilla,MIS,2026-07-20 11:35:00,2026-07-20 13:45:00,7442.0,7482.0,4,-160.0,-191.67,-0.52,trailing_stop
HAL,camarilla,MIS,2026-07-20 11:35:00,2026-07-20 13:15:00,4470.1,4482.678571428572,6,-75.47,-103.96,-0.36,trailing_stop
ABCAPITAL,camarilla,MIS,2026-07-20 11:40:00,2026-07-20 12:05:00,398.4,397.5625,75,62.81,31.17,0.26,target_hit
MOTILALOFS,camarilla,MIS,2026-07-20 11:40:00,2026-07-20 12:45:00,958.3,953.7900000000001,31,139.81,108.4,0.5,target_hit
SUNPHARMA,camarilla,MIS,2026-07-20 11:40:00,2026-07-20 12:10:00,1944.8,1949.1549999999997,15,65.32,34.35,0.28,target_hit
GVT&D,camarilla,MIS,2026-07-20 11:45:00,2026-07-20 15:15:00,4456.2,4438.4,6,-106.8,-135.09,-0.28,forced_close
INDHOTEL,camarilla,MIS,2026-07-20 11:45:00,2026-07-20 15:10:00,722.25,725.0607142857143,41,-115.24,-146.72,-0.71,trailing_stop
JUBLFOOD,camarilla,MIS,2026-07-20 11:45:00,2026-07-20 13:25:00,420.0,422.0725,71,147.15,115.43,0.82,target_hit
MUTHOOTFIN,camarilla,MIS,2026-07-20 11:45:00,2026-07-20 13:15:00,2967.9,2995.885714285714,10,-279.86,-311.51,-0.68,trailing_stop
IOC,camarilla,MIS,2026-07-20 11:50:00,2026-07-20 13:20:00,140.97,141.88500000000002,212,-193.98,-225.8,-0.79,trailing_stop
JIOFIN,camarilla,MIS,2026-07-20 11:50:00,2026-07-20 11:55:00,238.65,238.6075,125,5.31,-26.32,0.02,target_hit
SHREECEM,camarilla,MIS,2026-07-20 11:50:00,2026-07-20 12:55:00,26735,26842.25,1,107.25,78.83,0.85,target_hit
SWIGGY,camarilla,MIS,2026-07-20 11:50:00,2026-07-20 14:25:00,271.75,273.23928571428564,110,-163.82,-195.63,-0.42,trailing_stop
TCS,camarilla,MIS,2026-07-20 11:50:00,2026-07-20 15:15:00,2249.1,2250.6,13,-19.5,-50.52,-0.08,forced_close
EICHERMOT,camarilla,MIS,2026-07-20 11:55:00,2026-07-20 12:40:00,7501.5,7494.75,3,20.25,-3.6,0.09,target_hit
GODREJCP,camarilla,MIS,2026-07-20 11:55:00,2026-07-20 12:45:00,1060.5,1058.535,28,55.02,23.57,0.23,target_hit
INDUSTOWER,camarilla,MIS,2026-07-20 11:55:00,2026-07-20 14:35:00,406.15,403.03571428571433,73,-227.34,-258.64,-0.84,trailing_stop
GODFRYPHLP,camarilla,MIS,2026-07-20 12:00:00,2026-07-20 13:15:00,2128.9,2130.8,14,26.6,-5.02,0.06,target_hit
HDFCAMC,camarilla,MIS,2026-07-20 12:00:00,2026-07-20 13:55:00,2619.5,2637.235714285714,11,-195.09,-225.77,-0.82,trailing_stop
HINDALCO,camarilla,MIS,2026-07-20 12:00:00,2026-07-20 13:50:00,950.55,954.93,31,135.78,104.44,0.64,target_hit
PIDILITIND,camarilla,MIS,2026-07-20 12:00:00,2026-07-20 14:45:00,1558.1,1564.5857142857144,19,-123.23,-154.7,-0.61,trailing_stop
PRESTIGE,camarilla,MIS,2026-07-20 12:00:00,2026-07-20 14:50:00,1669.2,1672.6785714285713,17,-59.14,-89.27,-0.2,trailing_stop
HEROMOTOCO,camarilla,MIS,2026-07-20 12:05:00,2026-07-20 13:30:00,4931.4,4939.655,6,49.53,18.12,0.19,target_hit
HYUNDAI,camarilla,MIS,2026-07-20 12:05:00,2026-07-20 15:15:00,1978.5,1972.5,15,90.0,58.59,0.38,forced_close
BSE,camarilla,MIS,2026-07-20 12:10:00,2026-07-20 12:15:00,3631.2,3645.875,8,117.4,86.52,0.35,target_hit
GMRAIRPORT,camarilla,MIS,2026-07-20 12:10:00,2026-07-20 13:20:00,111.27,111.519,269,66.98,35.2,0.38,target_hit
IRCTC,camarilla,MIS,2026-07-20 12:10:00,2026-07-20 13:10:00,502.5,505.1428571428571,59,-155.93,-187.47,-1.05,trailing_stop
MAXHEALTH,camarilla,MIS,2026-07-20 12:10:00,2026-07-20 12:50:00,1098.0,1101.0100000000002,27,81.27,49.78,0.32,target_hit
POLICYBZR,camarilla,MIS,2026-07-20 12:10:00,2026-07-20 15:15:00,1589.0,1583.8,18,-93.6,-123.87,-0.23,forced_close
SBICARD,camarilla,MIS,2026-07-20 12:10:00,2026-07-20 15:05:00,648.4,643.2875,46,235.17,203.7,0.89,target_hit
DRREDDY,camarilla,MIS,2026-07-20 12:15:00,2026-07-20 13:05:00,1222.8,1226.9850000000001,24,100.44,69.25,0.45,target_hit
GLENMARK,camarilla,MIS,2026-07-20 12:15:00,2026-07-20 14:30:00,2252.6,2238.75,13,-180.05,-210.99,-0.68,trailing_stop
GRASIM,camarilla,MIS,2026-07-20 12:15:00,2026-07-20 14:20:00,3124.5,3138.6299999999997,9,127.17,97.27,0.47,target_hit
IDFCFIRSTB,camarilla,MIS,2026-07-20 12:20:00,2026-07-20 12:30:00,81.23,81.461,369,85.24,53.4,0.2,target_hit
CGPOWER,camarilla,MIS,2026-07-20 12:25:00,2026-07-20 15:15:00,912.9,912.5,32,-12.8,-43.77,-0.05,forced_close
M&M,camarilla,MIS,2026-07-20 12:30:00,2026-07-20 15:15:00,3158.2,3168.0,9,-88.2,-118.4,-0.39,forced_close
ASIANPAINT,camarilla,MIS,2026-07-20 12:40:00,2026-07-20 13:05:00,2677.8,2669.75,11,88.55,57.37,0.45,target_hit
TMPV,camarilla,MIS,2026-07-20 12:45:00,2026-07-20 14:00:00,332.7,335.9928571428572,90,-296.36,-328.3,-1.66,trailing_stop
INFY,camarilla,MIS,2026-07-20 12:50:00,2026-07-20 15:15:00,1088.0,1087.1,27,24.3,-6.84,0.09,forced_close
IRFC,camarilla,MIS,2026-07-20 12:50:00,2026-07-20 13:55:00,88.16,88.77571428571429,340,-209.34,-241.26,-1.22,trailing_stop
OFSS,camarilla,MIS,2026-07-20 13:00:00,2026-07-20 15:15:00,11626.0,11623.0,2,6.0,-18.65,0.03,forced_close
LT,camarilla,MIS,2026-07-20 13:05:00,2026-07-20 13:35:00,3831.6,3848.1600000000003,7,115.92,87.4,0.64,target_hit
ADANIPORTS,camarilla,MIS,2026-07-20 13:10:00,2026-07-20 13:30:00,1845.2,1850.8200000000002,16,89.92,58.55,0.49,target_hit
ITC,camarilla,MIS,2026-07-20 13:10:00,2026-07-20 13:15:00,282.95,282.98249999999996,106,3.44,-28.36,0.03,target_hit
M&MFIN,camarilla,MIS,2026-07-20 13:10:00,2026-07-20 15:15:00,320.45,322.75,93,-213.9,-245.64,-0.72,forced_close
BLUESTARCO,camarilla,MIS,2026-07-20 13:15:00,2026-07-20 15:15:00,1705.3,1714.8,17,161.5,130.65,0.57,forced_close
DIXON,camarilla,MIS,2026-07-20 13:15:00,2026-07-20 13:50:00,14522,14542.4,2,40.8,9.97,0.21,target_hit
ICICIBANK,camarilla,MIS,2026-07-20 13:15:00,2026-07-20 13:45:00,1457.9,1463.77,20,117.4,86.4,0.45,target_hit
RVNL,camarilla,MIS,2026-07-20 13:20:00,2026-07-20 14:20:00,226.45,227.3045,132,112.79,81.02,0.53,target_hit
ADANIENT,camarilla,MIS,2026-07-20 13:25:00,2026-07-20 15:15:00,3174.6,3185.34,9,96.66,66.3,0.46,target_hit
ADANIGREEN,camarilla,MIS,2026-07-20 13:30:00,2026-07-20 15:15:00,1531.6,1529.9,19,-32.3,-63.14,-0.09,forced_close
ATGL,camarilla,MIS,2026-07-20 13:40:00,2026-07-20 13:55:00,713.65,714.3825,42,30.77,-1.04,0.13,target_hit
FORTIS,camarilla,MIS,2026-07-20 13:45:00,2026-07-20 14:55:00,959.4,950.8821428571429,31,-264.05,-295.42,-1.81,trailing_stop
SBIN,camarilla,MIS,2026-07-20 13:45:00,2026-07-20 14:05:00,1051.8,1055.135,28,93.38,62.09,0.4,target_hit
SIEMENS,camarilla,MIS,2026-07-20 13:50:00,2026-07-20 15:15:00,3684.5,3679.3,8,-41.6,-72.83,-0.15,forced_close
ENRIN,camarilla,MIS,2026-07-20 14:05:00,2026-07-20 15:15:00,3411.5,3390.6,8,-167.2,-196.03,-0.79,forced_close
TATAELXSI,camarilla,MIS,2026-07-20 14:15:00,2026-07-20 14:40:00,3536.0,3557.3199999999997,8,170.56,140.45,0.85,target_hit
UNITDSPR,camarilla,MIS,2026-07-20 14:15:00,2026-07-20 14:50:00,1387.1,1392.905,21,121.91,90.94,0.56,target_hit
AMBUJACEM,camarilla,MIS,2026-07-20 14:25:00,2026-07-20 15:15:00,441.9,437.3,67,-308.2,-339.4,-1.19,forced_close
LICHSGFIN,camarilla,MIS,2026-07-20 14:25:00,2026-07-20 15:15:00,554.2,552.45,54,-94.5,-126.18,-0.47,forced_close
BAJAJ-AUTO,camarilla,MIS,2026-07-20 14:45:00,2026-07-20 14:55:00,10493.5,10524.95,2,62.9,40.6,0.47,target_hit
VOLTAS,camarilla,MIS,2026-07-20 14:45:00,2026-07-20 15:15:00,1355.7,1355.2,22,-11.0,-42.62,-0.06,forced_close
COROMANDEL,camarilla,MIS,2026-07-20 14:55:00,2026-07-20 15:15:00,2022.0,2023.0,14,-14.0,-44.03,-0.08,forced_close
VBL,camarilla,MIS,2026-07-20 14:55:00,2026-07-20 15:10:00,466.95,467.695,64,47.68,15.96,0.22,target_hit
BPCL,camarilla,MIS,2026-07-20 15:00:00,2026-07-20 15:15:00,318.35,317.35,94,-94.0,-125.67,-0.26,forced_close
COCHINSHIP,camarilla,MIS,2026-07-20 15:15:00,2026-07-20 15:20:00,1408.0,1408.9,21,18.9,-12.47,0.07,forced_close
360ONE,camarilla,MIS,2026-07-20 15:20:00,2026-07-20 15:25:00,1126.7,1123.0,26,-96.2,-127.2,-0.34,forced_close
GODREJPROP,camarilla,MIS,2026-07-20 15:25:00,2026-07-20 15:25:00,2120.0,2120.0,14,0.0,-31.47,0.0,eod_data_end
HAVELLS,camarilla,MIS,2026-07-20 15:25:00,2026-07-20 15:25:00,1202.7,1202.7,24,0.0,-30.61,0.0,eod_data_end
MAZDOCK,camarilla,MIS,2026-07-20 15:25:00,2026-07-20 15:25:00,2353.0,2353.0,12,0.0,-29.94,0.0,eod_data_end
CIPLA,camarilla,MIS,2026-07-21 10:55:00,2026-07-21 11:25:00,1427.0,1415.695,21,237.41,205.78,0.8,target_hit
HUDCO,camarilla,MIS,2026-07-21 10:55:00,2026-07-21 11:05:00,200.82,200.70999999999998,149,16.39,-15.33,0.08,target_hit
NYKAA,camarilla,MIS,2026-07-21 10:55:00,2026-07-21 11:20:00,326.3,327.46000000000004,91,105.56,74.0,0.4,target_hit
TITAN,camarilla,MIS,2026-07-21 10:55:00,2026-07-21 11:00:00,4654.7,4662.485,6,46.71,17.06,0.22,target_hit
BSE,camarilla,MIS,2026-07-21 11:05:00,2026-07-21 12:50:00,3697.0,3667.942857142857,8,-232.46,-263.67,-0.91,trailing_stop
MARUTI,camarilla,MIS,2026-07-21 11:05:00,2026-07-21 12:40:00,13355,13436.285714285714,2,-162.57,-191.0,-0.7,trailing_stop
ZYDUSLIFE,camarilla,MIS,2026-07-21 11:05:00,2026-07-21 15:15:00,1141.2,1144.6,26,-88.4,-119.92,-0.41,forced_close
ASHOKLEY,camarilla,MIS,2026-07-21 11:10:00,2026-07-21 12:45:00,153.71,153.3315,195,73.81,42.07,0.14,target_hit
COROMANDEL,camarilla,MIS,2026-07-21 11:10:00,2026-07-21 11:15:00,2035.6,2038.0,14,33.6,3.36,0.1,target_hit
INDHOTEL,camarilla,MIS,2026-07-21 11:10:00,2026-07-21 11:15:00,720.15,720.0174999999999,41,5.43,-25.88,0.01,target_hit
ASTRAL,camarilla,MIS,2026-07-21 11:15:00,2026-07-21 14:35:00,1407.0,1415.8999999999999,21,186.9,155.45,0.61,target_hit
IOC,camarilla,MIS,2026-07-21 11:15:00,2026-07-21 14:25:00,143.9,142.85785714285714,208,-216.77,-248.37,-0.85,trailing_stop
JIOFIN,camarilla,MIS,2026-07-21 11:15:00,2026-07-21 13:35:00,237.22,238.99214285714288,126,-223.29,-255.13,-1.2,trailing_stop
PRESTIGE,camarilla,MIS,2026-07-21 11:15:00,2026-07-21 11:35:00,1679.4,1686.37,17,118.49,88.14,0.32,target_hit
HAL,camarilla,MIS,2026-07-21 11:20:00,2026-07-21 13:40:00,4475.8,4490.964285714285,6,-90.99,-119.52,-0.48,trailing_stop
IRFC,camarilla,MIS,2026-07-21 11:20:00,2026-07-21 15:15:00,88.17,88.32,340,-51.0,-82.82,-0.25,forced_close
ITC,camarilla,MIS,2026-07-21 11:20:00,2026-07-21 12:20:00,281.2,280.39,106,85.86,54.31,0.4,target_hit
RELIANCE,camarilla,MIS,2026-07-21 11:20:00,2026-07-21 13:00:00,1314.0,1306.05,22,174.9,144.36,1.19,target_hit
COCHINSHIP,camarilla,MIS,2026-07-21 11:25:00,2026-07-21 12:55:00,1402.5,1398.195,21,90.41,59.23,0.49,target_hit
CONCOR,camarilla,MIS,2026-07-21 11:25:00,2026-07-21 15:15:00,493.15,491.9,60,75.0,43.67,0.37,forced_close
HCLTECH,camarilla,MIS,2026-07-21 11:25:00,2026-07-21 11:50:00,1231.2,1234.83,24,87.12,55.73,0.29,target_hit
HINDALCO,camarilla,MIS,2026-07-21 11:25:00,2026-07-21 13:30:00,944.0,950.9,31,-213.9,-245.07,-0.95,trailing_stop
HINDZINC,camarilla,MIS,2026-07-21 11:25:00,2026-07-21 11:35:00,527.75,529.1949999999999,56,80.92,49.53,0.31,target_hit
SBIN,camarilla,MIS,2026-07-21 11:25:00,2026-07-21 15:00:00,1051.4,1045.315,28,170.38,139.27,0.77,target_hit
YESBANK,camarilla,MIS,2026-07-21 11:25:00,2026-07-21 14:45:00,23.25,23.135,1290,-148.35,-180.06,-0.7,trailing_stop
MARICO,camarilla,MIS,2026-07-21 11:30:00,2026-07-21 12:15:00,848.3,850.8214285714286,35,-88.25,-119.79,-0.56,trailing_stop
RADICO,camarilla,MIS,2026-07-21 11:30:00,2026-07-21 15:15:00,4099.8,4090.0,7,68.6,38.21,0.64,forced_close
GLENMARK,camarilla,MIS,2026-07-21 11:35:00,2026-07-21 13:20:00,2226.5,2236.407142857143,13,-128.79,-159.57,-0.66,trailing_stop
LUPIN,camarilla,MIS,2026-07-21 11:35:00,2026-07-21 13:10:00,2502.6,2517.44,11,163.24,133.94,0.69,target_hit
PATANJALI,camarilla,MIS,2026-07-21 11:35:00,2026-07-21 13:35:00,337.0,340.7428571428572,89,-333.11,-365.13,-1.47,trailing_stop
POWERGRID,camarilla,MIS,2026-07-21 11:35:00,2026-07-21 12:40:00,286.8,285.29,104,157.04,125.51,0.74,target_hit
TATACONSUM,camarilla,MIS,2026-07-21 11:40:00,2026-07-21 11:45:00,1085.0,1084.97,27,0.81,-30.26,0.0,target_hit
UNITDSPR,camarilla,MIS,2026-07-21 11:40:00,2026-07-21 11:50:00,1384.3,1375.7749999999999,21,179.03,148.31,0.56,target_hit
LODHA,camarilla,MIS,2026-07-21 11:45:00,2026-07-21 12:30:00,1194.0,1196.65,25,66.25,34.55,0.2,target_hit
WAAREEENER,camarilla,MIS,2026-07-21 11:45:00,2026-07-21 12:10:00,2788.9,2763.225,10,256.75,227.34,1.05,target_hit
CUMMINSIND,camarilla,MIS,2026-07-21 11:50:00,2026-07-21 12:35:00,5548.0,5579.975,5,159.88,130.36,0.78,target_hit
JINDALSTEL,camarilla,MIS,2026-07-21 11:50:00,2026-07-21 12:05:00,1040.9,1046.5,28,156.8,125.79,0.75,target_hit
LTM,camarilla,MIS,2026-07-21 11:50:00,2026-07-21 15:15:00,4059.8,4047.7,7,84.7,54.62,0.27,forced_close
TATAPOWER,camarilla,MIS,2026-07-21 11:50:00,2026-07-21 15:15:00,381.4,381.1,78,23.4,-8.13,0.11,forced_close
BANKBARODA,camarilla,MIS,2026-07-21 11:55:00,2026-07-21 12:00:00,249.35,249.29500000000002,120,6.6,-25.13,0.02,target_hit
CANBK,camarilla,MIS,2026-07-21 11:55:00,2026-07-21 15:15:00,127.55,127.49,235,14.1,-17.68,0.06,forced_close
HEROMOTOCO,camarilla,MIS,2026-07-21 12:00:00,2026-07-21 14:05:00,5003.6,5024.45,5,104.25,77.65,0.65,target_hit
GODFRYPHLP,camarilla,MIS,2026-07-21 12:05:00,2026-07-21 12:55:00,2160.6,2141.3,13,-250.9,-280.53,-1.17,trailing_stop
INDIGO,camarilla,MIS,2026-07-21 12:05:00,2026-07-21 12:15:00,5288.0,5306.55,5,92.75,64.65,0.39,target_hit
PREMIERENE,camarilla,MIS,2026-07-21 12:05:00,2026-07-21 15:15:00,1059.6,1048.5,28,310.8,279.54,1.22,forced_close
SAIL,camarilla,MIS,2026-07-21 12:05:00,2026-07-21 12:20:00,164.0,164.3945,182,71.8,40.1,0.29,target_hit
CGPOWER,camarilla,MIS,2026-07-21 12:10:00,2026-07-21 12:25:00,905.2,901.4775,33,122.84,91.24,0.47,target_hit
IREDA,camarilla,MIS,2026-07-21 12:10:00,2026-07-21 15:15:00,121.01,121.11,247,-24.7,-56.41,-0.13,forced_close
JUBLFOOD,camarilla,MIS,2026-07-21 12:10:00,2026-07-21 13:30:00,421.6,423.4750000000001,71,-133.13,-164.95,-0.53,trailing_stop
LICHSGFIN,camarilla,MIS,2026-07-21 12:10:00,2026-07-21 12:40:00,548.8,548.105,54,37.53,6.13,0.32,target_hit
RECLTD,camarilla,MIS,2026-07-21 12:10:00,2026-07-21 13:40:00,358.8,360.01428571428573,83,-100.79,-132.43,-0.38,trailing_stop
SIEMENS,camarilla,MIS,2026-07-21 12:10:00,2026-07-21 14:45:00,3654.4,3666.892857142857,8,-99.94,-131.01,-0.35,trailing_stop
VBL,camarilla,MIS,2026-07-21 12:10:00,2026-07-21 15:15:00,464.8,463.75,64,67.2,35.7,0.17,forced_close
COALINDIA,camarilla,MIS,2026-07-21 12:15:00,2026-07-21 14:00:00,432.0,432.3425,69,23.63,-7.99,0.12,target_hit
RVNL,camarilla,MIS,2026-07-21 12:15:00,2026-07-21 12:45:00,224.89,224.67000000000002,133,29.26,-2.44,0.16,target_hit
TRENT,camarilla,MIS,2026-07-21 12:15:00,2026-07-21 13:50:00,2897.0,2902.0285714285715,10,-50.29,-81.04,-0.29,trailing_stop
ABB,camarilla,MIS,2026-07-21 12:20:00,2026-07-21 14:40:00,7580.5,7516.821428571428,3,-191.04,-215.03,-0.9,trailing_stop
KOTAKBANK,camarilla,MIS,2026-07-21 12:20:00,2026-07-21 12:25:00,386.0,386.2575,77,19.83,-11.7,0.06,target_hit
LTF,camarilla,MIS,2026-07-21 12:20:00,2026-07-21 13:10:00,308.0,305.2321428571428,97,-268.48,-299.99,-0.98,trailing_stop
OIL,camarilla,MIS,2026-07-21 12:20:00,2026-07-21 15:15:00,446.55,445.15,67,93.8,62.13,0.29,forced_close
BHEL,camarilla,MIS,2026-07-21 12:30:00,2026-07-21 15:15:00,413.5,412.95,72,39.6,8.05,0.16,forced_close
GODREJPROP,camarilla,MIS,2026-07-21 12:30:00,2026-07-21 14:05:00,2137.4,2152.5249999999996,14,211.75,179.88,0.7,target_hit
SUNPHARMA,camarilla,MIS,2026-07-21 12:30:00,2026-07-21 15:15:00,1964.2,1962.1,15,-31.5,-62.72,-0.15,forced_close
VEDL,camarilla,MIS,2026-07-21 12:30:00,2026-07-21 15:15:00,265.2,264.75,113,-50.85,-82.6,-0.13,forced_close
VMM,camarilla,MIS,2026-07-21 12:35:00,2026-07-21 13:35:00,112.03,112.695,267,177.55,145.72,0.49,target_hit
BEL,camarilla,MIS,2026-07-21 12:40:00,2026-07-21 13:45:00,407.1,407.99285714285713,73,-65.18,-96.74,-0.45,trailing_stop
INDIANB,camarilla,MIS,2026-07-21 12:40:00,2026-07-21 13:20:00,847.1,853.4535714285714,35,-222.37,-253.96,-0.88,trailing_stop
PIDILITIND,camarilla,MIS,2026-07-21 12:40:00,2026-07-21 12:45:00,1577.3,1577.79,19,9.31,-22.48,0.05,target_hit
PIIND,camarilla,MIS,2026-07-21 12:40:00,2026-07-21 13:50:00,2683.0,2687.5950000000003,11,50.55,19.22,0.27,target_hit
ADANIGREEN,camarilla,MIS,2026-07-21 12:45:00,2026-07-21 12:55:00,1541.9,1552.99,19,210.71,179.51,0.74,target_hit
BIOCON,camarilla,MIS,2026-07-21 12:45:00,2026-07-21 12:50:00,440.2,440.4325,68,15.81,-15.94,0.1,target_hit
GMRAIRPORT,camarilla,MIS,2026-07-21 12:45:00,2026-07-21 13:55:00,110.86,111.52642857142858,270,-179.94,-211.79,-0.93,trailing_stop
M&M,camarilla,MIS,2026-07-21 12:45:00,2026-07-21 13:35:00,3186.0,3189.15,9,28.35,-2.08,0.11,target_hit
TIINDIA,camarilla,MIS,2026-07-21 12:45:00,2026-07-21 13:55:00,2867.1,2901.9857142857145,10,-348.86,-379.48,-1.13,trailing_stop
DABUR,camarilla,MIS,2026-07-21 12:50:00,2026-07-21 12:55:00,423.0,422.7325,70,18.72,-12.66,0.11,target_hit
HAVELLS,camarilla,MIS,2026-07-21 12:50:00,2026-07-21 15:15:00,1215.7,1216.9,24,28.8,-2.16,0.09,forced_close
LT,camarilla,MIS,2026-07-21 12:50:00,2026-07-21 13:45:00,3823.2,3831.9500000000003,7,-61.25,-89.67,-0.6,trailing_stop
MAZDOCK,camarilla,MIS,2026-07-21 12:50:00,2026-07-21 14:05:00,2334.0,2346.0714285714284,12,-144.86,-174.65,-1.01,trailing_stop
BDL,camarilla,MIS,2026-07-21 12:55:00,2026-07-21 14:05:00,1252.6,1262.8857142857141,23,-236.57,-267.27,-1.52,trailing_stop
TATAINVEST,camarilla,MIS,2026-07-21 12:55:00,2026-07-21 13:10:00,659.1,657.9575,45,51.41,19.99,0.29,target_hit
BRITANNIA,camarilla,MIS,2026-07-21 13:00:00,2026-07-21 13:40:00,5443.5,5476.0,5,-162.5,-191.47,-0.92,trailing_stop
BAJAJ-AUTO,camarilla,MIS,2026-07-21 13:05:00,2026-07-21 13:15:00,10464.0,10449.075,2,29.85,7.68,0.06,target_hit
INDUSTOWER,camarilla,MIS,2026-07-21 13:05:00,2026-07-21 13:30:00,405.05,405.4925,74,32.74,0.94,0.18,target_hit
ULTRACEMCO,camarilla,MIS,2026-07-21 13:10:00,2026-07-21 15:05:00,11802,11853.1,2,102.2,77.1,0.49,target_hit
AUROPHARMA,camarilla,MIS,2026-07-21 13:15:00,2026-07-21 15:15:00,1572.6,1578.3,19,108.3,76.54,0.56,forced_close
JSWSTEEL,camarilla,MIS,2026-07-21 13:20:00,2026-07-21 13:25:00,1267.0,1267.6699999999998,23,15.41,-15.5,0.09,target_hit
TATASTEEL,camarilla,MIS,2026-07-21 13:20:00,2026-07-21 15:10:00,187.0,187.19650000000001,160,31.44,-0.31,0.1,target_hit
BLUESTARCO,camarilla,MIS,2026-07-21 13:25:00,2026-07-21 15:15:00,1695.8,1702.5,17,-113.9,-144.54,-0.46,forced_close
ALKEM,camarilla,MIS,2026-07-21 13:30:00,2026-07-21 15:15:00,5690.5,5676.5,5,-70.0,-100.13,-0.34,forced_close
ADANIENSOL,camarilla,MIS,2026-07-21 13:35:00,2026-07-21 13:55:00,1739.3,1748.6950000000002,17,159.72,128.26,0.61,target_hit
DRREDDY,camarilla,MIS,2026-07-21 13:35:00,2026-07-21 13:45:00,1211.6,1211.165,24,10.44,-20.39,0.05,target_hit
IDEA,camarilla,MIS,2026-07-21 13:35:00,2026-07-21 14:45:00,13.63,13.541428571428572,2201,-194.95,-226.63,-0.62,trailing_stop
MPHASIS,camarilla,MIS,2026-07-21 13:35:00,2026-07-21 15:10:00,2394.8,2380.07,12,176.76,146.4,1.05,target_hit
EICHERMOT,camarilla,MIS,2026-07-21 13:40:00,2026-07-21 14:10:00,7609.5,7620.7,3,33.6,9.37,0.19,target_hit
ENRIN,camarilla,MIS,2026-07-21 13:40:00,2026-07-21 15:15:00,3352.4,3373.0,8,-164.8,-193.35,-0.74,forced_close
ETERNAL,camarilla,MIS,2026-07-21 13:40:00,2026-07-21 14:00:00,284.65,284.17249999999996,105,50.14,18.47,0.27,target_hit
TMPV,camarilla,MIS,2026-07-21 13:40:00,2026-07-21 13:50:00,333.95,333.61749999999995,89,29.59,-1.91,0.12,target_hit
KEI,camarilla,MIS,2026-07-21 13:50:00,2026-07-21 14:50:00,4954.5,4976.625,6,132.75,101.14,0.4,target_hit
GRASIM,camarilla,MIS,2026-07-21 13:55:00,2026-07-21 15:15:00,3165.5,3180.0,9,130.5,100.2,0.72,forced_close
KALYANKJIL,camarilla,MIS,2026-07-21 13:55:00,2026-07-21 14:10:00,575.0,577.48,52,128.96,97.17,0.3,target_hit
ONGC,camarilla,MIS,2026-07-21 13:55:00,2026-07-21 15:15:00,250.85,249.85,119,-119.0,-150.58,-0.46,forced_close
ADANIENT,camarilla,MIS,2026-07-21 14:00:00,2026-07-21 15:15:00,3201.4,3182.464285714286,9,-170.42,-200.87,-0.8,trailing_stop
ADANIPORTS,camarilla,MIS,2026-07-21 14:00:00,2026-07-21 15:15:00,1856.5,1844.65,16,-189.6,-220.98,-0.78,trailing_stop
ADANIPOWER,camarilla,MIS,2026-07-21 14:00:00,2026-07-21 15:15:00,221.85,220.21,135,-221.4,-253.02,-0.7,forced_close
SHREECEM,camarilla,MIS,2026-07-21 14:00:00,2026-07-21 14:05:00,27050,27030.0,1,-20.0,-48.67,-0.14,trailing_stop
DLF,camarilla,MIS,2026-07-21 14:05:00,2026-07-21 15:15:00,673.5,673.65,44,6.6,-24.83,0.03,forced_close
FEDERALBNK,camarilla,MIS,2026-07-21 14:15:00,2026-07-21 15:15:00,354.75,356.0,84,105.0,73.33,0.61,forced_close
AMBUJACEM,camarilla,MIS,2026-07-21 14:25:00,2026-07-21 15:15:00,442.6,441.15,67,-97.15,-128.53,-0.49,forced_close
MOTILALOFS,camarilla,MIS,2026-07-21 14:50:00,2026-07-21 15:15:00,964.75,964.35,31,12.4,-19.31,0.06,forced_close
COFORGE,camarilla,MIS,2026-07-21 15:05:00,2026-07-21 15:15:00,1495.3,1493.4,20,38.0,6.31,0.15,forced_close
GVT&D,camarilla,MIS,2026-07-21 15:05:00,2026-07-21 15:15:00,4493.7,4480.8,6,-77.4,-105.94,-0.28,forced_close
NHPC,camarilla,MIS,2026-07-21 15:05:00,2026-07-21 15:15:00,80.28,80.0,373,104.44,72.75,0.28,forced_close
PHOENIXLTD,camarilla,MIS,2026-07-21 15:05:00,2026-07-21 15:15:00,2086.6,2092.4,14,81.2,50.17,0.25,forced_close
360ONE,camarilla,MIS,2026-07-21 15:15:00,2026-07-21 15:20:00,1118.7,1117.9,26,20.8,-10.03,0.1,forced_close
HYUNDAI,camarilla,MIS,2026-07-21 15:15:00,2026-07-21 15:20:00,1956.8,1958.0,15,-18.0,-49.14,-0.05,forced_close
NMDC,camarilla,MIS,2026-07-21 15:15:00,2026-07-21 15:20:00,84.32,84.06,355,-92.3,-123.98,-0.27,forced_close
GRASIM,camarilla,MIS,2026-07-22 10:55:00,2026-07-22 14:15:00,3156.7,3147.0750000000003,9,86.62,56.55,0.29,target_hit
ITC,camarilla,MIS,2026-07-22 10:55:00,2026-07-22 12:45:00,279.35,280.8357142857143,107,-158.97,-190.77,-0.87,trailing_stop
PIDILITIND,camarilla,MIS,2026-07-22 10:55:00,2026-07-22 11:15:00,1576.7,1573.975,19,51.78,20.04,0.23,target_hit
RADICO,camarilla,MIS,2026-07-22 11:00:00,2026-07-22 11:05:00,4131.9,4132.95,7,7.35,-23.33,0.02,target_hit
VMM,camarilla,MIS,2026-07-22 11:00:00,2026-07-22 11:05:00,111.84,111.75250000000001,268,23.45,-8.32,0.05,target_hit
JINDALSTEL,camarilla,MIS,2026-07-22 11:05:00,2026-07-22 12:20:00,1050.3,1042.735714285714,28,-211.8,-242.85,-0.74,trailing_stop
NAUKRI,camarilla,MIS,2026-07-22 11:05:00,2026-07-22 11:10:00,1191.55,1191.4475,25,2.56,-29.03,0.01,target_hit
SRF,camarilla,MIS,2026-07-22 11:05:00,2026-07-22 11:35:00,2907.0,2882.2400000000002,10,247.6,216.93,0.49,target_hit
SUZLON,camarilla,MIS,2026-07-22 11:05:00,2026-07-22 11:10:00,53.36,53.5275,562,94.14,62.27,0.14,target_hit
ADANIPOWER,camarilla,MIS,2026-07-22 11:10:00,2026-07-22 11:35:00,218.93,218.5715,137,49.11,17.34,0.11,target_hit
BAJAJFINSV,camarilla,MIS,2026-07-22 11:10:00,2026-07-22 15:15:00,1880.4,1880.1,15,4.5,-25.41,0.02,forced_close
BRITANNIA,camarilla,MIS,2026-07-22 11:10:00,2026-07-22 11:15:00,5514.0,5516.1,5,10.5,-18.74,0.04,target_hit
UNITDSPR,camarilla,MIS,2026-07-22 11:10:00,2026-07-22 11:35:00,1380.1,1396.8428571428574,21,-351.6,-382.56,-1.26,trailing_stop
COFORGE,camarilla,MIS,2026-07-22 11:15:00,2026-07-22 13:10:00,1480.4,1471.56,20,176.8,145.52,0.51,target_hit
HINDUNILVR,camarilla,MIS,2026-07-22 11:15:00,2026-07-22 11:35:00,2148.1,2153.61,13,71.63,41.97,0.27,target_hit
PFC,camarilla,MIS,2026-07-22 11:15:00,2026-07-22 14:50:00,411.05,413.35357142857146,72,-165.86,-197.35,-0.69,trailing_stop
ABB,camarilla,MIS,2026-07-22 11:20:00,2026-07-22 11:25:00,7592.0,7609.275,3,51.82,27.64,0.17,target_hit
BPCL,camarilla,MIS,2026-07-22 11:20:00,2026-07-22 12:30:00,321.3,318.21785714285716,93,-286.64,-318.14,-0.58,trailing_stop
IRCTC,camarilla,MIS,2026-07-22 11:20:00,2026-07-22 12:10:00,497.35,496.5275,60,49.35,17.74,0.24,target_hit
TATACOMM,camarilla,MIS,2026-07-22 11:20:00,2026-07-22 11:40:00,1810.7,1803.1799999999998,16,120.32,89.67,0.27,target_hit
GODREJCP,camarilla,MIS,2026-07-22 11:25:00,2026-07-22 15:15:00,1063.0,1069.2,28,173.6,141.93,0.48,forced_close
WAAREEENER,camarilla,MIS,2026-07-22 11:25:00,2026-07-22 15:15:00,2692.0,2702.7285714285717,11,-118.01,-149.49,-0.53,trailing_stop
MCX,camarilla,MIS,2026-07-22 11:30:00,2026-07-22 12:30:00,2780.0,2764.625,10,153.75,124.37,0.49,target_hit
NMDC,camarilla,MIS,2026-07-22 11:30:00,2026-07-22 12:30:00,83.43,83.15450000000001,359,98.9,67.21,0.3,target_hit
SAIL,camarilla,MIS,2026-07-22 11:30:00,2026-07-22 11:35:00,162.94,162.7995,184,25.85,-5.92,0.1,target_hit
TATACONSUM,camarilla,MIS,2026-07-22 11:30:00,2026-07-22 12:15:00,1087.5,1090.6299999999999,27,84.51,53.32,0.2,target_hit
NTPC,camarilla,MIS,2026-07-22 11:35:00,2026-07-22 15:15:00,350.25,350.65,85,34.0,2.41,0.13,forced_close
HAL,camarilla,MIS,2026-07-22 11:40:00,2026-07-22 14:10:00,4620.0,4591.0,6,-174.0,-203.28,-0.69,trailing_stop
SIEMENS,camarilla,MIS,2026-07-22 11:40:00,2026-07-22 13:10:00,3691.4,3659.2785714285715,8,-256.97,-288.12,-0.81,trailing_stop
JSWENERGY,camarilla,MIS,2026-07-22 11:45:00,2026-07-22 14:45:00,570.5,557.1964285714286,52,-691.79,-722.8,-1.8,trailing_stop
INFY,camarilla,MIS,2026-07-22 11:50:00,2026-07-22 11:55:00,1058.6,1058.4850000000001,28,3.22,-28.21,0.01,target_hit
ABCAPITAL,camarilla,MIS,2026-07-22 11:55:00,2026-07-22 12:10:00,405.05,404.01750000000004,74,76.4,44.67,0.29,target_hit
ATGL,camarilla,MIS,2026-07-22 11:55:00,2026-07-22 12:00:00,689.45,684.615,43,207.91,176.6,0.72,target_hit
BAJAJHLDNG,camarilla,MIS,2026-07-22 11:55:00,2026-07-22 15:00:00,10525,10413.92857142857,2,-222.14,-244.32,-1.06,trailing_stop
BHARTIARTL,camarilla,MIS,2026-07-22 11:55:00,2026-07-22 12:55:00,1943.1,1954.4285714285713,15,-169.93,-200.95,-0.83,trailing_stop
EICHERMOT,camarilla,MIS,2026-07-22 11:55:00,2026-07-22 12:35:00,7622.0,7609.75,3,36.75,12.53,0.21,target_hit
ENRIN,camarilla,MIS,2026-07-22 11:55:00,2026-07-22 14:50:00,3395.0,3369.507142857143,8,-203.94,-232.61,-0.55,trailing_stop
LT,camarilla,MIS,2026-07-22 11:55:00,2026-07-22 12:30:00,3828.0,3822.5099999999998,7,38.43,10.04,0.32,target_hit
ASTRAL,camarilla,MIS,2026-07-22 12:00:00,2026-07-22 12:05:00,1434.6,1434.68,20,1.6,-28.83,0.01,target_hit
FEDERALBNK,camarilla,MIS,2026-07-22 12:00:00,2026-07-22 13:00:00,354.4,352.86,84,129.36,97.87,0.46,target_hit
ONGC,camarilla,MIS,2026-07-22 12:00:00,2026-07-22 12:05:00,251.6,251.66649999999998,119,7.91,-23.84,0.03,target_hit
VEDL,camarilla,MIS,2026-07-22 12:00:00,2026-07-22 15:15:00,261.7,262.3,114,-68.4,-100.08,-0.25,forced_close
ASIANPAINT,camarilla,MIS,2026-07-22 12:05:00,2026-07-22 12:30:00,2676.7,2670.675,11,66.27,35.09,0.29,target_hit
HDFCAMC,camarilla,MIS,2026-07-22 12:05:00,2026-07-22 15:15:00,2540.0,2553.0,11,-143.0,-172.72,-0.44,forced_close
PAYTM,camarilla,MIS,2026-07-22 12:05:00,2026-07-22 13:55:00,1270.0,1281.3214285714287,23,-260.39,-291.54,-0.43,trailing_stop
ASHOKLEY,camarilla,MIS,2026-07-22 12:10:00,2026-07-22 12:20:00,152.2,152.00949999999997,197,37.53,5.76,0.2,target_hit
CANBK,camarilla,MIS,2026-07-22 12:10:00,2026-07-22 15:15:00,126.15,126.6,237,-106.65,-138.42,-0.38,forced_close
TITAN,camarilla,MIS,2026-07-22 12:10:00,2026-07-22 13:40:00,4719.0,4723.075,6,24.45,-5.59,0.11,target_hit
INDHOTEL,camarilla,MIS,2026-07-22 12:15:00,2026-07-22 14:25:00,722.1,725.0928571428572,41,-122.71,-154.18,-0.35,trailing_stop
LTM,camarilla,MIS,2026-07-22 12:15:00,2026-07-22 12:20:00,4000.5,3996.61,7,27.23,-2.45,0.11,target_hit
TATAPOWER,camarilla,MIS,2026-07-22 12:15:00,2026-07-22 15:15:00,378.05,378.75,79,-55.3,-87.01,-0.26,forced_close
BHARATFORG,camarilla,MIS,2026-07-22 12:25:00,2026-07-22 15:15:00,2190.0,2185.8,13,54.6,24.44,0.14,forced_close
MARUTI,camarilla,MIS,2026-07-22 12:30:00,2026-07-22 14:50:00,13509,13561.357142857143,2,-104.71,-133.43,-0.5,trailing_stop
BANKBARODA,camarilla,MIS,2026-07-22 12:35:00,2026-07-22 15:00:00,244.7,246.2392857142857,122,-187.79,-219.57,-1.06,trailing_stop
HYUNDAI,camarilla,MIS,2026-07-22 12:35:00,2026-07-22 15:15:00,1947.7,1946.0,15,25.5,-5.47,0.09,forced_close
TECHM,camarilla,MIS,2026-07-22 12:35:00,2026-07-22 15:15:00,1559.4,1559.1,19,5.7,-25.72,0.03,forced_close
BSE,camarilla,MIS,2026-07-22 12:40:00,2026-07-22 15:00:00,3637.0,3631.495,8,44.04,13.21,0.15,target_hit
COALINDIA,camarilla,MIS,2026-07-22 12:40:00,2026-07-22 12:45:00,429.2,429.0225,69,12.25,-19.15,0.05,target_hit
ETERNAL,camarilla,MIS,2026-07-22 12:40:00,2026-07-22 13:00:00,285.35,284.125,105,128.63,96.93,0.44,target_hit
SUPREMEIND,camarilla,MIS,2026-07-22 12:40:00,2026-07-22 13:30:00,3371.6,3411.7571428571428,8,-321.26,-350.07,-1.49,trailing_stop
NATIONALUM,camarilla,MIS,2026-07-22 12:45:00,2026-07-22 13:05:00,341.3,340.12249999999995,87,102.44,71.02,0.27,target_hit
PNB,camarilla,MIS,2026-07-22 12:45:00,2026-07-22 12:50:00,110.96,110.9415,270,4.99,-26.77,0.02,target_hit
RVNL,camarilla,MIS,2026-07-22 12:45:00,2026-07-22 13:10:00,223.09,222.65849999999998,134,57.82,26.16,0.26,target_hit
ULTRACEMCO,camarilla,MIS,2026-07-22 12:45:00,2026-07-22 12:50:00,11759,11744.2,2,29.6,4.68,0.25,target_hit
UPL,camarilla,MIS,2026-07-22 12:45:00,2026-07-22 13:15:00,610.25,609.3225,49,45.45,13.77,0.18,target_hit
GMRAIRPORT,camarilla,MIS,2026-07-22 12:50:00,2026-07-22 12:55:00,110.67,110.4515,271,59.21,27.45,0.23,target_hit
NYKAA,camarilla,MIS,2026-07-22 12:50:00,2026-07-22 15:15:00,326.15,327.6,91,-131.95,-163.51,-0.4,forced_close
SOLARINDS,camarilla,MIS,2026-07-22 12:50:00,2026-07-22 12:55:00,18924,18891.55,1,32.45,12.4,0.18,target_hit
MUTHOOTFIN,camarilla,MIS,2026-07-22 13:10:00,2026-07-22 15:15:00,3036.5,3039.3,9,-25.2,-54.2,-0.11,forced_close
TORNTPHARM,camarilla,MIS,2026-07-22 13:10:00,2026-07-22 13:15:00,4986.0,4984.599999999999,6,8.4,-23.32,0.04,target_hit
INDUSINDBK,camarilla,MIS,2026-07-22 13:15:00,2026-07-22 15:15:00,1074.3,1063.95,27,-279.45,-310.03,-0.47,forced_close
TIINDIA,camarilla,MIS,2026-07-22 13:15:00,2026-07-22 15:10:00,2875.8,2908.4785714285717,10,-326.79,-357.49,-1.27,trailing_stop
APOLLOHOSP,camarilla,MIS,2026-07-22 13:20:00,2026-07-22 14:25:00,8900.0,8921.642857142857,3,-64.93,-93.28,-0.54,trailing_stop
HAVELLS,camarilla,MIS,2026-07-22 13:20:00,2026-07-22 13:25:00,1206.0,1205.06,24,22.56,-8.12,0.11,target_hit
LAURUSLABS,camarilla,MIS,2026-07-22 13:20:00,2026-07-22 15:15:00,1577.4,1577.3,19,1.9,-29.88,0.01,forced_close
SHRIRAMFIN,camarilla,MIS,2026-07-22 13:20:00,2026-07-22 14:50:00,1047.3,1054.0857142857142,28,-190.0,-221.22,-0.62,trailing_stop
GVT&D,camarilla,MIS,2026-07-22 13:25:00,2026-07-22 15:15:00,4464.0,4486.7,6,-136.2,-164.69,-0.44,forced_close
DIVISLAB,camarilla,MIS,2026-07-22 13:35:00,2026-07-22 13:55:00,7366.5,7367.95,4,5.8,-25.45,0.04,target_hit
PATANJALI,camarilla,MIS,2026-07-22 13:40:00,2026-07-22 13:45:00,336.0,335.76750000000004,89,20.69,-11.01,0.09,target_hit
DIXON,camarilla,MIS,2026-07-22 13:55:00,2026-07-22 14:00:00,13885,13839.15,2,91.7,62.31,0.22,target_hit
TCS,camarilla,MIS,2026-07-22 14:05:00,2026-07-22 15:15:00,2208.5,2206.9,13,20.8,-9.63,0.11,forced_close
ADANIENSOL,camarilla,MIS,2026-07-22 14:10:00,2026-07-22 15:15:00,1721.3,1721.8,17,-8.5,-39.54,-0.02,forced_close
ADANIENT,camarilla,MIS,2026-07-22 14:10:00,2026-07-22 14:20:00,3164.8,3158.7749999999996,9,54.23,24.05,0.22,target_hit
DMART,camarilla,MIS,2026-07-22 14:10:00,2026-07-22 14:15:00,3998.9,4005.19,7,44.03,14.32,0.21,target_hit
EXIDEIND,camarilla,MIS,2026-07-22 14:30:00,2026-07-22 14:40:00,447.95,451.26,66,218.46,186.97,0.51,target_hit
MOTHERSON,camarilla,MIS,2026-07-22 14:30:00,2026-07-22 14:40:00,143.99,143.77349999999998,208,45.03,13.3,0.14,target_hit
MARICO,camarilla,MIS,2026-07-22 14:35:00,2026-07-22 15:05:00,858.5,860.6999999999999,34,74.8,43.8,0.4,target_hit
COLPAL,camarilla,MIS,2026-07-22 14:40:00,2026-07-22 15:15:00,2106.1,2105.9,14,-2.8,-34.07,-0.01,forced_close
HEROMOTOCO,camarilla,MIS,2026-07-22 14:40:00,2026-07-22 14:45:00,4987.4,4987.35,6,0.3,-31.43,0.0,target_hit
IOC,camarilla,MIS,2026-07-22 14:40:00,2026-07-22 14:45:00,142.36,142.332,210,5.88,-25.82,0.03,target_hit
OIL,camarilla,MIS,2026-07-22 14:40:00,2026-07-22 14:45:00,450.0,450.5675,66,37.45,5.94,0.15,target_hit
POWERGRID,camarilla,MIS,2026-07-22 14:40:00,2026-07-22 15:15:00,288.85,289.35,103,51.5,19.92,0.34,forced_close
GAIL,camarilla,MIS,2026-07-22 14:45:00,2026-07-22 15:15:00,172.85,172.96,173,-19.03,-50.75,-0.1,forced_close
KPITTECH,camarilla,MIS,2026-07-22 14:50:00,2026-07-22 14:55:00,555.05,554.6600000000001,54,21.06,-10.71,0.07,target_hit
RELIANCE,camarilla,MIS,2026-07-22 14:55:00,2026-07-22 15:15:00,1291.0,1291.0,23,-0.0,-31.49,-0.0,forced_close
M&M,camarilla,MIS,2026-07-22 15:00:00,2026-07-22 15:15:00,3173.1,3177.4,9,-38.7,-69.01,-0.16,forced_close
TRENT,camarilla,MIS,2026-07-22 15:00:00,2026-07-22 15:15:00,2878.1,2888.4,10,-103.0,-133.59,-0.53,forced_close
IDEA,camarilla,MIS,2026-07-22 15:25:00,2026-07-22 15:25:00,13.59,13.59,2207,0.0,-31.81,0.0,eod_data_end
TATASTEEL,camarilla,MIS,2026-07-22 15:25:00,2026-07-22 15:25:00,185.99,185.99,161,-0.0,-31.75,-0.0,eod_data_end
HINDZINC,camarilla,MIS,2026-07-23 10:55:00,2026-07-23 11:50:00,539.4,534.4499999999999,55,-272.25,-303.54,-0.95,trailing_stop
MCX,camarilla,MIS,2026-07-23 10:55:00,2026-07-23 11:20:00,2765.0,2761.44,10,35.6,6.3,0.1,target_hit
MPHASIS,camarilla,MIS,2026-07-23 10:55:00,2026-07-23 11:00:00,2243.2,2219.6800000000003,13,305.76,275.03,0.6,target_hit
COALINDIA,camarilla,MIS,2026-07-23 11:00:00,2026-07-23 11:05:00,426.15,426.0075,70,9.97,-21.65,0.05,target_hit
COROMANDEL,camarilla,MIS,2026-07-23 11:00:00,2026-07-23 11:15:00,2057.0,2059.045,14,28.63,-1.93,0.08,target_hit
GRASIM,camarilla,MIS,2026-07-23 11:00:00,2026-07-23 11:15:00,3156.3,3149.525,9,60.98,30.89,0.21,target_hit
ITC,camarilla,MIS,2026-07-23 11:00:00,2026-07-23 11:25:00,282.25,282.835,106,62.01,30.24,0.22,target_hit
M&MFIN,camarilla,MIS,2026-07-23 11:00:00,2026-07-23 11:35:00,368.25,365.28,81,240.57,209.09,0.49,target_hit
PATANJALI,camarilla,MIS,2026-07-23 11:00:00,2026-07-23 11:05:00,340.35,340.49499999999995,88,12.76,-19.01,0.03,target_hit
SBILIFE,camarilla,MIS,2026-07-23 11:00:00,2026-07-23 11:50:00,1817.6,1826.5,16,142.4,111.47,0.75,target_hit
BANKBARODA,camarilla,MIS,2026-07-23 11:05:00,2026-07-23 11:20:00,244.65,243.7975,122,104.0,72.42,0.38,target_hit
BHEL,camarilla,MIS,2026-07-23 11:05:00,2026-07-23 11:20:00,413.3,411.6925,72,115.74,84.26,0.3,target_hit
ICICIGI,camarilla,MIS,2026-07-23 11:05:00,2026-07-23 12:20:00,1600.0,1608.965,18,161.37,130.73,0.45,target_hit
PERSISTENT,camarilla,MIS,2026-07-23 11:05:00,2026-07-23 11:25:00,5058.0,5028.51,5,147.45,120.73,0.42,target_hit
PHOENIXLTD,camarilla,MIS,2026-07-23 11:05:00,2026-07-23 12:15:00,2075.4,2057.3,14,-253.4,-284.05,-0.59,trailing_stop
SWIGGY,camarilla,MIS,2026-07-23 11:05:00,2026-07-23 12:35:00,267.43,264.72928571428577,112,-302.48,-334.05,-0.44,trailing_stop
TVSMOTOR,camarilla,MIS,2026-07-23 11:05:00,2026-07-23 12:15:00,3968.0,3930.2,7,-264.6,-293.89,-0.69,trailing_stop
COCHINSHIP,camarilla,MIS,2026-07-23 11:10:00,2026-07-23 13:35:00,1385.0,1393.385,21,176.08,145.13,0.59,target_hit
IRFC,camarilla,MIS,2026-07-23 11:10:00,2026-07-23 12:50:00,87.74,87.11285714285715,341,-213.86,-245.45,-0.89,trailing_stop
PIDILITIND,camarilla,MIS,2026-07-23 11:10:00,2026-07-23 11:25:00,1590.2,1583.355,18,123.21,92.93,0.35,target_hit
RECLTD,camarilla,MIS,2026-07-23 11:10:00,2026-07-23 12:25:00,361.95,358.5214285714286,82,-281.14,-312.44,-0.81,trailing_stop
BHARATFORG,camarilla,MIS,2026-07-23 11:15:00,2026-07-23 11:20:00,2204.4,2205.025,13,8.12,-22.27,0.02,target_hit
BSE,camarilla,MIS,2026-07-23 11:15:00,2026-07-23 11:35:00,3612.4,3593.095,8,154.44,123.89,0.6,target_hit
DIVISLAB,camarilla,MIS,2026-07-23 11:15:00,2026-07-23 12:05:00,7331.0,7288.325,4,170.7,139.71,0.61,target_hit
KOTAKBANK,camarilla,MIS,2026-07-23 11:15:00,2026-07-23 12:05:00,385.25,382.3857142857143,77,-220.55,-251.87,-0.98,trailing_stop
MFSL,camarilla,MIS,2026-07-23 11:15:00,2026-07-23 13:10:00,1514.1,1507.075,19,133.47,103.05,0.44,target_hit
TATASTEEL,camarilla,MIS,2026-07-23 11:15:00,2026-07-23 11:25:00,185.01,184.83599999999998,162,28.19,-3.58,0.13,target_hit
ASIANPAINT,camarilla,MIS,2026-07-23 11:20:00,2026-07-23 11:25:00,2675.0,2673.88,11,12.32,-18.88,0.05,target_hit
COFORGE,camarilla,MIS,2026-07-23 11:20:00,2026-07-23 11:25:00,1458.4,1455.835,20,51.3,20.4,0.14,target_hit
HAVELLS,camarilla,MIS,2026-07-23 11:20:00,2026-07-23 13:00:00,1215.0,1208.142857142857,24,-164.57,-195.39,-0.48,trailing_stop
IRCTC,camarilla,MIS,2026-07-23 11:20:00,2026-07-23 13:25:00,491.3,495.31428571428575,61,-244.87,-276.81,-0.87,trailing_stop
LTM,camarilla,MIS,2026-07-23 11:20:00,2026-07-23 12:05:00,3944.5,3980.207142857143,7,-249.95,-279.39,-0.78,trailing_stop
OFSS,camarilla,MIS,2026-07-23 11:20:00,2026-07-23 11:25:00,10465.0,10353.25,2,223.5,201.45,0.15,target_hit
TITAN,camarilla,MIS,2026-07-23 11:20:00,2026-07-23 12:20:00,4687.8,4679.700000000001,6,48.6,18.8,0.44,target_hit
UNIONBANK,camarilla,MIS,2026-07-23 11:20:00,2026-07-23 14:00:00,168.7,167.4115,177,228.06,196.55,0.78,target_hit
AUBANK,camarilla,MIS,2026-07-23 11:25:00,2026-07-23 11:45:00,969.0,964.6350000000001,30,130.95,100.21,0.34,target_hit
JSWSTEEL,camarilla,MIS,2026-07-23 11:25:00,2026-07-23 11:30:00,1259.3,1257.2200000000003,23,47.84,17.16,0.17,target_hit
SBIN,camarilla,MIS,2026-07-23 11:25:00,2026-07-23 12:30:00,1015.9,1011.14,29,138.04,106.89,0.6,target_hit
SOLARINDS,camarilla,MIS,2026-07-23 11:25:00,2026-07-23 12:20:00,18730,18615.65,1,114.35,94.56,0.57,target_hit
ASTRAL,camarilla,MIS,2026-07-23 11:35:00,2026-07-23 14:20:00,1418.5,1411.825,21,140.17,108.68,0.43,target_hit
HINDUNILVR,camarilla,MIS,2026-07-23 11:40:00,2026-07-23 15:15:00,2163.9,2163.0,13,-11.7,-41.52,-0.06,forced_close
TATACONSUM,camarilla,MIS,2026-07-23 11:40:00,2026-07-23 14:40:00,1104.8,1100.192857142857,27,-124.39,-155.95,-0.41,trailing_stop
TATACOMM,camarilla,MIS,2026-07-23 11:45:00,2026-07-23 15:15:00,1813.4,1802.1,16,-180.8,-211.45,-0.4,forced_close
AMBUJACEM,camarilla,MIS,2026-07-23 11:50:00,2026-07-23 13:05:00,427.3,425.2725,70,141.93,110.3,0.45,target_hit
CGPOWER,camarilla,MIS,2026-07-23 11:50:00,2026-07-23 12:40:00,904.85,901.4100000000001,33,113.52,81.93,0.32,target_hit
LICHSGFIN,camarilla,MIS,2026-07-23 11:50:00,2026-07-23 13:35:00,534.8,531.7524999999999,56,170.66,139.01,0.98,target_hit
MARICO,camarilla,MIS,2026-07-23 11:50:00,2026-07-23 12:30:00,855.35,850.4125,35,172.81,141.18,0.74,target_hit
TRENT,camarilla,MIS,2026-07-23 11:50:00,2026-07-23 12:05:00,2906.4,2916.7250000000004,10,103.25,72.36,0.38,target_hit
ZYDUSLIFE,camarilla,MIS,2026-07-23 11:50:00,2026-07-23 13:55:00,1116.8,1112.495,26,111.93,81.21,0.3,target_hit
AXISBANK,camarilla,MIS,2026-07-23 11:55:00,2026-07-23 12:40:00,1230.5,1223.165,24,176.04,144.84,0.71,target_hit
CIPLA,camarilla,MIS,2026-07-23 11:55:00,2026-07-23 13:10:00,1422.9,1372.0428571428572,21,-1068.0,-1099.0,-1.76,trailing_stop
IREDA,camarilla,MIS,2026-07-23 11:55:00,2026-07-23 13:00:00,120.52,119.7492857142857,248,-191.14,-222.71,-0.76,trailing_stop
KEI,camarilla,MIS,2026-07-23 11:55:00,2026-07-23 13:00:00,4932.0,4901.425,6,183.45,152.19,0.57,target_hit
ONGC,camarilla,MIS,2026-07-23 11:55:00,2026-07-23 12:45:00,252.94,253.35750000000002,118,49.27,17.58,0.25,target_hit
PIIND,camarilla,MIS,2026-07-23 11:55:00,2026-07-23 12:45:00,2731.1,2708.1857142857143,10,-229.14,-257.96,-0.69,trailing_stop
RELIANCE,camarilla,MIS,2026-07-23 12:00:00,2026-07-23 12:40:00,1281.0,1275.455,23,127.54,96.37,0.67,target_hit
SHREECEM,camarilla,MIS,2026-07-23 12:00:00,2026-07-23 14:30:00,27020,26778.928571428572,1,-241.07,-269.57,-1.27,trailing_stop
TATAELXSI,camarilla,MIS,2026-07-23 12:00:00,2026-07-23 12:45:00,3423.5,3392.792857142857,8,-245.66,-274.54,-0.71,trailing_stop
BANKINDIA,camarilla,MIS,2026-07-23 12:05:00,2026-07-23 15:15:00,142.37,142.0,210,77.7,46.04,0.26,forced_close
LAURUSLABS,camarilla,MIS,2026-07-23 12:10:00,2026-07-23 12:20:00,1569.7,1562.84,19,130.34,98.8,0.58,target_hit
WIPRO,camarilla,MIS,2026-07-23 12:15:00,2026-07-23 14:30:00,175.0,175.287,171,49.08,17.31,0.19,target_hit
IOC,camarilla,MIS,2026-07-23 12:20:00,2026-07-23 12:45:00,141.27,140.875,212,83.74,52.03,0.34,target_hit
BRITANNIA,camarilla,MIS,2026-07-23 12:25:00,2026-07-23 12:55:00,5457.5,5438.475,5,95.12,66.25,0.36,target_hit
CANBK,camarilla,MIS,2026-07-23 12:30:00,2026-07-23 13:00:00,125.82,125.2225,238,142.2,110.54,0.54,target_hit
POLYCAB,camarilla,MIS,2026-07-23 12:30:00,2026-07-23 14:40:00,8970.0,8917.525,3,157.43,128.99,0.69,target_hit
SUPREMEIND,camarilla,MIS,2026-07-23 12:30:00,2026-07-23 15:15:00,3412.1,3419.9,8,-62.4,-91.39,-0.22,forced_close
TATAINVEST,camarilla,MIS,2026-07-23 12:30:00,2026-07-23 13:05:00,637.8,633.6725,47,193.99,162.33,1.06,target_hit
TATAPOWER,camarilla,MIS,2026-07-23 12:30:00,2026-07-23 12:35:00,376.75,376.5975,79,12.05,-19.51,0.06,target_hit
INDIGO,camarilla,MIS,2026-07-23 12:35:00,2026-07-23 12:40:00,5053.0,5047.975,5,25.12,-1.65,0.09,target_hit
BDL,camarilla,MIS,2026-07-23 12:40:00,2026-07-23 15:15:00,1239.0,1240.9,24,-45.6,-77.16,-0.17,forced_close
CHOLAFIN,camarilla,MIS,2026-07-23 12:40:00,2026-07-23 13:30:00,1713.5,1703.0849999999998,17,177.06,146.28,0.75,target_hit
GODFRYPHLP,camarilla,MIS,2026-07-23 12:40:00,2026-07-23 15:15:00,2054.3,2048.0,14,88.2,57.76,0.32,forced_close
KALYANKJIL,camarilla,MIS,2026-07-23 12:40:00,2026-07-23 15:15:00,587.55,584.5,51,155.55,123.87,0.42,forced_close
LODHA,camarilla,MIS,2026-07-23 12:40:00,2026-07-23 13:05:00,1143.55,1133.1425000000002,26,270.59,239.24,0.62,target_hit
NMDC,camarilla,MIS,2026-07-23 12:40:00,2026-07-23 13:15:00,82.62,82.449,363,62.07,30.31,0.25,target_hit
OBEROIRLTY,camarilla,MIS,2026-07-23 12:40:00,2026-07-23 12:45:00,1822.7,1822.02,16,10.88,-20.04,0.03,target_hit
SAIL,camarilla,MIS,2026-07-23 12:40:00,2026-07-23 15:15:00,160.09,161.01,187,-172.04,-203.9,-0.47,forced_close
YESBANK,camarilla,MIS,2026-07-23 12:40:00,2026-07-23 15:15:00,22.98,22.91,1305,91.35,59.61,0.38,forced_close
AUROPHARMA,camarilla,MIS,2026-07-23 12:45:00,2026-07-23 15:15:00,1520.0,1521.9,19,-36.1,-66.75,-0.13,forced_close
BAJAJFINSV,camarilla,MIS,2026-07-23 12:50:00,2026-07-23 13:00:00,1891.0,1894.5500000000002,15,53.25,23.14,0.17,target_hit
FORTIS,camarilla,MIS,2026-07-23 12:50:00,2026-07-23 15:15:00,941.2,944.0,31,-86.8,-117.8,-0.32,forced_close
GAIL,camarilla,MIS,2026-07-23 12:50:00,2026-07-23 13:20:00,172.0,171.481,174,90.31,58.63,0.35,target_hit
IDFCFIRSTB,camarilla,MIS,2026-07-23 12:50:00,2026-07-23 13:10:00,79.93,79.79599999999999,375,50.25,18.5,0.13,target_hit
TECHM,camarilla,MIS,2026-07-23 12:50:00,2026-07-23 12:55:00,1549.5,1548.225,19,24.23,-6.98,0.08,target_hit
PRESTIGE,camarilla,MIS,2026-07-23 12:55:00,2026-07-23 13:25:00,1644.5,1630.2649999999999,18,256.23,225.0,0.63,target_hit
360ONE,camarilla,MIS,2026-07-23 13:00:00,2026-07-23 15:15:00,1081.7,1084.6,27,-78.3,-109.32,-0.21,forced_close
ADANIPOWER,camarilla,MIS,2026-07-23 13:00:00,2026-07-23 14:00:00,214.09,211.56,140,354.2,322.64,0.98,target_hit
COLPAL,camarilla,MIS,2026-07-23 13:00:00,2026-07-23 14:15:00,2093.0,2079.875,14,183.75,152.79,0.86,target_hit
MARUTI,camarilla,MIS,2026-07-23 13:00:00,2026-07-23 13:45:00,13475,13419.6,2,110.8,82.29,0.59,target_hit
POLICYBZR,camarilla,MIS,2026-07-23 13:00:00,2026-07-23 13:15:00,1528.5,1527.3,19,22.8,-7.98,0.08,target_hit
ATGL,camarilla,MIS,2026-07-23 13:05:00,2026-07-23 14:45:00,671.8,667.9050000000001,44,171.38,140.14,0.65,target_hit
NYKAA,camarilla,MIS,2026-07-23 13:05:00,2026-07-23 15:15:00,323.2,324.95,92,-161.0,-192.63,-0.59,forced_close
PNB,camarilla,MIS,2026-07-23 13:05:00,2026-07-23 15:15:00,109.95,110.19,272,-65.28,-97.04,-0.28,forced_close
HDFCLIFE,camarilla,MIS,2026-07-23 13:10:00,2026-07-23 15:15:00,549.7,551.0,54,-70.2,-101.72,-0.33,forced_close
APLAPOLLO,camarilla,MIS,2026-07-23 13:15:00,2026-07-23 13:20:00,1838.1,1838.9050000000002,16,12.88,-18.32,0.06,target_hit
HAL,camarilla,MIS,2026-07-23 13:15:00,2026-07-23 15:00:00,4551.0,4588.278571428571,6,-223.67,-252.77,-0.82,trailing_stop
JINDALSTEL,camarilla,MIS,2026-07-23 13:15:00,2026-07-23 15:15:00,1041.1,1040.0,28,30.8,-0.09,0.1,forced_close
TMPV,camarilla,MIS,2026-07-23 13:15:00,2026-07-23 15:15:00,325.45,324.2,92,115.0,83.32,0.41,forced_close
SUNPHARMA,camarilla,MIS,2026-07-23 13:20:00,2026-07-23 14:00:00,1932.2,1951.0785714285716,15,-283.18,-314.09,-1.25,trailing_stop
ENRIN,camarilla,MIS,2026-07-23 13:25:00,2026-07-23 14:25:00,3342.0,3335.725,8,50.2,21.88,0.2,target_hit
ICICIBANK,camarilla,MIS,2026-07-23 13:25:00,2026-07-23 15:15:00,1428.6,1435.3,20,-134.0,-164.39,-0.6,forced_close
JSWENERGY,camarilla,MIS,2026-07-23 13:25:00,2026-07-23 15:15:00,553.4,557.0,54,-194.4,-226.21,-0.62,forced_close
BLUESTARCO,camarilla,MIS,2026-07-23 13:30:00,2026-07-23 14:35:00,1636.1,1627.48,18,155.16,124.03,0.51,target_hit
ASHOKLEY,camarilla,MIS,2026-07-23 13:35:00,2026-07-23 14:05:00,151.4,150.8565,198,107.61,75.89,0.46,target_hit
GODREJPROP,camarilla,MIS,2026-07-23 13:35:00,2026-07-23 14:55:00,2038.8,2031.6,14,100.8,70.6,0.27,target_hit
LTF,camarilla,MIS,2026-07-23 13:35:00,2026-07-23 15:15:00,303.45,305.2,98,-171.5,-203.15,-0.51,forced_close
HCLTECH,camarilla,MIS,2026-07-23 13:40:00,2026-07-23 13:50:00,1244.5,1246.155,24,39.72,8.02,0.17,target_hit
IDEA,camarilla,MIS,2026-07-23 13:40:00,2026-07-23 13:45:00,13.37,13.3585,2243,25.79,-5.99,0.08,target_hit
INFY,camarilla,MIS,2026-07-23 13:40:00,2026-07-23 15:15:00,1044.1,1046.7,28,-72.8,-103.85,-0.22,forced_close
TIINDIA,camarilla,MIS,2026-07-23 13:40:00,2026-07-23 14:15:00,2847.4,2843.2,10,42.0,11.83,0.13,target_hit
JUBLFOOD,camarilla,MIS,2026-07-23 13:45:00,2026-07-23 14:40:00,413.55,412.2775,72,91.62,60.1,0.34,target_hit
BIOCON,camarilla,MIS,2026-07-23 14:05:00,2026-07-23 14:35:00,433.2,435.8392857142857,69,-182.11,-213.93,-1.06,trailing_stop
DLF,camarilla,MIS,2026-07-23 14:15:00,2026-07-23 14:50:00,641.8,639.0425,46,126.84,95.62,0.35,target_hit
INDUSTOWER,camarilla,MIS,2026-07-23 14:15:00,2026-07-23 15:15:00,390.25,390.4,76,-11.4,-42.86,-0.05,forced_close
UNITDSPR,camarilla,MIS,2026-07-23 14:15:00,2026-07-23 15:05:00,1420.5,1421.855,21,28.46,-3.2,0.07,target_hit
SUZLON,camarilla,MIS,2026-07-23 14:25:00,2026-07-23 14:40:00,52.38,52.256499999999996,572,70.64,38.91,0.28,target_hit
EXIDEIND,camarilla,MIS,2026-07-23 14:30:00,2026-07-23 15:15:00,441.55,440.0,67,103.85,72.54,0.37,forced_close
GODREJCP,camarilla,MIS,2026-07-23 14:30:00,2026-07-23 15:15:00,1058.2,1057.3,28,25.2,-6.2,0.09,forced_close
MAXHEALTH,camarilla,MIS,2026-07-23 14:30:00,2026-07-23 15:15:00,1086.9,1084.3,27,-70.2,-101.28,-0.29,forced_close
KPITTECH,camarilla,MIS,2026-07-23 14:35:00,2026-07-23 15:15:00,550.25,550.8,54,-29.7,-61.23,-0.07,forced_close
BAJAJ-AUTO,camarilla,MIS,2026-07-23 14:40:00,2026-07-23 14:45:00,11244.5,11249.3,2,9.6,-14.25,0.06,target_hit
JIOFIN,camarilla,MIS,2026-07-23 14:40:00,2026-07-23 15:15:00,232.79,232.89,128,-12.8,-44.41,-0.05,forced_close
PAYTM,camarilla,MIS,2026-07-23 14:40:00,2026-07-23 15:15:00,1251.5,1255.8,23,-98.9,-129.49,-0.3,forced_close
BPCL,camarilla,MIS,2026-07-23 14:45:00,2026-07-23 15:15:00,308.95,309.45,97,-48.5,-80.31,-0.15,forced_close
NTPC,camarilla,MIS,2026-07-23 14:45:00,2026-07-23 15:15:00,347.9,348.6,86,-60.2,-91.97,-0.19,forced_close
PFC,camarilla,MIS,2026-07-23 15:00:00,2026-07-23 15:15:00,409.65,410.1,73,-32.85,-64.58,-0.13,forced_close
TORNTPHARM,camarilla,MIS,2026-07-23 15:00:00,2026-07-23 15:15:00,5068.5,5069.8,5,6.5,-20.38,0.03,forced_close
DABUR,camarilla,MIS,2026-07-23 15:05:00,2026-07-23 15:10:00,423.5,423.1725,70,22.92,-8.5,0.09,target_hit
SIEMENS,camarilla,MIS,2026-07-23 15:05:00,2026-07-23 15:10:00,3685.6,3686.8,8,9.6,-21.67,0.03,target_hit
HINDALCO,camarilla,MIS,2026-07-23 15:10:00,2026-07-23 15:15:00,956.6,956.05,31,-17.05,-48.49,-0.08,forced_close
RVNL,camarilla,MIS,2026-07-23 15:10:00,2026-07-23 15:15:00,224.2,224.7,133,66.5,34.84,0.21,forced_close
MOTHERSON,camarilla,MIS,2026-07-23 15:15:00,2026-07-23 15:20:00,145.83,145.9595,205,26.55,-5.17,0.07,target_hit
MANKIND,camarilla,MIS,2026-07-23 15:20:00,2026-07-23 15:25:00,2561.7,2557.0,11,-51.7,-81.55,-0.22,forced_close
CUMMINSIND,camarilla,MIS,2026-07-23 15:25:00,2026-07-23 15:25:00,5610.0,5610.0,5,0.0,-29.75,0.0,eod_data_end
HDFCAMC,camarilla,MIS,2026-07-23 15:25:00,2026-07-23 15:25:00,2521.0,2521.0,11,-0.0,-29.41,-0.0,eod_data_end
NHPC,camarilla,MIS,2026-07-23 15:25:00,2026-07-23 15:25:00,79.93,79.93,375,-0.0,-31.79,-0.0,eod_data_end
UPL,camarilla,MIS,2026-07-23 15:25:00,2026-07-23 15:25:00,605.0,605.0,49,-0.0,-31.44,-0.0,eod_data_end
GODFRYPHLP,camarilla,MIS,2026-07-24 10:55:00,2026-07-24 12:40:00,2059.0,2070.0950000000003,14,155.33,124.66,0.37,target_hit
INDUSTOWER,camarilla,MIS,2026-07-24 10:55:00,2026-07-24 11:20:00,386.6,392.34285714285716,77,-442.2,-474.05,-1.29,trailing_stop
LAURUSLABS,camarilla,MIS,2026-07-24 10:55:00,2026-07-24 11:45:00,1558.9,1580.9285714285713,19,-418.54,-450.22,-1.13,trailing_stop
NAUKRI,camarilla,MIS,2026-07-24 10:55:00,2026-07-24 11:00:00,1152.5,1152.1850000000002,26,8.19,-23.58,0.02,target_hit
NMDC,camarilla,MIS,2026-07-24 10:55:00,2026-07-24 11:45:00,82.01,82.98571428571428,365,-356.14,-388.11,-1.18,trailing_stop
SUPREMEIND,camarilla,MIS,2026-07-24 10:55:00,2026-07-24 11:00:00,3401.6,3394.395,8,57.64,28.82,0.16,target_hit
VMM,camarilla,MIS,2026-07-24 10:55:00,2026-07-24 11:50:00,107.31,108.75,279,-401.76,-433.77,-0.74,trailing_stop
DLF,camarilla,MIS,2026-07-24 11:00:00,2026-07-24 12:20:00,633.45,643.0071428571429,47,-449.19,-481.05,-1.22,trailing_stop
RECLTD,camarilla,MIS,2026-07-24 11:00:00,2026-07-24 12:20:00,356.8,359.46071428571435,84,-223.5,-255.43,-0.69,trailing_stop
TORNTPHARM,camarilla,MIS,2026-07-24 11:00:00,2026-07-24 11:20:00,5002.2,4986.44,5,78.8,52.33,0.41,target_hit
ITC,camarilla,MIS,2026-07-24 11:05:00,2026-07-24 12:10:00,282.65,283.6925,106,110.51,78.66,0.4,target_hit
ZYDUSLIFE,camarilla,MIS,2026-07-24 11:05:00,2026-07-24 15:15:00,1105.7,1108.8,27,-83.7,-115.41,-0.31,forced_close
APOLLOHOSP,camarilla,MIS,2026-07-24 11:10:00,2026-07-24 12:15:00,8826.5,8796.0,3,91.5,63.48,0.72,target_hit
INDUSINDBK,camarilla,MIS,2026-07-24 11:10:00,2026-07-24 13:15:00,988.4,1000.4892857142858,30,-362.68,-394.36,-0.94,trailing_stop
JSWENERGY,camarilla,MIS,2026-07-24 11:10:00,2026-07-24 11:15:00,547.8,547.6975,54,5.53,-25.83,0.01,target_hit
JSWSTEEL,camarilla,MIS,2026-07-24 11:10:00,2026-07-24 12:40:00,1230.4,1241.2785714285712,24,-261.09,-292.57,-0.96,trailing_stop
OIL,camarilla,MIS,2026-07-24 11:10:00,2026-07-24 12:45:00,455.35,453.245,65,136.83,105.53,0.41,target_hit
PIDILITIND,camarilla,MIS,2026-07-24 11:10:00,2026-07-24 12:55:00,1542.1,1568.6357142857141,19,-504.18,-535.57,-1.54,trailing_stop
GRASIM,camarilla,MIS,2026-07-24 11:15:00,2026-07-24 12:20:00,3070.1,3088.6857142857143,9,-167.27,-196.68,-0.7,trailing_stop
RELIANCE,camarilla,MIS,2026-07-24 11:15:00,2026-07-24 11:25:00,1278.3,1282.815,23,103.85,72.6,0.51,target_hit
UNIONBANK,camarilla,MIS,2026-07-24 11:15:00,2026-07-24 12:45:00,166.37,169.71285714285713,180,-601.71,-633.86,-1.56,trailing_stop
KPITTECH,camarilla,MIS,2026-07-24 11:20:00,2026-07-24 11:40:00,554.9,555.1899999999999,54,15.66,-16.13,0.03,target_hit
VOLTAS,camarilla,MIS,2026-07-24 11:20:00,2026-07-24 12:25:00,1319.2,1325.6550000000002,22,142.01,111.14,0.35,target_hit
MFSL,camarilla,MIS,2026-07-24 11:25:00,2026-07-24 12:55:00,1492.2,1512.692857142857,20,-409.86,-441.77,-1.34,trailing_stop
SUZLON,camarilla,MIS,2026-07-24 11:25:00,2026-07-24 14:00:00,52.05,52.40642857142857,576,-205.3,-237.23,-0.7,trailing_stop
TCS,camarilla,MIS,2026-07-24 11:30:00,2026-07-24 12:25:00,2219.7,2249.057142857143,13,-381.64,-412.49,-1.13,trailing_stop
TATAELXSI,camarilla,MIS,2026-07-24 11:35:00,2026-07-24 11:40:00,3414.4,3416.42,8,16.16,-12.82,0.04,target_hit
ADANIENSOL,camarilla,MIS,2026-07-24 11:45:00,2026-07-24 15:15:00,1706.4,1702.7,17,-62.9,-93.62,-0.12,forced_close
MANKIND,camarilla,MIS,2026-07-24 11:45:00,2026-07-24 14:25:00,2528.4,2516.8650000000002,11,126.88,97.47,0.42,target_hit
SHREECEM,camarilla,MIS,2026-07-24 11:45:00,2026-07-24 11:55:00,26540,26533.5,1,6.5,-21.64,0.02,target_hit
TRENT,camarilla,MIS,2026-07-24 11:50:00,2026-07-24 12:20:00,2894.5,2910.55,10,160.5,129.7,0.42,target_hit
ADANIPOWER,camarilla,MIS,2026-07-24 11:55:00,2026-07-24 14:45:00,214.38,212.91071428571433,139,-204.23,-235.7,-0.44,trailing_stop
CUMMINSIND,camarilla,MIS,2026-07-24 11:55:00,2026-07-24 13:00:00,5632.5,5599.821428571428,5,-163.39,-193.15,-0.63,trailing_stop
JUBLFOOD,camarilla,MIS,2026-07-24 11:55:00,2026-07-24 13:30:00,414.85,416.8925,72,147.06,115.29,0.37,target_hit
LICHSGFIN,camarilla,MIS,2026-07-24 11:55:00,2026-07-24 12:05:00,537.7,538.1275,55,23.51,-7.86,0.07,target_hit
MARUTI,camarilla,MIS,2026-07-24 11:55:00,2026-07-24 15:15:00,13485,13449,2,-72,-100.55,-0.26,forced_close
PIIND,camarilla,MIS,2026-07-24 11:55:00,2026-07-24 13:30:00,2767.2,2742.6571428571433,10,-245.43,-274.62,-0.76,trailing_stop
BANKBARODA,camarilla,MIS,2026-07-24 12:00:00,2026-07-24 12:25:00,244.65,245.2125,122,68.62,36.93,0.2,target_hit
TIINDIA,camarilla,MIS,2026-07-24 12:00:00,2026-07-24 14:25:00,2780.4,2766.805,10,135.95,106.55,0.31,target_hit
BRITANNIA,camarilla,MIS,2026-07-24 12:05:00,2026-07-24 13:15:00,5446.0,5384.535714285715,5,-307.32,-336.0,-1.04,trailing_stop
KALYANKJIL,camarilla,MIS,2026-07-24 12:05:00,2026-07-24 14:45:00,578.25,575.4250000000001,51,144.07,112.89,0.32,target_hit
TATACONSUM,camarilla,MIS,2026-07-24 12:05:00,2026-07-24 13:00:00,1101.5,1096.755,27,128.11,96.66,0.54,target_hit
AUROPHARMA,camarilla,MIS,2026-07-24 12:10:00,2026-07-24 15:15:00,1532.6,1533.4,19,15.2,-15.69,0.05,forced_close
360ONE,camarilla,MIS,2026-07-24 12:15:00,2026-07-24 12:25:00,1092.9,1097.8300000000002,27,133.11,101.73,0.33,target_hit
WIPRO,camarilla,MIS,2026-07-24 12:15:00,2026-07-24 12:20:00,175.89,176.0575,170,28.48,-3.25,0.09,target_hit
COFORGE,camarilla,MIS,2026-07-24 12:20:00,2026-07-24 12:40:00,1459.9,1461.4050000000002,20,30.1,-0.88,0.07,target_hit
SOLARINDS,camarilla,MIS,2026-07-24 12:20:00,2026-07-24 13:30:00,18458,18375.15,1,82.85,63.33,0.35,target_hit
AXISBANK,camarilla,MIS,2026-07-24 12:25:00,2026-07-24 15:15:00,1230.0,1227.8,24,-52.8,-84.07,-0.17,forced_close
BDL,camarilla,MIS,2026-07-24 12:25:00,2026-07-24 15:15:00,1248.0,1243.8,24,-100.8,-132.5,-0.23,forced_close
CANBK,camarilla,MIS,2026-07-24 12:25:00,2026-07-24 14:00:00,125.94,126.606,238,158.51,126.62,0.36,target_hit
CONCOR,camarilla,MIS,2026-07-24 12:25:00,2026-07-24 13:30:00,483.8,478.1821428571428,62,-348.31,-379.89,-0.98,trailing_stop
IDFCFIRSTB,camarilla,MIS,2026-07-24 12:25:00,2026-07-24 14:00:00,80.4,80.71400000000001,373,117.12,85.24,0.32,target_hit
JIOFIN,camarilla,MIS,2026-07-24 12:25:00,2026-07-24 13:45:00,234.68,235.0465,127,46.55,14.91,0.17,target_hit
KOTAKBANK,camarilla,MIS,2026-07-24 12:25:00,2026-07-24 14:45:00,385.85,384.53571428571433,77,-101.2,-132.64,-0.36,trailing_stop
PFC,camarilla,MIS,2026-07-24 12:25:00,2026-07-24 13:00:00,412.0,413.7075,72,122.94,91.4,0.49,target_hit
SUNPHARMA,camarilla,MIS,2026-07-24 12:25:00,2026-07-24 12:35:00,1941.0,1936.565,15,66.52,35.69,0.46,target_hit
SRF,camarilla,MIS,2026-07-24 12:30:00,2026-07-24 13:40:00,2695.0,2667.5714285714284,11,-301.71,-332.96,-0.85,trailing_stop
PATANJALI,camarilla,MIS,2026-07-24 12:35:00,2026-07-24 12:45:00,339.85,342.0225,88,191.18,159.34,0.38,target_hit
AUBANK,camarilla,MIS,2026-07-24 12:40:00,2026-07-24 12:45:00,987.9,994.815,30,207.45,175.89,0.48,target_hit
TECHM,camarilla,MIS,2026-07-24 12:40:00,2026-07-24 14:15:00,1547.0,1559.0285714285715,19,-228.54,-259.86,-0.74,trailing_stop
BLUESTARCO,camarilla,MIS,2026-07-24 13:00:00,2026-07-24 15:00:00,1646.9,1634.007142857143,18,-232.07,-263.36,-0.63,trailing_stop
PREMIERENE,camarilla,MIS,2026-07-24 13:05:00,2026-07-24 15:15:00,1015.9,1020.4,29,-130.5,-161.83,-0.41,forced_close
IREDA,camarilla,MIS,2026-07-24 13:15:00,2026-07-24 15:15:00,120.22,120.54,249,79.68,47.88,0.22,forced_close
LODHA,camarilla,MIS,2026-07-24 13:20:00,2026-07-24 15:05:00,1162.05,1142.3357142857142,25,-492.86,-523.35,-1.02,trailing_stop
SAIL,camarilla,MIS,2026-07-24 13:20:00,2026-07-24 13:55:00,161.96,162.6865,185,134.4,102.54,0.47,target_hit
CHOLAFIN,camarilla,MIS,2026-07-24 13:25:00,2026-07-24 13:50:00,1729.3,1734.515,17,88.66,57.42,0.29,target_hit
HDFCAMC,camarilla,MIS,2026-07-24 13:30:00,2026-07-24 15:15:00,2527.5,2503.3,11,-266.2,-295.51,-1.12,forced_close
POWERGRID,camarilla,MIS,2026-07-24 13:30:00,2026-07-24 15:15:00,288.45,288.15,104,31.2,-0.59,0.13,forced_close
HYUNDAI,camarilla,MIS,2026-07-24 13:35:00,2026-07-24 15:10:00,1972.2,1954.2142857142858,15,-269.79,-300.98,-0.91,trailing_stop
ABB,camarilla,MIS,2026-07-24 13:40:00,2026-07-24 14:25:00,7451.0,7418.825,4,128.7,97.18,0.29,target_hit
EXIDEIND,camarilla,MIS,2026-07-24 13:40:00,2026-07-24 15:00:00,443.65,447.4775,67,256.44,224.76,0.68,target_hit
PAYTM,camarilla,MIS,2026-07-24 13:45:00,2026-07-24 13:50:00,1275.5,1276.49,23,22.77,-8.35,0.03,target_hit
SHRIRAMFIN,camarilla,MIS,2026-07-24 13:50:00,2026-07-24 15:00:00,1043.8,1006.25,28,-1051.4,-1081.72,-1.37,trailing_stop
BAJAJFINSV,camarilla,MIS,2026-07-24 13:55:00,2026-07-24 15:15:00,1875.3,1876.4,15,-16.5,-46.34,-0.06,forced_close
BHEL,camarilla,MIS,2026-07-24 13:55:00,2026-07-24 14:40:00,414.15,415.84250000000003,72,121.86,90.16,0.43,target_hit
POLICYBZR,camarilla,MIS,2026-07-24 13:55:00,2026-07-24 14:00:00,1540.1,1542.815,19,51.59,20.52,0.12,target_hit
AMBUJACEM,camarilla,MIS,2026-07-24 14:00:00,2026-07-24 15:15:00,426.6,425.6,70,-70.0,-101.62,-0.23,forced_close
BANKINDIA,camarilla,MIS,2026-07-24 14:00:00,2026-07-24 15:15:00,142.99,142.69,209,-62.7,-94.35,-0.17,forced_close
HINDZINC,camarilla,MIS,2026-07-24 14:00:00,2026-07-24 14:05:00,525.25,524.99,57,14.82,-16.92,0.04,target_hit
MAZDOCK,camarilla,MIS,2026-07-24 14:00:00,2026-07-24 15:00:00,2311.4,2284.878571428571,12,-318.26,-347.47,-1.08,trailing_stop
ABCAPITAL,camarilla,MIS,2026-07-24 14:05:00,2026-07-24 15:15:00,395.0,394.25,75,-56.25,-87.63,-0.15,forced_close
PNB,camarilla,MIS,2026-07-24 14:05:00,2026-07-24 15:15:00,110.55,110.34,271,-56.91,-88.64,-0.22,forced_close
BSE,camarilla,MIS,2026-07-24 14:20:00,2026-07-24 15:15:00,3541.3,3548.8,8,-60.0,-90.08,-0.2,forced_close
CGPOWER,camarilla,MIS,2026-07-24 14:20:00,2026-07-24 14:25:00,867.25,864.7425,34,85.26,54.04,0.12,target_hit
GLENMARK,camarilla,MIS,2026-07-24 14:20:00,2026-07-24 15:15:00,2188.0,2190.9,13,-37.7,-67.89,-0.2,forced_close
TATACOMM,camarilla,MIS,2026-07-24 14:30:00,2026-07-24 15:15:00,1768.9,1770.3,16,-22.4,-52.43,-0.12,forced_close
NHPC,camarilla,MIS,2026-07-24 14:35:00,2026-07-24 15:15:00,79.32,79.38,378,-22.68,-54.49,-0.08,forced_close
NTPC,camarilla,MIS,2026-07-24 14:35:00,2026-07-24 14:40:00,347.0,346.62000000000006,86,32.68,1.05,0.13,target_hit
BAJAJ-AUTO,camarilla,MIS,2026-07-24 14:40:00,2026-07-24 15:15:00,11147.5,11134.5,2,26.0,2.37,0.21,forced_close
ATGL,camarilla,MIS,2026-07-24 14:45:00,2026-07-24 15:15:00,653.3,652.65,45,29.25,-1.91,0.1,forced_close
SBILIFE,camarilla,MIS,2026-07-24 14:45:00,2026-07-24 14:50:00,1872.0,1888.865,16,269.84,237.9,0.56,target_hit
INDHOTEL,camarilla,MIS,2026-07-24 15:00:00,2026-07-24 15:15:00,727.0,728.56,41,63.96,32.31,0.23,target_hit
IRFC,camarilla,MIS,2026-07-24 15:00:00,2026-07-24 15:15:00,87.55,87.61,342,20.52,-11.25,0.08,forced_close
FORTIS,camarilla,MIS,2026-07-24 15:15:00,2026-07-24 15:20:00,949.05,950.635,31,49.14,17.9,0.18,target_hit
ALKEM,camarilla,MIS,2026-07-24 15:20:00,2026-07-24 15:25:00,5643.0,5630.0,5,-65.0,-94.88,-0.33,forced_close
RADICO,camarilla,MIS,2026-07-24 15:25:00,2026-07-24 15:25:00,4114.0,4114.0,7,0.0,-30.54,0.0,eod_data_end
SBICARD,camarilla,MIS,2026-07-24 15:25:00,2026-07-24 15:25:00,618.0,618.0,48,-0.0,-31.46,-0.0,eod_data_end
CANBK,camarilla,MIS,2026-07-27 10:55:00,2026-07-27 12:10:00,126.88,127.7565,236,206.85,174.97,0.48,target_hit
PHOENIXLTD,camarilla,MIS,2026-07-27 10:55:00,2026-07-27 11:30:00,2036.4,2042.105,14,79.87,49.59,0.23,target_hit
UNITDSPR,camarilla,MIS,2026-07-27 10:55:00,2026-07-27 13:15:00,1500.0,1491.7142857142858,20,-165.71,-197.42,-0.41,trailing_stop
M&M,camarilla,MIS,2026-07-27 11:00:00,2026-07-27 11:25:00,3190.3,3206.445,9,145.3,114.76,0.52,target_hit
RECLTD,camarilla,MIS,2026-07-27 11:00:00,2026-07-27 11:25:00,364.25,366.88000000000005,82,215.66,183.85,0.52,target_hit
SBIN,camarilla,MIS,2026-07-27 11:00:00,2026-07-27 15:15:00,1020.1,1021.0,29,26.1,-5.29,0.09,forced_close
ABB,camarilla,MIS,2026-07-27 11:05:00,2026-07-27 11:25:00,7244.0,7238.0,4,24.0,-6.71,0.04,target_hit
SBILIFE,camarilla,MIS,2026-07-27 11:05:00,2026-07-27 12:35:00,1837.3,1850.2857142857144,16,-207.77,-239.08,-0.63,trailing_stop
PFC,camarilla,MIS,2026-07-27 11:10:00,2026-07-27 11:15:00,415.9,416.7675,72,62.46,30.66,0.21,target_hit
ADANIPORTS,camarilla,MIS,2026-07-27 11:15:00,2026-07-27 13:15:00,1757.9,1765.9785714285715,17,-137.34,-169.11,-0.4,trailing_stop
BSE,camarilla,MIS,2026-07-27 11:15:00,2026-07-27 11:35:00,3531.1,3524.62,8,51.84,21.92,0.24,target_hit
GAIL,camarilla,MIS,2026-07-27 11:20:00,2026-07-27 11:25:00,171.99,172.1705,174,31.41,-0.35,0.14,target_hit
INDHOTEL,camarilla,MIS,2026-07-27 11:20:00,2026-07-27 14:55:00,733.6,731.2321428571428,40,-94.71,-125.77,-0.34,trailing_stop
BAJAJ-AUTO,camarilla,MIS,2026-07-27 11:25:00,2026-07-27 11:40:00,11200.0,11251.0,2,102.0,78.18,0.49,target_hit
HUDCO,camarilla,MIS,2026-07-27 11:25:00,2026-07-27 12:10:00,198.45,198.708,151,38.96,7.16,0.18,target_hit
LICHSGFIN,camarilla,MIS,2026-07-27 11:25:00,2026-07-27 12:10:00,544.9,546.0450000000001,55,62.98,31.15,0.29,target_hit
SHRIRAMFIN,camarilla,MIS,2026-07-27 11:30:00,2026-07-27 14:05:00,1022.1,1037.055,29,433.7,401.98,0.95,target_hit
BLUESTARCO,camarilla,MIS,2026-07-27 11:35:00,2026-07-27 14:00:00,1661.0,1645.392857142857,18,-280.93,-312.45,-0.61,trailing_stop
MCX,camarilla,MIS,2026-07-27 11:35:00,2026-07-27 11:40:00,2750.8,2752.715,10,19.15,-10.03,0.06,target_hit
POLICYBZR,camarilla,MIS,2026-07-27 11:35:00,2026-07-27 15:15:00,1552.3,1553.3,19,19.0,-12.29,0.08,forced_close
TATACONSUM,camarilla,MIS,2026-07-27 11:35:00,2026-07-27 14:10:00,1107.5,1108.955,27,39.28,7.55,0.08,target_hit
ABCAPITAL,camarilla,MIS,2026-07-27 11:40:00,2026-07-27 14:15:00,398.3,399.8725,75,117.94,86.18,0.49,target_hit
IRFC,camarilla,MIS,2026-07-27 11:40:00,2026-07-27 15:15:00,88.45,88.14,339,-105.09,-136.82,-0.46,forced_close
TITAN,camarilla,MIS,2026-07-27 11:40:00,2026-07-27 14:50:00,4709.2,4728.095,6,113.37,83.33,0.66,target_hit
HDFCBANK,camarilla,MIS,2026-07-27 11:45:00,2026-07-27 15:15:00,739.25,739.35,40,-4.0,-35.36,-0.03,forced_close
BANKBARODA,camarilla,MIS,2026-07-27 11:50:00,2026-07-27 15:15:00,244.15,244.05,122,12.2,-19.38,0.04,forced_close
DMART,camarilla,MIS,2026-07-27 11:50:00,2026-07-27 12:00:00,4058.0,4065.4400000000005,7,52.08,21.92,0.17,target_hit
JSWSTEEL,camarilla,MIS,2026-07-27 11:50:00,2026-07-27 13:00:00,1236.0,1243.5857142857142,24,-182.06,-213.63,-0.75,trailing_stop
GODREJCP,camarilla,MIS,2026-07-27 11:55:00,2026-07-27 12:10:00,1068.3,1071.215,28,81.62,49.85,0.32,target_hit
HINDALCO,camarilla,MIS,2026-07-27 11:55:00,2026-07-27 12:00:00,948.05,948.9599999999999,31,28.21,-2.97,0.14,target_hit
MPHASIS,camarilla,MIS,2026-07-27 11:55:00,2026-07-27 15:15:00,2342.7,2330.1,12,-151.2,-180.92,-0.43,forced_close
NHPC,camarilla,MIS,2026-07-27 11:55:00,2026-07-27 15:15:00,79.78,79.69,376,-33.84,-65.63,-0.13,forced_close
ENRIN,camarilla,MIS,2026-07-27 12:00:00,2026-07-27 14:00:00,3262.3,3237.442857142857,9,-223.71,-254.71,-0.66,trailing_stop
ICICIGI,camarilla,MIS,2026-07-27 12:00:00,2026-07-27 13:45:00,1682.2,1676.1714285714284,17,-102.49,-132.75,-0.59,trailing_stop
KEI,camarilla,MIS,2026-07-27 12:00:00,2026-07-27 15:10:00,4925.5,4880.285714285715,6,-271.29,-302.45,-0.74,trailing_stop
POWERGRID,camarilla,MIS,2026-07-27 12:00:00,2026-07-27 13:45:00,289.45,287.52142857142854,103,-198.64,-230.13,-0.88,trailing_stop
TMPV,camarilla,MIS,2026-07-27 12:00:00,2026-07-27 13:15:00,327.3,327.925,91,56.88,25.25,0.27,target_hit
JSWENERGY,camarilla,MIS,2026-07-27 12:05:00,2026-07-27 15:15:00,548.5,548.95,54,-24.3,-55.73,-0.07,forced_close
VBL,camarilla,MIS,2026-07-27 12:05:00,2026-07-27 12:15:00,459.75,461.7925,65,132.76,100.99,0.41,target_hit
INDUSTOWER,camarilla,MIS,2026-07-27 12:10:00,2026-07-27 13:40:00,391.05,388.5775,76,187.91,156.51,0.59,target_hit
360ONE,camarilla,MIS,2026-07-27 12:15:00,2026-07-27 12:20:00,1123.9,1124.3,26,10.4,-20.59,0.04,target_hit
AMBUJACEM,camarilla,MIS,2026-07-27 12:20:00,2026-07-27 14:15:00,430.05,431.7775,69,119.2,87.65,0.5,target_hit
EXIDEIND,camarilla,MIS,2026-07-27 12:20:00,2026-07-27 13:30:00,438.45,435.795,68,180.54,149.04,0.62,target_hit
KALYANKJIL,camarilla,MIS,2026-07-27 12:20:00,2026-07-27 15:15:00,564.95,563.375,53,83.48,51.78,0.12,target_hit
SUPREMEIND,camarilla,MIS,2026-07-27 12:20:00,2026-07-27 12:35:00,3420.8,3393.505,8,218.36,189.48,0.56,target_hit
APOLLOHOSP,camarilla,MIS,2026-07-27 12:25:00,2026-07-27 14:25:00,8780.0,8834.035714285714,3,-162.11,-190.14,-1.24,trailing_stop
GRASIM,camarilla,MIS,2026-07-27 12:30:00,2026-07-27 15:00:00,3099.1,3107.88,9,79.02,49.39,0.39,target_hit
HDFCLIFE,camarilla,MIS,2026-07-27 12:30:00,2026-07-27 15:15:00,552.4,553.05,54,-35.1,-66.76,-0.18,forced_close
SIEMENS,camarilla,MIS,2026-07-27 12:30:00,2026-07-27 15:15:00,3718.5,3715.0,8,-28.0,-59.53,-0.09,forced_close
SHREECEM,camarilla,MIS,2026-07-27 12:35:00,2026-07-27 15:15:00,27030,26880,1,-150,-178.57,-0.59,forced_close
ADANIENSOL,camarilla,MIS,2026-07-27 12:50:00,2026-07-27 15:15:00,1685.8,1702.0714285714284,17,-276.61,-307.18,-1.03,trailing_stop
NATIONALUM,camarilla,MIS,2026-07-27 12:55:00,2026-07-27 14:00:00,342.4,341.0125,87,120.71,89.2,0.44,target_hit
BAJAJHLDNG,camarilla,MIS,2026-07-27 13:00:00,2026-07-27 13:05:00,10783,10786.25,2,6.5,-16.37,0.03,target_hit
BHARATFORG,camarilla,MIS,2026-07-27 13:00:00,2026-07-27 13:10:00,2165.7,2174.095,13,109.13,79.21,0.31,target_hit
VMM,camarilla,MIS,2026-07-27 13:00:00,2026-07-27 13:10:00,109.0,109.415,275,114.13,82.26,0.29,target_hit
FEDERALBNK,camarilla,MIS,2026-07-27 13:05:00,2026-07-27 15:15:00,356.1,356.75,84,54.6,22.84,0.25,forced_close
BEL,camarilla,MIS,2026-07-27 13:15:00,2026-07-27 14:40:00,407.35,407.805,73,33.21,1.66,0.17,target_hit
COCHINSHIP,camarilla,MIS,2026-07-27 13:15:00,2026-07-27 15:15:00,1404.0,1402.4,21,-33.6,-64.84,-0.14,forced_close
VEDL,camarilla,MIS,2026-07-27 13:20:00,2026-07-27 14:25:00,266.45,265.25714285714287,112,-133.6,-165.16,-0.47,trailing_stop
LTM,camarilla,MIS,2026-07-27 13:25:00,2026-07-27 13:35:00,4180.9,4182.77,7,13.09,-17.95,0.07,target_hit
TATAPOWER,camarilla,MIS,2026-07-27 13:25:00,2026-07-27 14:20:00,375.85,376.7925,79,74.46,42.92,0.49,target_hit
BDL,camarilla,MIS,2026-07-27 13:30:00,2026-07-27 13:50:00,1256.8,1259.6100000000001,23,64.63,33.93,0.15,target_hit
MFSL,camarilla,MIS,2026-07-27 13:30:00,2026-07-27 15:15:00,1505.4,1509.6,19,-79.8,-110.18,-0.22,forced_close
GMRAIRPORT,camarilla,MIS,2026-07-27 13:40:00,2026-07-27 15:10:00,107.65,108.132,278,134.0,102.17,0.56,target_hit
ICICIBANK,camarilla,MIS,2026-07-27 13:40:00,2026-07-27 14:25:00,1439.8,1446.43,20,132.6,101.98,0.63,target_hit
CIPLA,camarilla,MIS,2026-07-27 13:45:00,2026-07-27 14:50:00,1394.0,1404.0857142857142,21,-211.8,-242.98,-0.87,trailing_stop
PNB,camarilla,MIS,2026-07-27 13:55:00,2026-07-27 14:00:00,111.44,111.4415,269,0.4,-31.39,0.0,target_hit
FORTIS,camarilla,MIS,2026-07-27 14:00:00,2026-07-27 15:15:00,941.8,942.05,31,-7.75,-38.72,-0.03,forced_close
WIPRO,camarilla,MIS,2026-07-27 14:00:00,2026-07-27 15:15:00,178.6,178.61,167,1.67,-29.96,0.01,forced_close
INDIANB,camarilla,MIS,2026-07-27 14:10:00,2026-07-27 15:15:00,832.35,830.8,36,-55.8,-87.54,-0.22,forced_close
SRF,camarilla,MIS,2026-07-27 14:10:00,2026-07-27 15:15:00,2639.4,2634.9,11,49.5,18.74,0.14,forced_close
BHARTIARTL,camarilla,MIS,2026-07-27 14:30:00,2026-07-27 15:15:00,1910.2,1902.3,15,-118.5,-148.81,-0.59,forced_close
BIOCON,camarilla,MIS,2026-07-27 14:30:00,2026-07-27 15:15:00,436.0,436.15,68,10.2,-21.25,0.06,forced_close
COROMANDEL,camarilla,MIS,2026-07-27 14:30:00,2026-07-27 14:50:00,2003.0,2004.835,14,25.69,-4.06,0.22,target_hit
PATANJALI,camarilla,MIS,2026-07-27 14:35:00,2026-07-27 14:45:00,345.0,347.60499999999996,86,224.03,192.42,0.86,target_hit
LT,camarilla,MIS,2026-07-27 14:45:00,2026-07-27 15:10:00,3825.9,3800.7928571428574,7,-175.75,-204.04,-1.2,trailing_stop
ALKEM,camarilla,MIS,2026-07-27 14:50:00,2026-07-27 15:15:00,5605.5,5615.5,5,-50.0,-79.75,-0.21,forced_close
GODREJPROP,camarilla,MIS,2026-07-27 14:50:00,2026-07-27 15:15:00,2072.5,2082.2,14,135.8,104.94,0.47,forced_close
DLF,camarilla,MIS,2026-07-27 15:00:00,2026-07-27 15:15:00,650.2,651.0,46,36.8,5.06,0.16,forced_close
JIOFIN,camarilla,MIS,2026-07-27 15:00:00,2026-07-27 15:15:00,236.32,236.17,126,-18.9,-50.46,-0.12,forced_close
ADANIENT,camarilla,MIS,2026-07-27 15:05:00,2026-07-27 15:15:00,3040.9,3038.5,9,-21.6,-50.61,-0.11,forced_close
M&MFIN,camarilla,MIS,2026-07-27 15:05:00,2026-07-27 15:10:00,363.15,363.34749999999997,82,16.19,-15.39,0.03,target_hit
SOLARINDS,camarilla,MIS,2026-07-27 15:10:00,2026-07-27 15:15:00,18636,18651.3,1,15.3,-4.47,0.09,target_hit
VOLTAS,camarilla,MIS,2026-07-27 15:25:00,2026-07-27 15:25:00,1313.0,1313.0,22,-0.0,-30.63,-0.0,eod_data_end
GAIL,camarilla,MIS,2026-07-28 10:55:00,2026-07-28 13:00:00,175.6,174.64285714285714,170,-162.71,-194.27,-0.41,trailing_stop
HDFCLIFE,camarilla,MIS,2026-07-28 10:55:00,2026-07-28 12:35:00,555.35,556.8925,54,83.3,51.44,0.35,target_hit
JINDALSTEL,camarilla,MIS,2026-07-28 10:55:00,2026-07-28 12:55:00,1052.9,1059.0357142857144,28,-171.8,-203.17,-0.42,trailing_stop
ULTRACEMCO,camarilla,MIS,2026-07-28 10:55:00,2026-07-28 12:30:00,11712,11776.65,2,129.3,104.38,0.63,target_hit
VMM,camarilla,MIS,2026-07-28 10:55:00,2026-07-28 11:25:00,108.75,108.506,275,67.1,35.43,0.16,target_hit
ASHOKLEY,camarilla,MIS,2026-07-28 11:00:00,2026-07-28 11:15:00,156.33,156.391,191,11.65,-20.02,0.03,target_hit
BAJAJFINSV,camarilla,MIS,2026-07-28 11:00:00,2026-07-28 12:40:00,1924.1,1932.25,15,122.25,91.57,0.42,target_hit
KEI,camarilla,MIS,2026-07-28 11:00:00,2026-07-28 15:15:00,4842.5,4847.0,6,-27.0,-57.83,-0.08,forced_close
M&MFIN,camarilla,MIS,2026-07-28 11:00:00,2026-07-28 11:10:00,369.2,369.82,81,50.22,18.47,0.08,target_hit
TATACONSUM,camarilla,MIS,2026-07-28 11:00:00,2026-07-28 11:15:00,1095.5,1092.66,27,76.68,45.36,0.17,target_hit
COLPAL,camarilla,MIS,2026-07-28 11:05:00,2026-07-28 12:30:00,2155.1,2137.5785714285716,13,-227.78,-257.34,-0.44,trailing_stop
FEDERALBNK,camarilla,MIS,2026-07-28 11:05:00,2026-07-28 11:10:00,358.2,358.37,83,14.11,-17.43,0.05,target_hit
JUBLFOOD,camarilla,MIS,2026-07-28 11:05:00,2026-07-28 11:10:00,431.15,431.8225,69,46.4,14.83,0.11,target_hit
BAJAJHLDNG,camarilla,MIS,2026-07-28 11:10:00,2026-07-28 12:40:00,10749,10815.642857142857,2,-133.29,-156.17,-0.88,trailing_stop
JSWSTEEL,camarilla,MIS,2026-07-28 11:10:00,2026-07-28 11:15:00,1252.9,1253.7849999999999,23,20.35,-10.22,0.06,target_hit
OIL,camarilla,MIS,2026-07-28 11:10:00,2026-07-28 13:30:00,437.75,447.7857142857143,68,-682.43,-714.43,-2.65,trailing_stop
PFC,camarilla,MIS,2026-07-28 11:10:00,2026-07-28 13:45:00,422.8,420.09642857142865,70,-189.25,-220.51,-0.58,trailing_stop
RVNL,camarilla,MIS,2026-07-28 11:10:00,2026-07-28 13:10:00,221.89,221.72799999999998,135,21.87,-9.88,0.12,target_hit
HEROMOTOCO,camarilla,MIS,2026-07-28 11:15:00,2026-07-28 12:05:00,5159.2,5164.015,5,24.08,-3.3,0.11,target_hit
MOTILALOFS,camarilla,MIS,2026-07-28 11:15:00,2026-07-28 12:00:00,860.05,858.465,34,53.89,22.92,0.22,target_hit
TATAINVEST,camarilla,MIS,2026-07-28 11:15:00,2026-07-28 13:00:00,655.9,652.8928571428572,45,-135.32,-166.53,-0.5,trailing_stop
CONCOR,camarilla,MIS,2026-07-28 11:20:00,2026-07-28 14:05:00,523.6,522.7000000000002,57,-51.3,-82.92,-0.1,trailing_stop
DMART,camarilla,MIS,2026-07-28 11:20:00,2026-07-28 11:25:00,4009.5,3994.095,7,107.84,78.14,0.22,target_hit
RADICO,camarilla,MIS,2026-07-28 11:20:00,2026-07-28 11:25:00,4114.8,4103.6849999999995,7,77.81,47.31,0.19,target_hit
BRITANNIA,camarilla,MIS,2026-07-28 11:25:00,2026-07-28 11:30:00,5435.5,5435.925,5,2.13,-26.7,0.01,target_hit
RELIANCE,camarilla,MIS,2026-07-28 11:25:00,2026-07-28 11:30:00,1274.4,1274.115,23,6.56,-24.52,0.03,target_hit
ASTRAL,camarilla,MIS,2026-07-28 11:35:00,2026-07-28 13:00:00,1454.0,1466.0214285714287,20,-240.43,-271.42,-1.09,trailing_stop
EICHERMOT,camarilla,MIS,2026-07-28 11:35:00,2026-07-28 14:00:00,7824.5,7878.95,3,163.35,138.35,0.92,target_hit
TIINDIA,camarilla,MIS,2026-07-28 11:35:00,2026-07-28 11:55:00,2790.1,2788.14,10,19.6,-9.98,0.09,target_hit
ABB,camarilla,MIS,2026-07-28 11:40:00,2026-07-28 11:45:00,7226.5,7212.55,4,55.8,25.18,0.16,target_hit
BHARTIARTL,camarilla,MIS,2026-07-28 11:40:00,2026-07-28 15:15:00,1897.1,1903.5214285714285,15,-96.32,-126.56,-1.07,trailing_stop
EXIDEIND,camarilla,MIS,2026-07-28 11:40:00,2026-07-28 11:55:00,436.5,438.6875,68,148.75,117.18,0.25,target_hit
KOTAKBANK,camarilla,MIS,2026-07-28 11:40:00,2026-07-28 15:15:00,386.75,385.5,77,-96.25,-127.77,-0.43,forced_close
PIDILITIND,camarilla,MIS,2026-07-28 11:40:00,2026-07-28 13:05:00,1624.8,1616.357142857143,18,-151.97,-182.89,-0.43,trailing_stop
SRF,camarilla,MIS,2026-07-28 11:40:00,2026-07-28 15:10:00,2617.4,2634.0,11,-182.6,-213.25,-0.72,trailing_stop
ALKEM,camarilla,MIS,2026-07-28 11:45:00,2026-07-28 15:15:00,5646.0,5654.0,5,40.0,10.04,0.18,forced_close
COCHINSHIP,camarilla,MIS,2026-07-28 11:45:00,2026-07-28 11:50:00,1392.5,1391.465,21,21.74,-9.26,0.12,target_hit
VBL,camarilla,MIS,2026-07-28 11:45:00,2026-07-28 11:50:00,459.55,458.23,65,85.8,54.18,0.12,target_hit
BSE,camarilla,MIS,2026-07-28 11:50:00,2026-07-28 12:00:00,3491.1,3484.6600000000003,8,51.52,21.94,0.16,target_hit
HDFCAMC,camarilla,MIS,2026-07-28 11:50:00,2026-07-28 12:10:00,2531.9,2529.2450000000003,11,29.2,-0.31,0.1,target_hit
LICHSGFIN,camarilla,MIS,2026-07-28 11:50:00,2026-07-28 13:10:00,547.4,544.9300000000001,54,133.38,102.12,0.59,target_hit
BPCL,camarilla,MIS,2026-07-28 11:55:00,2026-07-28 12:00:00,319.1,319.1925,94,8.69,-23.12,0.04,target_hit
SBILIFE,camarilla,MIS,2026-07-28 11:55:00,2026-07-28 13:35:00,1877.5,1885.7749999999999,15,124.12,94.18,0.79,target_hit
LT,camarilla,MIS,2026-07-28 12:05:00,2026-07-28 12:25:00,3826.9,3827.23,7,2.31,-26.1,0.01,target_hit
BAJAJ-AUTO,camarilla,MIS,2026-07-28 12:10:00,2026-07-28 12:40:00,11236.5,11269.85,2,66.7,42.83,0.77,target_hit
HUDCO,camarilla,MIS,2026-07-28 12:10:00,2026-07-28 13:55:00,199.36,197.815,150,231.75,200.19,0.76,target_hit
BDL,camarilla,MIS,2026-07-28 12:15:00,2026-07-28 12:30:00,1245.0,1267.3,24,-535.2,-567.23,-2.14,trailing_stop
HINDPETRO,camarilla,MIS,2026-07-28 12:15:00,2026-07-28 14:50:00,396.75,399.0925,75,175.69,144.02,0.59,target_hit
TATACOMM,camarilla,MIS,2026-07-28 12:15:00,2026-07-28 13:30:00,1764.4,1781.345,17,288.06,256.07,0.66,target_hit
IRFC,camarilla,MIS,2026-07-28 12:20:00,2026-07-28 12:25:00,87.89,87.8385,341,17.56,-14.21,0.1,target_hit
LAURUSLABS,camarilla,MIS,2026-07-28 12:20:00,2026-07-28 15:15:00,1747.0,1760.6,17,231.2,199.56,0.75,forced_close
PATANJALI,camarilla,MIS,2026-07-28 12:20:00,2026-07-28 12:25:00,343.3,343.055,87,21.32,-10.34,0.03,target_hit
MARUTI,camarilla,MIS,2026-07-28 12:25:00,2026-07-28 15:15:00,13804,13800,2,-8,-37.27,-0.03,forced_close
IDFCFIRSTB,camarilla,MIS,2026-07-28 12:30:00,2026-07-28 13:50:00,86.25,85.69714285714286,347,-191.84,-223.46,-0.48,trailing_stop
PRESTIGE,camarilla,MIS,2026-07-28 12:40:00,2026-07-28 14:05:00,1659.0,1669.405,18,187.29,155.5,0.92,target_hit
YESBANK,camarilla,MIS,2026-07-28 12:45:00,2026-07-28 15:15:00,22.86,22.786,1312,97.09,65.34,0.63,target_hit
ICICIGI,camarilla,MIS,2026-07-28 12:50:00,2026-07-28 14:10:00,1702.9,1685.8285714285716,17,-290.21,-320.73,-0.78,trailing_stop
HYUNDAI,camarilla,MIS,2026-07-28 13:00:00,2026-07-28 13:55:00,2001.6,2003.245,14,23.03,-6.7,0.1,target_hit
SUPREMEIND,camarilla,MIS,2026-07-28 13:00:00,2026-07-28 13:05:00,3418.2,3439.95,8,174.0,144.89,0.28,target_hit
APOLLOHOSP,camarilla,MIS,2026-07-28 13:05:00,2026-07-28 15:15:00,8883.0,8885.0,3,6.0,-22.26,0.05,forced_close
INDIANB,camarilla,MIS,2026-07-28 13:05:00,2026-07-28 15:15:00,837.4,833.95,35,-120.75,-151.75,-0.55,forced_close
PHOENIXLTD,camarilla,MIS,2026-07-28 13:05:00,2026-07-28 14:45:00,2023.8,2013.445,14,144.97,115.02,0.66,target_hit
IREDA,camarilla,MIS,2026-07-28 13:10:00,2026-07-28 14:35:00,119.66,120.53928571428571,250,-219.82,-251.69,-1.48,trailing_stop
LUPIN,camarilla,MIS,2026-07-28 13:10:00,2026-07-28 15:15:00,2389.7,2397.55,12,-94.2,-124.67,-0.44,trailing_stop
MFSL,camarilla,MIS,2026-07-28 13:20:00,2026-07-28 13:30:00,1499.7,1493.665,20,120.7,88.97,0.36,target_hit
NMDC,camarilla,MIS,2026-07-28 13:20:00,2026-07-28 13:50:00,83.96,84.125,357,58.91,27.08,0.18,target_hit
SHRIRAMFIN,camarilla,MIS,2026-07-28 13:20:00,2026-07-28 14:40:00,1049.4,1042.6142857142859,28,-190.0,-221.04,-0.86,trailing_stop
UNITDSPR,camarilla,MIS,2026-07-28 13:20:00,2026-07-28 13:50:00,1491.8,1499.49,20,153.8,122.06,0.67,target_hit
OBEROIRLTY,camarilla,MIS,2026-07-28 13:35:00,2026-07-28 15:15:00,1819.0,1831.0,16,-192.0,-222.99,-0.68,forced_close
IDEA,camarilla,MIS,2026-07-28 13:45:00,2026-07-28 14:10:00,12.96,12.928,2314,74.05,42.29,0.24,target_hit
INDUSINDBK,camarilla,MIS,2026-07-28 13:45:00,2026-07-28 13:50:00,998.25,998.125,30,3.75,-28.01,0.02,target_hit
MAXHEALTH,camarilla,MIS,2026-07-28 13:50:00,2026-07-28 15:15:00,1103.0,1102.2,27,21.6,-9.97,0.11,forced_close
PNB,camarilla,MIS,2026-07-28 13:50:00,2026-07-28 15:15:00,112.05,111.54,267,-136.17,-167.81,-0.84,forced_close
INDUSTOWER,camarilla,MIS,2026-07-28 13:55:00,2026-07-28 15:15:00,382.4,381.35,78,81.9,50.32,0.22,forced_close
UNIONBANK,camarilla,MIS,2026-07-28 14:15:00,2026-07-28 15:15:00,168.79,167.93200000000002,177,151.87,120.28,0.67,target_hit
WAAREEENER,camarilla,MIS,2026-07-28 14:15:00,2026-07-28 14:25:00,2726.0,2716.98,11,99.22,67.48,0.23,target_hit
GODREJCP,camarilla,MIS,2026-07-28 14:25:00,2026-07-28 14:30:00,1066.1,1066.055,28,1.26,-30.39,0.0,target_hit
NATIONALUM,camarilla,MIS,2026-07-28 14:25:00,2026-07-28 14:30:00,335.65,335.115,89,47.61,15.97,0.12,target_hit
GLENMARK,camarilla,MIS,2026-07-28 14:30:00,2026-07-28 15:15:00,2180.3,2186.7,13,-83.2,-113.31,-0.38,forced_close
ASIANPAINT,camarilla,MIS,2026-07-28 14:35:00,2026-07-28 14:40:00,2736.7,2742.9799999999996,10,62.8,33.74,0.3,target_hit
DABUR,camarilla,MIS,2026-07-28 14:35:00,2026-07-28 15:00:00,425.6,424.8475,70,52.67,21.12,0.15,target_hit
LTF,camarilla,MIS,2026-07-28 14:35:00,2026-07-28 15:15:00,310.05,311.37500000000006,96,-127.2,-158.85,-0.59,trailing_stop
ZYDUSLIFE,camarilla,MIS,2026-07-28 14:35:00,2026-07-28 15:15:00,1097.6,1099.1,27,-40.5,-71.95,-0.18,forced_close
ITC,camarilla,MIS,2026-07-28 14:40:00,2026-07-28 14:45:00,284.65,284.53000000000003,105,12.6,-19.09,0.06,target_hit
SHREECEM,camarilla,MIS,2026-07-28 14:40:00,2026-07-28 15:15:00,26720,27000,1,-280,-308.51,-0.77,forced_close
HAVELLS,camarilla,MIS,2026-07-28 14:45:00,2026-07-28 14:50:00,1228.2,1228.105,24,2.28,-28.98,0.01,target_hit
M&M,camarilla,MIS,2026-07-28 14:45:00,2026-07-28 14:50:00,3271.1,3275.89,9,43.11,11.86,0.26,target_hit
OFSS,camarilla,MIS,2026-07-28 14:45:00,2026-07-28 15:15:00,11352.0,11333.0,2,-38.0,-62.05,-0.22,forced_close
CHOLAFIN,camarilla,MIS,2026-07-28 15:00:00,2026-07-28 15:05:00,1759.0,1751.815,17,122.14,90.51,0.08,target_hit
DIXON,camarilla,MIS,2026-07-28 15:00:00,2026-07-28 15:15:00,13897,13893,2,-8,-37.47,-0.03,forced_close
HDFCBANK,camarilla,MIS,2026-07-28 15:00:00,2026-07-28 15:15:00,735.5,736.6,40,-44.0,-75.23,-0.25,forced_close
AXISBANK,camarilla,MIS,2026-07-28 15:05:00,2026-07-28 15:15:00,1223.0,1225.0,24,-48.0,-79.16,-0.24,forced_close
INDIGO,camarilla,MIS,2026-07-28 15:10:00,2026-07-28 15:15:00,5274.0,5274.0,5,0.0,-27.96,0.0,forced_close
ADANIPORTS,camarilla,MIS,2026-07-28 15:20:00,2026-07-28 15:25:00,1780.4,1779.0,16,-22.4,-52.59,-0.09,forced_close
FORTIS,camarilla,MIS,2026-07-28 15:25:00,2026-07-28 15:25:00,947.55,947.55,31,0.0,-31.15,0.0,eod_data_end
GMRAIRPORT,camarilla,MIS,2026-07-28 15:25:00,2026-07-28 15:25:00,108.5,108.5,276,0.0,-31.76,0.0,eod_data_end
INDHOTEL,camarilla,MIS,2026-07-28 15:25:00,2026-07-28 15:25:00,736.95,736.95,40,0.0,-31.26,0.0,eod_data_end
ADANIGREEN,camarilla,MIS,2026-07-29 10:55:00,2026-07-29 11:25:00,1366.0,1354.59,21,239.61,209.34,0.38,target_hit
ALKEM,camarilla,MIS,2026-07-29 10:55:00,2026-07-29 11:20:00,5688.0,5693.575,5,27.87,-2.3,0.09,target_hit
GVT&D,camarilla,MIS,2026-07-29 10:55:00,2026-07-29 12:35:00,4047.9,4106.7,7,-411.6,-441.91,-0.87,trailing_stop
JIOFIN,camarilla,MIS,2026-07-29 10:55:00,2026-07-29 12:15:00,238.56,239.115,125,69.38,37.71,0.27,target_hit
SUZLON,camarilla,MIS,2026-07-29 10:55:00,2026-07-29 12:05:00,46.13,47.03714285714286,650,-589.64,-621.82,-0.67,trailing_stop
ASIANPAINT,camarilla,MIS,2026-07-29 11:00:00,2026-07-29 11:05:00,2756.5,2760.125,10,36.25,7.0,0.11,target_hit
CONCOR,camarilla,MIS,2026-07-29 11:00:00,2026-07-29 12:30:00,528.5,525.2857142857142,56,-180.0,-211.27,-0.36,trailing_stop
ICICIGI,camarilla,MIS,2026-07-29 11:00:00,2026-07-29 11:10:00,1661.8,1660.04,18,31.68,-0.02,0.07,target_hit
PAYTM,camarilla,MIS,2026-07-29 11:00:00,2026-07-29 12:40:00,1321.4,1311.1071428571427,22,-226.44,-257.13,-0.48,trailing_stop
PFC,camarilla,MIS,2026-07-29 11:00:00,2026-07-29 11:10:00,422.2,423.30999999999995,71,78.81,46.97,0.21,target_hit
DABUR,camarilla,MIS,2026-07-29 11:05:00,2026-07-29 11:45:00,432.25,433.125,69,60.38,28.71,0.2,target_hit
FEDERALBNK,camarilla,MIS,2026-07-29 11:10:00,2026-07-29 12:30:00,359.0,356.98571428571427,83,-167.19,-198.68,-1.0,trailing_stop
HAL,camarilla,MIS,2026-07-29 11:10:00,2026-07-29 13:10:00,4555.0,4589.0,6,-204.0,-233.11,-0.72,trailing_stop
PIDILITIND,camarilla,MIS,2026-07-29 11:10:00,2026-07-29 13:40:00,1610.4,1623.007142857143,18,-226.93,-257.81,-0.8,trailing_stop
DLF,camarilla,MIS,2026-07-29 11:15:00,2026-07-29 15:15:00,670.8,670.1,44,-30.8,-62.08,-0.09,forced_close
ITC,camarilla,MIS,2026-07-29 11:15:00,2026-07-29 11:45:00,287.45,287.7575,104,31.98,0.26,0.12,target_hit
LODHA,camarilla,MIS,2026-07-29 11:15:00,2026-07-29 12:25:00,1334.05,1309.0392857142856,22,-550.24,-581.01,-0.78,trailing_stop
M&MFIN,camarilla,MIS,2026-07-29 11:15:00,2026-07-29 12:40:00,381.0,386.48,78,427.44,395.65,0.79,target_hit
MARUTI,camarilla,MIS,2026-07-29 11:15:00,2026-07-29 11:50:00,13876,13900.45,2,48.9,19.44,0.31,target_hit
SHREECEM,camarilla,MIS,2026-07-29 11:15:00,2026-07-29 15:15:00,26765,26805,1,-40,-68.41,-0.17,forced_close
BHEL,camarilla,MIS,2026-07-29 11:20:00,2026-07-29 14:15:00,400.4,405.2142857142857,74,-356.26,-387.91,-0.5,trailing_stop
GODREJPROP,camarilla,MIS,2026-07-29 11:20:00,2026-07-29 12:50:00,2162.1,2155.5857142857144,13,-84.69,-114.44,-0.23,trailing_stop
NYKAA,camarilla,MIS,2026-07-29 11:20:00,2026-07-29 13:35:00,327.4,329.06071428571425,91,-151.12,-182.82,-0.49,trailing_stop
POWERGRID,camarilla,MIS,2026-07-29 11:20:00,2026-07-29 11:25:00,282.9,282.605,106,31.27,-0.51,0.12,target_hit
SUPREMEIND,camarilla,MIS,2026-07-29 11:20:00,2026-07-29 12:30:00,3457.0,3503.09,8,368.72,339.16,0.55,target_hit
RECLTD,camarilla,MIS,2026-07-29 11:25:00,2026-07-29 11:30:00,371.0,372.21750000000003,80,97.4,65.86,0.37,target_hit
SUNPHARMA,camarilla,MIS,2026-07-29 11:25:00,2026-07-29 13:35:00,1969.2,1984.6642857142856,15,-231.96,-263.44,-0.88,trailing_stop
TVSMOTOR,camarilla,MIS,2026-07-29 11:25:00,2026-07-29 15:00:00,4048.0,4075.67,7,193.69,163.52,0.52,target_hit
APLAPOLLO,camarilla,MIS,2026-07-29 11:30:00,2026-07-29 14:25:00,1865.3,1869.8,16,72.0,40.3,0.31,target_hit
CHOLAFIN,camarilla,MIS,2026-07-29 11:30:00,2026-07-29 15:15:00,1807.7,1803.4,16,-68.8,-99.43,-0.14,forced_close
HINDUNILVR,camarilla,MIS,2026-07-29 11:30:00,2026-07-29 15:15:00,2111.1,2118.6,14,105.0,73.59,0.28,forced_close
BAJAJFINSV,camarilla,MIS,2026-07-29 11:35:00,2026-07-29 12:50:00,1919.1,1911.785,15,109.72,79.27,0.51,target_hit
IOC,camarilla,MIS,2026-07-29 11:35:00,2026-07-29 11:50:00,140.3,140.22400000000002,213,16.19,-15.49,0.07,target_hit
MPHASIS,camarilla,MIS,2026-07-29 11:35:00,2026-07-29 12:30:00,2436.1,2405.0357142857147,12,-372.77,-403.53,-0.83,trailing_stop
VBL,camarilla,MIS,2026-07-29 11:40:00,2026-07-29 15:15:00,444.0,447.3,67,221.1,189.41,0.53,forced_close
ASHOKLEY,camarilla,MIS,2026-07-29 11:45:00,2026-07-29 13:15:00,159.28,157.8864285714286,188,-261.99,-293.58,-0.57,trailing_stop
GODREJCP,camarilla,MIS,2026-07-29 11:45:00,2026-07-29 11:50:00,1083.2,1084.555,27,36.59,5.55,0.12,target_hit
NESTLEIND,camarilla,MIS,2026-07-29 11:45:00,2026-07-29 14:00:00,1508.0,1503.0857142857142,19,-93.37,-123.7,-0.29,trailing_stop
TIINDIA,camarilla,MIS,2026-07-29 11:45:00,2026-07-29 15:15:00,2789.5,2786.0,10,35.0,5.44,0.15,forced_close
VMM,camarilla,MIS,2026-07-29 11:45:00,2026-07-29 11:50:00,108.45,108.3975,276,14.49,-17.24,0.06,target_hit
BPCL,camarilla,MIS,2026-07-29 11:50:00,2026-07-29 12:55:00,318.1,316.9975,94,103.64,71.99,0.43,target_hit
GODFRYPHLP,camarilla,MIS,2026-07-29 11:50:00,2026-07-29 15:15:00,2067.9,2079.9,14,168.0,137.19,0.35,forced_close
IREDA,camarilla,MIS,2026-07-29 11:50:00,2026-07-29 12:00:00,120.96,121.2435,248,70.31,38.45,0.29,target_hit
PATANJALI,camarilla,MIS,2026-07-29 11:50:00,2026-07-29 12:20:00,346.05,347.59749999999997,86,133.08,101.44,0.33,target_hit
HDFCAMC,camarilla,MIS,2026-07-29 11:55:00,2026-07-29 13:00:00,2545.5,2554.9049999999997,11,103.45,73.7,0.53,target_hit
HINDPETRO,camarilla,MIS,2026-07-29 12:00:00,2026-07-29 12:25:00,395.05,394.11,75,70.5,39.13,0.28,target_hit
PREMIERENE,camarilla,MIS,2026-07-29 12:00:00,2026-07-29 14:00:00,1026.1,1034.61,29,246.79,215.08,0.64,target_hit
ABB,camarilla,MIS,2026-07-29 12:05:00,2026-07-29 12:10:00,7311.0,7331.5,4,82.0,50.94,0.09,target_hit
M&M,camarilla,MIS,2026-07-29 12:05:00,2026-07-29 12:10:00,3237.8,3236.715,9,9.77,-21.13,0.02,target_hit
LAURUSLABS,camarilla,MIS,2026-07-29 12:10:00,2026-07-29 15:15:00,1784.0,1779.7,16,-68.8,-99.03,-0.23,forced_close
MFSL,camarilla,MIS,2026-07-29 12:10:00,2026-07-29 12:15:00,1517.0,1519.24,19,42.56,11.97,0.09,target_hit
ICICIBANK,camarilla,MIS,2026-07-29 12:15:00,2026-07-29 15:15:00,1439.5,1437.6,20,-38.0,-68.51,-0.21,forced_close
360ONE,camarilla,MIS,2026-07-29 12:20:00,2026-07-29 12:50:00,1133.9,1137.705,26,98.93,67.6,0.32,target_hit
CGPOWER,camarilla,MIS,2026-07-29 12:20:00,2026-07-29 15:15:00,831.6,828.8,36,100.8,69.12,0.39,forced_close
COCHINSHIP,camarilla,MIS,2026-07-29 12:25:00,2026-07-29 12:30:00,1395.5,1396.845,21,28.25,-2.85,0.12,target_hit
CUMMINSIND,camarilla,MIS,2026-07-29 12:25:00,2026-07-29 15:15:00,5395.0,5372.0,5,115.0,86.47,0.42,forced_close
KEI,camarilla,MIS,2026-07-29 12:25:00,2026-07-29 12:40:00,4863.5,4873.525,6,60.15,29.17,0.19,target_hit
UPL,camarilla,MIS,2026-07-29 12:25:00,2026-07-29 12:35:00,606.5,607.1850000000001,49,33.57,2.03,0.14,target_hit
ABCAPITAL,camarilla,MIS,2026-07-29 12:30:00,2026-07-29 15:10:00,394.8,398.1975,75,254.81,223.25,0.66,target_hit
APOLLOHOSP,camarilla,MIS,2026-07-29 12:35:00,2026-07-29 15:15:00,8952.0,8928.5,3,-70.5,-98.93,-0.44,forced_close
ENRIN,camarilla,MIS,2026-07-29 12:40:00,2026-07-29 13:55:00,3223.3,3188.0499999999997,9,-317.25,-347.81,-0.68,trailing_stop
IDEA,camarilla,MIS,2026-07-29 12:40:00,2026-07-29 12:50:00,13.08,13.087499999999999,2293,17.2,-14.62,0.07,target_hit
INDUSTOWER,camarilla,MIS,2026-07-29 12:40:00,2026-07-29 14:15:00,384.8,387.76,77,227.92,196.35,0.71,target_hit
ETERNAL,camarilla,MIS,2026-07-29 12:50:00,2026-07-29 14:10:00,314.35,312.06428571428575,95,-217.14,-248.67,-0.68,trailing_stop
PNB,camarilla,MIS,2026-07-29 12:50:00,2026-07-29 13:40:00,111.25,111.01750000000001,269,62.54,30.85,0.35,target_hit
EXIDEIND,camarilla,MIS,2026-07-29 12:55:00,2026-07-29 13:50:00,433.85,434.23499999999996,69,26.56,-5.2,0.11,target_hit
NHPC,camarilla,MIS,2026-07-29 12:55:00,2026-07-29 15:15:00,77.81,77.92,385,-42.35,-74.14,-0.19,forced_close
UNITDSPR,camarilla,MIS,2026-07-29 12:55:00,2026-07-29 15:15:00,1498.0,1505.8,20,-156.0,-187.87,-0.44,forced_close
BLUESTARCO,camarilla,MIS,2026-07-29 13:00:00,2026-07-29 13:25:00,1664.8,1669.345,18,81.81,49.98,0.34,target_hit
DRREDDY,camarilla,MIS,2026-07-29 13:00:00,2026-07-29 13:05:00,1145.0,1145.9399999999998,26,24.44,-7.15,0.1,target_hit
MAZDOCK,camarilla,MIS,2026-07-29 13:00:00,2026-07-29 15:15:00,2310.5,2308.1,12,-28.8,-58.18,-0.18,forced_close
ADANIENT,camarilla,MIS,2026-07-29 13:05:00,2026-07-29 14:30:00,3016.3,3025.2900000000004,9,80.91,52.07,0.23,target_hit
ATGL,camarilla,MIS,2026-07-29 13:05:00,2026-07-29 14:30:00,652.95,656.3575,45,153.34,122.08,0.45,target_hit
BAJAJHLDNG,camarilla,MIS,2026-07-29 13:10:00,2026-07-29 13:20:00,10891,10910.75,2,39.5,16.38,0.29,target_hit
CANBK,camarilla,MIS,2026-07-29 13:10:00,2026-07-29 15:15:00,125.17,124.63,239,-129.06,-160.7,-0.57,forced_close
TATAPOWER,camarilla,MIS,2026-07-29 13:10:00,2026-07-29 15:15:00,376.3,377.1464285714285,79,66.87,35.3,0.26,trailing_stop
BANKINDIA,camarilla,MIS,2026-07-29 13:15:00,2026-07-29 14:45:00,137.66,137.73899999999998,217,17.14,-14.55,0.1,target_hit
INDIGO,camarilla,MIS,2026-07-29 13:15:00,2026-07-29 15:15:00,5299.5,5266.5,5,-165.0,-192.99,-0.73,forced_close
EICHERMOT,camarilla,MIS,2026-07-29 13:20:00,2026-07-29 13:40:00,7787.5,7755.425,3,96.22,71.51,0.4,target_hit
MAXHEALTH,camarilla,MIS,2026-07-29 13:20:00,2026-07-29 15:15:00,1113.6,1109.7,26,-101.4,-132.04,-0.39,forced_close
HUDCO,camarilla,MIS,2026-07-29 13:25:00,2026-07-29 14:30:00,198.55,196.5964285714286,151,-294.99,-326.59,-1.63,trailing_stop
INDHOTEL,camarilla,MIS,2026-07-29 13:25:00,2026-07-29 13:55:00,737.25,739.5950000000001,40,93.8,62.47,0.31,target_hit
INDIANB,camarilla,MIS,2026-07-29 13:30:00,2026-07-29 15:15:00,829.55,827.05,36,90.0,58.39,0.41,forced_close
AXISBANK,camarilla,MIS,2026-07-29 13:45:00,2026-07-29 13:55:00,1228.5,1231.31,24,67.44,36.13,0.4,target_hit
KALYANKJIL,camarilla,MIS,2026-07-29 13:45:00,2026-07-29 15:15:00,628.25,628.9,47,30.55,-0.78,0.08,forced_close
RADICO,camarilla,MIS,2026-07-29 13:50:00,2026-07-29 15:15:00,4367.1,4373.5,6,38.4,10.59,0.16,forced_close
SOLARINDS,camarilla,MIS,2026-07-29 13:55:00,2026-07-29 15:15:00,18060,18052,1,8,-11.15,0.05,forced_close
WAAREEENER,camarilla,MIS,2026-07-29 14:05:00,2026-07-29 15:10:00,2722.2,2747.2650000000003,11,275.72,243.78,0.84,target_hit
YESBANK,camarilla,MIS,2026-07-29 14:05:00,2026-07-29 14:10:00,22.92,22.930999999999997,1308,14.39,-17.41,0.07,target_hit
VOLTAS,camarilla,MIS,2026-07-29 14:10:00,2026-07-29 15:15:00,1317.6,1313.0,22,-101.2,-131.87,-0.45,forced_close
SBICARD,camarilla,MIS,2026-07-29 14:15:00,2026-07-29 15:15:00,663.25,660.4,45,-128.25,-159.82,-0.42,forced_close
SRF,camarilla,MIS,2026-07-29 14:20:00,2026-07-29 15:15:00,2646.9,2642.6,11,-47.3,-78.15,-0.38,forced_close
ADANIENSOL,camarilla,MIS,2026-07-29 14:30:00,2026-07-29 15:15:00,1677.8,1665.4,17,-210.8,-240.91,-0.55,forced_close
ADANIPOWER,camarilla,MIS,2026-07-29 14:30:00,2026-07-29 15:15:00,210.8,209.21,142,-225.78,-257.38,-0.74,forced_close
IDFCFIRSTB,camarilla,MIS,2026-07-29 14:30:00,2026-07-29 15:15:00,85.09,84.98,352,38.72,6.98,0.15,forced_close
JSWENERGY,camarilla,MIS,2026-07-29 14:30:00,2026-07-29 15:15:00,547.3,545.35,54,-105.3,-136.57,-0.39,forced_close
MANKIND,camarilla,MIS,2026-07-29 14:35:00,2026-07-29 15:15:00,2591.9,2591.0,11,9.9,-20.33,0.05,forced_close
SHRIRAMFIN,camarilla,MIS,2026-07-29 15:00:00,2026-07-29 15:15:00,1045.9,1043.0,28,-81.2,-112.2,-0.38,forced_close
BHARATFORG,camarilla,MIS,2026-07-29 15:05:00,2026-07-29 15:15:00,2175.1,2170.9,13,-54.6,-84.55,-0.35,forced_close
AMBUJACEM,camarilla,MIS,2026-07-29 15:10:00,2026-07-29 15:15:00,435.65,434.7,68,-64.6,-95.97,-0.19,forced_close
AUBANK,camarilla,MIS,2026-07-29 15:10:00,2026-07-29 15:15:00,1042.6,1040.9,28,47.6,16.67,0.29,forced_close
HEROMOTOCO,camarilla,MIS,2026-07-29 15:15:00,2026-07-29 15:20:00,5132.9,5141.1,5,-41.0,-68.24,-0.2,forced_close
PRESTIGE,camarilla,MIS,2026-07-29 15:15:00,2026-07-29 15:20:00,1667.7,1660.8,17,117.3,87.31,0.22,forced_close
TATACOMM,camarilla,MIS,2026-07-29 15:20:00,2026-07-29 15:25:00,1787.5,1795.52,16,128.32,97.91,0.36,target_hit
POLYCAB,camarilla,MIS,2026-07-29 15:25:00,2026-07-29 15:25:00,9043.5,9043.5,3,-0.0,-28.77,-0.0,eod_data_end
360ONE,camarilla,MIS,2026-07-30 10:55:00,2026-07-30 11:00:00,1132.9,1130.225,26,69.55,38.36,0.13,target_hit
BHEL,camarilla,MIS,2026-07-30 10:55:00,2026-07-30 15:15:00,401.55,402.9,74,-99.9,-131.47,-0.27,forced_close
BPCL,camarilla,MIS,2026-07-30 10:55:00,2026-07-30 11:45:00,315.75,315.0625,95,65.31,33.54,0.18,target_hit
FORTIS,camarilla,MIS,2026-07-30 10:55:00,2026-07-30 12:30:00,948.25,952.8749999999999,31,-143.37,-174.64,-0.62,trailing_stop
NTPC,camarilla,MIS,2026-07-30 10:55:00,2026-07-30 11:05:00,344.8,345.81,87,87.87,56.0,0.27,target_hit
AXISBANK,camarilla,MIS,2026-07-30 11:05:00,2026-07-30 11:55:00,1226.4,1222.9150000000002,24,83.64,52.48,0.29,target_hit
BRITANNIA,camarilla,MIS,2026-07-30 11:05:00,2026-07-30 13:05:00,5550.0,5528.357142857143,5,-108.21,-137.57,-0.48,trailing_stop
CGPOWER,camarilla,MIS,2026-07-30 11:05:00,2026-07-30 11:15:00,819.4,818.665,36,26.46,-4.8,0.07,target_hit
HINDPETRO,camarilla,MIS,2026-07-30 11:05:00,2026-07-30 11:55:00,389.8,388.4875,76,99.75,68.4,0.37,target_hit
HUDCO,camarilla,MIS,2026-07-30 11:05:00,2026-07-30 11:30:00,196.91,197.5365,152,95.23,63.43,0.19,target_hit
INDHOTEL,camarilla,MIS,2026-07-30 11:05:00,2026-07-30 11:10:00,742.55,742.9300000000001,40,15.2,-16.31,0.05,target_hit
INDUSINDBK,camarilla,MIS,2026-07-30 11:05:00,2026-07-30 11:10:00,1000.55,1000.5024999999999,29,1.38,-29.39,0.0,target_hit
NMDC,camarilla,MIS,2026-07-30 11:05:00,2026-07-30 15:15:00,84.99,85.02,352,-10.56,-42.29,-0.03,forced_close
GVT&D,camarilla,MIS,2026-07-30 11:10:00,2026-07-30 11:20:00,4150.0,4163.64,7,95.48,64.61,0.11,target_hit
COROMANDEL,camarilla,MIS,2026-07-30 11:20:00,2026-07-30 11:25:00,2058.1,2062.02,14,54.88,24.29,0.15,target_hit
HINDUNILVR,camarilla,MIS,2026-07-30 11:20:00,2026-07-30 13:25:00,2090.2,2105.035714285714,14,-207.7,-238.86,-0.9,trailing_stop
AUBANK,camarilla,MIS,2026-07-30 11:25:00,2026-07-30 11:30:00,1027.0,1026.46,29,15.66,-15.91,0.04,target_hit
CUMMINSIND,camarilla,MIS,2026-07-30 11:25:00,2026-07-30 13:05:00,5417.0,5369.321428571428,5,-238.39,-266.96,-0.7,trailing_stop
MAXHEALTH,camarilla,MIS,2026-07-30 11:25:00,2026-07-30 11:35:00,1118.9,1120.1450000000002,26,32.37,1.5,0.12,target_hit
MCX,camarilla,MIS,2026-07-30 11:25:00,2026-07-30 12:00:00,2686.9,2674.2149999999997,11,139.54,108.28,0.42,target_hit
PAYTM,camarilla,MIS,2026-07-30 11:25:00,2026-07-30 13:10:00,1343.0,1332.15,22,-238.7,-269.88,-0.44,trailing_stop
UNIONBANK,camarilla,MIS,2026-07-30 11:25:00,2026-07-30 11:30:00,169.05,168.99,177,10.62,-21.1,0.04,target_hit
GODFRYPHLP,camarilla,MIS,2026-07-30 11:35:00,2026-07-30 11:40:00,2097.2,2115.38,14,254.52,223.22,0.56,target_hit
TMPV,camarilla,MIS,2026-07-30 11:35:00,2026-07-30 12:30:00,331.35,332.6325,90,115.42,83.73,0.45,target_hit
M&M,camarilla,MIS,2026-07-30 11:45:00,2026-07-30 13:00:00,3272.2,3281.97,9,87.93,56.64,0.3,target_hit
AMBUJACEM,camarilla,MIS,2026-07-30 11:50:00,2026-07-30 14:45:00,429.35,431.2142857142857,69,-128.64,-160.13,-0.48,trailing_stop
EXIDEIND,camarilla,MIS,2026-07-30 11:50:00,2026-07-30 11:55:00,443.7,444.6975,67,66.83,35.26,0.08,target_hit
GRASIM,camarilla,MIS,2026-07-30 11:50:00,2026-07-30 12:15:00,3093.3,3088.855,9,40.01,10.51,0.22,target_hit
JSWENERGY,camarilla,MIS,2026-07-30 11:50:00,2026-07-30 12:05:00,543.05,541.8225,55,67.51,35.88,0.23,target_hit
LUPIN,camarilla,MIS,2026-07-30 11:50:00,2026-07-30 15:15:00,2420.8,2420.6,12,2.4,-28.4,0.01,forced_close
SBILIFE,camarilla,MIS,2026-07-30 11:50:00,2026-07-30 12:25:00,1885.3,1882.5800000000002,15,40.8,10.84,0.13,target_hit
BANKBARODA,camarilla,MIS,2026-07-30 11:55:00,2026-07-30 15:15:00,241.3,241.0,124,37.2,5.49,0.17,forced_close
ADANIGREEN,camarilla,MIS,2026-07-30 12:00:00,2026-07-30 15:15:00,1360.6,1358.2,22,52.8,21.09,0.16,forced_close
BANKINDIA,camarilla,MIS,2026-07-30 12:00:00,2026-07-30 12:15:00,136.85,136.627,219,48.84,17.09,0.21,target_hit
INDIGO,camarilla,MIS,2026-07-30 12:00:00,2026-07-30 12:05:00,5226.5,5224.25,5,11.25,-16.46,0.06,target_hit
OFSS,camarilla,MIS,2026-07-30 12:00:00,2026-07-30 12:10:00,11308.0,11247.15,2,121.7,97.79,0.46,target_hit
ATGL,camarilla,MIS,2026-07-30 12:10:00,2026-07-30 13:10:00,648.15,647.54,46,28.06,-3.54,0.12,target_hit
IDEA,camarilla,MIS,2026-07-30 12:10:00,2026-07-30 13:30:00,12.97,12.918000000000001,2313,120.28,88.54,0.47,target_hit
JSWSTEEL,camarilla,MIS,2026-07-30 12:10:00,2026-07-30 15:10:00,1263.7,1271.8214285714284,23,-186.79,-217.73,-0.77,trailing_stop
CANBK,camarilla,MIS,2026-07-30 12:15:00,2026-07-30 12:20:00,124.0,123.8675,241,31.93,0.26,0.17,target_hit
GLENMARK,camarilla,MIS,2026-07-30 12:20:00,2026-07-30 12:25:00,2219.0,2216.875,13,27.62,-2.95,0.09,target_hit
SBIN,camarilla,MIS,2026-07-30 12:25:00,2026-07-30 12:30:00,1018.0,1018.21,29,6.09,-25.22,0.04,target_hit
APOLLOHOSP,camarilla,MIS,2026-07-30 12:30:00,2026-07-30 12:55:00,8967.0,8971.575,3,13.73,-14.81,0.09,target_hit
DIVISLAB,camarilla,MIS,2026-07-30 12:30:00,2026-07-30 14:55:00,7896.0,7851.392857142857,3,-133.82,-158.86,-0.71,trailing_stop
TITAN,camarilla,MIS,2026-07-30 12:30:00,2026-07-30 13:45:00,4862.4,4838.428571428571,6,-143.83,-174.67,-0.57,trailing_stop
BHARATFORG,camarilla,MIS,2026-07-30 12:35:00,2026-07-30 12:50:00,2156.2,2152.91,13,42.77,13.07,0.16,target_hit
BAJFINANCE,camarilla,MIS,2026-07-30 12:50:00,2026-07-30 12:55:00,1045.4,1044.775,28,17.5,-13.53,0.07,target_hit
BAJAJFINSV,camarilla,MIS,2026-07-30 13:00:00,2026-07-30 13:05:00,1904.7,1904.545,15,2.32,-27.97,0.01,target_hit
EICHERMOT,camarilla,MIS,2026-07-30 13:00:00,2026-07-30 13:20:00,7847.0,7869.2,3,66.6,41.59,0.29,target_hit
GODREJCP,camarilla,MIS,2026-07-30 13:00:00,2026-07-30 13:10:00,1068.5,1066.71,28,50.12,18.43,0.28,target_hit
ULTRACEMCO,camarilla,MIS,2026-07-30 13:00:00,2026-07-30 15:00:00,11796,11817.4,2,42.8,17.75,0.23,target_hit
POLYCAB,camarilla,MIS,2026-07-30 13:05:00,2026-07-30 13:10:00,8957.5,8940.025,3,52.43,23.96,0.29,target_hit
ADANIENSOL,camarilla,MIS,2026-07-30 13:10:00,2026-07-30 15:15:00,1654.5,1658.0,18,-63.0,-94.62,-0.18,forced_close
ADANIPOWER,camarilla,MIS,2026-07-30 13:10:00,2026-07-30 15:15:00,208.46,208.99,143,-75.79,-107.45,-0.3,forced_close
CHOLAFIN,camarilla,MIS,2026-07-30 13:10:00,2026-07-30 13:25:00,1771.3,1768.0300000000002,16,52.32,22.3,0.23,target_hit
HAL,camarilla,MIS,2026-07-30 13:10:00,2026-07-30 15:10:00,4551.7,4582.214285714285,6,-183.09,-212.16,-1.03,trailing_stop
LODHA,camarilla,MIS,2026-07-30 13:10:00,2026-07-30 15:15:00,1293.5,1287.9,23,128.8,97.33,0.27,forced_close
MARUTI,camarilla,MIS,2026-07-30 13:10:00,2026-07-30 14:00:00,13862,14038.785714285714,2,-353.57,-383.2,-0.97,trailing_stop
SAIL,camarilla,MIS,2026-07-30 13:10:00,2026-07-30 15:15:00,167.87,168.95,178,-192.24,-224.05,-0.46,forced_close
ABCAPITAL,camarilla,MIS,2026-07-30 13:15:00,2026-07-30 14:10:00,393.5,392.7875,76,54.15,22.47,0.21,target_hit
MFSL,camarilla,MIS,2026-07-30 13:15:00,2026-07-30 15:05:00,1502.3,1512.8142857142857,19,-199.77,-230.17,-1.03,trailing_stop
IOC,camarilla,MIS,2026-07-30 13:25:00,2026-07-30 15:15:00,139.44,140.02,215,-124.7,-156.57,-0.47,forced_close
KALYANKJIL,camarilla,MIS,2026-07-30 13:35:00,2026-07-30 15:15:00,641.45,636.75,46,-216.2,-247.35,-0.5,forced_close
LTF,camarilla,MIS,2026-07-30 13:35:00,2026-07-30 15:15:00,304.95,305.7,98,-73.5,-105.24,-0.26,forced_close
MANKIND,camarilla,MIS,2026-07-30 13:40:00,2026-07-30 15:15:00,2573.7,2566.0,11,84.7,54.73,0.24,forced_close
PNB,camarilla,MIS,2026-07-30 13:40:00,2026-07-30 15:15:00,111.48,111.63,269,40.35,8.52,0.18,forced_close
IRCTC,camarilla,MIS,2026-07-30 13:45:00,2026-07-30 15:15:00,492.7,492.9,60,-12.0,-43.36,-0.08,forced_close
MARICO,camarilla,MIS,2026-07-30 13:55:00,2026-07-30 14:15:00,885.9,886.07,33,5.61,-25.4,0.04,target_hit
PIDILITIND,camarilla,MIS,2026-07-30 13:55:00,2026-07-30 15:15:00,1620.0,1630.3,18,-185.4,-216.44,-0.8,forced_close
GAIL,camarilla,MIS,2026-07-30 14:00:00,2026-07-30 14:10:00,173.8,173.745,172,9.46,-22.23,0.05,target_hit
PIIND,camarilla,MIS,2026-07-30 14:00:00,2026-07-30 15:10:00,2767.6,2780.3,10,127.0,97.57,0.77,target_hit
ITC,camarilla,MIS,2026-07-30 14:05:00,2026-07-30 15:15:00,284.0,285.5,105,-157.5,-189.22,-0.66,forced_close
KOTAKBANK,camarilla,MIS,2026-07-30 14:05:00,2026-07-30 15:00:00,387.6,389.58928571428567,77,-153.17,-184.92,-0.85,trailing_stop
BAJAJHLDNG,camarilla,MIS,2026-07-30 14:10:00,2026-07-30 15:15:00,10904,10966,2,-124,-147.21,-0.64,forced_close
COCHINSHIP,camarilla,MIS,2026-07-30 14:10:00,2026-07-30 14:15:00,1391.7,1391.225,21,9.98,-21.01,0.04,target_hit
SUPREMEIND,camarilla,MIS,2026-07-30 14:10:00,2026-07-30 14:35:00,3433.3,3463.8928571428573,8,-244.74,-274.03,-1.28,trailing_stop
HDFCBANK,camarilla,MIS,2026-07-30 14:15:00,2026-07-30 15:05:00,751.7,753.9475000000001,39,87.65,56.51,0.64,target_hit
MUTHOOTFIN,camarilla,MIS,2026-07-30 14:15:00,2026-07-30 15:15:00,3000.3,3007.2,9,-62.1,-90.77,-0.3,forced_close
PHOENIXLTD,camarilla,MIS,2026-07-30 14:15:00,2026-07-30 15:15:00,1882.3,1888.2,15,-88.5,-118.5,-0.34,forced_close
BEL,camarilla,MIS,2026-07-30 14:20:00,2026-07-30 15:15:00,384.45,384.8,78,-27.3,-59.12,-0.19,forced_close
IRFC,camarilla,MIS,2026-07-30 14:20:00,2026-07-30 15:15:00,88.09,88.93,340,-285.6,-317.54,-0.63,forced_close
NAUKRI,camarilla,MIS,2026-07-30 14:20:00,2026-07-30 15:15:00,1237.5,1243.75,24,-150.0,-181.59,-0.51,forced_close
SBICARD,camarilla,MIS,2026-07-30 14:20:00,2026-07-30 15:15:00,656.2,657.3,45,-49.5,-80.85,-0.18,forced_close
AUROPHARMA,camarilla,MIS,2026-07-30 14:25:00,2026-07-30 15:15:00,1574.5,1575.5,19,-19.0,-50.74,-0.08,forced_close
BSE,camarilla,MIS,2026-07-30 14:25:00,2026-07-30 15:15:00,3516.3,3528.0,8,-93.6,-123.49,-0.52,forced_close
SOLARINDS,camarilla,MIS,2026-07-30 14:25:00,2026-07-30 15:10:00,17924,18061.428571428572,1,-137.43,-156.52,-1.06,trailing_stop
VOLTAS,camarilla,MIS,2026-07-30 14:30:00,2026-07-30 14:35:00,1324.9,1324.96,22,1.32,-29.59,0.01,target_hit
TCS,camarilla,MIS,2026-07-30 14:40:00,2026-07-30 15:15:00,2426.0,2431.2,12,-62.4,-93.31,-0.23,forced_close
UNITDSPR,camarilla,MIS,2026-07-30 14:40:00,2026-07-30 15:05:00,1523.0,1527.9950000000001,19,94.91,64.16,0.34,target_hit
ASHOKLEY,camarilla,MIS,2026-07-30 14:45:00,2026-07-30 15:05:00,156.77,158.44785714285712,191,-320.47,-352.43,-1.09,trailing_stop
MAZDOCK,camarilla,MIS,2026-07-30 14:45:00,2026-07-30 14:50:00,2316.1,2318.1400000000003,12,24.48,-5.01,0.07,target_hit
RVNL,camarilla,MIS,2026-07-30 14:45:00,2026-07-30 15:00:00,222.53,222.4155,134,15.34,-16.27,0.1,target_hit
SWIGGY,camarilla,MIS,2026-07-30 14:55:00,2026-07-30 15:00:00,294.3,297.7295,101,346.38,314.64,0.65,target_hit
ASTRAL,camarilla,MIS,2026-07-30 15:00:00,2026-07-30 15:15:00,1469.7,1473.5,20,-76.0,-107.22,-0.26,forced_close
ADANIENT,camarilla,MIS,2026-07-30 15:05:00,2026-07-30 15:15:00,3048.9,3048.9,9,0.0,-29.1,0.0,forced_close
VBL,camarilla,MIS,2026-07-30 15:05:00,2026-07-30 15:15:00,451.95,451.25,66,-46.2,-77.8,-0.15,forced_close
HINDALCO,camarilla,MIS,2026-07-30 15:10:00,2026-07-30 15:15:00,971.5,971.9,30,12.0,-18.91,0.05,forced_close
NATIONALUM,camarilla,MIS,2026-07-30 15:10:00,2026-07-30 15:15:00,348.7,349.05,86,30.1,-1.72,0.07,forced_close
TATACOMM,camarilla,MIS,2026-07-30 15:20:00,2026-07-30 15:25:00,1768.3,1768.7,16,-6.4,-36.41,-0.02,forced_close
VEDL,camarilla,MIS,2026-07-30 15:20:00,2026-07-30 15:25:00,266.75,267.0,112,28.0,-3.7,0.05,forced_close
BLUESTARCO,camarilla,MIS,2026-07-30 15:25:00,2026-07-30 15:25:00,1704.0,1704.0,17,0.0,-30.72,0.0,eod_data_end
DRREDDY,camarilla,MIS,2026-07-30 15:25:00,2026-07-30 15:25:00,1150.0,1150.0,26,0.0,-31.71,0.0,eod_data_end
ICICIBANK,camarilla,MIS,2026-07-30 15:25:00,2026-07-30 15:25:00,1429.5,1429.5,20,-0.0,-30.32,-0.0,eod_data_end
BAJAJ-AUTO,camarilla,MIS,2026-07-31 11:00:00,2026-07-31 11:30:00,11529.5,11552.725,2,46.45,21.97,0.25,target_hit
OBEROIRLTY,camarilla,MIS,2026-07-31 11:00:00,2026-07-31 13:15:00,1827.0,1823.0285714285717,16,-63.54,-94.5,-0.25,trailing_stop
SUZLON,camarilla,MIS,2026-07-31 11:00:00,2026-07-31 15:15:00,48.08,48.0,623,-49.84,-81.57,-0.13,forced_close
VOLTAS,camarilla,MIS,2026-07-31 11:00:00,2026-07-31 12:40:00,1350.6,1342.6928571428573,22,-173.96,-205.36,-0.7,trailing_stop
CONCOR,camarilla,MIS,2026-07-31 11:05:00,2026-07-31 15:15:00,527.5,525.4,56,-117.6,-148.85,-0.43,forced_close
DMART,camarilla,MIS,2026-07-31 11:05:00,2026-07-31 12:30:00,3914.7,3945.555,7,215.99,186.79,1.0,target_hit
VMM,camarilla,MIS,2026-07-31 11:05:00,2026-07-31 11:25:00,107.3,107.2025,279,27.2,-4.53,0.1,target_hit
BPCL,camarilla,MIS,2026-07-31 11:15:00,2026-07-31 12:00:00,318.3,318.825,94,49.35,17.59,0.18,target_hit
HUDCO,camarilla,MIS,2026-07-31 11:15:00,2026-07-31 15:10:00,195.36,194.80550000000002,153,84.84,53.2,0.32,target_hit
TMPV,camarilla,MIS,2026-07-31 11:15:00,2026-07-31 11:35:00,336.7,338.0225,89,117.7,85.85,0.45,target_hit
YESBANK,camarilla,MIS,2026-07-31 11:15:00,2026-07-31 11:55:00,22.72,22.770999999999997,1320,67.32,35.47,0.42,target_hit
DIXON,camarilla,MIS,2026-07-31 11:20:00,2026-07-31 11:25:00,14433,14511.25,2,156.5,125.79,0.49,target_hit
ICICIGI,camarilla,MIS,2026-07-31 11:20:00,2026-07-31 14:30:00,1629.8,1622.94,18,123.48,92.45,0.88,target_hit
MAXHEALTH,camarilla,MIS,2026-07-31 11:20:00,2026-07-31 13:20:00,1116.9,1110.7199999999998,26,160.68,129.99,0.56,target_hit
PATANJALI,camarilla,MIS,2026-07-31 11:20:00,2026-07-31 12:40:00,359.1,356.50714285714287,83,-215.21,-246.68,-0.43,trailing_stop
RELIANCE,camarilla,MIS,2026-07-31 11:20:00,2026-07-31 14:00:00,1299.1,1304.835,23,131.91,100.13,0.62,target_hit
SRF,camarilla,MIS,2026-07-31 11:20:00,2026-07-31 11:25:00,2621.0,2629.1650000000004,11,89.82,59.18,0.41,target_hit
SWIGGY,camarilla,MIS,2026-07-31 11:20:00,2026-07-31 11:25:00,288.44,286.21900000000005,104,230.98,199.32,0.34,target_hit
PAYTM,camarilla,MIS,2026-07-31 11:25:00,2026-07-31 12:50:00,1347.1,1350.7050000000002,22,79.31,47.83,0.24,target_hit
ADANIENSOL,camarilla,MIS,2026-07-31 11:30:00,2026-07-31 11:40:00,1645.9,1636.065,18,177.03,145.73,0.57,target_hit
ZYDUSLIFE,camarilla,MIS,2026-07-31 11:30:00,2026-07-31 11:35:00,1123.2,1126.155,26,76.83,45.81,0.31,target_hit
ADANIENT,camarilla,MIS,2026-07-31 11:35:00,2026-07-31 11:45:00,3015.8,3012.6349999999998,9,28.49,-0.28,0.12,target_hit
FEDERALBNK,camarilla,MIS,2026-07-31 11:35:00,2026-07-31 12:10:00,357.15,357.72499999999997,83,47.72,16.26,0.28,target_hit
PIIND,camarilla,MIS,2026-07-31 11:35:00,2026-07-31 14:40:00,2755.5,2741.55,10,139.5,110.37,0.74,target_hit
SUNPHARMA,camarilla,MIS,2026-07-31 11:35:00,2026-07-31 11:40:00,2015.9,2017.215,14,18.41,-11.53,0.1,target_hit
UPL,camarilla,MIS,2026-07-31 11:40:00,2026-07-31 15:15:00,605.25,604.1,49,-56.35,-87.76,-0.18,forced_close
AMBUJACEM,camarilla,MIS,2026-07-31 11:45:00,2026-07-31 15:15:00,431.75,431.85,69,-6.9,-38.5,-0.03,forced_close
DLF,camarilla,MIS,2026-07-31 11:45:00,2026-07-31 13:40:00,660.5,656.5714285714286,45,-176.79,-208.19,-0.73,trailing_stop
POWERGRID,camarilla,MIS,2026-07-31 11:45:00,2026-07-31 12:20:00,283.5,283.445,105,5.78,-25.79,0.04,target_hit
BLUESTARCO,camarilla,MIS,2026-07-31 11:50:00,2026-07-31 15:15:00,1677.1,1680.0,17,-49.3,-79.57,-0.11,forced_close
CIPLA,camarilla,MIS,2026-07-31 11:50:00,2026-07-31 14:05:00,1473.0,1477.2350000000001,20,84.7,53.4,0.36,target_hit
PREMIERENE,camarilla,MIS,2026-07-31 11:50:00,2026-07-31 11:55:00,1005.0,1005.0300000000001,29,0.87,-30.04,0.0,target_hit
GMRAIRPORT,camarilla,MIS,2026-07-31 12:00:00,2026-07-31 12:30:00,105.06,106.0,285,267.9,235.98,0.99,target_hit
IDEA,camarilla,MIS,2026-07-31 12:00:00,2026-07-31 12:50:00,13.03,13.051499999999999,2302,49.49,17.65,0.17,target_hit
JUBLFOOD,camarilla,MIS,2026-07-31 12:00:00,2026-07-31 12:05:00,435.05,434.71250000000003,68,22.95,-8.41,0.09,target_hit
LODHA,camarilla,MIS,2026-07-31 12:00:00,2026-07-31 13:05:00,1272.7,1260.915,23,271.06,240.19,0.65,target_hit
TIINDIA,camarilla,MIS,2026-07-31 12:00:00,2026-07-31 12:25:00,2754.2,2762.1150000000002,10,79.15,49.89,0.23,target_hit
HDFCBANK,camarilla,MIS,2026-07-31 12:10:00,2026-07-31 15:15:00,749.6,747.6,40,80.0,48.25,0.61,forced_close
ASTRAL,camarilla,MIS,2026-07-31 12:15:00,2026-07-31 13:30:00,1454.0,1451.4950000000001,20,50.1,19.29,0.17,target_hit
NESTLEIND,camarilla,MIS,2026-07-31 12:15:00,2026-07-31 14:05:00,1508.0,1501.1200000000001,19,130.72,100.42,0.68,target_hit
PFC,camarilla,MIS,2026-07-31 12:15:00,2026-07-31 12:20:00,423.25,423.11499999999995,70,9.45,-21.96,0.03,target_hit
ADANIPORTS,camarilla,MIS,2026-07-31 12:20:00,2026-07-31 13:30:00,1686.8,1702.215,17,262.05,231.48,0.97,target_hit
AUROPHARMA,camarilla,MIS,2026-07-31 12:20:00,2026-07-31 13:40:00,1588.1,1579.2642857142857,18,-159.04,-189.25,-0.51,trailing_stop
BHARTIARTL,camarilla,MIS,2026-07-31 12:20:00,2026-07-31 12:40:00,1963.3,1967.415,15,61.73,30.46,0.72,target_hit
COFORGE,camarilla,MIS,2026-07-31 12:20:00,2026-07-31 13:20:00,1716.6,1712.4700000000003,17,70.21,39.31,0.17,target_hit
EICHERMOT,camarilla,MIS,2026-07-31 12:20:00,2026-07-31 15:15:00,7837.5,7823.0,3,43.5,18.59,0.18,forced_close
KPITTECH,camarilla,MIS,2026-07-31 12:20:00,2026-07-31 13:40:00,601.95,594.8714285714284,49,-346.85,-377.91,-0.55,trailing_stop
KOTAKBANK,camarilla,MIS,2026-07-31 12:25:00,2026-07-31 15:15:00,390.7,390.3,76,-30.4,-61.87,-0.17,forced_close
TATACONSUM,camarilla,MIS,2026-07-31 12:25:00,2026-07-31 12:30:00,1084.4,1084.025,27,10.12,-20.92,0.05,target_hit
TITAN,camarilla,MIS,2026-07-31 12:25:00,2026-07-31 12:55:00,4867.9,4876.95,6,54.3,23.29,0.41,target_hit
ATGL,camarilla,MIS,2026-07-31 12:30:00,2026-07-31 12:35:00,654.65,654.9074999999999,45,11.59,-19.66,0.04,target_hit
IOC,camarilla,MIS,2026-07-31 12:30:00,2026-07-31 15:15:00,140.39,139.99,213,-85.2,-116.86,-0.48,forced_close
TATASTEEL,camarilla,MIS,2026-07-31 12:30:00,2026-07-31 12:35:00,187.73,188.5095,159,123.94,92.21,0.53,target_hit
PNB,camarilla,MIS,2026-07-31 12:35:00,2026-07-31 13:00:00,112.3,112.50900000000001,267,55.8,23.97,0.4,target_hit
SAIL,camarilla,MIS,2026-07-31 12:35:00,2026-07-31 14:35:00,170.15,168.84285714285718,176,-230.06,-261.67,-0.76,trailing_stop
MFSL,camarilla,MIS,2026-07-31 12:40:00,2026-07-31 15:15:00,1499.7,1499.0,20,14.0,-17.8,0.05,forced_close
NHPC,camarilla,MIS,2026-07-31 12:40:00,2026-07-31 15:00:00,78.46,78.642,382,69.52,37.7,0.32,target_hit
GODREJPROP,camarilla,MIS,2026-07-31 12:50:00,2026-07-31 14:00:00,2127.0,2107.971428571428,14,-266.4,-297.81,-1.13,trailing_stop
BANKBARODA,camarilla,MIS,2026-07-31 12:55:00,2026-07-31 13:00:00,243.2,243.245,123,5.54,-26.19,0.04,target_hit
INDIANB,camarilla,MIS,2026-07-31 13:00:00,2026-07-31 13:05:00,834.2,835.3625,35,40.69,9.7,0.18,target_hit
UNIONBANK,camarilla,MIS,2026-07-31 13:00:00,2026-07-31 13:05:00,171.56,172.149,174,102.49,70.76,0.46,target_hit
BANKINDIA,camarilla,MIS,2026-07-31 13:05:00,2026-07-31 13:10:00,138.12,138.12199999999999,217,0.43,-31.35,0.0,target_hit
DRREDDY,camarilla,MIS,2026-07-31 13:20:00,2026-07-31 13:25:00,1149.6,1151.3999999999999,26,46.8,15.07,0.26,target_hit
INDIGO,camarilla,MIS,2026-07-31 13:20:00,2026-07-31 13:30:00,5212.5,5195.3,5,86.0,58.42,0.38,target_hit
JINDALSTEL,camarilla,MIS,2026-07-31 13:20:00,2026-07-31 14:40:00,1108.3,1102.785714285714,27,-148.89,-180.52,-0.55,trailing_stop
IDFCFIRSTB,camarilla,MIS,2026-07-31 13:25:00,2026-07-31 14:45:00,85.35,84.95714285714286,351,-137.89,-169.57,-0.65,trailing_stop
ALKEM,camarilla,MIS,2026-07-31 13:30:00,2026-07-31 15:15:00,5756.0,5746.5,5,47.5,17.01,0.35,forced_close
INDHOTEL,camarilla,MIS,2026-07-31 13:40:00,2026-07-31 13:50:00,742.5,740.12,40,95.2,63.77,0.4,target_hit
NTPC,camarilla,MIS,2026-07-31 13:55:00,2026-07-31 14:55:00,346.7,348.04,86,115.24,83.55,0.45,target_hit
SHREECEM,camarilla,MIS,2026-07-31 14:00:00,2026-07-31 14:20:00,26215,25982.0,1,233.0,205.35,1.42,target_hit
IRCTC,camarilla,MIS,2026-07-31 14:10:00,2026-07-31 14:40:00,491.45,490.1525,61,79.15,47.41,0.44,target_hit
M&MFIN,camarilla,MIS,2026-07-31 14:15:00,2026-07-31 14:40:00,388.65,386.995,77,127.43,95.78,0.32,target_hit
TATAINVEST,camarilla,MIS,2026-07-31 14:15:00,2026-07-31 15:15:00,681.5,679.7,44,-79.2,-110.95,-0.35,forced_close
APOLLOHOSP,camarilla,MIS,2026-07-31 14:20:00,2026-07-31 15:15:00,8940.0,8949.5,3,-28.5,-56.96,-0.19,forced_close
VEDL,camarilla,MIS,2026-07-31 14:20:00,2026-07-31 15:10:00,265.35,263.9525,113,157.92,126.22,0.72,target_hit
BDL,camarilla,MIS,2026-07-31 14:25:00,2026-07-31 14:30:00,1259.4,1259.7600000000002,23,8.28,-22.44,0.05,target_hit
GRASIM,camarilla,MIS,2026-07-31 14:25:00,2026-07-31 15:15:00,3096.2,3099.9,9,-33.3,-62.87,-0.16,forced_close
MCX,camarilla,MIS,2026-07-31 14:25:00,2026-07-31 15:15:00,2699.0,2690.1,11,-97.9,-129.32,-0.5,forced_close
NYKAA,camarilla,MIS,2026-07-31 14:30:00,2026-07-31 15:05:00,331.7,334.1392857142857,90,-219.54,-251.33,-1.06,trailing_stop
HINDPETRO,camarilla,MIS,2026-07-31 14:35:00,2026-07-31 15:15:00,390.9,389.2,76,-129.2,-160.62,-0.63,forced_close
PRESTIGE,camarilla,MIS,2026-07-31 14:35:00,2026-07-31 14:40:00,1617.8,1617.955,18,2.79,-28.09,0.01,target_hit
UNITDSPR,camarilla,MIS,2026-07-31 14:45:00,2026-07-31 15:00:00,1519.8,1516.28,19,66.88,36.3,0.27,target_hit
TATACOMM,camarilla,MIS,2026-07-31 14:55:00,2026-07-31 15:15:00,1754.6,1752.0,17,44.2,12.6,0.15,forced_close
WIPRO,camarilla,MIS,2026-07-31 15:00:00,2026-07-31 15:15:00,183.36,183.78,163,-68.46,-100.2,-0.24,forced_close
COROMANDEL,camarilla,MIS,2026-07-31 15:05:00,2026-07-31 15:10:00,2073.5,2077.08,14,50.12,19.3,0.33,target_hit
HEROMOTOCO,camarilla,MIS,2026-07-31 15:05:00,2026-07-31 15:15:00,5387.0,5389.1,5,10.5,-18.07,0.07,forced_close
FORTIS,camarilla,MIS,2026-07-31 15:10:00,2026-07-31 15:15:00,944.85,944.8,31,1.55,-29.51,0.01,forced_close
DABUR,camarilla,MIS,2026-07-31 15:15:00,2026-07-31 15:20:00,421.15,421.2,71,-3.55,-35.26,-0.03,forced_close
HDFCLIFE,camarilla,MIS,2026-07-31 15:15:00,2026-07-31 15:20:00,549.9,550.1,54,10.8,-20.7,0.03,forced_close
IREDA,camarilla,MIS,2026-07-31 15:15:00,2026-07-31 15:20:00,119.4,119.3,251,25.1,-6.67,0.11,forced_close
ABB,camarilla,MIS,2026-07-31 15:20:00,2026-07-31 15:25:00,7246.5,7216.15,4,121.4,90.74,0.17,target_hit
ADANIPOWER,camarilla,MIS,2026-07-31 15:20:00,2026-07-31 15:25:00,211.21,211.21949999999998,142,1.35,-30.46,0.01,target_hit
CANBK,camarilla,MIS,2026-07-31 15:20:00,2026-07-31 15:25:00,124.9,124.9565,240,13.56,-18.24,0.12,target_hit
HINDZINC,camarilla,MIS,2026-07-31 15:20:00,2026-07-31 15:25:00,541.55,539.25,55,-126.5,-158.0,-0.39,forced_close
GODREJCP,camarilla,MIS,2026-07-31 15:25:00,2026-07-31 15:25:00,1067.0,1067.0,28,-0.0,-31.68,-0.0,eod_data_end
