symbol,stage,product,entry_time,exit_time,entry_price,exit_price,shares,gross_pnl,net_pnl,r_multiple,exit_reason
LTM,stage1,MIS,2024-08-29 00:00:00,2024-08-29 00:00:00,6114.0,6132.1,4,72.4,46.42,,session_close
WIPRO,stage1,MIS,2024-08-29 00:00:00,2024-08-29 00:00:00,255.7,257.45,117,204.75,172.89,,session_close
AUBANK,stage1,MIS,2024-09-02 00:00:00,2024-09-02 00:00:00,684.95,680.8,43,-178.45,-209.57,,session_close
CIPLA,stage1,MIS,2024-09-02 00:00:00,2024-09-02 00:00:00,1669.0,1646.65,17,-379.95,-409.79,,session_close
PAYTM,stage1,MIS,2024-09-02 00:00:00,2024-09-02 00:00:00,619.0,607.85,48,-535.2,-566.37,,session_close
RADICO,stage1,MIS,2024-09-02 00:00:00,2024-09-02 00:00:00,1982.0,2010.5,15,427.5,395.7,,session_close
RVNL,stage1,MIS,2024-09-02 00:00:00,2024-09-02 00:00:00,610.5,601.2,49,-455.7,-487.13,,session_close
ADANIGREEN,stage1,MIS,2024-09-03 00:00:00,2024-09-03 00:00:00,1947.0,1897.9,15,-736.5,-767.0,,session_close
BAJAJ-AUTO,stage1,MIS,2024-09-03 00:00:00,2024-09-03 00:00:00,10831.5,10770.5,2,-122.0,-144.89,,session_close
BAJAJHLDNG,stage1,MIS,2024-09-03 00:00:00,2024-09-03 00:00:00,10600.0,10903.9,2,607.8,584.93,,session_close
BAJFINANCE,stage1,MIS,2024-09-03 00:00:00,2024-09-03 00:00:00,746.0,735.5,40,-420.0,-451.37,,session_close
JIOFIN,stage1,MIS,2024-09-03 00:00:00,2024-09-03 00:00:00,351.0,350.2,85,-68.0,-99.6,,session_close
BAJAJHLDNG,stage1,MIS,2024-09-04 00:00:00,2024-09-04 00:00:00,10625.0,11067.7,2,885.4,862.3,,session_close
SBILIFE,stage1,MIS,2024-09-04 00:00:00,2024-09-04 00:00:00,1910.0,1912.2,15,33.0,2.6,,session_close
ASIANPAINT,stage1,MIS,2024-09-05 00:00:00,2024-09-05 00:00:00,3240.0,3238.25,9,-15.75,-46.66,,session_close
BIOCON,stage1,MIS,2024-09-05 00:00:00,2024-09-05 00:00:00,385.0,382.85,77,-165.55,-196.88,,session_close
HINDPETRO,stage1,MIS,2024-09-05 00:00:00,2024-09-05 00:00:00,434.9,437.05,68,146.2,114.75,,session_close
MAZDOCK,stage1,MIS,2024-09-05 00:00:00,2024-09-05 00:00:00,2411.0,2289.55,12,-1457.4,-1487.15,,session_close
COFORGE,stage1,MIS,2024-09-06 00:00:00,2024-09-06 00:00:00,1310.0,1325.0,22,330.0,299.23,,session_close
DMART,stage1,MIS,2024-09-06 00:00:00,2024-09-06 00:00:00,5293.0,5303.45,5,52.25,24.15,,session_close
TITAN,stage1,MIS,2024-09-06 00:00:00,2024-09-06 00:00:00,3714.95,3695.5,8,-155.6,-187.02,,session_close
GODFRYPHLP,stage1,MIS,2024-09-09 00:00:00,2024-09-09 00:00:00,2372.0,2281.0,12,-1092.0,-1121.49,,session_close
BLUESTARCO,stage1,MIS,2024-09-10 00:00:00,2024-09-10 00:00:00,1811.35,1799.95,16,-182.4,-213.02,,session_close
DABUR,stage1,MIS,2024-09-10 00:00:00,2024-09-10 00:00:00,669.35,665.25,44,-180.4,-211.52,,session_close
UNITDSPR,stage1,MIS,2024-09-10 00:00:00,2024-09-10 00:00:00,1518.55,1508.2,19,-196.65,-227.12,,session_close
COFORGE,stage1,MIS,2024-09-11 00:00:00,2024-09-11 00:00:00,1361.5,1368.0,22,143.0,111.14,,session_close
DIVISLAB,stage1,MIS,2024-09-11 00:00:00,2024-09-11 00:00:00,5405.0,5439.3,5,171.5,142.73,,session_close
INDHOTEL,stage1,MIS,2024-09-11 00:00:00,2024-09-11 00:00:00,694.95,684.75,43,-438.6,-470.01,,session_close
LTF,stage1,MIS,2024-09-11 00:00:00,2024-09-11 00:00:00,172.9,166.25,173,-1150.45,-1181.43,,session_close
TATACOMM,stage1,MIS,2024-09-11 00:00:00,2024-09-11 00:00:00,2010.0,1982.65,14,-382.9,-412.5,,session_close
TATAPOWER,stage1,MIS,2024-09-11 00:00:00,2024-09-11 00:00:00,445.9,435.65,67,-686.75,-717.99,,session_close
ASIANPAINT,stage1,MIS,2024-09-12 00:00:00,2024-09-12 00:00:00,3370.0,3383.25,8,106.0,77.34,,session_close
BAJAJ-AUTO,stage1,MIS,2024-09-12 00:00:00,2024-09-12 00:00:00,11197.0,11433.5,2,473.0,448.95,,session_close
ADANIPORTS,stage1,MIS,2024-09-13 00:00:00,2024-09-13 00:00:00,1472.95,1452.1,20,-417.0,-447.97,,session_close
APOLLOHOSP,stage1,MIS,2024-09-13 00:00:00,2024-09-13 00:00:00,7096.2,7019.15,4,-308.2,-338.1,,session_close
BAJAJ-AUTO,stage1,MIS,2024-09-13 00:00:00,2024-09-13 00:00:00,11433.5,11447.0,2,27.0,2.73,,session_close
CGPOWER,stage1,MIS,2024-09-13 00:00:00,2024-09-13 00:00:00,729.15,713.7,41,-633.45,-664.75,,session_close
JINDALSTEL,stage1,MIS,2024-09-13 00:00:00,2024-09-13 00:00:00,1010.1,1031.1,29,609.0,577.55,,session_close
LTF,stage1,MIS,2024-09-13 00:00:00,2024-09-13 00:00:00,175.4,177.91,171,429.21,397.13,,session_close
TIINDIA,stage1,MIS,2024-09-16 00:00:00,2024-09-16 00:00:00,4099.8,4047.1,7,-368.9,-399.1,,session_close
WIPRO,stage1,MIS,2024-09-16 00:00:00,2024-09-16 00:00:00,264.3,263.75,113,-62.15,-93.78,,session_close
ADANIGREEN,stage1,MIS,2024-09-17 00:00:00,2024-09-17 00:00:00,1930.8,1954.4,15,354.0,323.06,,session_close
BSE,stage1,MIS,2024-09-17 00:00:00,2024-09-17 00:00:00,1140.0,1111.0,26,-754.0,-784.95,,session_close
DIXON,stage1,MIS,2024-09-17 00:00:00,2024-09-17 00:00:00,13999.0,14091.3,2,184.6,154.79,,session_close
BSE,stage1,MIS,2024-09-19 00:00:00,2024-09-19 00:00:00,1298.5,1237.0,23,-1414.5,-1445.27,,session_close
ADANIGREEN,stage1,MIS,2024-09-23 00:00:00,2024-09-23 00:00:00,2028.95,2031.2,14,31.5,1.36,,session_close
BHARTIARTL,stage1,MIS,2024-09-23 00:00:00,2024-09-23 00:00:00,1719.0,1750.45,17,534.65,503.32,,session_close
BSE,stage1,MIS,2024-09-23 00:00:00,2024-09-23 00:00:00,1333.5,1311.0,22,-495.0,-525.79,,session_close
COCHINSHIP,stage1,MIS,2024-09-23 00:00:00,2024-09-23 00:00:00,1886.95,1780.0,15,-1604.25,-1633.24,,session_close
GODREJPROP,stage1,MIS,2024-09-23 00:00:00,2024-09-23 00:00:00,3001.0,3192.35,9,1722.15,1692.41,,session_close
HUDCO,stage1,MIS,2024-09-23 00:00:00,2024-09-23 00:00:00,251.25,243.45,119,-928.2,-959.31,,session_close
IRFC,stage1,MIS,2024-09-23 00:00:00,2024-09-23 00:00:00,163.0,159.56,184,-632.96,-664.36,,session_close
JSWENERGY,stage1,MIS,2024-09-23 00:00:00,2024-09-23 00:00:00,785.35,792.05,38,254.6,222.79,,session_close
LODHA,stage1,MIS,2024-09-23 00:00:00,2024-09-23 00:00:00,1419.0,1424.85,21,122.85,91.17,,session_close
LT,stage1,MIS,2024-09-23 00:00:00,2024-09-23 00:00:00,3800.0,3787.7,7,-86.1,-114.25,,session_close
M&M,stage1,MIS,2024-09-23 00:00:00,2024-09-23 00:00:00,2962.75,3049.8,10,870.5,838.52,,session_close
MAXHEALTH,stage1,MIS,2024-09-23 00:00:00,2024-09-23 00:00:00,1062.1,1054.2,28,-221.2,-252.59,,session_close
MAZDOCK,stage1,MIS,2024-09-23 00:00:00,2024-09-23 00:00:00,2196.0,2159.1,13,-479.7,-509.67,,session_close
MOTILALOFS,stage1,MIS,2024-09-23 00:00:00,2024-09-23 00:00:00,798.0,786.7,37,-418.1,-449.14,,session_close
NESTLEIND,stage1,MIS,2024-09-23 00:00:00,2024-09-23 00:00:00,1352.6,1362.6,22,220.0,188.3,,session_close
ASTRAL,stage1,MIS,2024-09-24 00:00:00,2024-09-24 00:00:00,1986.5,2008.95,15,336.75,304.94,,session_close
DLF,stage1,MIS,2024-09-24 00:00:00,2024-09-24 00:00:00,910.95,917.0,32,193.6,162.56,,session_close
GODREJPROP,stage1,MIS,2024-09-24 00:00:00,2024-09-24 00:00:00,3192.35,3202.6,9,92.25,61.72,,session_close
HINDALCO,stage1,MIS,2024-09-25 00:00:00,2024-09-25 00:00:00,725.0,718.45,41,-268.55,-299.9,,session_close
NATIONALUM,stage1,MIS,2024-09-25 00:00:00,2024-09-25 00:00:00,191.42,191.12,156,-46.8,-78.44,,session_close
NMDC,stage1,MIS,2024-09-25 00:00:00,2024-09-25 00:00:00,70.6,70.6,424,0.0,-31.74,,session_close
TATASTEEL,stage1,MIS,2024-09-25 00:00:00,2024-09-25 00:00:00,157.82,157.98,190,30.4,-1.42,,session_close
APLAPOLLO,stage1,MIS,2024-09-26 00:00:00,2024-09-26 00:00:00,1520.0,1516.7,19,-62.7,-93.29,,session_close
GODREJPROP,stage1,MIS,2024-09-26 00:00:00,2024-09-26 00:00:00,3332.55,3305.65,9,-242.1,-273.75,,session_close
POWERGRID,stage1,MIS,2024-09-26 00:00:00,2024-09-26 00:00:00,364.05,365.45,82,114.8,83.07,,session_close
TATACOMM,stage1,MIS,2024-09-26 00:00:00,2024-09-26 00:00:00,2140.0,2145.15,14,72.1,40.28,,session_close
MARUTI,stage1,MIS,2024-09-27 00:00:00,2024-09-27 00:00:00,13383.0,13495.6,2,225.2,196.67,,session_close
MOTHERSON,stage1,MIS,2024-09-27 00:00:00,2024-09-27 00:00:00,142.63,143.4,210,161.7,129.83,,session_close
NATIONALUM,stage1,MIS,2024-09-27 00:00:00,2024-09-27 00:00:00,201.21,202.71,149,223.5,191.56,,session_close
NMDC,stage1,MIS,2024-09-27 00:00:00,2024-09-27 00:00:00,74.17,73.53,404,-258.56,-290.17,,session_close
SAIL,stage1,MIS,2024-09-27 00:00:00,2024-09-27 00:00:00,140.0,140.54,214,115.56,83.71,,session_close
VEDL,stage1,MIS,2024-09-27 00:00:00,2024-09-27 00:00:00,255.4,258.95,117,415.35,383.4,,session_close
BPCL,stage1,MIS,2024-09-30 00:00:00,2024-09-30 00:00:00,349.65,352.3,85,225.25,193.59,,session_close
CANBK,stage1,MIS,2024-09-30 00:00:00,2024-09-30 00:00:00,105.61,104.05,284,-443.04,-474.56,,session_close
CIPLA,stage1,MIS,2024-09-30 00:00:00,2024-09-30 00:00:00,1675.0,1654.1,17,-355.3,-385.27,,session_close
EXIDEIND,stage1,MIS,2024-09-30 00:00:00,2024-09-30 00:00:00,498.0,502.55,60,273.0,241.14,,session_close
GAIL,stage1,MIS,2024-09-30 00:00:00,2024-09-30 00:00:00,218.65,224.54,137,806.93,774.65,,session_close
IOC,stage1,MIS,2024-09-30 00:00:00,2024-09-30 00:00:00,170.67,171.1,175,75.25,43.53,,session_close
NHPC,stage1,MIS,2024-09-30 00:00:00,2024-09-30 00:00:00,95.34,94.95,314,-122.46,-154.13,,session_close
POLYCAB,stage1,MIS,2024-09-30 00:00:00,2024-09-30 00:00:00,7065.0,6955.2,4,-439.2,-468.89,,session_close
TORNTPHARM,stage1,MIS,2024-09-30 00:00:00,2024-09-30 00:00:00,3456.0,3396.55,8,-475.6,-504.61,,session_close
APLAPOLLO,stage1,MIS,2024-10-01 00:00:00,2024-10-01 00:00:00,1590.0,1621.6,18,568.8,538.09,,session_close
NATIONALUM,stage1,MIS,2024-10-03 00:00:00,2024-10-03 00:00:00,216.63,217.9,138,175.26,143.45,,session_close
POLICYBZR,stage1,MIS,2024-10-03 00:00:00,2024-10-03 00:00:00,1724.0,1706.9,17,-290.7,-321.59,,session_close
POLYCAB,stage1,MIS,2024-10-03 00:00:00,2024-10-03 00:00:00,7202.3,7332.2,4,519.6,488.72,,session_close
360ONE,stage1,MIS,2024-10-07 00:00:00,2024-10-07 00:00:00,1007.6,963.8,29,-1270.2,-1300.37,,session_close
CGPOWER,stage1,MIS,2024-10-08 00:00:00,2024-10-08 00:00:00,758.95,780.4,39,836.55,804.63,,session_close
ADANIENSOL,stage1,MIS,2024-10-09 00:00:00,2024-10-09 00:00:00,1015.8,983.3,29,-942.5,-973.14,,session_close
DIXON,stage1,MIS,2024-10-09 00:00:00,2024-10-09 00:00:00,14550.0,14805.2,2,510.4,479.21,,session_close
PAYTM,stage1,MIS,2024-10-09 00:00:00,2024-10-09 00:00:00,751.0,741.25,39,-380.25,-411.07,,session_close
RVNL,stage1,MIS,2024-10-09 00:00:00,2024-10-09 00:00:00,494.0,480.85,60,-789.0,-819.93,,session_close
VBL,stage1,MIS,2024-10-09 00:00:00,2024-10-09 00:00:00,599.0,592.4,50,-330.0,-361.55,,session_close
DIVISLAB,stage1,MIS,2024-10-10 00:00:00,2024-10-10 00:00:00,5960.0,5942.15,5,-89.25,-120.79,,session_close
EXIDEIND,stage1,MIS,2024-10-10 00:00:00,2024-10-10 00:00:00,527.0,512.15,56,-831.6,-862.36,,session_close
MAZDOCK,stage1,MIS,2024-10-11 00:00:00,2024-10-11 00:00:00,2230.0,2192.5,13,-487.5,-517.93,,session_close
EXIDEIND,stage1,MIS,2024-10-14 00:00:00,2024-10-14 00:00:00,533.2,530.35,56,-159.6,-191.16,,session_close
OBEROIRLTY,stage1,MIS,2024-10-15 00:00:00,2024-10-15 00:00:00,2000.0,2028.9,15,433.5,401.41,,session_close
WIPRO,stage1,MIS,2024-10-15 00:00:00,2024-10-15 00:00:00,264.2,254.7,113,-1073.5,-1104.47,,session_close
MOTILALOFS,stage1,MIS,2024-10-16 00:00:00,2024-10-16 00:00:00,907.05,962.05,33,1815.0,1782.1,,session_close
HDFCAMC,stage1,MIS,2024-10-17 00:00:00,2024-10-17 00:00:00,2316.8,2271.3,12,-546.0,-575.13,,session_close
MPHASIS,stage1,MIS,2024-10-18 00:00:00,2024-10-18 00:00:00,2931.3,2955.9,10,246.0,214.76,,session_close
HAVELLS,stage1,MIS,2024-10-21 00:00:00,2024-10-21 00:00:00,1855.0,1812.7,16,-676.8,-707.84,,session_close
MOTILALOFS,stage1,MIS,2024-10-21 00:00:00,2024-10-21 00:00:00,1021.95,964.25,29,-1673.3,-1703.66,,session_close
TIINDIA,stage1,MIS,2024-10-23 00:00:00,2024-10-23 00:00:00,4441.15,4634.95,6,1162.8,1133.8,,session_close
BAJFINANCE,stage1,MIS,2024-10-24 00:00:00,2024-10-24 00:00:00,701.0,704.0,42,126.0,94.7,,session_close
COFORGE,stage1,MIS,2024-10-24 00:00:00,2024-10-24 00:00:00,1507.0,1540.0,19,627.0,596.23,,session_close
ETERNAL,stage1,MIS,2024-10-24 00:00:00,2024-10-24 00:00:00,267.2,254.3,112,-1444.8,-1475.61,,session_close
GODFRYPHLP,stage1,MIS,2024-10-24 00:00:00,2024-10-24 00:00:00,2279.0,2161.0,13,-1534.0,-1564.44,,session_close
PERSISTENT,stage1,MIS,2024-10-24 00:00:00,2024-10-24 00:00:00,5693.45,5691.2,5,-11.25,-41.43,,session_close
VBL,stage1,MIS,2024-10-24 00:00:00,2024-10-24 00:00:00,629.7,609.3,47,-958.8,-989.57,,session_close
ATGL,stage1,MIS,2024-10-25 00:00:00,2024-10-25 00:00:00,754.85,724.15,39,-1197.3,-1227.75,,session_close
CANBK,stage1,MIS,2024-10-29 00:00:00,2024-10-29 00:00:00,94.86,96.97,316,666.76,634.55,,session_close
IDFCFIRSTB,stage1,MIS,2024-10-29 00:00:00,2024-10-29 00:00:00,66.19,67.6,453,638.73,606.52,,session_close
INDIANB,stage1,MIS,2024-10-29 00:00:00,2024-10-29 00:00:00,520.3,554.7,57,1960.8,1928.09,,session_close
APLAPOLLO,stage1,MIS,2024-10-30 00:00:00,2024-10-30 00:00:00,1465.6,1491.45,20,517.0,485.59,,session_close
CANBK,stage1,MIS,2024-10-30 00:00:00,2024-10-30 00:00:00,96.73,96.59,310,-43.4,-75.17,,session_close
FEDERALBNK,stage1,MIS,2024-10-30 00:00:00,2024-10-30 00:00:00,199.21,203.24,150,604.5,572.43,,session_close
HUDCO,stage1,MIS,2024-10-30 00:00:00,2024-10-30 00:00:00,218.85,216.59,137,-309.62,-341.22,,session_close
INDIANB,stage1,MIS,2024-10-30 00:00:00,2024-10-30 00:00:00,542.55,561.5,55,1042.25,1009.94,,session_close
JSWENERGY,stage1,MIS,2024-10-30 00:00:00,2024-10-30 00:00:00,683.3,674.35,43,-384.85,-415.76,,session_close
LICHSGFIN,stage1,MIS,2024-10-30 00:00:00,2024-10-30 00:00:00,642.4,633.0,46,-432.4,-463.46,,session_close
LODHA,stage1,MIS,2024-10-30 00:00:00,2024-10-30 00:00:00,1160.7,1179.2,25,462.5,431.43,,session_close
PNB,stage1,MIS,2024-10-30 00:00:00,2024-10-30 00:00:00,95.76,94.4,313,-425.68,-457.19,,session_close
SBIN,stage1,MIS,2024-10-30 00:00:00,2024-10-30 00:00:00,828.0,822.45,36,-199.8,-231.28,,session_close
ABCAPITAL,stage1,MIS,2024-10-31 00:00:00,2024-10-31 00:00:00,216.26,203.23,138,-1798.14,-1828.64,,session_close
ADANIENT,stage1,MIS,2024-10-31 00:00:00,2024-10-31 00:00:00,2877.3,2857.3,10,-200.0,-230.38,,session_close
BANKINDIA,stage1,MIS,2024-10-31 00:00:00,2024-10-31 00:00:00,100.46,101.56,298,327.8,295.84,,session_close
CONCOR,stage1,MIS,2024-10-31 00:00:00,2024-10-31 00:00:00,668.75,677.7,44,393.8,362.34,,session_close
IRFC,stage1,MIS,2024-10-31 00:00:00,2024-10-31 00:00:00,155.4,155.96,193,108.08,76.21,,session_close
LT,stage1,MIS,2024-11-01 00:00:00,2024-11-01 00:00:00,3624.95,3626.35,8,11.2,-19.56,,session_close
TATAPOWER,stage1,MIS,2024-11-01 00:00:00,2024-11-01 00:00:00,444.0,445.45,67,97.15,65.54,,session_close
BAJAJHLDNG,stage1,MIS,2024-11-05 00:00:00,2024-11-05 00:00:00,10649.95,10600.35,2,-99.2,-121.72,,session_close
NAUKRI,stage1,MIS,2024-11-05 00:00:00,2024-11-05 00:00:00,1544.5,1528.0,19,-313.5,-344.42,,session_close
PNB,stage1,MIS,2024-11-05 00:00:00,2024-11-05 00:00:00,97.96,98.88,306,281.52,249.55,,session_close
JSWSTEEL,stage1,MIS,2024-11-06 00:00:00,2024-11-06 00:00:00,1000.0,1008.65,30,259.5,227.52,,session_close
PATANJALI,stage1,MIS,2024-11-06 00:00:00,2024-11-06 00:00:00,627.1,630.0,47,136.3,104.96,,session_close
PREMIERENE,stage1,MIS,2024-11-06 00:00:00,2024-11-06 00:00:00,1200.0,1189.1,25,-272.5,-304.14,,session_close
ADANIENSOL,stage1,MIS,2024-11-07 00:00:00,2024-11-07 00:00:00,1006.2,964.05,29,-1222.35,-1252.51,,session_close
BEL,stage1,MIS,2024-11-07 00:00:00,2024-11-07 00:00:00,301.0,300.35,99,-64.35,-95.91,,session_close
DIXON,stage1,MIS,2024-11-07 00:00:00,2024-11-07 00:00:00,15747.6,15698.5,1,-49.1,-65.77,,session_close
GAIL,stage1,MIS,2024-11-07 00:00:00,2024-11-07 00:00:00,195.57,196.63,153,162.18,130.35,,session_close
IRCTC,stage1,MIS,2024-11-07 00:00:00,2024-11-07 00:00:00,851.15,844.05,35,-248.5,-279.93,,session_close
SUPREMEIND,stage1,MIS,2024-11-07 00:00:00,2024-11-07 00:00:00,4685.0,4676.75,6,-49.5,-79.28,,session_close
APOLLOHOSP,stage1,MIS,2024-11-08 00:00:00,2024-11-08 00:00:00,7390.05,7421.4,4,125.4,93.97,,session_close
JSWENERGY,stage1,MIS,2024-11-08 00:00:00,2024-11-08 00:00:00,721.0,712.05,41,-366.95,-398.06,,session_close
POLICYBZR,stage1,MIS,2024-11-08 00:00:00,2024-11-08 00:00:00,1739.0,1678.7,17,-1025.1,-1055.79,,session_close
ASHOKLEY,stage1,MIS,2024-11-11 00:00:00,2024-11-11 00:00:00,112.0,112.15,267,40.05,8.31,,session_close
CUMMINSIND,stage1,MIS,2024-11-11 00:00:00,2024-11-11 00:00:00,3645.0,3601.95,8,-344.4,-375.1,,session_close
INDHOTEL,stage1,MIS,2024-11-11 00:00:00,2024-11-11 00:00:00,737.95,729.75,40,-328.0,-359.09,,session_close
BIOCON,stage1,MIS,2024-11-12 00:00:00,2024-11-12 00:00:00,348.7,347.5,86,-103.2,-134.93,,session_close
PFC,stage1,MIS,2024-11-12 00:00:00,2024-11-12 00:00:00,485.0,467.15,61,-1088.85,-1119.53,,session_close
GVT&D,stage1,MIS,2024-11-13 00:00:00,2024-11-13 00:00:00,1825.0,1777.4,16,-761.6,-792.08,,session_close
JIOFIN,stage1,MIS,2024-11-18 00:00:00,2024-11-18 00:00:00,320.0,318.8,93,-111.6,-143.09,,session_close
GVT&D,stage1,MIS,2024-11-19 00:00:00,2024-11-19 00:00:00,1890.0,1895.0,15,75.0,44.89,,session_close
PREMIERENE,stage1,MIS,2024-11-19 00:00:00,2024-11-19 00:00:00,1064.05,1093.8,28,833.0,800.87,,session_close
INDHOTEL,stage1,MIS,2024-11-22 00:00:00,2024-11-22 00:00:00,786.0,799.05,38,495.9,463.91,,session_close
POWERGRID,stage1,MIS,2024-11-22 00:00:00,2024-11-22 00:00:00,325.8,336.95,92,1025.8,993.36,,session_close
ADANIENT,stage1,MIS,2024-11-25 00:00:00,2024-11-25 00:00:00,2244.4,2188.6,13,-725.4,-755.88,,session_close
GODREJPROP,stage1,MIS,2024-11-25 00:00:00,2024-11-25 00:00:00,2913.4,2943.05,10,296.5,265.41,,session_close
MPHASIS,stage1,MIS,2024-11-25 00:00:00,2024-11-25 00:00:00,2815.6,2847.7,10,321.0,290.94,,session_close
NAUKRI,stage1,MIS,2024-11-25 00:00:00,2024-11-25 00:00:00,1603.0,1639.0,18,648.0,616.99,,session_close
PAYTM,stage1,MIS,2024-11-25 00:00:00,2024-11-25 00:00:00,913.8,892.95,32,-667.2,-697.78,,session_close
POWERGRID,stage1,MIS,2024-11-25 00:00:00,2024-11-25 00:00:00,341.85,342.75,87,78.3,46.71,,session_close
COLPAL,stage1,MIS,2024-11-26 00:00:00,2024-11-26 00:00:00,2835.0,2952.6,10,1176.0,1145.18,,session_close
JIOFIN,stage1,MIS,2024-11-26 00:00:00,2024-11-26 00:00:00,321.45,326.05,93,427.8,395.82,,session_close
LT,stage1,MIS,2024-11-26 00:00:00,2024-11-26 00:00:00,3754.9,3702.6,7,-366.1,-393.74,,session_close
ONGC,stage1,MIS,2024-11-26 00:00:00,2024-11-26 00:00:00,245.05,242.45,122,-317.2,-348.7,,session_close
PERSISTENT,stage1,MIS,2024-11-26 00:00:00,2024-11-26 00:00:00,5940.0,5968.95,5,144.75,113.16,,session_close
POLICYBZR,stage1,MIS,2024-11-26 00:00:00,2024-11-26 00:00:00,1811.0,1850.8,16,636.8,605.66,,session_close
PRESTIGE,stage1,MIS,2024-11-26 00:00:00,2024-11-26 00:00:00,1744.3,1706.15,17,-648.55,-679.58,,session_close
SIEMENS,stage1,MIS,2024-11-26 00:00:00,2024-11-26 00:00:00,5636.55,5517.35,5,-596.0,-625.5,,session_close
SRF,stage1,MIS,2024-11-26 00:00:00,2024-11-26 00:00:00,2223.6,2234.65,13,143.65,112.9,,session_close
COLPAL,stage1,MIS,2024-11-27 00:00:00,2024-11-27 00:00:00,2960.0,3017.55,10,575.5,543.74,,session_close
ADANIENT,stage1,MIS,2024-11-28 00:00:00,2024-11-28 00:00:00,2365.5,2362.7,12,-33.6,-63.68,,session_close
ADANIGREEN,stage1,MIS,2024-11-28 00:00:00,2024-11-28 00:00:00,1020.0,1087.2,29,1948.8,1916.18,,session_close
ADANIPORTS,stage1,MIS,2024-11-28 00:00:00,2024-11-28 00:00:00,1196.65,1167.6,25,-726.25,-757.51,,session_close
ADANIPOWER,stage1,MIS,2024-11-28 00:00:00,2024-11-28 00:00:00,106.9,112.2,280,1484.0,1451.31,,session_close
ATGL,stage1,MIS,2024-11-28 00:00:00,2024-11-28 00:00:00,715.55,803.85,41,3620.3,3586.87,,session_close
BDL,stage1,MIS,2024-11-28 00:00:00,2024-11-28 00:00:00,1127.4,1169.95,26,1106.3,1074.51,,session_close
ATGL,stage1,MIS,2024-11-29 00:00:00,2024-11-29 00:00:00,809.4,812.35,37,109.15,77.32,,session_close
BDL,stage1,MIS,2024-11-29 00:00:00,2024-11-29 00:00:00,1169.95,1150.0,25,-498.75,-529.45,,session_close
COCHINSHIP,stage1,MIS,2024-11-29 00:00:00,2024-11-29 00:00:00,1579.25,1577.3,18,-35.1,-65.22,,session_close
LTF,stage1,MIS,2024-11-29 00:00:00,2024-11-29 00:00:00,144.74,142.47,207,-469.89,-501.36,,session_close
SOLARINDS,stage1,MIS,2024-11-29 00:00:00,2024-11-29 00:00:00,10950.0,10681.2,2,-537.6,-560.48,,session_close
TIINDIA,stage1,MIS,2024-11-29 00:00:00,2024-11-29 00:00:00,3580.0,3590.55,8,84.4,53.97,,session_close
ADANIENSOL,stage1,MIS,2024-12-02 00:00:00,2024-12-02 00:00:00,844.9,807.0,35,-1326.5,-1357.01,,session_close
ADANIGREEN,stage1,MIS,2024-12-02 00:00:00,2024-12-02 00:00:00,1360.55,1327.95,22,-717.2,-748.48,,session_close
DIVISLAB,stage1,MIS,2024-12-02 00:00:00,2024-12-02 00:00:00,6185.0,6255.35,4,281.4,254.98,,session_close
HUDCO,stage1,MIS,2024-12-02 00:00:00,2024-12-02 00:00:00,240.0,237.99,125,-251.25,-282.9,,session_close
LAURUSLABS,stage1,MIS,2024-12-02 00:00:00,2024-12-02 00:00:00,564.0,576.8,53,678.4,646.27,,session_close
TORNTPHARM,stage1,MIS,2024-12-02 00:00:00,2024-12-02 00:00:00,3301.0,3339.15,9,343.35,311.63,,session_close
DIXON,stage1,MIS,2024-12-03 00:00:00,2024-12-03 00:00:00,17000.0,16866.45,1,-133.55,-151.49,,session_close
SUPREMEIND,stage1,MIS,2024-12-03 00:00:00,2024-12-03 00:00:00,4821.55,4763.0,6,-351.3,-381.75,,session_close
ULTRACEMCO,stage1,MIS,2024-12-03 00:00:00,2024-12-03 00:00:00,11441,11615,2,348,323.51,,session_close
FORTIS,stage1,MIS,2024-12-04 00:00:00,2024-12-04 00:00:00,703.8,710.9,42,298.2,266.66,,session_close
KPITTECH,stage1,MIS,2024-12-04 00:00:00,2024-12-04 00:00:00,1450.0,1457.15,20,143.0,112.16,,session_close
M&MFIN,stage1,MIS,2024-12-04 00:00:00,2024-12-04 00:00:00,267.4,264.95,112,-274.4,-305.98,,session_close
MFSL,stage1,MIS,2024-12-04 00:00:00,2024-12-04 00:00:00,1144.6,1169.95,26,659.1,627.12,,session_close
TATAELXSI,stage1,MIS,2024-12-04 00:00:00,2024-12-04 00:00:00,7124.25,7138.95,4,58.8,28.54,,session_close
TVSMOTOR,stage1,MIS,2024-12-04 00:00:00,2024-12-04 00:00:00,2569.75,2518.7,11,-561.55,-591.17,,session_close
UNIONBANK,stage1,MIS,2024-12-04 00:00:00,2024-12-04 00:00:00,119.04,120.57,252,385.56,353.5,,session_close
BANKINDIA,stage1,MIS,2024-12-05 00:00:00,2024-12-05 00:00:00,110.92,110.57,270,-94.5,-126.2,,session_close
BDL,stage1,MIS,2024-12-05 00:00:00,2024-12-05 00:00:00,1222.15,1222.7,24,13.2,-17.91,,session_close
BHARATFORG,stage1,MIS,2024-12-05 00:00:00,2024-12-05 00:00:00,1394.95,1379.2,21,-330.75,-361.6,,session_close
CANBK,stage1,MIS,2024-12-05 00:00:00,2024-12-05 00:00:00,102.17,101.1,293,-313.51,-345.05,,session_close
IREDA,stage1,MIS,2024-12-05 00:00:00,2024-12-05 00:00:00,220.51,220.86,136,47.6,15.77,,session_close
BSE,stage1,MIS,2024-12-06 00:00:00,2024-12-06 00:00:00,1760.5,1799.0,17,654.5,622.34,,session_close
BLUESTARCO,stage1,MIS,2024-12-09 00:00:00,2024-12-09 00:00:00,2082.5,2106.3,14,333.2,302.07,,session_close
IRFC,stage1,MIS,2024-12-09 00:00:00,2024-12-09 00:00:00,159.4,159.2,188,-37.6,-69.35,,session_close
MCX,stage1,MIS,2024-12-09 00:00:00,2024-12-09 00:00:00,1395.0,1370.0,21,-525.0,-555.73,,session_close
POLICYBZR,stage1,MIS,2024-12-09 00:00:00,2024-12-09 00:00:00,2117.45,2131.15,14,191.8,160.24,,session_close
RVNL,stage1,MIS,2024-12-09 00:00:00,2024-12-09 00:00:00,465.7,470.55,64,310.4,278.59,,session_close
VEDL,stage1,MIS,2024-12-09 00:00:00,2024-12-09 00:00:00,252.4,250.9,118,-177.0,-208.47,,session_close
BAJAJHLDNG,stage1,MIS,2024-12-10 00:00:00,2024-12-10 00:00:00,11079.05,11197.75,2,237.4,213.75,,session_close
SUPREMEIND,stage1,MIS,2024-12-10 00:00:00,2024-12-10 00:00:00,5050.0,4921.85,5,-640.75,-667.12,,session_close
360ONE,stage1,MIS,2024-12-11 00:00:00,2024-12-11 00:00:00,1202.7,1211.1,24,201.6,170.86,,session_close
JINDALSTEL,stage1,MIS,2024-12-11 00:00:00,2024-12-11 00:00:00,998.0,994.65,30,-100.5,-132.19,,session_close
LTM,stage1,MIS,2024-12-11 00:00:00,2024-12-11 00:00:00,6634.6,6598.6,4,-144.0,-172.05,,session_close
NYKAA,stage1,MIS,2024-12-11 00:00:00,2024-12-11 00:00:00,173.29,169.91,173,-584.74,-616.16,,session_close
IRCTC,stage1,MIS,2024-12-12 00:00:00,2024-12-12 00:00:00,855.0,839.9,35,-528.5,-559.9,,session_close
IRFC,stage1,MIS,2024-12-12 00:00:00,2024-12-12 00:00:00,164.9,162.73,181,-392.77,-424.17,,session_close
TATACOMM,stage1,MIS,2024-12-12 00:00:00,2024-12-12 00:00:00,1842.5,1851.1,16,137.6,106.25,,session_close
ITC,stage1,MIS,2024-12-16 00:00:00,2024-12-16 00:00:00,387.8,387.7,77,-7.7,-39.36,,session_close
COROMANDEL,stage1,MIS,2024-12-17 00:00:00,2024-12-17 00:00:00,1825.0,1817.15,16,-125.6,-156.48,,session_close
DIXON,stage1,MIS,2024-12-17 00:00:00,2024-12-17 00:00:00,18823.95,18940.15,1,116.2,96.16,,session_close
PRESTIGE,stage1,MIS,2024-12-17 00:00:00,2024-12-17 00:00:00,1831.0,1854.4,16,374.4,343.09,,session_close
SWIGGY,stage1,MIS,2024-12-17 00:00:00,2024-12-17 00:00:00,590.0,586.4,50,-180.0,-211.17,,session_close
MAZDOCK,stage1,MIS,2024-12-18 00:00:00,2024-12-18 00:00:00,2644.0,2550.35,11,-1030.15,-1060.33,,session_close
SUZLON,stage1,MIS,2024-12-18 00:00:00,2024-12-18 00:00:00,69.8,67.95,429,-793.65,-824.9,,session_close
UNITDSPR,stage1,MIS,2024-12-18 00:00:00,2024-12-18 00:00:00,1580.0,1579.6,18,-7.2,-37.35,,session_close
AUROPHARMA,stage1,MIS,2024-12-19 00:00:00,2024-12-19 00:00:00,1241.55,1254.7,24,315.6,283.8,,session_close
MANKIND,stage1,MIS,2024-12-19 00:00:00,2024-12-19 00:00:00,2775.1,2891.05,10,1159.5,1129.33,,session_close
DRREDDY,stage1,MIS,2024-12-20 00:00:00,2024-12-20 00:00:00,1326.0,1343.65,22,388.3,357.12,,session_close
LUPIN,stage1,MIS,2024-12-20 00:00:00,2024-12-20 00:00:00,2165.0,2150.7,13,-185.9,-215.63,,session_close
MANKIND,stage1,MIS,2024-12-20 00:00:00,2024-12-20 00:00:00,2907.8,2805.2,10,-1026.0,-1056.18,,session_close
OFSS,stage1,MIS,2024-12-20 00:00:00,2024-12-20 00:00:00,12197.5,11536.5,2,-1322.0,-1347.02,,session_close
JINDALSTEL,stage1,MIS,2024-12-24 00:00:00,2024-12-24 00:00:00,939.0,942.7,31,114.7,83.76,,session_close
MANKIND,stage1,MIS,2024-12-24 00:00:00,2024-12-24 00:00:00,2974.9,2910.6,10,-643.0,-674.14,,session_close
BIOCON,stage1,MIS,2024-12-26 00:00:00,2024-12-26 00:00:00,342.75,346.45,87,321.9,290.07,,session_close
INDIGO,stage1,MIS,2024-12-26 00:00:00,2024-12-26 00:00:00,4652.95,4725.0,6,432.3,402.42,,session_close
GODFRYPHLP,stage1,MIS,2024-12-27 00:00:00,2024-12-27 00:00:00,1828.0,1755.0,16,-1168.0,-1198.27,,session_close
ADANIENSOL,stage1,MIS,2024-12-31 00:00:00,2024-12-31 00:00:00,818.4,806.2,36,-439.2,-470.16,,session_close
ADANIENT,stage1,MIS,2024-12-31 00:00:00,2024-12-31 00:00:00,2496.4,2451.5,12,-538.8,-570.22,,session_close
AUROPHARMA,stage1,MIS,2024-12-31 00:00:00,2024-12-31 00:00:00,1302.0,1334.5,23,747.5,715.27,,session_close
BIOCON,stage1,MIS,2024-12-31 00:00:00,2024-12-31 00:00:00,365.75,365.35,82,-32.8,-64.58,,session_close
IDFCFIRSTB,stage1,MIS,2024-12-31 00:00:00,2024-12-31 00:00:00,63.5,63.14,472,-169.92,-201.6,,session_close
INDHOTEL,stage1,MIS,2024-12-31 00:00:00,2024-12-31 00:00:00,881.0,877.55,34,-117.3,-148.99,,session_close
IREDA,stage1,MIS,2024-12-31 00:00:00,2024-12-31 00:00:00,215.75,215.25,139,-69.5,-101.26,,session_close
LUPIN,stage1,MIS,2024-12-31 00:00:00,2024-12-31 00:00:00,2310.25,2355.7,12,545.4,515.65,,session_close
VOLTAS,stage1,MIS,2024-12-31 00:00:00,2024-12-31 00:00:00,1736.8,1789.95,17,903.55,871.66,,session_close
AUROPHARMA,stage1,MIS,2025-01-01 00:00:00,2025-01-01 00:00:00,1334.85,1353.25,22,404.8,373.4,,session_close
GODFRYPHLP,stage1,MIS,2025-01-01 00:00:00,2025-01-01 00:00:00,1733.0,1678.0,17,-935.0,-965.64,,session_close
POWERINDIA,stage1,MIS,2025-01-02 00:00:00,2025-01-02 00:00:00,15325.0,15169.25,1,-155.75,-171.9,,session_close
ASHOKLEY,stage1,MIS,2025-01-03 00:00:00,2025-01-03 00:00:00,118.0,117.05,254,-241.3,-272.93,,session_close
BAJAJFINSV,stage1,MIS,2025-01-03 00:00:00,2025-01-03 00:00:00,1700.0,1701.1,17,18.7,-11.96,,session_close
BAJFINANCE,stage1,MIS,2025-01-03 00:00:00,2025-01-03 00:00:00,739.0,741.0,40,80.0,48.6,,session_close
CHOLAFIN,stage1,MIS,2025-01-03 00:00:00,2025-01-03 00:00:00,1279.0,1320.25,23,948.75,916.95,,session_close
EICHERMOT,stage1,MIS,2025-01-03 00:00:00,2025-01-03 00:00:00,5325.0,5310.75,5,-71.25,-99.44,,session_close
M&MFIN,stage1,MIS,2025-01-03 00:00:00,2025-01-03 00:00:00,257.05,256.7,116,-40.6,-72.19,,session_close
MARUTI,stage1,MIS,2025-01-03 00:00:00,2025-01-03 00:00:00,11849.95,11934.25,2,168.6,143.36,,session_close
OIL,stage1,MIS,2025-01-03 00:00:00,2025-01-03 00:00:00,468.0,481.1,64,838.4,806.1,,session_close
TIINDIA,stage1,MIS,2025-01-03 00:00:00,2025-01-03 00:00:00,3672.05,3609.65,8,-499.2,-530.03,,session_close
TVSMOTOR,stage1,MIS,2025-01-03 00:00:00,2025-01-03 00:00:00,2514.0,2482.95,11,-341.55,-370.66,,session_close
CHOLAFIN,stage1,MIS,2025-01-06 00:00:00,2025-01-06 00:00:00,1324.0,1294.2,22,-655.6,-686.07,,session_close
GODREJCP,stage1,MIS,2025-01-06 00:00:00,2025-01-06 00:00:00,1122.2,1141.85,26,510.9,479.63,,session_close
UPL,stage1,MIS,2025-01-08 00:00:00,2025-01-08 00:00:00,541.15,539.55,55,-88.0,-119.51,,session_close
OIL,stage1,MIS,2025-01-09 00:00:00,2025-01-09 00:00:00,490.0,467.0,61,-1403.0,-1433.8,,session_close
SRF,stage1,MIS,2025-01-10 00:00:00,2025-01-10 00:00:00,2527.05,2601.1,11,814.55,784.55,,session_close
LTM,stage1,MIS,2025-01-13 00:00:00,2025-01-13 00:00:00,6094.0,6030.75,4,-253.0,-278.69,,session_close
TCS,stage1,MIS,2025-01-13 00:00:00,2025-01-13 00:00:00,4245.0,4291.1,7,322.7,290.98,,session_close
ADANIENSOL,stage1,MIS,2025-01-15 00:00:00,2025-01-15 00:00:00,783.65,780.15,38,-133.0,-164.49,,session_close
ADANIENT,stage1,MIS,2025-01-15 00:00:00,2025-01-15 00:00:00,2325.8,2315.3,12,-126.0,-155.52,,session_close
ADANIGREEN,stage1,MIS,2025-01-15 00:00:00,2025-01-15 00:00:00,1040.0,1035.05,28,-138.6,-169.39,,session_close
ADANIPOWER,stage1,MIS,2025-01-15 00:00:00,2025-01-15 00:00:00,108.0,109.9,277,526.3,494.24,,session_close
BANKINDIA,stage1,MIS,2025-01-15 00:00:00,2025-01-15 00:00:00,89.57,89.83,334,86.84,55.06,,session_close
BIOCON,stage1,MIS,2025-01-15 00:00:00,2025-01-15 00:00:00,390.1,382.05,76,-611.8,-642.85,,session_close
CGPOWER,stage1,MIS,2025-01-15 00:00:00,2025-01-15 00:00:00,643.15,610.3,46,-1511.1,-1541.51,,session_close
KALYANKJIL,stage1,MIS,2025-01-15 00:00:00,2025-01-15 00:00:00,600.0,555.1,50,-2245.0,-2275.38,,session_close
POLYCAB,stage1,MIS,2025-01-15 00:00:00,2025-01-15 00:00:00,6500.0,6450.8,4,-196.8,-224.25,,session_close
BSE,stage1,MIS,2025-01-16 00:00:00,2025-01-16 00:00:00,1943.5,1998.0,15,817.5,786.06,,session_close
HDFCAMC,stage1,MIS,2025-01-16 00:00:00,2025-01-16 00:00:00,1944.0,1964.5,15,307.5,276.38,,session_close
MCX,stage1,MIS,2025-01-16 00:00:00,2025-01-16 00:00:00,1202.0,1221.0,24,456.0,425.12,,session_close
PHOENIXLTD,stage1,MIS,2025-01-16 00:00:00,2025-01-16 00:00:00,1656.05,1658.3,18,40.5,8.86,,session_close
AMBUJACEM,stage1,MIS,2025-01-17 00:00:00,2025-01-17 00:00:00,542.0,536.25,55,-316.25,-347.66,,session_close
RVNL,stage1,MIS,2025-01-17 00:00:00,2025-01-17 00:00:00,410.0,426.4,73,1197.2,1164.69,,session_close
BDL,stage1,MIS,2025-01-20 00:00:00,2025-01-20 00:00:00,1290.0,1329.25,23,902.75,870.71,,session_close
HAL,stage1,MIS,2025-01-20 00:00:00,2025-01-20 00:00:00,4133.5,4187.5,7,378.0,347.07,,session_close
KOTAKBANK,stage1,MIS,2025-01-21 00:00:00,2025-01-21 00:00:00,384.2,378.7,78,-429.0,-460.5,,session_close
HINDPETRO,stage1,MIS,2025-01-22 00:00:00,2025-01-22 00:00:00,364.25,360.65,82,-295.2,-326.69,,session_close
KEI,stage1,MIS,2025-01-23 00:00:00,2025-01-23 00:00:00,4117.1,4480.6,7,2544.5,2512.31,,session_close
MCX,stage1,MIS,2025-01-23 00:00:00,2025-01-23 00:00:00,1145.0,1172.0,26,702.0,669.98,,session_close
WIPRO,stage1,MIS,2025-01-23 00:00:00,2025-01-23 00:00:00,297.35,303.65,100,630.0,598.06,,session_close
COFORGE,stage1,MIS,2025-01-24 00:00:00,2025-01-24 00:00:00,1820.0,1847.0,16,432.0,400.84,,session_close
KEI,stage1,MIS,2025-01-24 00:00:00,2025-01-24 00:00:00,4478.25,4253.5,6,-1348.5,-1376.13,,session_close
PERSISTENT,stage1,MIS,2025-01-24 00:00:00,2025-01-24 00:00:00,6287.7,6360.65,4,291.8,264.94,,session_close
SHREECEM,stage1,MIS,2025-01-24 00:00:00,2025-01-24 00:00:00,25926.8,25783.15,1,-143.65,-171.05,,session_close
ULTRACEMCO,stage1,MIS,2025-01-24 00:00:00,2025-01-24 00:00:00,11026,11060,2,68,44.57,,session_close
MPHASIS,stage1,MIS,2025-01-27 00:00:00,2025-01-27 00:00:00,2829.4,2804.4,10,-250.0,-279.84,,session_close
BANKINDIA,stage1,MIS,2025-01-28 00:00:00,2025-01-28 00:00:00,97.02,102.34,309,1643.88,1611.04,,session_close
BANKINDIA,stage1,MIS,2025-01-29 00:00:00,2025-01-29 00:00:00,101.78,103.56,294,523.32,491.25,,session_close
BHEL,stage1,MIS,2025-01-30 00:00:00,2025-01-30 00:00:00,201.0,196.37,149,-689.87,-721.19,,session_close
CGPOWER,stage1,MIS,2025-01-30 00:00:00,2025-01-30 00:00:00,626.05,620.6,47,-256.15,-287.19,,session_close
INDIANB,stage1,MIS,2025-01-30 00:00:00,2025-01-30 00:00:00,525.1,521.15,57,-225.15,-256.75,,session_close
KPITTECH,stage1,MIS,2025-01-30 00:00:00,2025-01-30 00:00:00,1420.0,1432.95,21,271.95,240.15,,session_close
PREMIERENE,stage1,MIS,2025-01-30 00:00:00,2025-01-30 00:00:00,944.0,949.5,31,170.5,139.36,,session_close
BEL,stage1,MIS,2025-01-31 00:00:00,2025-01-31 00:00:00,283.9,292.65,105,918.75,886.55,,session_close
LAURUSLABS,stage1,MIS,2025-01-31 00:00:00,2025-01-31 00:00:00,585.0,584.05,51,-48.45,-80.06,,session_close
POWERINDIA,stage1,MIS,2025-01-31 00:00:00,2025-01-31 00:00:00,12550.0,12863.55,2,627.1,600.08,,session_close
SRF,stage1,MIS,2025-01-31 00:00:00,2025-01-31 00:00:00,2840.0,2809.85,10,-301.5,-331.42,,session_close
TIINDIA,stage1,MIS,2025-01-31 00:00:00,2025-01-31 00:00:00,3308.4,3322.1,9,123.3,91.65,,session_close
BEL,stage1,MIS,2025-02-01 00:00:00,2025-02-01 00:00:00,295.95,281.8,101,-1429.15,-1459.93,,session_close
CONCOR,stage1,MIS,2025-02-01 00:00:00,2025-02-01 00:00:00,625.55,604.75,47,-977.6,-1008.15,,session_close
GAIL,stage1,MIS,2025-02-01 00:00:00,2025-02-01 00:00:00,167.21,164.09,179,-558.48,-589.86,,session_close
HEROMOTOCO,stage1,MIS,2025-02-01 00:00:00,2025-02-01 00:00:00,4224.0,4294.4,7,492.8,461.13,,session_close
KALYANKJIL,stage1,MIS,2025-02-01 00:00:00,2025-02-01 00:00:00,502.0,505.45,59,203.55,172.01,,session_close
LICHSGFIN,stage1,MIS,2025-02-01 00:00:00,2025-02-01 00:00:00,599.0,584.7,50,-715.0,-746.3,,session_close
LT,stage1,MIS,2025-02-01 00:00:00,2025-02-01 00:00:00,3578.0,3447.5,8,-1044.0,-1073.69,,session_close
PREMIERENE,stage1,MIS,2025-02-01 00:00:00,2025-02-01 00:00:00,1040.0,1092.95,28,1482.6,1450.77,,session_close
RVNL,stage1,MIS,2025-02-01 00:00:00,2025-02-01 00:00:00,485.0,433.55,61,-3138.45,-3167.81,,session_close
SUZLON,stage1,MIS,2025-02-01 00:00:00,2025-02-01 00:00:00,60.5,58.16,495,-1158.3,-1189.32,,session_close
TATACONSUM,stage1,MIS,2025-02-01 00:00:00,2025-02-01 00:00:00,1026.0,1069.85,29,1271.65,1239.28,,session_close
BLUESTARCO,stage1,MIS,2025-02-03 00:00:00,2025-02-03 00:00:00,2000.0,2048.35,15,725.25,692.97,,session_close
DMART,stage1,MIS,2025-02-03 00:00:00,2025-02-03 00:00:00,3899.95,3947.85,7,335.3,306.14,,session_close
JUBLFOOD,stage1,MIS,2025-02-03 00:00:00,2025-02-03 00:00:00,735.0,729.4,40,-224.0,-255.03,,session_close
RADICO,stage1,MIS,2025-02-03 00:00:00,2025-02-03 00:00:00,2370.0,2341.45,12,-342.6,-372.54,,session_close
VMM,stage1,MIS,2025-02-03 00:00:00,2025-02-03 00:00:00,113.0,115.34,265,620.1,587.95,,session_close
VOLTAS,stage1,MIS,2025-02-03 00:00:00,2025-02-03 00:00:00,1315.1,1401.3,22,1896.4,1864.5,,session_close
BAJFINANCE,stage1,MIS,2025-02-04 00:00:00,2025-02-04 00:00:00,842.5,847.5,35,175.0,143.62,,session_close
DIVISLAB,stage1,MIS,2025-02-04 00:00:00,2025-02-04 00:00:00,6049.95,6096.25,4,185.2,159.42,,session_close
HYUNDAI,stage1,MIS,2025-02-04 00:00:00,2025-02-04 00:00:00,1801.05,1844.85,16,700.8,669.79,,session_close
JINDALSTEL,stage1,MIS,2025-02-04 00:00:00,2025-02-04 00:00:00,813.5,801.6,36,-428.4,-459.18,,session_close
TVSMOTOR,stage1,MIS,2025-02-04 00:00:00,2025-02-04 00:00:00,2659.9,2644.4,11,-170.5,-201.42,,session_close
UPL,stage1,MIS,2025-02-04 00:00:00,2025-02-04 00:00:00,637.5,636.9,47,-28.2,-59.96,,session_close
VOLTAS,stage1,MIS,2025-02-04 00:00:00,2025-02-04 00:00:00,1421.25,1400.6,21,-433.65,-465.02,,session_close
ABB,stage1,MIS,2025-02-05 00:00:00,2025-02-05 00:00:00,5676.0,5744.95,5,344.75,314.43,,session_close
CHOLAFIN,stage1,MIS,2025-02-05 00:00:00,2025-02-05 00:00:00,1400.0,1388.0,21,-252.0,-283.02,,session_close
CUMMINSIND,stage1,MIS,2025-02-05 00:00:00,2025-02-05 00:00:00,2860.0,2921.15,10,611.5,580.78,,session_close
INDUSINDBK,stage1,MIS,2025-02-05 00:00:00,2025-02-05 00:00:00,1052.4,1061.2,28,246.4,214.99,,session_close
SIEMENS,stage1,MIS,2025-02-05 00:00:00,2025-02-05 00:00:00,4160.55,4251.25,7,634.9,603.61,,session_close
VMM,stage1,MIS,2025-02-05 00:00:00,2025-02-05 00:00:00,123.66,120.5,242,-764.72,-795.97,,session_close
HINDZINC,stage1,MIS,2025-02-06 00:00:00,2025-02-06 00:00:00,465.0,442.9,64,-1414.4,-1445.05,,session_close
LUPIN,stage1,MIS,2025-02-06 00:00:00,2025-02-06 00:00:00,2199.3,2185.35,13,-181.35,-211.55,,session_close
UNIONBANK,stage1,MIS,2025-02-06 00:00:00,2025-02-06 00:00:00,113.68,112.15,263,-402.39,-433.84,,session_close
GODFRYPHLP,stage1,MIS,2025-02-10 00:00:00,2025-02-10 00:00:00,1807.0,1860.0,16,848.0,816.8,,session_close
JINDALSTEL,stage1,MIS,2025-02-10 00:00:00,2025-02-10 00:00:00,841.0,840.6,35,-14.0,-45.21,,session_close
GODFRYPHLP,stage1,MIS,2025-02-11 00:00:00,2025-02-11 00:00:00,1814.0,1709.0,16,-1680.0,-1709.7,,session_close
ASHOKLEY,stage1,MIS,2025-02-13 00:00:00,2025-02-13 00:00:00,110.3,108.55,271,-474.25,-505.64,,session_close
BSE,stage1,MIS,2025-02-13 00:00:00,2025-02-13 00:00:00,1788.0,1752.0,16,-576.0,-605.97,,session_close
GODFRYPHLP,stage1,MIS,2025-02-13 00:00:00,2025-02-13 00:00:00,1818.0,1667.0,16,-2416.0,-2445.3,,session_close
SAIL,stage1,MIS,2025-02-13 00:00:00,2025-02-13 00:00:00,105.38,109.33,284,1121.8,1089.34,,session_close
MUTHOOTFIN,stage1,MIS,2025-02-14 00:00:00,2025-02-14 00:00:00,2327.0,2254.9,12,-865.2,-894.26,,session_close
SBICARD,stage1,MIS,2025-02-14 00:00:00,2025-02-14 00:00:00,861.0,859.0,34,-68.0,-99.0,,session_close
GODFRYPHLP,stage1,MIS,2025-02-17 00:00:00,2025-02-17 00:00:00,1950.0,2346.0,15,5940.0,5905.18,,session_close
ASHOKLEY,stage1,MIS,2025-02-18 00:00:00,2025-02-18 00:00:00,111.7,111.15,268,-147.4,-179.05,,session_close
ASTRAL,stage1,MIS,2025-02-18 00:00:00,2025-02-18 00:00:00,1381.0,1362.9,21,-380.1,-410.61,,session_close
GLENMARK,stage1,MIS,2025-02-18 00:00:00,2025-02-18 00:00:00,1365.0,1379.3,21,300.3,269.71,,session_close
GODFRYPHLP,stage1,MIS,2025-02-18 00:00:00,2025-02-18 00:00:00,2280.0,2281.0,13,13.0,-18.44,,session_close
APLAPOLLO,stage1,MIS,2025-02-20 00:00:00,2025-02-20 00:00:00,1373.85,1476.6,21,2157.75,2125.77,,session_close
AUBANK,stage1,MIS,2025-02-20 00:00:00,2025-02-20 00:00:00,525.0,535.05,57,572.85,540.75,,session_close
RADICO,stage1,MIS,2025-02-20 00:00:00,2025-02-20 00:00:00,2013.0,2195.7,14,2557.8,2526.28,,session_close
RVNL,stage1,MIS,2025-02-20 00:00:00,2025-02-20 00:00:00,371.4,381.55,80,812.0,779.97,,session_close
APLAPOLLO,stage1,MIS,2025-02-21 00:00:00,2025-02-21 00:00:00,1500.0,1489.2,20,-216.0,-247.68,,session_close
BSE,stage1,MIS,2025-02-21 00:00:00,2025-02-21 00:00:00,1980.0,1919.5,15,-907.5,-938.41,,session_close
NHPC,stage1,MIS,2025-02-21 00:00:00,2025-02-21 00:00:00,80.1,79.89,374,-78.54,-110.26,,session_close
RADICO,stage1,MIS,2025-02-21 00:00:00,2025-02-21 00:00:00,2151.8,2098.95,13,-687.05,-716.27,,session_close
AUBANK,stage1,MIS,2025-02-28 00:00:00,2025-02-28 00:00:00,550.0,565.7,54,847.8,815.76,,session_close
CHOLAFIN,stage1,MIS,2025-02-28 00:00:00,2025-02-28 00:00:00,1434.1,1400.75,20,-667.0,-696.99,,session_close
SHRIRAMFIN,stage1,MIS,2025-02-28 00:00:00,2025-02-28 00:00:00,609.95,617.3,49,360.15,328.23,,session_close
SRF,stage1,MIS,2025-02-28 00:00:00,2025-02-28 00:00:00,2826.1,2795.4,10,-307.0,-336.77,,session_close
CGPOWER,stage1,MIS,2025-03-04 00:00:00,2025-03-04 00:00:00,578.0,603.3,51,1290.3,1258.21,,session_close
POLYCAB,stage1,MIS,2025-03-04 00:00:00,2025-03-04 00:00:00,4840.0,4905.15,6,390.9,359.85,,session_close
TIINDIA,stage1,MIS,2025-03-04 00:00:00,2025-03-04 00:00:00,2600.0,2718.7,11,1305.7,1274.54,,session_close
VBL,stage1,MIS,2025-03-04 00:00:00,2025-03-04 00:00:00,456.95,477.3,65,1322.75,1290.41,,session_close
VOLTAS,stage1,MIS,2025-03-04 00:00:00,2025-03-04 00:00:00,1374.9,1409.55,21,727.65,696.57,,session_close
JIOFIN,stage1,MIS,2025-03-05 00:00:00,2025-03-05 00:00:00,207.0,217.1,144,1454.4,1421.86,,session_close
TIINDIA,stage1,MIS,2025-03-05 00:00:00,2025-03-05 00:00:00,2678.0,2697.45,11,213.95,182.57,,session_close
ADANIGREEN,stage1,MIS,2025-03-06 00:00:00,2025-03-06 00:00:00,868.8,845.95,34,-776.9,-807.73,,session_close
ATGL,stage1,MIS,2025-03-06 00:00:00,2025-03-06 00:00:00,589.25,595.9,50,332.5,301.04,,session_close
TATACOMM,stage1,MIS,2025-03-06 00:00:00,2025-03-06 00:00:00,1402.15,1398.4,21,-78.75,-109.92,,session_close
NTPC,stage1,MIS,2025-03-07 00:00:00,2025-03-07 00:00:00,335.85,329.55,89,-560.7,-592.04,,session_close
BDL,stage1,MIS,2025-03-10 00:00:00,2025-03-10 00:00:00,1135.2,1143.4,26,213.2,181.76,,session_close
SRF,stage1,MIS,2025-03-10 00:00:00,2025-03-10 00:00:00,2945.0,2938.15,10,-68.5,-99.69,,session_close
MFSL,stage1,MIS,2025-03-12 00:00:00,2025-03-12 00:00:00,1082.1,1061.8,27,-548.1,-578.73,,session_close
PAYTM,stage1,MIS,2025-03-12 00:00:00,2025-03-12 00:00:00,719.0,702.0,41,-697.0,-727.81,,session_close
TATACOMM,stage1,MIS,2025-03-12 00:00:00,2025-03-12 00:00:00,1487.0,1508.05,20,421.0,389.19,,session_close
TIINDIA,stage1,MIS,2025-03-12 00:00:00,2025-03-12 00:00:00,2885.0,2917.95,10,329.5,298.7,,session_close
INDUSINDBK,stage1,MIS,2025-03-13 00:00:00,2025-03-13 00:00:00,690.0,672.35,43,-758.95,-789.93,,session_close
BAJAJFINSV,stage1,MIS,2025-03-18 00:00:00,2025-03-18 00:00:00,1900.0,1844.65,15,-830.25,-859.94,,session_close
MUTHOOTFIN,stage1,MIS,2025-03-18 00:00:00,2025-03-18 00:00:00,2290.2,2317.9,13,360.1,328.3,,session_close
MPHASIS,stage1,MIS,2025-03-19 00:00:00,2025-03-19 00:00:00,2196.0,2182.6,13,-174.2,-204.36,,session_close
PAYTM,stage1,MIS,2025-03-19 00:00:00,2025-03-19 00:00:00,745.7,763.1,40,696.0,663.92,,session_close
COCHINSHIP,stage1,MIS,2025-03-20 00:00:00,2025-03-20 00:00:00,1474.0,1450.5,20,-470.0,-500.96,,session_close
MAZDOCK,stage1,MIS,2025-03-20 00:00:00,2025-03-20 00:00:00,2670.35,2633.1,11,-409.75,-440.64,,session_close
BHARATFORG,stage1,MIS,2025-03-21 00:00:00,2025-03-21 00:00:00,1207.0,1181.3,24,-616.8,-647.12,,session_close
ABCAPITAL,stage1,MIS,2025-03-24 00:00:00,2025-03-24 00:00:00,186.38,184.59,160,-286.4,-317.84,,session_close
GVT&D,stage1,MIS,2025-03-24 00:00:00,2025-03-24 00:00:00,1638.95,1593.8,18,-812.7,-843.46,,session_close
HINDPETRO,stage1,MIS,2025-03-24 00:00:00,2025-03-24 00:00:00,361.5,352.65,82,-725.7,-756.67,,session_close
LTF,stage1,MIS,2025-03-24 00:00:00,2025-03-24 00:00:00,155.61,158.57,192,568.32,536.27,,session_close
MANKIND,stage1,MIS,2025-03-24 00:00:00,2025-03-24 00:00:00,2423.55,2372.15,12,-616.8,-647.25,,session_close
MPHASIS,stage1,MIS,2025-03-24 00:00:00,2025-03-24 00:00:00,2326.1,2370.7,12,535.2,505.26,,session_close
NTPC,stage1,MIS,2025-03-24 00:00:00,2025-03-24 00:00:00,357.0,366.95,84,835.8,803.46,,session_close
HAL,stage1,MIS,2025-03-25 00:00:00,2025-03-25 00:00:00,4200.4,4012.45,7,-1315.65,-1345.99,,session_close
IREDA,stage1,MIS,2025-03-25 00:00:00,2025-03-25 00:00:00,172.0,169.95,174,-356.7,-388.21,,session_close
ADANIENSOL,stage1,MIS,2025-03-28 00:00:00,2025-03-28 00:00:00,872.85,872.0,34,-28.9,-60.35,,session_close
ATGL,stage1,MIS,2025-03-28 00:00:00,2025-03-28 00:00:00,615.3,602.6,48,-609.6,-640.53,,session_close
BANKBARODA,stage1,MIS,2025-03-28 00:00:00,2025-03-28 00:00:00,216.3,214.0,138,-317.4,-348.85,,session_close
CANBK,stage1,MIS,2025-03-28 00:00:00,2025-03-28 00:00:00,83.79,83.18,358,-218.38,-250.05,,session_close
GLENMARK,stage1,MIS,2025-03-28 00:00:00,2025-03-28 00:00:00,1525.75,1541.05,19,290.7,259.77,,session_close
GVT&D,stage1,MIS,2025-03-28 00:00:00,2025-03-28 00:00:00,1606.85,1558.75,18,-865.8,-895.92,,session_close
HDFCLIFE,stage1,MIS,2025-03-28 00:00:00,2025-03-28 00:00:00,683.9,685.7,43,77.4,46.16,,session_close
HEROMOTOCO,stage1,MIS,2025-03-28 00:00:00,2025-03-28 00:00:00,3779.0,3722.95,7,-392.35,-420.15,,session_close
PNB,stage1,MIS,2025-03-28 00:00:00,2025-03-28 00:00:00,91.04,90.78,329,-85.54,-117.25,,session_close
SWIGGY,stage1,MIS,2025-03-28 00:00:00,2025-03-28 00:00:00,335.0,330.2,89,-427.2,-458.54,,session_close
UNIONBANK,stage1,MIS,2025-03-28 00:00:00,2025-03-28 00:00:00,117.05,118.55,256,384.0,351.98,,session_close
BSE,stage1,MIS,2025-04-01 00:00:00,2025-04-01 00:00:00,1848.0,1822.0,16,-416.0,-447.09,,session_close
IDFCFIRSTB,stage1,MIS,2025-04-02 00:00:00,2025-04-02 00:00:00,57.97,57.19,517,-403.26,-434.78,,session_close
KALYANKJIL,stage1,MIS,2025-04-03 00:00:00,2025-04-03 00:00:00,502.5,509.1,59,389.4,357.71,,session_close
TATACONSUM,stage1,MIS,2025-04-03 00:00:00,2025-04-03 00:00:00,1049.9,1071.0,28,590.8,559.25,,session_close
GMRAIRPORT,stage1,MIS,2025-04-04 00:00:00,2025-04-04 00:00:00,83.15,80.74,360,-867.6,-898.79,,session_close
IDFCFIRSTB,stage1,MIS,2025-04-04 00:00:00,2025-04-04 00:00:00,60.5,57.81,495,-1331.55,-1362.46,,session_close
PATANJALI,stage1,MIS,2025-04-04 00:00:00,2025-04-04 00:00:00,623.4,616.8,48,-316.8,-348.33,,session_close
MARICO,stage1,MIS,2025-04-07 00:00:00,2025-04-07 00:00:00,650.0,662.65,46,581.9,549.82,,session_close
GRASIM,stage1,MIS,2025-04-09 00:00:00,2025-04-09 00:00:00,2562.5,2557.75,11,-52.25,-82.11,,session_close
GODREJCP,stage1,MIS,2025-04-11 00:00:00,2025-04-11 00:00:00,1285.3,1223.6,23,-1419.1,-1449.54,,session_close
NESTLEIND,stage1,MIS,2025-04-11 00:00:00,2025-04-11 00:00:00,1172.8,1180.7,25,197.5,166.28,,session_close
DIVISLAB,stage1,MIS,2025-04-15 00:00:00,2025-04-15 00:00:00,5638.5,5734.5,5,480.0,449.8,,session_close
DIXON,stage1,MIS,2025-04-15 00:00:00,2025-04-15 00:00:00,14800.0,14931.0,2,262.0,230.44,,session_close
MARICO,stage1,MIS,2025-04-15 00:00:00,2025-04-15 00:00:00,716.0,711.85,41,-170.15,-201.17,,session_close
SRF,stage1,MIS,2025-04-15 00:00:00,2025-04-15 00:00:00,3005.0,3007.2,9,19.8,-8.89,,session_close
360ONE,stage1,MIS,2025-04-16 00:00:00,2025-04-16 00:00:00,933.95,943.75,32,313.6,281.71,,session_close
LODHA,stage1,MIS,2025-04-16 00:00:00,2025-04-16 00:00:00,1240.0,1240.8,24,19.2,-12.37,,session_close
NYKAA,stage1,MIS,2025-04-16 00:00:00,2025-04-16 00:00:00,185.86,189.84,161,640.78,608.64,,session_close
RADICO,stage1,MIS,2025-04-16 00:00:00,2025-04-16 00:00:00,2410.0,2438.0,12,336.0,305.12,,session_close
INDIANB,stage1,MIS,2025-04-17 00:00:00,2025-04-17 00:00:00,543.25,549.15,55,324.5,292.61,,session_close
INDUSINDBK,stage1,MIS,2025-04-17 00:00:00,2025-04-17 00:00:00,788.25,794.7,38,245.1,213.18,,session_close
PATANJALI,stage1,MIS,2025-04-17 00:00:00,2025-04-17 00:00:00,668.2,657.7,44,-462.0,-492.88,,session_close
ABB,stage1,MIS,2025-04-21 00:00:00,2025-04-21 00:00:00,5678.5,5629.0,5,-247.5,-277.45,,session_close
LTF,stage1,MIS,2025-04-21 00:00:00,2025-04-21 00:00:00,165.0,171.26,181,1133.06,1100.66,,session_close
SBIN,stage1,MIS,2025-04-21 00:00:00,2025-04-21 00:00:00,803.0,816.7,37,506.9,475.07,,session_close
LTF,stage1,MIS,2025-04-22 00:00:00,2025-04-22 00:00:00,171.81,173.33,174,264.48,232.61,,session_close
SUZLON,stage1,MIS,2025-04-22 00:00:00,2025-04-22 00:00:00,60.95,59.27,492,-826.56,-857.83,,session_close
TATAELXSI,stage1,MIS,2025-04-22 00:00:00,2025-04-22 00:00:00,5335.0,5480.0,5,725.0,696.25,,session_close
WAAREEENER,stage1,MIS,2025-04-22 00:00:00,2025-04-22 00:00:00,2520.0,2615.9,11,1054.9,1024.83,,session_close
360ONE,stage1,MIS,2025-04-23 00:00:00,2025-04-23 00:00:00,1020.0,1059.75,29,1152.75,1120.64,,session_close
DIXON,stage1,MIS,2025-04-23 00:00:00,2025-04-23 00:00:00,16949.0,16607.0,1,-342.0,-359.75,,session_close
WAAREEENER,stage1,MIS,2025-04-23 00:00:00,2025-04-23 00:00:00,2820.0,3007.7,10,1877.0,1845.89,,session_close
360ONE,stage1,MIS,2025-04-24 00:00:00,2025-04-24 00:00:00,1058.0,1018.25,28,-1113.0,-1143.7,,session_close
AUBANK,stage1,MIS,2025-04-24 00:00:00,2025-04-24 00:00:00,658.5,681.05,45,1014.75,982.68,,session_close
HCLTECH,stage1,MIS,2025-04-24 00:00:00,2025-04-24 00:00:00,1595.0,1586.7,18,-149.4,-179.75,,session_close
LTF,stage1,MIS,2025-04-24 00:00:00,2025-04-24 00:00:00,180.0,179.57,166,-71.38,-103.02,,session_close
LTM,stage1,MIS,2025-04-24 00:00:00,2025-04-24 00:00:00,4585.0,4533.8,6,-307.2,-336.18,,session_close
MOTILALOFS,stage1,MIS,2025-04-24 00:00:00,2025-04-24 00:00:00,772.25,756.0,38,-617.5,-648.22,,session_close
MPHASIS,stage1,MIS,2025-04-24 00:00:00,2025-04-24 00:00:00,2415.4,2356.5,12,-706.8,-737.08,,session_close
TECHM,stage1,MIS,2025-04-24 00:00:00,2025-04-24 00:00:00,1383.2,1383.4,21,4.2,-26.61,,session_close
GODFRYPHLP,stage1,MIS,2025-04-25 00:00:00,2025-04-25 00:00:00,2742.0,2674.0,10,-680.0,-708.64,,session_close
TATAELXSI,stage1,MIS,2025-04-25 00:00:00,2025-04-25 00:00:00,5949.5,5612.5,5,-1685.0,-1715.47,,session_close
BDL,stage1,MIS,2025-04-29 00:00:00,2025-04-29 00:00:00,1500.0,1536.2,20,724.0,691.72,,session_close
COCHINSHIP,stage1,MIS,2025-04-29 00:00:00,2025-04-29 00:00:00,1515.0,1652.4,19,2610.6,2578.4,,session_close
RELIANCE,stage1,MIS,2025-04-29 00:00:00,2025-04-29 00:00:00,1371.0,1399.7,21,602.7,571.78,,session_close
SUPREMEIND,stage1,MIS,2025-04-29 00:00:00,2025-04-29 00:00:00,3630.0,3584.5,8,-364.0,-394.56,,session_close
BEL,stage1,MIS,2025-04-30 00:00:00,2025-04-30 00:00:00,319.0,314.1,94,-460.6,-492.1,,session_close
COCHINSHIP,stage1,MIS,2025-04-30 00:00:00,2025-04-30 00:00:00,1673.9,1591.4,17,-1402.5,-1431.78,,session_close
HAL,stage1,MIS,2025-04-30 00:00:00,2025-04-30 00:00:00,4610.0,4487.9,6,-732.6,-761.46,,session_close
KPITTECH,stage1,MIS,2025-04-30 00:00:00,2025-04-30 00:00:00,1269.0,1253.6,23,-354.2,-384.92,,session_close
MAZDOCK,stage1,MIS,2025-04-30 00:00:00,2025-04-30 00:00:00,3073.7,3057.6,9,-144.9,-174.14,,session_close
PRESTIGE,stage1,MIS,2025-04-30 00:00:00,2025-04-30 00:00:00,1386.0,1375.1,21,-228.9,-259.62,,session_close
TIINDIA,stage1,MIS,2025-04-30 00:00:00,2025-04-30 00:00:00,2803.0,2898.6,10,956.0,925.66,,session_close
HDFCLIFE,stage1,MIS,2025-05-02 00:00:00,2025-05-02 00:00:00,743.7,727.75,40,-638.0,-669.14,,session_close
MARUTI,stage1,MIS,2025-05-02 00:00:00,2025-05-02 00:00:00,12257.0,12406.0,2,298.0,271.81,,session_close
TIINDIA,stage1,MIS,2025-05-02 00:00:00,2025-05-02 00:00:00,2879.0,2908.4,10,294.0,263.28,,session_close
VMM,stage1,MIS,2025-05-02 00:00:00,2025-05-02 00:00:00,115.95,121.31,258,1382.88,1350.27,,session_close
GODREJPROP,stage1,MIS,2025-05-05 00:00:00,2025-05-05 00:00:00,2260.4,2219.2,13,-535.6,-566.42,,session_close
IOC,stage1,MIS,2025-05-05 00:00:00,2025-05-05 00:00:00,137.71,141.09,217,733.46,701.3,,session_close
VMM,stage1,MIS,2025-05-05 00:00:00,2025-05-05 00:00:00,121.99,124.14,245,526.75,494.72,,session_close
ADANIENT,stage1,MIS,2025-05-06 00:00:00,2025-05-06 00:00:00,2379.1,2282.2,12,-1162.8,-1192.33,,session_close
ATGL,stage1,MIS,2025-05-06 00:00:00,2025-05-06 00:00:00,666.9,632.95,44,-1493.8,-1523.96,,session_close
HINDPETRO,stage1,MIS,2025-05-06 00:00:00,2025-05-06 00:00:00,399.55,386.65,75,-967.5,-998.66,,session_close
IOC,stage1,MIS,2025-05-06 00:00:00,2025-05-06 00:00:00,141.79,136.84,211,-1044.45,-1075.51,,session_close
MOTILALOFS,stage1,MIS,2025-05-06 00:00:00,2025-05-06 00:00:00,691.0,664.45,43,-1141.65,-1172.43,,session_close
SWIGGY,stage1,MIS,2025-05-06 00:00:00,2025-05-06 00:00:00,337.0,342.5,89,489.5,457.38,,session_close
VMM,stage1,MIS,2025-05-06 00:00:00,2025-05-06 00:00:00,124.0,125.18,241,284.38,252.51,,session_close
APLAPOLLO,stage1,MIS,2025-05-08 00:00:00,2025-05-08 00:00:00,1704.9,1663.3,17,-707.2,-737.48,,session_close
PAYTM,stage1,MIS,2025-05-08 00:00:00,2025-05-08 00:00:00,874.4,835.15,34,-1334.5,-1365.17,,session_close
BHARATFORG,stage1,MIS,2025-05-12 00:00:00,2025-05-12 00:00:00,1205.0,1199.2,24,-139.2,-169.78,,session_close
LT,stage1,MIS,2025-05-12 00:00:00,2025-05-12 00:00:00,3513.0,3587.2,8,593.6,563.42,,session_close
SOLARINDS,stage1,MIS,2025-05-12 00:00:00,2025-05-12 00:00:00,13759.0,13289.0,2,-940.0,-968.58,,session_close
TITAN,stage1,MIS,2025-05-12 00:00:00,2025-05-12 00:00:00,3537.2,3562.9,8,205.6,175.46,,session_close
TMPV,stage1,MIS,2025-05-12 00:00:00,2025-05-12 00:00:00,501.25,496.25,59,-295.0,-326.17,,session_close
UNIONBANK,stage1,MIS,2025-05-12 00:00:00,2025-05-12 00:00:00,118.37,120.36,253,503.47,471.39,,session_close
YESBANK,stage1,MIS,2025-05-12 00:00:00,2025-05-12 00:00:00,21.7,20.41,1382,-1782.78,-1813.44,,session_close
AUROPHARMA,stage1,MIS,2025-05-13 00:00:00,2025-05-13 00:00:00,1225.0,1223.8,24,-28.8,-59.96,,session_close
DRREDDY,stage1,MIS,2025-05-13 00:00:00,2025-05-13 00:00:00,1196.0,1207.1,25,277.5,245.61,,session_close
M&MFIN,stage1,MIS,2025-05-13 00:00:00,2025-05-13 00:00:00,238.15,238.0,125,-18.75,-50.31,,session_close
RVNL,stage1,MIS,2025-05-13 00:00:00,2025-05-13 00:00:00,360.0,357.05,83,-244.85,-276.38,,session_close
BDL,stage1,MIS,2025-05-14 00:00:00,2025-05-14 00:00:00,1762.9,1766.1,17,54.4,22.58,,session_close
BEL,stage1,MIS,2025-05-14 00:00:00,2025-05-14 00:00:00,339.0,344.35,88,470.8,438.86,,session_close
ABCAPITAL,stage1,MIS,2025-05-15 00:00:00,2025-05-15 00:00:00,218.0,215.4,137,-356.2,-387.64,,session_close
HAL,stage1,MIS,2025-05-15 00:00:00,2025-05-15 00:00:00,4825.0,4864.8,6,238.8,207.95,,session_close
JINDALSTEL,stage1,MIS,2025-05-15 00:00:00,2025-05-15 00:00:00,940.0,968.3,31,877.3,845.84,,session_close
RVNL,stage1,MIS,2025-05-15 00:00:00,2025-05-15 00:00:00,372.8,376.25,80,276.0,244.2,,session_close
SAIL,stage1,MIS,2025-05-15 00:00:00,2025-05-15 00:00:00,122.99,122.7,243,-70.47,-102.12,,session_close
BAJAJHLDNG,stage1,MIS,2025-05-16 00:00:00,2025-05-16 00:00:00,12630.0,13111.0,2,962.0,934.6,,session_close
COCHINSHIP,stage1,MIS,2025-05-16 00:00:00,2025-05-16 00:00:00,1850.0,2035.6,16,2969.6,2936.31,,session_close
GRASIM,stage1,MIS,2025-05-16 00:00:00,2025-05-16 00:00:00,2845.0,2804.2,10,-408.0,-437.91,,session_close
GVT&D,stage1,MIS,2025-05-16 00:00:00,2025-05-16 00:00:00,1860.0,1861.4,16,22.4,-9.17,,session_close
HDFCAMC,stage1,MIS,2025-05-16 00:00:00,2025-05-16 00:00:00,2266.9,2275.2,13,107.9,76.58,,session_close
HEROMOTOCO,stage1,MIS,2025-05-16 00:00:00,2025-05-16 00:00:00,4330.0,4345.3,6,91.8,64.19,,session_close
JSWSTEEL,stage1,MIS,2025-05-16 00:00:00,2025-05-16 00:00:00,1043.4,1021.8,28,-604.8,-635.39,,session_close
COCHINSHIP,stage1,MIS,2025-05-19 00:00:00,2025-05-19 00:00:00,2090.0,1982.2,14,-1509.2,-1539.26,,session_close
CONCOR,stage1,MIS,2025-05-19 00:00:00,2025-05-19 00:00:00,590.35,597.55,50,360.0,328.47,,session_close
HAL,stage1,MIS,2025-05-19 00:00:00,2025-05-19 00:00:00,5140.0,5016.3,5,-618.5,-645.36,,session_close
HUDCO,stage1,MIS,2025-05-19 00:00:00,2025-05-19 00:00:00,236.2,234.77,127,-181.61,-213.3,,session_close
IRCTC,stage1,MIS,2025-05-19 00:00:00,2025-05-19 00:00:00,813.9,804.6,36,-334.8,-365.66,,session_close
IRFC,stage1,MIS,2025-05-19 00:00:00,2025-05-19 00:00:00,140.0,141.49,214,318.86,286.88,,session_close
JSWENERGY,stage1,MIS,2025-05-19 00:00:00,2025-05-19 00:00:00,506.0,515.35,59,551.65,519.64,,session_close
MAZDOCK,stage1,MIS,2025-05-19 00:00:00,2025-05-19 00:00:00,3559.8,3409.9,8,-1199.2,-1228.63,,session_close
PIIND,stage1,MIS,2025-05-19 00:00:00,2025-05-19 00:00:00,3795.0,3759.0,7,-252.0,-280.01,,session_close
PREMIERENE,stage1,MIS,2025-05-19 00:00:00,2025-05-19 00:00:00,1135.0,1090.1,26,-1167.4,-1197.95,,session_close
RVNL,stage1,MIS,2025-05-19 00:00:00,2025-05-19 00:00:00,417.0,431.5,71,1029.5,997.44,,session_close
ASTRAL,stage1,MIS,2025-05-20 00:00:00,2025-05-20 00:00:00,1439.0,1365.2,20,-1476.0,-1505.57,,session_close
BAJAJ-AUTO,stage1,MIS,2025-05-20 00:00:00,2025-05-20 00:00:00,8631.0,8353.5,3,-832.5,-859.43,,session_close
ALKEM,stage1,MIS,2025-05-22 00:00:00,2025-05-22 00:00:00,5384.5,5299.0,5,-427.5,-455.78,,session_close
BEL,stage1,MIS,2025-05-22 00:00:00,2025-05-22 00:00:00,383.0,383.4,78,31.2,-0.5,,session_close
SIEMENS,stage1,MIS,2025-05-22 00:00:00,2025-05-22 00:00:00,3306.6,3304.6,9,-18.0,-49.55,,session_close
SOLARINDS,stage1,MIS,2025-05-22 00:00:00,2025-05-22 00:00:00,14188.0,15008.0,2,1640.0,1608.86,,session_close
ASTRAL,stage1,MIS,2025-05-23 00:00:00,2025-05-23 00:00:00,1470.0,1456.7,20,-266.0,-297.01,,session_close
SOLARINDS,stage1,MIS,2025-05-23 00:00:00,2025-05-23 00:00:00,15040.0,15334.0,1,294.0,277.86,,session_close
MFSL,stage1,MIS,2025-05-26 00:00:00,2025-05-26 00:00:00,1474.1,1476.5,20,48.0,16.71,,session_close
SUPREMEIND,stage1,MIS,2025-05-26 00:00:00,2025-05-26 00:00:00,3918.0,4036.2,7,827.4,797.79,,session_close
ASTRAL,stage1,MIS,2025-05-27 00:00:00,2025-05-27 00:00:00,1511.9,1527.4,19,294.5,263.85,,session_close
DIVISLAB,stage1,MIS,2025-05-27 00:00:00,2025-05-27 00:00:00,6725.0,6698.0,4,-108.0,-136.46,,session_close
HUDCO,stage1,MIS,2025-05-27 00:00:00,2025-05-27 00:00:00,239.0,240.15,125,143.75,111.98,,session_close
JSWSTEEL,stage1,MIS,2025-05-27 00:00:00,2025-05-27 00:00:00,1032.0,1013.7,29,-530.7,-562.1,,session_close
SUPREMEIND,stage1,MIS,2025-05-27 00:00:00,2025-05-27 00:00:00,4037.0,4200.4,7,1143.8,1113.1,,session_close
CONCOR,stage1,MIS,2025-05-28 00:00:00,2025-05-28 00:00:00,617.5,622.5,48,240.0,208.41,,session_close
SUPREMEIND,stage1,MIS,2025-05-28 00:00:00,2025-05-28 00:00:00,4200.4,4253.8,7,373.8,342.38,,session_close
POWERINDIA,stage1,MIS,2025-05-29 00:00:00,2025-05-29 00:00:00,18500.0,18959.0,1,459.0,439.09,,session_close
CUMMINSIND,stage1,MIS,2025-05-30 00:00:00,2025-05-30 00:00:00,3189.0,3268.1,9,711.9,681.01,,session_close
HINDZINC,stage1,MIS,2025-05-30 00:00:00,2025-05-30 00:00:00,466.9,458.2,64,-556.8,-588.13,,session_close
MOTHERSON,stage1,MIS,2025-05-30 00:00:00,2025-05-30 00:00:00,103.33,102.08,290,-362.5,-394.05,,session_close
WAAREEENER,stage1,MIS,2025-05-30 00:00:00,2025-05-30 00:00:00,3029.9,2978.9,9,-459.0,-487.62,,session_close
CANBK,stage1,MIS,2025-06-02 00:00:00,2025-06-02 00:00:00,107.25,109.2,279,544.05,511.97,,session_close
CUMMINSIND,stage1,MIS,2025-06-02 00:00:00,2025-06-02 00:00:00,3267.0,3319.3,9,470.7,439.22,,session_close
MUTHOOTFIN,stage1,MIS,2025-06-02 00:00:00,2025-06-02 00:00:00,2208.0,2222.3,13,185.9,155.34,,session_close
PIDILITIND,stage1,MIS,2025-06-02 00:00:00,2025-06-02 00:00:00,1562.0,1540.1,19,-416.1,-447.31,,session_close
PNB,stage1,MIS,2025-06-02 00:00:00,2025-06-02 00:00:00,100.58,102.43,298,551.3,519.16,,session_close
AUBANK,stage1,MIS,2025-06-03 00:00:00,2025-06-03 00:00:00,725.0,728.3,41,135.3,103.69,,session_close
INDIANB,stage1,MIS,2025-06-03 00:00:00,2025-06-03 00:00:00,622.4,603.8,48,-892.8,-923.91,,session_close
PRESTIGE,stage1,MIS,2025-06-03 00:00:00,2025-06-03 00:00:00,1542.2,1584.6,19,805.6,774.01,,session_close
YESBANK,stage1,MIS,2025-06-03 00:00:00,2025-06-03 00:00:00,22.93,20.86,1308,-2707.56,-2737.63,,session_close
PRESTIGE,stage1,MIS,2025-06-04 00:00:00,2025-06-04 00:00:00,1594.9,1581.6,18,-239.4,-269.69,,session_close
IRFC,stage1,MIS,2025-06-05 00:00:00,2025-06-05 00:00:00,147.4,145.27,203,-432.39,-463.84,,session_close
JUBLFOOD,stage1,MIS,2025-06-05 00:00:00,2025-06-05 00:00:00,687.0,686.1,43,-38.7,-70.0,,session_close
OFSS,stage1,MIS,2025-06-05 00:00:00,2025-06-05 00:00:00,8438.5,8496.5,3,174.0,147.04,,session_close
PIIND,stage1,MIS,2025-06-05 00:00:00,2025-06-05 00:00:00,3955.0,3904.4,7,-354.2,-383.33,,session_close
RVNL,stage1,MIS,2025-06-05 00:00:00,2025-06-05 00:00:00,434.0,429.6,69,-303.6,-335.16,,session_close
SBICARD,stage1,MIS,2025-06-05 00:00:00,2025-06-05 00:00:00,942.05,944.35,31,71.3,40.29,,session_close
SWIGGY,stage1,MIS,2025-06-05 00:00:00,2025-06-05 00:00:00,361.0,364.15,83,261.45,229.51,,session_close
360ONE,stage1,MIS,2025-06-06 00:00:00,2025-06-06 00:00:00,1107.4,1064.8,27,-1150.2,-1181.17,,session_close
COCHINSHIP,stage1,MIS,2025-06-06 00:00:00,2025-06-06 00:00:00,2421.0,2392.5,12,-342.0,-372.59,,session_close
GLENMARK,stage1,MIS,2025-06-06 00:00:00,2025-06-06 00:00:00,1584.0,1590.2,18,111.6,81.29,,session_close
HINDZINC,stage1,MIS,2025-06-06 00:00:00,2025-06-06 00:00:00,501.6,502.25,59,38.35,6.94,,session_close
LTF,stage1,MIS,2025-06-06 00:00:00,2025-06-06 00:00:00,185.1,189.79,162,759.78,727.49,,session_close
NAUKRI,stage1,MIS,2025-06-06 00:00:00,2025-06-06 00:00:00,1468.1,1507.2,20,782.0,750.36,,session_close
AUBANK,stage1,MIS,2025-06-09 00:00:00,2025-06-09 00:00:00,755.0,772.0,39,663.0,631.35,,session_close
AXISBANK,stage1,MIS,2025-06-09 00:00:00,2025-06-09 00:00:00,1212.5,1219.9,24,177.6,146.63,,session_close
BAJFINANCE,stage1,MIS,2025-06-09 00:00:00,2025-06-09 00:00:00,955.0,961.0,31,186.0,154.49,,session_close
CHOLAFIN,stage1,MIS,2025-06-09 00:00:00,2025-06-09 00:00:00,1620.0,1644.6,18,442.8,411.59,,session_close
DLF,stage1,MIS,2025-06-09 00:00:00,2025-06-09 00:00:00,886.45,878.6,33,-259.05,-289.91,,session_close
GODREJPROP,stage1,MIS,2025-06-09 00:00:00,2025-06-09 00:00:00,2479.0,2467.3,12,-140.4,-171.86,,session_close
HDFCAMC,stage1,MIS,2025-06-09 00:00:00,2025-06-09 00:00:00,2496.9,2552.7,12,669.6,637.4,,session_close
ICICIGI,stage1,MIS,2025-06-09 00:00:00,2025-06-09 00:00:00,2014.9,2021.4,14,91.0,61.03,,session_close
IDFCFIRSTB,stage1,MIS,2025-06-09 00:00:00,2025-06-09 00:00:00,72.5,72.31,413,-78.47,-110.17,,session_close
LTF,stage1,MIS,2025-06-09 00:00:00,2025-06-09 00:00:00,191.74,193.0,156,196.56,164.71,,session_close
M&MFIN,stage1,MIS,2025-06-09 00:00:00,2025-06-09 00:00:00,266.65,270.65,112,448.0,416.04,,session_close
OBEROIRLTY,stage1,MIS,2025-06-09 00:00:00,2025-06-09 00:00:00,1929.0,1903.1,15,-388.5,-418.94,,session_close
PRESTIGE,stage1,MIS,2025-06-09 00:00:00,2025-06-09 00:00:00,1754.7,1708.5,17,-785.4,-816.53,,session_close
SBICARD,stage1,MIS,2025-06-09 00:00:00,2025-06-09 00:00:00,995.1,1017.0,30,657.0,624.92,,session_close
SHRIRAMFIN,stage1,MIS,2025-06-09 00:00:00,2025-06-09 00:00:00,700.0,698.0,42,-84.0,-115.12,,session_close
LAURUSLABS,stage1,MIS,2025-06-10 00:00:00,2025-06-10 00:00:00,671.05,666.45,44,-202.4,-233.58,,session_close
MCX,stage1,MIS,2025-06-10 00:00:00,2025-06-10 00:00:00,1599.0,1578.0,18,-378.0,-408.28,,session_close
OFSS,stage1,MIS,2025-06-10 00:00:00,2025-06-10 00:00:00,8944.0,9227.5,3,850.5,821.5,,session_close
BLUESTARCO,stage1,MIS,2025-06-11 00:00:00,2025-06-11 00:00:00,1636.0,1633.0,18,-54.0,-85.19,,session_close
MPHASIS,stage1,MIS,2025-06-11 00:00:00,2025-06-11 00:00:00,2554.1,2558.8,11,51.7,21.87,,session_close
OFSS,stage1,MIS,2025-06-11 00:00:00,2025-06-11 00:00:00,9281.5,9167.0,3,-343.5,-372.81,,session_close
TATAINVEST,stage1,MIS,2025-06-11 00:00:00,2025-06-11 00:00:00,738.0,717.0,40,-840.0,-870.77,,session_close
BIOCON,stage1,MIS,2025-06-12 00:00:00,2025-06-12 00:00:00,355.0,352.25,84,-231.0,-262.47,,session_close
BPCL,stage1,MIS,2025-06-12 00:00:00,2025-06-12 00:00:00,314.75,303.45,95,-1073.5,-1104.52,,session_close
HCLTECH,stage1,MIS,2025-06-12 00:00:00,2025-06-12 00:00:00,1725.0,1701.2,17,-404.6,-435.44,,session_close
OIL,stage1,MIS,2025-06-12 00:00:00,2025-06-12 00:00:00,475.0,468.35,63,-418.95,-450.42,,session_close
360ONE,stage1,MIS,2025-06-16 00:00:00,2025-06-16 00:00:00,1140.0,1169.6,26,769.6,737.68,,session_close
KPITTECH,stage1,MIS,2025-06-17 00:00:00,2025-06-17 00:00:00,1415.0,1400.6,21,-302.4,-333.72,,session_close
ONGC,stage1,MIS,2025-06-17 00:00:00,2025-06-17 00:00:00,245.05,240.65,122,-536.8,-568.16,,session_close
PIIND,stage1,MIS,2025-06-17 00:00:00,2025-06-17 00:00:00,4101.0,4172.3,7,499.1,468.34,,session_close
ABCAPITAL,stage1,MIS,2025-06-18 00:00:00,2025-06-18 00:00:00,256.0,256.23,117,26.91,-4.87,,session_close
DMART,stage1,MIS,2025-06-19 00:00:00,2025-06-19 00:00:00,4229.0,4203.1,7,-181.3,-212.58,,session_close
INDUSINDBK,stage1,MIS,2025-06-19 00:00:00,2025-06-19 00:00:00,847.0,837.5,35,-332.5,-363.72,,session_close
TATACONSUM,stage1,MIS,2025-06-20 00:00:00,2025-06-20 00:00:00,1088.3,1100.2,27,321.3,289.93,,session_close
BEL,stage1,MIS,2025-06-23 00:00:00,2025-06-23 00:00:00,411.0,420.9,72,712.8,680.96,,session_close
BHARTIARTL,stage1,MIS,2025-06-23 00:00:00,2025-06-23 00:00:00,1930.0,1936.3,15,94.5,63.74,,session_close
HDFCLIFE,stage1,MIS,2025-06-23 00:00:00,2025-06-23 00:00:00,769.95,774.15,38,159.6,128.47,,session_close
INDUSTOWER,stage1,MIS,2025-06-23 00:00:00,2025-06-23 00:00:00,403.9,401.9,74,-148.0,-179.6,,session_close
LODHA,stage1,MIS,2025-06-23 00:00:00,2025-06-23 00:00:00,1477.8,1473.3,20,-90.0,-121.29,,session_close
M&M,stage1,MIS,2025-06-23 00:00:00,2025-06-23 00:00:00,3163.6,3135.0,9,-257.4,-287.43,,session_close
POLYCAB,stage1,MIS,2025-06-23 00:00:00,2025-06-23 00:00:00,6000.5,6289.5,4,1156.0,1129.81,,session_close
POWERGRID,stage1,MIS,2025-06-23 00:00:00,2025-06-23 00:00:00,291.4,290.25,102,-117.3,-148.74,,session_close
PREMIERENE,stage1,MIS,2025-06-23 00:00:00,2025-06-23 00:00:00,1015.7,1019.3,29,104.4,73.1,,session_close
RELIANCE,stage1,MIS,2025-06-23 00:00:00,2025-06-23 00:00:00,1453.0,1456.8,20,76.0,45.13,,session_close
TIINDIA,stage1,MIS,2025-06-23 00:00:00,2025-06-23 00:00:00,2901.2,2868.7,10,-325.0,-355.56,,session_close
VBL,stage1,MIS,2025-06-23 00:00:00,2025-06-23 00:00:00,457.45,461.8,65,282.75,251.04,,session_close
WAAREEENER,stage1,MIS,2025-06-23 00:00:00,2025-06-23 00:00:00,2962.0,2928.6,10,-334.0,-365.2,,session_close
KEI,stage1,MIS,2025-06-24 00:00:00,2025-06-24 00:00:00,3760.0,3839.6,7,557.2,528.93,,session_close
POLYCAB,stage1,MIS,2025-06-24 00:00:00,2025-06-24 00:00:00,6309.0,6343.5,4,138.0,111.15,,session_close
LTF,stage1,MIS,2025-06-25 00:00:00,2025-06-25 00:00:00,204.0,201.51,147,-366.03,-397.6,,session_close
KALYANKJIL,stage1,MIS,2025-06-26 00:00:00,2025-06-26 00:00:00,542.9,553.35,55,574.75,542.72,,session_close
TITAN,stage1,MIS,2025-06-26 00:00:00,2025-06-26 00:00:00,3655.0,3694.7,8,317.6,286.39,,session_close
HDFCBANK,stage1,MIS,2025-06-27 00:00:00,2025-06-27 00:00:00,1006.5,1007.4,29,26.1,-4.87,,session_close
JIOFIN,stage1,MIS,2025-06-27 00:00:00,2025-06-27 00:00:00,314.1,323.45,95,888.25,856.04,,session_close
KALYANKJIL,stage1,MIS,2025-06-27 00:00:00,2025-06-27 00:00:00,554.3,544.75,54,-515.7,-547.11,,session_close
SHRIRAMFIN,stage1,MIS,2025-06-27 00:00:00,2025-06-27 00:00:00,703.05,699.95,42,-130.2,-161.43,,session_close
TIINDIA,stage1,MIS,2025-06-27 00:00:00,2025-06-27 00:00:00,3008.0,3082.1,9,666.9,637.76,,session_close
ATGL,stage1,MIS,2025-06-30 00:00:00,2025-06-30 00:00:00,684.0,675.75,43,-354.75,-385.71,,session_close
HINDPETRO,stage1,MIS,2025-06-30 00:00:00,2025-06-30 00:00:00,428.75,426.85,69,-131.1,-162.39,,session_close
INDIGO,stage1,MIS,2025-06-30 00:00:00,2025-06-30 00:00:00,5840.0,5976.5,5,682.5,651.1,,session_close
LAURUSLABS,stage1,MIS,2025-07-01 00:00:00,2025-07-01 00:00:00,730.0,746.05,41,658.05,625.89,,session_close
WAAREEENER,stage1,MIS,2025-07-01 00:00:00,2025-07-01 00:00:00,3178.0,3063.1,9,-1034.1,-1063.77,,session_close
IDFCFIRSTB,stage1,MIS,2025-07-02 00:00:00,2025-07-02 00:00:00,77.25,77.25,388,0.0,-31.78,,session_close
LAURUSLABS,stage1,MIS,2025-07-02 00:00:00,2025-07-02 00:00:00,746.05,756.75,40,428.0,396.08,,session_close
SAIL,stage1,MIS,2025-07-03 00:00:00,2025-07-03 00:00:00,137.9,136.5,217,-303.8,-335.34,,session_close
TATACOMM,stage1,MIS,2025-07-03 00:00:00,2025-07-03 00:00:00,1802.0,1778.0,16,-384.0,-414.33,,session_close
TATASTEEL,stage1,MIS,2025-07-03 00:00:00,2025-07-03 00:00:00,166.0,165.91,180,-16.2,-47.88,,session_close
BLUESTARCO,stage1,MIS,2025-07-04 00:00:00,2025-07-04 00:00:00,1835.0,1841.2,16,99.2,68.0,,session_close
MOTILALOFS,stage1,MIS,2025-07-04 00:00:00,2025-07-04 00:00:00,920.0,918.05,32,-62.4,-93.58,,session_close
DABUR,stage1,MIS,2025-07-08 00:00:00,2025-07-08 00:00:00,512.5,513.1,58,34.8,3.26,,session_close
GODREJCP,stage1,MIS,2025-07-08 00:00:00,2025-07-08 00:00:00,1252.5,1277.4,23,572.7,541.78,,session_close
NHPC,stage1,MIS,2025-07-09 00:00:00,2025-07-09 00:00:00,88.5,88.29,338,-70.98,-102.66,,session_close
MANKIND,stage1,MIS,2025-07-10 00:00:00,2025-07-10 00:00:00,2520.0,2544.0,11,264.0,234.44,,session_close
GLENMARK,stage1,MIS,2025-07-11 00:00:00,2025-07-11 00:00:00,2094.4,2181.1,14,1213.8,1181.93,,session_close
PRESTIGE,stage1,MIS,2025-07-11 00:00:00,2025-07-11 00:00:00,1696.5,1695.0,17,-25.5,-56.07,,session_close
HINDUNILVR,stage1,MIS,2025-07-14 00:00:00,2025-07-14 00:00:00,2500.0,2516.6,12,199.2,167.26,,session_close
ADANIGREEN,stage1,MIS,2025-07-15 00:00:00,2025-07-15 00:00:00,1027.0,1033.1,29,176.9,145.2,,session_close
GODFRYPHLP,stage1,MIS,2025-07-15 00:00:00,2025-07-15 00:00:00,3013.0,3120.0,9,963.0,933.63,,session_close
LAURUSLABS,stage1,MIS,2025-07-15 00:00:00,2025-07-15 00:00:00,825.75,827.05,36,46.8,15.25,,session_close
MANKIND,stage1,MIS,2025-07-15 00:00:00,2025-07-15 00:00:00,2700.0,2651.0,11,-539.0,-570.15,,session_close
HDFCAMC,stage1,MIS,2025-07-16 00:00:00,2025-07-16 00:00:00,2585.5,2619.7,11,376.2,345.8,,session_close
HEROMOTOCO,stage1,MIS,2025-07-16 00:00:00,2025-07-16 00:00:00,4454.0,4424.5,6,-177.0,-205.23,,session_close
TATAELXSI,stage1,MIS,2025-07-16 00:00:00,2025-07-16 00:00:00,6439.5,6311.0,4,-514.0,-540.99,,session_close
LICHSGFIN,stage1,MIS,2025-07-17 00:00:00,2025-07-17 00:00:00,639.2,638.25,46,-43.7,-74.85,,session_close
PATANJALI,stage1,MIS,2025-07-17 00:00:00,2025-07-17 00:00:00,617.7,636.4,48,897.6,865.58,,session_close
TATAPOWER,stage1,MIS,2025-07-17 00:00:00,2025-07-17 00:00:00,415.0,413.45,72,-111.6,-143.21,,session_close
HDFCAMC,stage1,MIS,2025-07-18 00:00:00,2025-07-18 00:00:00,2704.8,2735.2,11,334.4,302.63,,session_close
PATANJALI,stage1,MIS,2025-07-18 00:00:00,2025-07-18 00:00:00,634.7,647.2,47,587.5,555.49,,session_close
PRESTIGE,stage1,MIS,2025-07-18 00:00:00,2025-07-18 00:00:00,1792.1,1782.2,16,-158.4,-188.71,,session_close
UPL,stage1,MIS,2025-07-18 00:00:00,2025-07-18 00:00:00,694.0,686.85,43,-307.45,-338.9,,session_close
NMDC,stage1,MIS,2025-07-21 00:00:00,2025-07-21 00:00:00,69.78,69.79,429,4.29,-27.46,,session_close
LTF,stage1,MIS,2025-07-22 00:00:00,2025-07-22 00:00:00,212.0,209.21,141,-393.39,-424.84,,session_close
NATIONALUM,stage1,MIS,2025-07-22 00:00:00,2025-07-22 00:00:00,195.7,196.69,153,151.47,119.62,,session_close
UPL,stage1,MIS,2025-07-22 00:00:00,2025-07-22 00:00:00,715.0,722.85,41,321.85,290.56,,session_close
HAVELLS,stage1,MIS,2025-07-23 00:00:00,2025-07-23 00:00:00,1583.0,1572.7,18,-185.4,-215.5,,session_close
NAUKRI,stage1,MIS,2025-07-23 00:00:00,2025-07-23 00:00:00,1460.0,1475.0,20,300.0,268.84,,session_close
PAYTM,stage1,MIS,2025-07-23 00:00:00,2025-07-23 00:00:00,1081.4,1071.15,27,-276.75,-307.54,,session_close
CANBK,stage1,MIS,2025-07-25 00:00:00,2025-07-25 00:00:00,110.22,107.22,272,-816.0,-847.27,,session_close
ETERNAL,stage1,MIS,2025-07-25 00:00:00,2025-07-25 00:00:00,309.95,310.55,96,57.6,26.01,,session_close
FORTIS,stage1,MIS,2025-07-25 00:00:00,2025-07-25 00:00:00,844.35,845.55,35,42.0,10.63,,session_close
INDIANB,stage1,MIS,2025-07-25 00:00:00,2025-07-25 00:00:00,639.2,624.25,46,-687.7,-718.44,,session_close
JINDALSTEL,stage1,MIS,2025-07-25 00:00:00,2025-07-25 00:00:00,1001.95,1000.15,29,-52.2,-82.98,,session_close
MOTHERSON,stage1,MIS,2025-07-25 00:00:00,2025-07-25 00:00:00,103.28,100.34,290,-852.6,-883.82,,session_close
SUPREMEIND,stage1,MIS,2025-07-25 00:00:00,2025-07-25 00:00:00,4201.2,4311.7,7,773.5,741.82,,session_close
PHOENIXLTD,stage1,MIS,2025-07-28 00:00:00,2025-07-28 00:00:00,1510.8,1508.8,19,-38.0,-68.42,,session_close
CIPLA,stage1,MIS,2025-07-29 00:00:00,2025-07-29 00:00:00,1563.4,1574.0,19,201.4,169.77,,session_close
LAURUSLABS,stage1,MIS,2025-07-29 00:00:00,2025-07-29 00:00:00,889.0,909.85,33,688.05,656.5,,session_close
SHRIRAMFIN,stage1,MIS,2025-07-29 00:00:00,2025-07-29 00:00:00,632.0,638.35,47,298.45,266.76,,session_close
TORNTPHARM,stage1,MIS,2025-07-30 00:00:00,2025-07-30 00:00:00,3782.9,3730.6,7,-366.1,-393.95,,session_close
VBL,stage1,MIS,2025-07-30 00:00:00,2025-07-30 00:00:00,515.0,522.1,58,411.8,379.86,,session_close
COROMANDEL,stage1,MIS,2025-07-31 00:00:00,2025-07-31 00:00:00,2630.0,2691.4,11,675.4,644.29,,session_close
DMART,stage1,MIS,2025-07-31 00:00:00,2025-07-31 00:00:00,4235.0,4267.4,7,226.8,195.22,,session_close
KPITTECH,stage1,MIS,2025-07-31 00:00:00,2025-07-31 00:00:00,1239.9,1226.4,24,-324.0,-355.35,,session_close
LT,stage1,MIS,2025-07-31 00:00:00,2025-07-31 00:00:00,3625.0,3636.5,8,92.0,61.19,,session_close
M&MFIN,stage1,MIS,2025-07-31 00:00:00,2025-07-31 00:00:00,250.55,251.85,119,154.7,122.98,,session_close
ABCAPITAL,stage1,MIS,2025-08-01 00:00:00,2025-08-01 00:00:00,256.5,251.45,116,-585.8,-616.98,,session_close
HINDUNILVR,stage1,MIS,2025-08-01 00:00:00,2025-08-01 00:00:00,2550.0,2553.7,11,40.7,10.93,,session_close
INDIGO,stage1,MIS,2025-08-01 00:00:00,2025-08-01 00:00:00,5870.0,5788.5,5,-407.5,-438.36,,session_close
JIOFIN,stage1,MIS,2025-08-01 00:00:00,2025-08-01 00:00:00,329.95,329.5,90,-40.5,-71.96,,session_close
GVT&D,stage1,MIS,2025-08-04 00:00:00,2025-08-04 00:00:00,2863.1,2777.8,10,-853.0,-882.82,,session_close
SUZLON,stage1,MIS,2025-08-04 00:00:00,2025-08-04 00:00:00,66.6,65.0,450,-720.0,-751.32,,session_close
ABCAPITAL,stage1,MIS,2025-08-05 00:00:00,2025-08-05 00:00:00,279.0,282.0,107,321.0,289.14,,session_close
HEROMOTOCO,stage1,MIS,2025-08-05 00:00:00,2025-08-05 00:00:00,4536.0,4546.8,6,64.8,35.9,,session_close
JSWENERGY,stage1,MIS,2025-08-05 00:00:00,2025-08-05 00:00:00,539.0,537.7,55,-71.5,-102.89,,session_close
MUTHOOTFIN,stage1,MIS,2025-08-05 00:00:00,2025-08-05 00:00:00,2670.0,2641.5,11,-313.5,-344.44,,session_close
UPL,stage1,MIS,2025-08-05 00:00:00,2025-08-05 00:00:00,708.3,720.45,42,510.3,478.43,,session_close
BHEL,stage1,MIS,2025-08-06 00:00:00,2025-08-06 00:00:00,249.5,239.83,120,-1160.4,-1191.41,,session_close
GODFRYPHLP,stage1,MIS,2025-08-06 00:00:00,2025-08-06 00:00:00,3306.0,3618.0,9,2808.0,2774.65,,session_close
ASIANPAINT,stage1,MIS,2025-08-07 00:00:00,2025-08-07 00:00:00,2484.1,2506.5,12,268.8,237.02,,session_close
GODFRYPHLP,stage1,MIS,2025-08-07 00:00:00,2025-08-07 00:00:00,3707.0,3333.0,8,-2992.0,-3021.53,,session_close
TIINDIA,stage1,MIS,2025-08-07 00:00:00,2025-08-07 00:00:00,2980.0,2942.9,10,-371.0,-402.36,,session_close
WAAREEENER,stage1,MIS,2025-08-07 00:00:00,2025-08-07 00:00:00,3180.0,3162.9,9,-153.9,-184.15,,session_close
ADANIPOWER,stage1,MIS,2025-08-08 00:00:00,2025-08-08 00:00:00,116.4,115.4,257,-257.0,-288.56,,session_close
BLUESTARCO,stage1,MIS,2025-08-08 00:00:00,2025-08-08 00:00:00,1830.0,1800.3,16,-475.2,-505.95,,session_close
HEROMOTOCO,stage1,MIS,2025-08-08 00:00:00,2025-08-08 00:00:00,4660.0,4599.8,6,-361.2,-390.62,,session_close
LUPIN,stage1,MIS,2025-08-08 00:00:00,2025-08-08 00:00:00,1933.0,1918.0,15,-225.0,-255.6,,session_close
ADANIENT,stage1,MIS,2025-08-12 00:00:00,2025-08-12 00:00:00,2210.5,2218.4,13,102.7,72.16,,session_close
PFC,stage1,MIS,2025-08-12 00:00:00,2025-08-12 00:00:00,419.0,415.7,71,-234.3,-265.7,,session_close
POLICYBZR,stage1,MIS,2025-08-12 00:00:00,2025-08-12 00:00:00,1865.0,1827.7,16,-596.8,-628.06,,session_close
SIEMENS,stage1,MIS,2025-08-12 00:00:00,2025-08-12 00:00:00,3114.8,3135.1,9,182.7,152.86,,session_close
ALKEM,stage1,MIS,2025-08-13 00:00:00,2025-08-13 00:00:00,5240.0,5388.5,5,742.5,714.24,,session_close
ALKEM,stage1,MIS,2025-08-14 00:00:00,2025-08-14 00:00:00,5355.0,5347.5,5,-37.5,-65.87,,session_close
APOLLOHOSP,stage1,MIS,2025-08-14 00:00:00,2025-08-14 00:00:00,7830.0,7821.5,3,-25.5,-50.39,,session_close
BDL,stage1,MIS,2025-08-14 00:00:00,2025-08-14 00:00:00,1591.0,1577.8,18,-237.6,-267.82,,session_close
GVT&D,stage1,MIS,2025-08-14 00:00:00,2025-08-14 00:00:00,2930.0,2844.2,10,-858.0,-888.52,,session_close
HINDALCO,stage1,MIS,2025-08-14 00:00:00,2025-08-14 00:00:00,701.0,695.25,42,-241.5,-272.57,,session_close
ZYDUSLIFE,stage1,MIS,2025-08-14 00:00:00,2025-08-14 00:00:00,993.55,988.8,30,-142.5,-174.02,,session_close
ADANIPORTS,stage1,MIS,2025-08-19 00:00:00,2025-08-19 00:00:00,1332.0,1369.4,22,822.8,791.2,,session_close
ASHOKLEY,stage1,MIS,2025-08-19 00:00:00,2025-08-19 00:00:00,131.76,133.28,227,345.04,313.1,,session_close
BAJAJ-AUTO,stage1,MIS,2025-08-19 00:00:00,2025-08-19 00:00:00,8609.0,8795.5,3,559.5,531.75,,session_close
DMART,stage1,MIS,2025-08-19 00:00:00,2025-08-19 00:00:00,4584.9,4653.2,6,409.8,380.37,,session_close
MARUTI,stage1,MIS,2025-08-19 00:00:00,2025-08-19 00:00:00,14070.0,14250.0,2,360.0,329.93,,session_close
BAJAJ-AUTO,stage1,MIS,2025-08-20 00:00:00,2025-08-20 00:00:00,8794.5,8827.5,3,99.0,70.96,,session_close
EXIDEIND,stage1,MIS,2025-08-20 00:00:00,2025-08-20 00:00:00,395.1,396.3,75,90.0,58.52,,session_close
HYUNDAI,stage1,MIS,2025-08-20 00:00:00,2025-08-20 00:00:00,2581.0,2488.1,11,-1021.9,-1051.35,,session_close
LICHSGFIN,stage1,MIS,2025-08-20 00:00:00,2025-08-20 00:00:00,581.7,580.1,51,-81.6,-113.01,,session_close
VEDL,stage1,MIS,2025-08-20 00:00:00,2025-08-20 00:00:00,227.7,224.9,131,-366.8,-398.2,,session_close
DABUR,stage1,MIS,2025-08-21 00:00:00,2025-08-21 00:00:00,535.95,515.7,55,-1113.75,-1144.3,,session_close
GODFRYPHLP,stage1,MIS,2025-08-21 00:00:00,2025-08-21 00:00:00,3688.0,3713.0,8,200.0,168.58,,session_close
INDHOTEL,stage1,MIS,2025-08-21 00:00:00,2025-08-21 00:00:00,810.0,795.65,37,-530.95,-562.39,,session_close
SWIGGY,stage1,MIS,2025-08-21 00:00:00,2025-08-21 00:00:00,427.0,435.7,70,609.0,576.91,,session_close
MANKIND,stage1,MIS,2025-08-22 00:00:00,2025-08-22 00:00:00,2588.0,2606.8,11,206.8,176.48,,session_close
JUBLFOOD,stage1,MIS,2025-08-26 00:00:00,2025-08-26 00:00:00,645.0,640.8,46,-193.2,-224.54,,session_close
ZYDUSLIFE,stage1,MIS,2025-08-26 00:00:00,2025-08-26 00:00:00,1015.0,987.85,29,-787.35,-818.06,,session_close
BRITANNIA,stage1,MIS,2025-08-28 00:00:00,2025-08-28 00:00:00,5765.5,5721.0,5,-222.5,-252.93,,session_close
EICHERMOT,stage1,MIS,2025-08-28 00:00:00,2025-08-28 00:00:00,6269.5,6133.0,4,-546.0,-572.24,,session_close
HINDUNILVR,stage1,MIS,2025-08-28 00:00:00,2025-08-28 00:00:00,2748.0,2654.4,10,-936.0,-964.54,,session_close
WAAREEENER,stage1,MIS,2025-08-29 00:00:00,2025-08-29 00:00:00,3415.4,3402.0,8,-107.2,-136.11,,session_close
CGPOWER,stage1,MIS,2025-09-01 00:00:00,2025-09-01 00:00:00,710.0,717.2,42,302.4,270.58,,session_close
COLPAL,stage1,MIS,2025-09-01 00:00:00,2025-09-01 00:00:00,2327.0,2360.2,12,398.4,368.53,,session_close
DIXON,stage1,MIS,2025-09-02 00:00:00,2025-09-02 00:00:00,17670.0,17553.0,1,-117.0,-135.66,,session_close
PREMIERENE,stage1,MIS,2025-09-02 00:00:00,2025-09-02 00:00:00,1049.95,1020.25,28,-831.6,-862.24,,session_close
CGPOWER,stage1,MIS,2025-09-03 00:00:00,2025-09-03 00:00:00,748.0,733.3,40,-588.0,-619.35,,session_close
DABUR,stage1,MIS,2025-09-03 00:00:00,2025-09-03 00:00:00,545.9,543.5,54,-129.6,-160.78,,session_close
NATIONALUM,stage1,MIS,2025-09-03 00:00:00,2025-09-03 00:00:00,201.51,207.12,148,830.28,798.12,,session_close
NMDC,stage1,MIS,2025-09-03 00:00:00,2025-09-03 00:00:00,71.0,72.1,422,464.2,432.13,,session_close
TATACONSUM,stage1,MIS,2025-09-03 00:00:00,2025-09-03 00:00:00,1102.9,1104.4,27,40.5,8.9,,session_close
JINDALSTEL,stage1,MIS,2025-09-04 00:00:00,2025-09-04 00:00:00,1028.0,1031.85,29,111.65,79.96,,session_close
JSWSTEEL,stage1,MIS,2025-09-04 00:00:00,2025-09-04 00:00:00,1075.0,1072.4,27,-70.2,-100.93,,session_close
NATIONALUM,stage1,MIS,2025-09-04 00:00:00,2025-09-04 00:00:00,209.0,206.67,143,-333.19,-364.67,,session_close
SAIL,stage1,MIS,2025-09-04 00:00:00,2025-09-04 00:00:00,130.0,127.57,230,-558.9,-590.25,,session_close
TATASTEEL,stage1,MIS,2025-09-04 00:00:00,2025-09-04 00:00:00,169.0,166.81,177,-387.63,-419.1,,session_close
YESBANK,stage1,MIS,2025-09-04 00:00:00,2025-09-04 00:00:00,20.49,20.29,1464,-292.8,-324.42,,session_close
IDFCFIRSTB,stage1,MIS,2025-09-05 00:00:00,2025-09-05 00:00:00,72.54,72.6,413,24.78,-7.01,,session_close
KEI,stage1,MIS,2025-09-05 00:00:00,2025-09-05 00:00:00,4140.0,4037.7,7,-716.1,-746.37,,session_close
BHARATFORG,stage1,MIS,2025-09-09 00:00:00,2025-09-09 00:00:00,1203.0,1181.7,24,-511.2,-541.49,,session_close
MOTHERSON,stage1,MIS,2025-09-09 00:00:00,2025-09-09 00:00:00,99.1,98.82,302,-84.56,-116.24,,session_close
TIINDIA,stage1,MIS,2025-09-09 00:00:00,2025-09-09 00:00:00,3079.4,3151.5,9,648.9,619.09,,session_close
TMPV,stage1,MIS,2025-09-09 00:00:00,2025-09-09 00:00:00,496.5,492.65,60,-231.0,-262.44,,session_close
TIINDIA,stage1,MIS,2025-09-10 00:00:00,2025-09-10 00:00:00,3177.0,3235.1,9,522.9,492.24,,session_close
BANKINDIA,stage1,MIS,2025-09-11 00:00:00,2025-09-11 00:00:00,113.83,114.36,263,139.39,107.55,,session_close
INDIANB,stage1,MIS,2025-09-11 00:00:00,2025-09-11 00:00:00,680.45,681.35,44,39.6,7.82,,session_close
MPHASIS,stage1,MIS,2025-09-11 00:00:00,2025-09-11 00:00:00,2902.4,2849.1,10,-533.0,-563.44,,session_close
OFSS,stage1,MIS,2025-09-11 00:00:00,2025-09-11 00:00:00,9673.0,8883.0,3,-2370.0,-2399.26,,session_close
SBICARD,stage1,MIS,2025-09-11 00:00:00,2025-09-11 00:00:00,854.4,853.75,35,-22.75,-54.45,,session_close
TATAELXSI,stage1,MIS,2025-09-11 00:00:00,2025-09-11 00:00:00,5843.5,5752.5,5,-455.0,-485.69,,session_close
UNIONBANK,stage1,MIS,2025-09-11 00:00:00,2025-09-11 00:00:00,129.14,129.89,232,174.0,142.12,,session_close
AUROPHARMA,stage1,MIS,2025-09-12 00:00:00,2025-09-12 00:00:00,1103.1,1094.4,27,-234.9,-266.33,,session_close
BHEL,stage1,MIS,2025-09-12 00:00:00,2025-09-12 00:00:00,228.5,228.72,131,28.82,-2.94,,session_close
HINDZINC,stage1,MIS,2025-09-12 00:00:00,2025-09-12 00:00:00,449.5,462.95,66,887.7,855.67,,session_close
NHPC,stage1,MIS,2025-09-12 00:00:00,2025-09-12 00:00:00,82.5,83.5,363,363.0,331.01,,session_close
PREMIERENE,stage1,MIS,2025-09-12 00:00:00,2025-09-12 00:00:00,1072.0,1055.2,27,-453.6,-484.0,,session_close
WAAREEENER,stage1,MIS,2025-09-12 00:00:00,2025-09-12 00:00:00,3765.9,3634.2,7,-921.9,-949.26,,session_close
BDL,stage1,MIS,2025-09-15 00:00:00,2025-09-15 00:00:00,1578.7,1604.7,19,494.0,461.88,,session_close
BEL,stage1,MIS,2025-09-15 00:00:00,2025-09-15 00:00:00,400.0,398.45,75,-116.25,-147.99,,session_close
COCHINSHIP,stage1,MIS,2025-09-15 00:00:00,2025-09-15 00:00:00,1753.9,1807.8,17,916.3,884.09,,session_close
HAL,stage1,MIS,2025-09-15 00:00:00,2025-09-15 00:00:00,4790.0,4795.2,6,31.2,0.7,,session_close
HINDZINC,stage1,MIS,2025-09-15 00:00:00,2025-09-15 00:00:00,466.0,460.15,64,-374.4,-405.79,,session_close
MAZDOCK,stage1,MIS,2025-09-15 00:00:00,2025-09-15 00:00:00,2949.9,2924.9,10,-250.0,-281.12,,session_close
MOTHERSON,stage1,MIS,2025-09-15 00:00:00,2025-09-15 00:00:00,105.76,107.81,283,580.15,548.04,,session_close
NHPC,stage1,MIS,2025-09-16 00:00:00,2025-09-16 00:00:00,86.79,88.61,345,627.9,595.75,,session_close
RADICO,stage1,MIS,2025-09-16 00:00:00,2025-09-16 00:00:00,2986.6,2994.4,10,78.0,46.28,,session_close
SBICARD,stage1,MIS,2025-09-16 00:00:00,2025-09-16 00:00:00,897.1,896.55,33,-18.15,-49.53,,session_close
SIEMENS,stage1,MIS,2025-09-16 00:00:00,2025-09-16 00:00:00,3303.1,3313.8,9,96.3,64.71,,session_close
CHOLAFIN,stage1,MIS,2025-09-17 00:00:00,2025-09-17 00:00:00,1575.3,1573.4,19,-36.1,-67.82,,session_close
LT,stage1,MIS,2025-09-17 00:00:00,2025-09-17 00:00:00,3672.0,3685.5,8,108.0,76.78,,session_close
M&MFIN,stage1,MIS,2025-09-17 00:00:00,2025-09-17 00:00:00,271.0,275.8,110,528.0,496.05,,session_close
NHPC,stage1,MIS,2025-09-17 00:00:00,2025-09-17 00:00:00,88.3,87.21,339,-369.51,-401.02,,session_close
BANKBARODA,stage1,MIS,2025-09-18 00:00:00,2025-09-18 00:00:00,238.9,241.15,125,281.25,249.4,,session_close
CANBK,stage1,MIS,2025-09-18 00:00:00,2025-09-18 00:00:00,113.17,111.72,265,-384.25,-415.81,,session_close
PNB,stage1,MIS,2025-09-18 00:00:00,2025-09-18 00:00:00,109.32,108.7,274,-169.88,-201.54,,session_close
SBIN,stage1,MIS,2025-09-18 00:00:00,2025-09-18 00:00:00,858.65,854.35,34,-146.2,-177.07,,session_close
TATACONSUM,stage1,MIS,2025-09-18 00:00:00,2025-09-18 00:00:00,1136.3,1129.3,26,-182.0,-213.21,,session_close
BIOCON,stage1,MIS,2025-09-19 00:00:00,2025-09-19 00:00:00,370.6,369.2,80,-112.0,-143.37,,session_close
LAURUSLABS,stage1,MIS,2025-09-19 00:00:00,2025-09-19 00:00:00,926.0,932.1,32,195.2,163.65,,session_close
LICHSGFIN,stage1,MIS,2025-09-19 00:00:00,2025-09-19 00:00:00,592.0,592.8,50,40.0,8.59,,session_close
TATAINVEST,stage1,MIS,2025-09-19 00:00:00,2025-09-19 00:00:00,750.0,733.0,40,-680.0,-711.38,,session_close
ADANIPOWER,stage1,MIS,2025-09-22 00:00:00,2025-09-22 00:00:00,148.2,170.25,202,4454.1,4419.5,,session_close
CANBK,stage1,MIS,2025-09-22 00:00:00,2025-09-22 00:00:00,113.88,115.07,263,312.97,281.01,,session_close
HUDCO,stage1,MIS,2025-09-22 00:00:00,2025-09-22 00:00:00,230.0,239.96,130,1294.8,1262.26,,session_close
IREDA,stage1,MIS,2025-09-22 00:00:00,2025-09-22 00:00:00,160.85,159.06,186,-332.94,-364.45,,session_close
SAIL,stage1,MIS,2025-09-22 00:00:00,2025-09-22 00:00:00,135.11,135.49,222,84.36,52.5,,session_close
UNIONBANK,stage1,MIS,2025-09-22 00:00:00,2025-09-22 00:00:00,136.33,134.83,220,-330.0,-361.59,,session_close
ADANIENSOL,stage1,MIS,2025-09-23 00:00:00,2025-09-23 00:00:00,941.5,925.1,31,-508.4,-539.03,,session_close
ADANIENT,stage1,MIS,2025-09-23 00:00:00,2025-09-23 00:00:00,2562.0,2594.7,11,359.7,329.58,,session_close
ADANIGREEN,stage1,MIS,2025-09-23 00:00:00,2025-09-23 00:00:00,1164.0,1131.45,25,-813.75,-844.09,,session_close
ADANIPOWER,stage1,MIS,2025-09-23 00:00:00,2025-09-23 00:00:00,179.9,162.35,166,-2913.3,-2943.1,,session_close
ATGL,stage1,MIS,2025-09-23 00:00:00,2025-09-23 00:00:00,790.0,722.95,37,-2480.85,-2510.26,,session_close
CHOLAFIN,stage1,MIS,2025-09-23 00:00:00,2025-09-23 00:00:00,1629.9,1623.8,18,-109.8,-140.84,,session_close
HUDCO,stage1,MIS,2025-09-23 00:00:00,2025-09-23 00:00:00,240.0,235.23,125,-596.25,-627.68,,session_close
ASHOKLEY,stage1,MIS,2025-09-24 00:00:00,2025-09-24 00:00:00,142.5,142.26,210,-50.4,-82.1,,session_close
AUBANK,stage1,MIS,2025-09-24 00:00:00,2025-09-24 00:00:00,730.0,736.15,41,252.15,220.25,,session_close
AXISBANK,stage1,MIS,2025-09-24 00:00:00,2025-09-24 00:00:00,1168.0,1158.9,25,-227.5,-258.32,,session_close
CANBK,stage1,MIS,2025-09-24 00:00:00,2025-09-24 00:00:00,118.78,118.98,252,50.4,18.63,,session_close
TATAINVEST,stage1,MIS,2025-09-24 00:00:00,2025-09-24 00:00:00,825.0,886.0,36,2196.0,2163.1,,session_close
JUBLFOOD,stage1,MIS,2025-09-25 00:00:00,2025-09-25 00:00:00,629.0,621.7,47,-343.1,-374.23,,session_close
BPCL,stage1,MIS,2025-09-30 00:00:00,2025-09-30 00:00:00,323.55,323.5,92,-4.6,-36.16,,session_close
FORTIS,stage1,MIS,2025-09-30 00:00:00,2025-09-30 00:00:00,972.0,969.8,30,-66.0,-96.88,,session_close
GODFRYPHLP,stage1,MIS,2025-09-30 00:00:00,2025-09-30 00:00:00,3498.0,3384.0,8,-912.0,-941.09,,session_close
HINDPETRO,stage1,MIS,2025-09-30 00:00:00,2025-09-30 00:00:00,442.05,443.4,67,90.45,58.98,,session_close
HINDZINC,stage1,MIS,2025-09-30 00:00:00,2025-09-30 00:00:00,469.15,482.45,63,837.9,806.02,,session_close
IOC,stage1,MIS,2025-09-30 00:00:00,2025-09-30 00:00:00,145.58,145.34,206,-49.44,-81.21,,session_close
LTF,stage1,MIS,2025-09-30 00:00:00,2025-09-30 00:00:00,245.75,249.28,122,430.66,398.59,,session_close
BANKINDIA,stage1,MIS,2025-10-01 00:00:00,2025-10-01 00:00:00,119.79,120.69,250,225.0,193.1,,session_close
HINDZINC,stage1,MIS,2025-10-01 00:00:00,2025-10-01 00:00:00,485.1,481.35,61,-228.75,-259.98,,session_close
NATIONALUM,stage1,MIS,2025-10-01 00:00:00,2025-10-01 00:00:00,214.8,214.5,139,-41.7,-73.34,,session_close
PNB,stage1,MIS,2025-10-01 00:00:00,2025-10-01 00:00:00,109.52,109.37,273,-40.95,-72.63,,session_close
TATAINVEST,stage1,MIS,2025-10-01 00:00:00,2025-10-01 00:00:00,1066.0,1058.0,28,-224.0,-255.51,,session_close
KPITTECH,stage1,MIS,2025-10-03 00:00:00,2025-10-03 00:00:00,1153.2,1157.7,26,117.0,85.13,,session_close
LUPIN,stage1,MIS,2025-10-03 00:00:00,2025-10-03 00:00:00,1984.4,1973.6,15,-162.0,-193.46,,session_close
SHRIRAMFIN,stage1,MIS,2025-10-03 00:00:00,2025-10-03 00:00:00,645.0,645.8,46,36.8,5.31,,session_close
TMPV,stage1,MIS,2025-10-03 00:00:00,2025-10-03 00:00:00,494.7,493.05,60,-99.0,-130.41,,session_close
KALYANKJIL,stage1,MIS,2025-10-06 00:00:00,2025-10-06 00:00:00,495.0,485.35,60,-579.0,-610.12,,session_close
TATASTEEL,stage1,MIS,2025-10-06 00:00:00,2025-10-06 00:00:00,173.3,170.06,173,-560.52,-591.95,,session_close
AXISBANK,stage1,MIS,2025-10-07 00:00:00,2025-10-07 00:00:00,1212.0,1186.8,24,-604.8,-635.26,,session_close
BSE,stage1,MIS,2025-10-07 00:00:00,2025-10-07 00:00:00,2237.0,2231.2,13,-75.4,-106.19,,session_close
FORTIS,stage1,MIS,2025-10-07 00:00:00,2025-10-07 00:00:00,1053.9,1041.8,28,-338.8,-369.88,,session_close
NYKAA,stage1,MIS,2025-10-07 00:00:00,2025-10-07 00:00:00,257.0,262.4,116,626.4,594.38,,session_close
DIVISLAB,stage1,MIS,2025-10-08 00:00:00,2025-10-08 00:00:00,6115.0,6120.5,4,22.0,-3.95,,session_close
FEDERALBNK,stage1,MIS,2025-10-08 00:00:00,2025-10-08 00:00:00,200.5,202.61,149,314.39,282.51,,session_close
LODHA,stage1,MIS,2025-10-08 00:00:00,2025-10-08 00:00:00,1150.0,1128.7,26,-553.8,-585.15,,session_close
TITAN,stage1,MIS,2025-10-09 00:00:00,2025-10-09 00:00:00,3559.8,3550.6,8,-73.6,-103.75,,session_close
AUROPHARMA,stage1,MIS,2025-10-10 00:00:00,2025-10-10 00:00:00,1125.4,1130.3,26,127.4,96.29,,session_close
FEDERALBNK,stage1,MIS,2025-10-10 00:00:00,2025-10-10 00:00:00,206.91,208.3,144,200.16,168.44,,session_close
HINDZINC,stage1,MIS,2025-10-10 00:00:00,2025-10-10 00:00:00,512.7,498.3,58,-835.2,-866.2,,session_close
JINDALSTEL,stage1,MIS,2025-10-10 00:00:00,2025-10-10 00:00:00,1037.2,1015.2,28,-616.0,-646.4,,session_close
MCX,stage1,MIS,2025-10-10 00:00:00,2025-10-10 00:00:00,1741.0,1738.0,17,-51.0,-82.35,,session_close
MOTILALOFS,stage1,MIS,2025-10-10 00:00:00,2025-10-10 00:00:00,952.2,967.3,31,468.1,436.5,,session_close
SAIL,stage1,MIS,2025-10-10 00:00:00,2025-10-10 00:00:00,136.5,132.17,219,-948.27,-979.36,,session_close
TATAELXSI,stage1,MIS,2025-10-10 00:00:00,2025-10-10 00:00:00,5549.5,5407.5,5,-710.0,-738.97,,session_close
DIVISLAB,stage1,MIS,2025-10-13 00:00:00,2025-10-13 00:00:00,6465.5,6556.0,4,362.0,334.34,,session_close
PNB,stage1,MIS,2025-10-13 00:00:00,2025-10-13 00:00:00,113.57,113.65,264,21.12,-10.69,,session_close
YESBANK,stage1,MIS,2025-10-13 00:00:00,2025-10-13 00:00:00,24.2,24.03,1239,-210.63,-242.29,,session_close
FEDERALBNK,stage1,MIS,2025-10-14 00:00:00,2025-10-14 00:00:00,212.94,215.44,140,350.0,318.16,,session_close
HDFCAMC,stage1,MIS,2025-10-14 00:00:00,2025-10-14 00:00:00,2788.0,2737.1,10,-509.0,-538.24,,session_close
MCX,stage1,MIS,2025-10-14 00:00:00,2025-10-14 00:00:00,1803.0,1880.0,16,1232.0,1200.62,,session_close
MOTILALOFS,stage1,MIS,2025-10-14 00:00:00,2025-10-14 00:00:00,1008.55,999.0,29,-276.95,-307.79,,session_close
IREDA,stage1,MIS,2025-10-15 00:00:00,2025-10-15 00:00:00,156.39,154.89,191,-286.5,-317.99,,session_close
MCX,stage1,MIS,2025-10-15 00:00:00,2025-10-15 00:00:00,1912.0,1908.0,15,-60.0,-90.38,,session_close
TATACOMM,stage1,MIS,2025-10-15 00:00:00,2025-10-15 00:00:00,1945.0,1955.1,15,151.5,120.46,,session_close
360ONE,stage1,MIS,2025-10-16 00:00:00,2025-10-16 00:00:00,1174.0,1171.8,25,-55.0,-86.09,,session_close
HDFCAMC,stage1,MIS,2025-10-16 00:00:00,2025-10-16 00:00:00,2833.0,2839.9,10,69.0,38.91,,session_close
ICICIGI,stage1,MIS,2025-10-16 00:00:00,2025-10-16 00:00:00,2010.5,2010.1,14,-5.6,-35.44,,session_close
PERSISTENT,stage1,MIS,2025-10-16 00:00:00,2025-10-16 00:00:00,5722.1,5841.5,5,597.0,566.28,,session_close
PHOENIXLTD,stage1,MIS,2025-10-16 00:00:00,2025-10-16 00:00:00,1674.1,1694.9,17,353.6,323.19,,session_close
PRESTIGE,stage1,MIS,2025-10-16 00:00:00,2025-10-16 00:00:00,1677.2,1696.9,17,334.9,304.45,,session_close
GODREJPROP,stage1,MIS,2025-10-17 00:00:00,2025-10-17 00:00:00,2206.0,2236.2,13,392.6,361.94,,session_close
NESTLEIND,stage1,MIS,2025-10-17 00:00:00,2025-10-17 00:00:00,1263.9,1289.5,23,588.8,557.6,,session_close
OBEROIRLTY,stage1,MIS,2025-10-17 00:00:00,2025-10-17 00:00:00,1698.7,1700.5,17,30.6,-0.04,,session_close
TATACONSUM,stage1,MIS,2025-10-17 00:00:00,2025-10-17 00:00:00,1152.2,1166.0,26,358.8,326.8,,session_close
RADICO,stage1,MIS,2025-10-20 00:00:00,2025-10-20 00:00:00,3130.0,3254.7,9,1122.3,1091.71,,session_close
AUBANK,stage1,MIS,2025-10-21 00:00:00,2025-10-21 00:00:00,866.0,861.35,34,-158.1,-189.22,,session_close
BANKINDIA,stage1,MIS,2025-10-21 00:00:00,2025-10-21 00:00:00,126.42,126.14,237,-66.36,-98.09,,session_close
CIPLA,stage1,MIS,2025-10-21 00:00:00,2025-10-21 00:00:00,1646.7,1663.6,18,304.2,272.57,,session_close
FEDERALBNK,stage1,MIS,2025-10-21 00:00:00,2025-10-21 00:00:00,228.39,227.44,131,-124.45,-156.1,,session_close
IDFCFIRSTB,stage1,MIS,2025-10-21 00:00:00,2025-10-21 00:00:00,77.25,76.77,388,-186.24,-217.91,,session_close
PNB,stage1,MIS,2025-10-21 00:00:00,2025-10-21 00:00:00,114.91,114.35,261,-146.16,-177.87,,session_close
RADICO,stage1,MIS,2025-10-21 00:00:00,2025-10-21 00:00:00,3280.0,3302.1,9,198.9,167.47,,session_close
RELIANCE,stage1,MIS,2025-10-21 00:00:00,2025-10-21 00:00:00,1468.0,1465.2,20,-56.0,-87.1,,session_close
BANKINDIA,stage1,MIS,2025-10-24 00:00:00,2025-10-24 00:00:00,130.74,129.66,229,-247.32,-278.91,,session_close
BHARATFORG,stage1,MIS,2025-10-24 00:00:00,2025-10-24 00:00:00,1300.1,1283.9,23,-372.6,-404.07,,session_close
NAUKRI,stage1,MIS,2025-10-24 00:00:00,2025-10-24 00:00:00,1380.0,1377.8,21,-46.2,-76.9,,session_close
CUMMINSIND,stage1,MIS,2025-10-27 00:00:00,2025-10-27 00:00:00,4220.0,4311.5,7,640.5,608.76,,session_close
HINDALCO,stage1,MIS,2025-10-27 00:00:00,2025-10-27 00:00:00,834.9,840.85,35,208.25,177.13,,session_close
BANKINDIA,stage1,MIS,2025-10-28 00:00:00,2025-10-28 00:00:00,135.29,136.63,221,296.14,264.24,,session_close
CUMMINSIND,stage1,MIS,2025-10-28 00:00:00,2025-10-28 00:00:00,4309.4,4285.6,6,-142.8,-170.13,,session_close
INDUSTOWER,stage1,MIS,2025-10-29 00:00:00,2025-10-29 00:00:00,385.95,381.05,77,-377.3,-408.57,,session_close
JINDALSTEL,stage1,MIS,2025-10-29 00:00:00,2025-10-29 00:00:00,1063.0,1070.6,28,212.8,181.1,,session_close
JSWSTEEL,stage1,MIS,2025-10-29 00:00:00,2025-10-29 00:00:00,1189.2,1207.9,25,467.5,435.67,,session_close
MOTILALOFS,stage1,MIS,2025-10-29 00:00:00,2025-10-29 00:00:00,1055.05,1007.8,28,-1323.0,-1353.48,,session_close
SUZLON,stage1,MIS,2025-10-29 00:00:00,2025-10-29 00:00:00,56.44,58.19,531,929.25,896.87,,session_close
TATASTEEL,stage1,MIS,2025-10-29 00:00:00,2025-10-29 00:00:00,183.67,185.19,163,247.76,215.85,,session_close
UPL,stage1,MIS,2025-10-29 00:00:00,2025-10-29 00:00:00,708.2,720.05,42,497.7,465.84,,session_close
ADANIENSOL,stage1,MIS,2025-10-30 00:00:00,2025-10-30 00:00:00,971.9,965.65,30,-187.5,-218.3,,session_close
ADANIGREEN,stage1,MIS,2025-10-30 00:00:00,2025-10-30 00:00:00,1112.6,1140.1,26,715.0,683.87,,session_close
AMBUJACEM,stage1,MIS,2025-10-30 00:00:00,2025-10-30 00:00:00,574.0,567.9,52,-317.2,-348.65,,session_close
BHEL,stage1,MIS,2025-10-30 00:00:00,2025-10-30 00:00:00,254.0,261.29,118,860.22,827.89,,session_close
HUDCO,stage1,MIS,2025-10-30 00:00:00,2025-10-30 00:00:00,235.66,239.74,127,518.16,486.09,,session_close
IOC,stage1,MIS,2025-10-30 00:00:00,2025-10-30 00:00:00,158.24,158.65,189,77.49,45.73,,session_close
RECLTD,stage1,MIS,2025-10-30 00:00:00,2025-10-30 00:00:00,387.5,378.3,77,-708.4,-739.59,,session_close
SHREECEM,stage1,MIS,2025-10-30 00:00:00,2025-10-30 00:00:00,29200.0,28740.0,1,-460.0,-490.67,,session_close
SUZLON,stage1,MIS,2025-10-30 00:00:00,2025-10-30 00:00:00,58.5,58.51,512,5.12,-26.65,,session_close
TATAPOWER,stage1,MIS,2025-10-30 00:00:00,2025-10-30 00:00:00,411.05,409.8,72,-90.0,-121.33,,session_close
UPL,stage1,MIS,2025-10-30 00:00:00,2025-10-30 00:00:00,721.85,721.35,41,-20.5,-51.87,,session_close
VBL,stage1,MIS,2025-10-30 00:00:00,2025-10-30 00:00:00,495.0,485.25,60,-585.0,-616.12,,session_close
ABCAPITAL,stage1,MIS,2025-10-31 00:00:00,2025-10-31 00:00:00,326.95,324.2,91,-250.25,-281.64,,session_close
ADANIGREEN,stage1,MIS,2025-10-31 00:00:00,2025-10-31 00:00:00,1145.0,1140.0,26,-130.0,-161.49,,session_close
BHEL,stage1,MIS,2025-10-31 00:00:00,2025-10-31 00:00:00,261.29,265.49,114,478.8,446.91,,session_close
CANBK,stage1,MIS,2025-10-31 00:00:00,2025-10-31 00:00:00,127.19,132.62,235,1276.05,1243.54,,session_close
MFSL,stage1,MIS,2025-10-31 00:00:00,2025-10-31 00:00:00,1556.2,1546.5,19,-184.3,-215.54,,session_close
OIL,stage1,MIS,2025-10-31 00:00:00,2025-10-31 00:00:00,435.0,433.35,68,-112.2,-143.5,,session_close
POLICYBZR,stage1,MIS,2025-10-31 00:00:00,2025-10-31 00:00:00,1839.1,1785.4,16,-859.2,-889.85,,session_close
BEL,stage1,MIS,2025-11-03 00:00:00,2025-11-03 00:00:00,428.0,422.3,70,-399.0,-430.52,,session_close
CANBK,stage1,MIS,2025-11-03 00:00:00,2025-11-03 00:00:00,133.27,135.14,225,420.75,388.68,,session_close
IDFCFIRSTB,stage1,MIS,2025-11-03 00:00:00,2025-11-03 00:00:00,82.0,81.99,365,-3.65,-35.39,,session_close
BANKBARODA,stage1,MIS,2025-11-04 00:00:00,2025-11-04 00:00:00,281.85,279.05,106,-296.8,-328.29,,session_close
BPCL,stage1,MIS,2025-11-04 00:00:00,2025-11-04 00:00:00,352.2,355.2,85,255.0,223.09,,session_close
GODREJCP,stage1,MIS,2025-11-04 00:00:00,2025-11-04 00:00:00,1178.6,1163.4,25,-380.0,-411.0,,session_close
PHOENIXLTD,stage1,MIS,2025-11-04 00:00:00,2025-11-04 00:00:00,1745.9,1767.7,17,370.6,338.89,,session_close
SHRIRAMFIN,stage1,MIS,2025-11-04 00:00:00,2025-11-04 00:00:00,792.45,796.5,37,149.85,118.66,,session_close
TATACONSUM,stage1,MIS,2025-11-04 00:00:00,2025-11-04 00:00:00,1199.8,1179.3,25,-512.5,-543.98,,session_close
POWERINDIA,stage1,MIS,2025-11-06 00:00:00,2025-11-06 00:00:00,20305.0,20207.0,1,-98.0,-119.47,,session_close
TITAN,stage1,MIS,2025-11-06 00:00:00,2025-11-06 00:00:00,3780.0,3774.4,7,-39.2,-67.23,,session_close
ASTRAL,stage1,MIS,2025-11-07 00:00:00,2025-11-07 00:00:00,1560.1,1557.3,19,-53.2,-84.6,,session_close
BAJAJHLDNG,stage1,MIS,2025-11-07 00:00:00,2025-11-07 00:00:00,13000.0,12580.0,2,-840.0,-867.03,,session_close
BRITANNIA,stage1,MIS,2025-11-10 00:00:00,2025-11-10 00:00:00,6190.0,6133.5,4,-226.0,-252.11,,session_close
BSE,stage1,MIS,2025-11-10 00:00:00,2025-11-10 00:00:00,2690.0,2625.3,11,-711.7,-742.62,,session_close
LTF,stage1,MIS,2025-11-10 00:00:00,2025-11-10 00:00:00,304.0,300.9,98,-303.8,-335.2,,session_close
NATIONALUM,stage1,MIS,2025-11-11 00:00:00,2025-11-11 00:00:00,258.0,265.66,116,888.56,856.25,,session_close
TORNTPHARM,stage1,MIS,2025-11-11 00:00:00,2025-11-11 00:00:00,3817.5,3825.8,7,58.1,29.72,,session_close
BHARATFORG,stage1,MIS,2025-11-12 00:00:00,2025-11-12 00:00:00,1410.0,1389.2,21,-436.8,-467.92,,session_close
BHEL,stage1,MIS,2025-11-12 00:00:00,2025-11-12 00:00:00,285.5,287.05,105,162.75,130.86,,session_close
NATIONALUM,stage1,MIS,2025-11-12 00:00:00,2025-11-12 00:00:00,265.5,266.95,112,162.4,130.76,,session_close
ADANIENT,stage1,MIS,2025-11-13 00:00:00,2025-11-13 00:00:00,2425.7,2412.3,12,-160.8,-191.57,,session_close
BAJAJFINSV,stage1,MIS,2025-11-13 00:00:00,2025-11-13 00:00:00,2045.0,2056.2,14,156.8,126.34,,session_close
BIOCON,stage1,MIS,2025-11-13 00:00:00,2025-11-13 00:00:00,407.15,417.0,73,719.05,687.07,,session_close
INDUSINDBK,stage1,MIS,2025-11-13 00:00:00,2025-11-13 00:00:00,862.0,863.45,34,49.3,18.19,,session_close
MANKIND,stage1,MIS,2025-11-13 00:00:00,2025-11-13 00:00:00,2280.9,2257.0,13,-310.7,-341.95,,session_close
MFSL,stage1,MIS,2025-11-13 00:00:00,2025-11-13 00:00:00,1718.8,1707.4,17,-193.8,-224.66,,session_close
ASHOKLEY,stage1,MIS,2025-11-14 00:00:00,2025-11-14 00:00:00,150.0,148.26,200,-348.0,-379.59,,session_close
MUTHOOTFIN,stage1,MIS,2025-11-17 00:00:00,2025-11-17 00:00:00,3725.6,3760.5,8,279.2,247.41,,session_close
HEROMOTOCO,stage1,MIS,2025-11-18 00:00:00,2025-11-18 00:00:00,5820.0,5799.5,5,-102.5,-133.29,,session_close
HUDCO,stage1,MIS,2025-11-18 00:00:00,2025-11-18 00:00:00,241.0,243.93,124,363.32,331.4,,session_close
SIEMENS,stage1,MIS,2025-11-18 00:00:00,2025-11-18 00:00:00,3244.8,3249.5,9,42.3,11.3,,session_close
GMRAIRPORT,stage1,MIS,2025-11-19 00:00:00,2025-11-19 00:00:00,104.2,102.92,287,-367.36,-398.84,,session_close
HCLTECH,stage1,MIS,2025-11-20 00:00:00,2025-11-20 00:00:00,1662.6,1645.4,18,-309.6,-341.14,,session_close
MAXHEALTH,stage1,MIS,2025-11-20 00:00:00,2025-11-20 00:00:00,1166.0,1168.9,25,72.5,41.54,,session_close
PERSISTENT,stage1,MIS,2025-11-20 00:00:00,2025-11-20 00:00:00,6316.0,6350.5,4,138.0,111.12,,session_close
M&MFIN,stage1,MIS,2025-11-21 00:00:00,2025-11-21 00:00:00,338.3,335.0,88,-290.4,-321.78,,session_close
M&MFIN,stage1,MIS,2025-11-25 00:00:00,2025-11-25 00:00:00,347.75,352.4,86,399.9,367.93,,session_close
SWIGGY,stage1,MIS,2025-11-25 00:00:00,2025-11-25 00:00:00,402.0,394.6,74,-547.6,-578.8,,session_close
SIEMENS,stage1,MIS,2025-11-27 00:00:00,2025-11-27 00:00:00,3310.0,3312.1,9,18.9,-12.7,,session_close
ASHOKLEY,stage1,MIS,2025-11-28 00:00:00,2025-11-28 00:00:00,158.0,158.12,189,22.68,-9.0,,session_close
MOTILALOFS,stage1,MIS,2025-12-01 00:00:00,2025-12-01 00:00:00,964.95,956.7,31,-255.75,-287.31,,session_close
SRF,stage1,MIS,2025-12-01 00:00:00,2025-12-01 00:00:00,2927.3,2923.0,10,-43.0,-74.02,,session_close
BIOCON,stage1,MIS,2025-12-04 00:00:00,2025-12-04 00:00:00,410.0,388.35,73,-1580.45,-1611.18,,session_close
M&MFIN,stage1,MIS,2025-12-08 00:00:00,2025-12-08 00:00:00,358.9,343.65,83,-1265.75,-1296.53,,session_close
PATANJALI,stage1,MIS,2025-12-08 00:00:00,2025-12-08 00:00:00,552.9,547.85,54,-272.7,-304.19,,session_close
GODFRYPHLP,stage1,MIS,2025-12-10 00:00:00,2025-12-10 00:00:00,2770.0,2813.4,10,434.0,404.35,,session_close
GODREJPROP,stage1,MIS,2025-12-10 00:00:00,2025-12-10 00:00:00,2041.0,2014.3,14,-373.8,-403.86,,session_close
ADANIGREEN,stage1,MIS,2025-12-12 00:00:00,2025-12-12 00:00:00,1024.0,1040.2,29,469.8,438.01,,session_close
DIXON,stage1,MIS,2025-12-12 00:00:00,2025-12-12 00:00:00,13100.0,13379.0,2,558.0,529.86,,session_close
PREMIERENE,stage1,MIS,2025-12-12 00:00:00,2025-12-12 00:00:00,905.0,919.25,33,470.25,438.28,,session_close
DIXON,stage1,MIS,2025-12-15 00:00:00,2025-12-15 00:00:00,13313.0,13737.0,2,848.0,819.22,,session_close
GMRAIRPORT,stage1,MIS,2025-12-15 00:00:00,2025-12-15 00:00:00,103.95,104.88,288,267.84,235.92,,session_close
HINDZINC,stage1,MIS,2025-12-15 00:00:00,2025-12-15 00:00:00,562.1,568.05,53,315.35,283.56,,session_close
NATIONALUM,stage1,MIS,2025-12-15 00:00:00,2025-12-15 00:00:00,277.7,278.7,108,108.0,76.13,,session_close
IOC,stage1,MIS,2025-12-16 00:00:00,2025-12-16 00:00:00,164.47,162.75,182,-313.04,-344.58,,session_close
KEI,stage1,MIS,2025-12-16 00:00:00,2025-12-16 00:00:00,4161.0,4156.3,7,-32.9,-63.77,,session_close
SUPREMEIND,stage1,MIS,2025-12-17 00:00:00,2025-12-17 00:00:00,3399.1,3345.2,8,-431.2,-459.76,,session_close
VEDL,stage1,MIS,2025-12-17 00:00:00,2025-12-17 00:00:00,303.55,298.25,98,-519.4,-550.61,,session_close
HDFCAMC,stage1,MIS,2025-12-19 00:00:00,2025-12-19 00:00:00,2660.8,2615.0,11,-503.8,-534.52,,session_close
KPITTECH,stage1,MIS,2025-12-22 00:00:00,2025-12-22 00:00:00,1225.0,1229.3,24,103.2,71.96,,session_close
POLYCAB,stage1,MIS,2025-12-22 00:00:00,2025-12-22 00:00:00,7450.0,7603.0,4,612.0,580.01,,session_close
SHRIRAMFIN,stage1,MIS,2025-12-22 00:00:00,2025-12-22 00:00:00,919.0,934.85,32,507.2,475.69,,session_close
TATAELXSI,stage1,MIS,2025-12-22 00:00:00,2025-12-22 00:00:00,5410.5,5458.5,5,240.0,211.16,,session_close
COCHINSHIP,stage1,MIS,2025-12-23 00:00:00,2025-12-23 00:00:00,1677.9,1646.8,17,-528.7,-558.61,,session_close
INFY,stage1,MIS,2025-12-23 00:00:00,2025-12-23 00:00:00,1643.4,1633.0,18,-187.2,-218.45,,session_close
IRFC,stage1,MIS,2025-12-23 00:00:00,2025-12-23 00:00:00,117.8,121.4,254,914.4,882.08,,session_close
KEI,stage1,MIS,2025-12-23 00:00:00,2025-12-23 00:00:00,4426.7,4409.5,6,-103.2,-131.3,,session_close
MAZDOCK,stage1,MIS,2025-12-23 00:00:00,2025-12-23 00:00:00,2550.0,2513.2,11,-404.8,-434.29,,session_close
RVNL,stage1,MIS,2025-12-23 00:00:00,2025-12-23 00:00:00,334.2,341.85,89,680.85,648.87,,session_close
SOLARINDS,stage1,MIS,2025-12-23 00:00:00,2025-12-23 00:00:00,12690.0,12545.0,2,-290.0,-316.73,,session_close
VBL,stage1,MIS,2025-12-23 00:00:00,2025-12-23 00:00:00,488.6,481.75,61,-417.85,-449.19,,session_close
COALINDIA,stage1,MIS,2025-12-24 00:00:00,2025-12-24 00:00:00,403.8,402.35,74,-107.3,-138.92,,session_close
NMDC,stage1,MIS,2025-12-24 00:00:00,2025-12-24 00:00:00,79.97,79.03,375,-352.5,-384.08,,session_close
BDL,stage1,MIS,2025-12-26 00:00:00,2025-12-26 00:00:00,1490.0,1477.9,20,-242.0,-273.45,,session_close
IRCTC,stage1,MIS,2025-12-29 00:00:00,2025-12-29 00:00:00,709.0,699.2,42,-411.6,-442.91,,session_close
IRFC,stage1,MIS,2025-12-29 00:00:00,2025-12-29 00:00:00,135.0,126.35,222,-1920.3,-1950.85,,session_close
RVNL,stage1,MIS,2025-12-29 00:00:00,2025-12-29 00:00:00,394.95,367.6,75,-2051.25,-2081.35,,session_close
HUDCO,stage1,MIS,2025-12-30 00:00:00,2025-12-30 00:00:00,227.51,223.99,131,-461.12,-492.43,,session_close
ASHOKLEY,stage1,MIS,2025-12-31 00:00:00,2025-12-31 00:00:00,178.48,179.19,168,119.28,87.41,,session_close
CANBK,stage1,MIS,2025-12-31 00:00:00,2025-12-31 00:00:00,149.11,149.96,201,170.85,138.96,,session_close
HEROMOTOCO,stage1,MIS,2025-12-31 00:00:00,2025-12-31 00:00:00,5709.5,5771.0,5,307.5,277.03,,session_close
HINDALCO,stage1,MIS,2025-12-31 00:00:00,2025-12-31 00:00:00,886.4,886.7,33,9.9,-21.13,,session_close
INDIANB,stage1,MIS,2025-12-31 00:00:00,2025-12-31 00:00:00,795.95,819.8,37,882.45,850.65,,session_close
M&MFIN,stage1,MIS,2025-12-31 00:00:00,2025-12-31 00:00:00,398.5,394.15,75,-326.25,-357.74,,session_close
NATIONALUM,stage1,MIS,2025-12-31 00:00:00,2025-12-31 00:00:00,318.05,314.3,94,-352.5,-383.98,,session_close
NHPC,stage1,MIS,2025-12-31 00:00:00,2025-12-31 00:00:00,78.48,79.22,382,282.68,250.71,,session_close
RADICO,stage1,MIS,2025-12-31 00:00:00,2025-12-31 00:00:00,3384.9,3298.4,8,-692.0,-720.27,,session_close
SAIL,stage1,MIS,2025-12-31 00:00:00,2025-12-31 00:00:00,145.1,146.99,206,389.34,357.39,,session_close
UPL,stage1,MIS,2025-12-31 00:00:00,2025-12-31 00:00:00,793.3,795.15,37,68.45,37.28,,session_close
BPCL,stage1,MIS,2026-01-01 00:00:00,2026-01-01 00:00:00,375.65,370.9,79,-375.25,-406.48,,session_close
HINDPETRO,stage1,MIS,2026-01-01 00:00:00,2026-01-01 00:00:00,499.75,498.6,60,-69.0,-100.75,,session_close
JSWSTEEL,stage1,MIS,2026-01-01 00:00:00,2026-01-01 00:00:00,1163.5,1171.5,25,200.0,169.03,,session_close
INDUSTOWER,stage1,MIS,2026-01-02 00:00:00,2026-01-02 00:00:00,438.0,442.05,68,275.4,243.64,,session_close
RECLTD,stage1,MIS,2026-01-02 00:00:00,2026-01-02 00:00:00,370.0,380.65,81,862.65,830.32,,session_close
BHEL,stage1,MIS,2026-01-05 00:00:00,2026-01-05 00:00:00,300.8,300.05,99,-74.25,-105.78,,session_close
BLUESTARCO,stage1,MIS,2026-01-05 00:00:00,2026-01-05 00:00:00,1810.0,1848.9,16,622.4,591.29,,session_close
COALINDIA,stage1,MIS,2026-01-05 00:00:00,2026-01-05 00:00:00,430.95,427.45,69,-241.5,-272.88,,session_close
DABUR,stage1,MIS,2026-01-05 00:00:00,2026-01-05 00:00:00,524.0,521.2,57,-159.6,-191.17,,session_close
GAIL,stage1,MIS,2026-01-05 00:00:00,2026-01-05 00:00:00,170.1,167.82,176,-401.28,-432.77,,session_close
IREDA,stage1,MIS,2026-01-05 00:00:00,2026-01-05 00:00:00,147.5,144.57,203,-594.79,-626.16,,session_close
NHPC,stage1,MIS,2026-01-05 00:00:00,2026-01-05 00:00:00,84.0,83.66,357,-121.38,-153.1,,session_close
NTPC,stage1,MIS,2026-01-05 00:00:00,2026-01-05 00:00:00,350.35,350.6,85,21.25,-10.34,,session_close
PFC,stage1,MIS,2026-01-05 00:00:00,2026-01-05 00:00:00,378.2,375.05,79,-248.85,-280.37,,session_close
RECLTD,stage1,MIS,2026-01-05 00:00:00,2026-01-05 00:00:00,384.4,381.0,78,-265.2,-296.83,,session_close
TATAPOWER,stage1,MIS,2026-01-05 00:00:00,2026-01-05 00:00:00,392.5,388.85,76,-277.4,-308.86,,session_close
BDL,stage1,MIS,2026-01-06 00:00:00,2026-01-06 00:00:00,1540.0,1542.5,19,47.5,16.44,,session_close
GODREJPROP,stage1,MIS,2026-01-06 00:00:00,2026-01-06 00:00:00,2130.0,2127.9,14,-29.4,-61.0,,session_close
LODHA,stage1,MIS,2026-01-06 00:00:00,2026-01-06 00:00:00,1125.4,1112.1,26,-345.8,-376.61,,session_close
NESTLEIND,stage1,MIS,2026-01-06 00:00:00,2026-01-06 00:00:00,1319.0,1319.9,22,19.8,-10.98,,session_close
UNIONBANK,stage1,MIS,2026-01-06 00:00:00,2026-01-06 00:00:00,158.91,160.99,188,391.04,359.11,,session_close
VOLTAS,stage1,MIS,2026-01-06 00:00:00,2026-01-06 00:00:00,1476.8,1486.2,20,188.0,156.56,,session_close
YESBANK,stage1,MIS,2026-01-06 00:00:00,2026-01-06 00:00:00,22.8,22.81,1315,13.15,-18.65,,session_close
DIVISLAB,stage1,MIS,2026-01-07 00:00:00,2026-01-07 00:00:00,6680.0,6642.5,4,-150.0,-178.24,,session_close
HAVELLS,stage1,MIS,2026-01-07 00:00:00,2026-01-07 00:00:00,1503.9,1496.2,19,-146.3,-176.51,,session_close
LUPIN,stage1,MIS,2026-01-07 00:00:00,2026-01-07 00:00:00,2161.0,2214.3,13,692.9,662.67,,session_close
ALKEM,stage1,MIS,2026-01-08 00:00:00,2026-01-08 00:00:00,5805.5,5793.0,5,-62.5,-93.24,,session_close
DMART,stage1,MIS,2026-01-08 00:00:00,2026-01-08 00:00:00,3843.0,3789.8,7,-372.4,-400.69,,session_close
KPITTECH,stage1,MIS,2026-01-08 00:00:00,2026-01-08 00:00:00,1210.9,1180.3,24,-734.4,-764.75,,session_close
MANKIND,stage1,MIS,2026-01-08 00:00:00,2026-01-08 00:00:00,2314.0,2261.2,12,-633.6,-662.64,,session_close
TATAELXSI,stage1,MIS,2026-01-08 00:00:00,2026-01-08 00:00:00,5853.0,5716.5,5,-682.5,-713.1,,session_close
TORNTPHARM,stage1,MIS,2026-01-08 00:00:00,2026-01-08 00:00:00,4080.0,4026.4,7,-375.2,-405.25,,session_close
YESBANK,stage1,MIS,2026-01-08 00:00:00,2026-01-08 00:00:00,23.49,22.72,1277,-983.29,-1014.47,,session_close
BSE,stage1,MIS,2026-01-13 00:00:00,2026-01-13 00:00:00,2820.0,2832.0,10,120.0,90.02,,session_close
IREDA,stage1,MIS,2026-01-13 00:00:00,2026-01-13 00:00:00,141.4,139.99,212,-298.92,-330.52,,session_close
PREMIERENE,stage1,MIS,2026-01-13 00:00:00,2026-01-13 00:00:00,750.0,748.8,40,-48.0,-79.78,,session_close
MOTILALOFS,stage1,MIS,2026-01-14 00:00:00,2026-01-14 00:00:00,835.0,861.55,35,929.25,897.66,,session_close
OIL,stage1,MIS,2026-01-14 00:00:00,2026-01-14 00:00:00,449.8,458.0,66,541.2,509.37,,session_close
ONGC,stage1,MIS,2026-01-14 00:00:00,2026-01-14 00:00:00,238.4,242.5,125,512.5,480.57,,session_close
BANKINDIA,stage1,MIS,2026-01-16 00:00:00,2026-01-16 00:00:00,148.64,152.36,201,747.72,715.56,,session_close
INDUSINDBK,stage1,MIS,2026-01-16 00:00:00,2026-01-16 00:00:00,945.0,953.85,31,274.35,243.11,,session_close
LICHSGFIN,stage1,MIS,2026-01-16 00:00:00,2026-01-16 00:00:00,535.25,533.65,56,-89.6,-121.33,,session_close
MCX,stage1,MIS,2026-01-16 00:00:00,2026-01-16 00:00:00,2450.0,2446.0,12,-48.0,-79.15,,session_close
NTPC,stage1,MIS,2026-01-16 00:00:00,2026-01-16 00:00:00,352.65,346.35,85,-535.5,-566.94,,session_close
PNB,stage1,MIS,2026-01-16 00:00:00,2026-01-16 00:00:00,125.04,128.62,239,855.62,823.38,,session_close
TATASTEEL,stage1,MIS,2026-01-16 00:00:00,2026-01-16 00:00:00,190.05,188.21,157,-288.88,-320.34,,session_close
UNIONBANK,stage1,MIS,2026-01-16 00:00:00,2026-01-16 00:00:00,174.11,171.1,172,-517.72,-549.15,,session_close
VEDL,stage1,MIS,2026-01-16 00:00:00,2026-01-16 00:00:00,353.7,357.35,84,306.6,274.9,,session_close
AUBANK,stage1,MIS,2026-01-19 00:00:00,2026-01-19 00:00:00,1025.0,1020.95,29,-117.45,-148.9,,session_close
BANKINDIA,stage1,MIS,2026-01-19 00:00:00,2026-01-19 00:00:00,152.61,157.89,196,1034.88,1002.5,,session_close
INFY,stage1,MIS,2026-01-19 00:00:00,2026-01-19 00:00:00,1649.3,1645.6,18,-66.6,-98.04,,session_close
LTM,stage1,MIS,2026-01-19 00:00:00,2026-01-19 00:00:00,6300.0,6407.0,4,428.0,401.0,,session_close
OFSS,stage1,MIS,2026-01-19 00:00:00,2026-01-19 00:00:00,7743.0,7768.0,3,75.0,50.32,,session_close
PNB,stage1,MIS,2026-01-19 00:00:00,2026-01-19 00:00:00,128.56,124.43,233,-962.29,-993.44,,session_close
TECHM,stage1,MIS,2026-01-19 00:00:00,2026-01-19 00:00:00,1647.2,1674.8,18,496.8,465.04,,session_close
BANKINDIA,stage1,MIS,2026-01-20 00:00:00,2026-01-20 00:00:00,157.89,154.7,190,-606.1,-637.52,,session_close
FEDERALBNK,stage1,MIS,2026-01-20 00:00:00,2026-01-20 00:00:00,278.0,273.25,107,-508.25,-539.47,,session_close
POLICYBZR,stage1,MIS,2026-01-20 00:00:00,2026-01-20 00:00:00,1670.0,1659.2,17,-183.6,-213.59,,session_close
POLYCAB,stage1,MIS,2026-01-20 00:00:00,2026-01-20 00:00:00,7420.0,7074.5,4,-1382.0,-1412.59,,session_close
DABUR,stage1,MIS,2026-01-22 00:00:00,2026-01-22 00:00:00,521.0,525.35,57,247.95,216.3,,session_close
NAUKRI,stage1,MIS,2026-01-22 00:00:00,2026-01-22 00:00:00,1360.0,1319.5,22,-891.0,-922.16,,session_close
APLAPOLLO,stage1,MIS,2026-01-23 00:00:00,2026-01-23 00:00:00,2000.0,2000.1,15,1.5,-30.31,,session_close
DRREDDY,stage1,MIS,2026-01-23 00:00:00,2026-01-23 00:00:00,1230.0,1235.6,24,134.4,103.01,,session_close
INDIANB,stage1,MIS,2026-01-23 00:00:00,2026-01-23 00:00:00,884.6,858.15,33,-872.85,-903.25,,session_close
RADICO,stage1,MIS,2026-01-23 00:00:00,2026-01-23 00:00:00,2991.5,2962.0,10,-295.0,-326.53,,session_close
SUPREMEIND,stage1,MIS,2026-01-23 00:00:00,2026-01-23 00:00:00,3487.1,3488.5,8,11.2,-18.39,,session_close
ADANIENSOL,stage1,MIS,2026-01-28 00:00:00,2026-01-28 00:00:00,857.0,882.0,35,875.0,842.63,,session_close
ADANIENT,stage1,MIS,2026-01-28 00:00:00,2026-01-28 00:00:00,1985.0,1994.7,15,145.5,113.83,,session_close
GRASIM,stage1,MIS,2026-01-28 00:00:00,2026-01-28 00:00:00,2870.1,2839.1,10,-310.0,-340.24,,session_close
MCX,stage1,MIS,2026-01-28 00:00:00,2026-01-28 00:00:00,2488.0,2593.0,12,1260.0,1227.53,,session_close
TATACONSUM,stage1,MIS,2026-01-28 00:00:00,2026-01-28 00:00:00,1190.0,1131.8,25,-1455.0,-1485.62,,session_close
ABB,stage1,MIS,2026-01-29 00:00:00,2026-01-29 00:00:00,5050.0,5474.0,5,2120.0,2091.87,,session_close
BEL,stage1,MIS,2026-01-29 00:00:00,2026-01-29 00:00:00,454.25,444.5,66,-643.5,-674.88,,session_close
CGPOWER,stage1,MIS,2026-01-29 00:00:00,2026-01-29 00:00:00,585.85,590.3,51,226.95,195.12,,session_close
COCHINSHIP,stage1,MIS,2026-01-29 00:00:00,2026-01-29 00:00:00,1629.0,1610.2,18,-338.4,-369.28,,session_close
ENRIN,stage1,MIS,2026-01-29 00:00:00,2026-01-29 00:00:00,2360.0,2481.5,12,1458.0,1427.03,,session_close
HAL,stage1,MIS,2026-01-29 00:00:00,2026-01-29 00:00:00,4659.0,4601.0,6,-348.0,-377.42,,session_close
MCX,stage1,MIS,2026-01-29 00:00:00,2026-01-29 00:00:00,2650.0,2686.0,11,396.0,364.83,,session_close
OIL,stage1,MIS,2026-01-29 00:00:00,2026-01-29 00:00:00,492.95,514.75,60,1308.0,1275.8,,session_close
ONGC,stage1,MIS,2026-01-29 00:00:00,2026-01-29 00:00:00,263.8,269.05,113,593.25,561.26,,session_close
TIINDIA,stage1,MIS,2026-01-29 00:00:00,2026-01-29 00:00:00,2289.9,2325.4,13,461.5,429.64,,session_close
TVSMOTOR,stage1,MIS,2026-01-29 00:00:00,2026-01-29 00:00:00,3716.9,3655.0,8,-495.2,-526.42,,session_close
ABB,stage1,MIS,2026-01-30 00:00:00,2026-01-30 00:00:00,5440.0,5578.5,5,692.5,663.21,,session_close
ADANIGREEN,stage1,MIS,2026-01-30 00:00:00,2026-01-30 00:00:00,854.9,852.3,35,-91.0,-122.67,,session_close
AUBANK,stage1,MIS,2026-01-30 00:00:00,2026-01-30 00:00:00,968.25,982.35,30,423.0,391.93,,session_close
AXISBANK,stage1,MIS,2026-01-30 00:00:00,2026-01-30 00:00:00,1352.0,1370.4,22,404.8,373.0,,session_close
GVT&D,stage1,MIS,2026-01-30 00:00:00,2026-01-30 00:00:00,3105.0,3230.3,9,1127.7,1097.34,,session_close
JINDALSTEL,stage1,MIS,2026-01-30 00:00:00,2026-01-30 00:00:00,1141.8,1132.0,26,-254.8,-286.12,,session_close
LODHA,stage1,MIS,2026-01-30 00:00:00,2026-01-30 00:00:00,947.7,971.5,31,737.8,706.17,,session_close
LT,stage1,MIS,2026-01-30 00:00:00,2026-01-30 00:00:00,3902.5,3932.3,7,208.6,179.5,,session_close
NMDC,stage1,MIS,2026-01-30 00:00:00,2026-01-30 00:00:00,81.04,78.81,370,-825.1,-856.37,,session_close
OIL,stage1,MIS,2026-01-30 00:00:00,2026-01-30 00:00:00,511.55,510.05,58,-87.0,-118.41,,session_close
BLUESTARCO,stage1,MIS,2026-02-01 00:00:00,2026-02-01 00:00:00,1809.1,1793.4,16,-251.2,-281.73,,session_close
COCHINSHIP,stage1,MIS,2026-02-01 00:00:00,2026-02-01 00:00:00,1675.0,1554.6,17,-2046.8,-2075.69,,session_close
NESTLEIND,stage1,MIS,2026-02-01 00:00:00,2026-02-01 00:00:00,1320.0,1282.5,22,-825.0,-855.27,,session_close
HINDPETRO,stage1,MIS,2026-02-03 00:00:00,2026-02-03 00:00:00,470.0,450.7,63,-1215.9,-1246.52,,session_close
POWERGRID,stage1,MIS,2026-02-03 00:00:00,2026-02-03 00:00:00,276.05,283.2,108,772.2,740.09,,session_close
ADANIENSOL,stage1,MIS,2026-02-04 00:00:00,2026-02-04 00:00:00,961.55,988.15,31,824.6,792.46,,session_close
ADANIPORTS,stage1,MIS,2026-02-04 00:00:00,2026-02-04 00:00:00,1529.9,1567.9,19,722.0,690.71,,session_close
POWERGRID,stage1,MIS,2026-02-04 00:00:00,2026-02-04 00:00:00,288.8,289.4,103,61.8,30.22,,session_close
ADANIPORTS,stage1,MIS,2026-02-05 00:00:00,2026-02-05 00:00:00,1568.0,1570.2,19,41.8,10.18,,session_close
ADANIPOWER,stage1,MIS,2026-02-05 00:00:00,2026-02-05 00:00:00,155.29,153.45,193,-355.12,-386.68,,session_close
BLUESTARCO,stage1,MIS,2026-02-05 00:00:00,2026-02-05 00:00:00,1893.2,1862.0,15,-468.0,-497.82,,session_close
HDFCAMC,stage1,MIS,2026-02-05 00:00:00,2026-02-05 00:00:00,2666.7,2703.2,11,401.5,370.14,,session_close
IOC,stage1,MIS,2026-02-05 00:00:00,2026-02-05 00:00:00,174.24,175.77,172,263.16,231.21,,session_close
NMDC,stage1,MIS,2026-02-05 00:00:00,2026-02-05 00:00:00,83.59,82.1,358,-533.42,-564.81,,session_close
PFC,stage1,MIS,2026-02-05 00:00:00,2026-02-05 00:00:00,415.7,415.0,72,-50.4,-82.11,,session_close
CUMMINSIND,stage1,MIS,2026-02-06 00:00:00,2026-02-06 00:00:00,4319.1,4368.4,6,295.8,268.13,,session_close
JUBLFOOD,stage1,MIS,2026-02-06 00:00:00,2026-02-06 00:00:00,540.5,544.25,55,206.25,174.59,,session_close
POLICYBZR,stage1,MIS,2026-02-06 00:00:00,2026-02-06 00:00:00,1514.0,1504.9,19,-172.9,-203.29,,session_close
TRENT,stage1,MIS,2026-02-06 00:00:00,2026-02-06 00:00:00,2762.9,2742.5,10,-204.0,-233.17,,session_close
BHARTIARTL,stage1,MIS,2026-02-09 00:00:00,2026-02-09 00:00:00,2051.2,2038.2,14,-182.0,-212.34,,session_close
GODFRYPHLP,stage1,MIS,2026-02-09 00:00:00,2026-02-09 00:00:00,2192.9,2184.6,13,-107.9,-138.06,,session_close
ITC,stage1,MIS,2026-02-09 00:00:00,2026-02-09 00:00:00,319.25,314.25,93,-465.0,-496.19,,session_close
NYKAA,stage1,MIS,2026-02-09 00:00:00,2026-02-09 00:00:00,277.0,277.86,108,92.88,61.1,,session_close
POWERINDIA,stage1,MIS,2026-02-09 00:00:00,2026-02-09 00:00:00,21900.0,22511.0,1,611.0,587.38,,session_close
BLUESTARCO,stage1,MIS,2026-02-10 00:00:00,2026-02-10 00:00:00,1951.0,1948.3,15,-40.5,-71.51,,session_close
KALYANKJIL,stage1,MIS,2026-02-10 00:00:00,2026-02-10 00:00:00,441.0,433.9,68,-482.8,-514.29,,session_close
SBIN,stage1,MIS,2026-02-10 00:00:00,2026-02-10 00:00:00,1151.0,1144.1,26,-179.4,-211.02,,session_close
TATAINVEST,stage1,MIS,2026-02-10 00:00:00,2026-02-10 00:00:00,662.5,665.55,45,137.25,105.55,,session_close
ZYDUSLIFE,stage1,MIS,2026-02-10 00:00:00,2026-02-10 00:00:00,920.0,887.3,32,-1046.4,-1076.95,,session_close
BSE,stage1,MIS,2026-02-11 00:00:00,2026-02-11 00:00:00,3191.6,3177.1,9,-130.5,-160.88,,session_close
SWIGGY,stage1,MIS,2026-02-11 00:00:00,2026-02-11 00:00:00,354.6,342.3,84,-1033.2,-1064.13,,session_close
ASTRAL,stage1,MIS,2026-02-12 00:00:00,2026-02-12 00:00:00,1594.9,1591.6,18,-59.4,-89.81,,session_close
EICHERMOT,stage1,MIS,2026-02-12 00:00:00,2026-02-12 00:00:00,7779.5,7943.0,3,490.5,465.44,,session_close
PIIND,stage1,MIS,2026-02-12 00:00:00,2026-02-12 00:00:00,3282.4,3222.3,9,-540.9,-571.88,,session_close
SBIN,stage1,MIS,2026-02-12 00:00:00,2026-02-12 00:00:00,1183.0,1192.4,25,235.0,203.49,,session_close
BHARATFORG,stage1,MIS,2026-02-13 00:00:00,2026-02-13 00:00:00,1756.9,1738.8,17,-307.7,-339.18,,session_close
EICHERMOT,stage1,MIS,2026-02-13 00:00:00,2026-02-13 00:00:00,7900.0,8065.0,3,495.0,469.55,,session_close
HUDCO,stage1,MIS,2026-02-13 00:00:00,2026-02-13 00:00:00,201.5,195.77,148,-848.04,-879.12,,session_close
MFSL,stage1,MIS,2026-02-13 00:00:00,2026-02-13 00:00:00,1821.3,1824.9,16,57.6,26.66,,session_close
ZYDUSLIFE,stage1,MIS,2026-02-13 00:00:00,2026-02-13 00:00:00,920.95,904.7,32,-520.0,-550.92,,session_close
BAJFINANCE,stage1,MIS,2026-02-16 00:00:00,2026-02-16 00:00:00,1023.05,1012.75,29,-298.7,-329.97,,session_close
GMRAIRPORT,stage1,MIS,2026-02-17 00:00:00,2026-02-17 00:00:00,99.87,99.8,300,-21.0,-52.76,,session_close
PNB,stage1,MIS,2026-02-18 00:00:00,2026-02-18 00:00:00,121.57,124.55,246,733.08,700.9,,session_close
GODFRYPHLP,stage1,MIS,2026-02-19 00:00:00,2026-02-19 00:00:00,2527.3,2523.7,11,-39.6,-69.06,,session_close
PNB,stage1,MIS,2026-02-19 00:00:00,2026-02-19 00:00:00,124.5,122.54,240,-470.4,-501.79,,session_close
IRCTC,stage1,MIS,2026-02-23 00:00:00,2026-02-23 00:00:00,650.7,639.45,46,-517.5,-548.91,,session_close
CUMMINSIND,stage1,MIS,2026-02-24 00:00:00,2026-02-24 00:00:00,4860.0,4910.4,6,302.4,271.28,,session_close
INDIANB,stage1,MIS,2026-02-24 00:00:00,2026-02-24 00:00:00,960.55,965.3,31,147.25,115.58,,session_close
SAIL,stage1,MIS,2026-02-25 00:00:00,2026-02-25 00:00:00,161.55,164.93,185,625.3,593.21,,session_close
TORNTPHARM,stage1,MIS,2026-02-25 00:00:00,2026-02-25 00:00:00,4420.0,4418.9,6,-6.6,-34.72,,session_close
MANKIND,stage1,MIS,2026-02-26 00:00:00,2026-02-26 00:00:00,2155.7,2279.7,13,1612.0,1581.25,,session_close
POLYCAB,stage1,MIS,2026-02-26 00:00:00,2026-02-26 00:00:00,8348.5,8506.0,3,472.5,445.64,,session_close
FORTIS,stage1,MIS,2026-02-27 00:00:00,2026-02-27 00:00:00,968.8,942.65,30,-784.5,-814.82,,session_close
INDUSINDBK,stage1,MIS,2026-02-27 00:00:00,2026-02-27 00:00:00,963.0,956.75,31,-193.75,-225.28,,session_close
MANKIND,stage1,MIS,2026-02-27 00:00:00,2026-02-27 00:00:00,2261.1,2247.6,13,-175.5,-206.56,,session_close
BEL,stage1,MIS,2026-03-04 00:00:00,2026-03-04 00:00:00,460.0,446.85,65,-854.75,-885.91,,session_close
KEI,stage1,MIS,2026-03-04 00:00:00,2026-03-04 00:00:00,5123.0,4979.0,5,-720.0,-746.7,,session_close
SOLARINDS,stage1,MIS,2026-03-04 00:00:00,2026-03-04 00:00:00,14124.0,14523.0,2,798.0,767.53,,session_close
TIINDIA,stage1,MIS,2026-03-04 00:00:00,2026-03-04 00:00:00,2803.5,2771.1,10,-324.0,-353.52,,session_close
COALINDIA,stage1,MIS,2026-03-05 00:00:00,2026-03-05 00:00:00,440.15,449.4,68,629.0,596.86,,session_close
NATIONALUM,stage1,MIS,2026-03-05 00:00:00,2026-03-05 00:00:00,377.0,395.95,79,1497.05,1464.51,,session_close
SOLARINDS,stage1,MIS,2026-03-05 00:00:00,2026-03-05 00:00:00,14796.0,14671.0,2,-250.0,-281.22,,session_close
DLF,stage1,MIS,2026-03-06 00:00:00,2026-03-06 00:00:00,584.6,577.55,51,-359.55,-390.94,,session_close
INDIGO,stage1,MIS,2026-03-06 00:00:00,2026-03-06 00:00:00,4424.7,4404.1,6,-123.6,-151.67,,session_close
RELIANCE,stage1,MIS,2026-03-06 00:00:00,2026-03-06 00:00:00,1396.5,1404.8,21,174.3,143.09,,session_close
BDL,stage1,MIS,2026-03-09 00:00:00,2026-03-09 00:00:00,1357.0,1335.5,22,-473.0,-504.36,,session_close
RADICO,stage1,MIS,2026-03-09 00:00:00,2026-03-09 00:00:00,2736.0,2751.6,10,156.0,126.89,,session_close
DMART,stage1,MIS,2026-03-10 00:00:00,2026-03-10 00:00:00,3993.0,3946.8,7,-323.4,-352.83,,session_close
DIXON,stage1,MIS,2026-03-11 00:00:00,2026-03-11 00:00:00,10962.0,10618.0,2,-688.0,-710.81,,session_close
GLENMARK,stage1,MIS,2026-03-11 00:00:00,2026-03-11 00:00:00,2243.0,2272.7,13,386.1,354.93,,session_close
HDFCAMC,stage1,MIS,2026-03-11 00:00:00,2026-03-11 00:00:00,2495.4,2395.8,12,-1195.2,-1226.19,,session_close
SHRIRAMFIN,stage1,MIS,2026-03-11 00:00:00,2026-03-11 00:00:00,1062.9,1031.7,28,-873.6,-904.6,,session_close
ASTRAL,stage1,MIS,2026-03-12 00:00:00,2026-03-12 00:00:00,1719.0,1696.0,17,-391.0,-421.74,,session_close
ATGL,stage1,MIS,2026-03-12 00:00:00,2026-03-12 00:00:00,594.0,607.6,50,680.0,648.07,,session_close
PREMIERENE,stage1,MIS,2026-03-12 00:00:00,2026-03-12 00:00:00,781.05,789.35,38,315.4,283.72,,session_close
SUPREMEIND,stage1,MIS,2026-03-12 00:00:00,2026-03-12 00:00:00,4015.0,4043.7,7,200.9,170.97,,session_close
ADANIPOWER,stage1,MIS,2026-03-13 00:00:00,2026-03-13 00:00:00,151.0,146.57,198,-877.14,-908.28,,session_close
COALINDIA,stage1,MIS,2026-03-13 00:00:00,2026-03-13 00:00:00,473.0,467.0,63,-378.0,-409.36,,session_close
JSWENERGY,stage1,MIS,2026-03-13 00:00:00,2026-03-13 00:00:00,521.5,512.95,57,-487.35,-518.56,,session_close
NTPC,stage1,MIS,2026-03-13 00:00:00,2026-03-13 00:00:00,391.85,384.45,76,-562.4,-593.62,,session_close
SRF,stage1,MIS,2026-03-13 00:00:00,2026-03-13 00:00:00,2609.9,2499.7,11,-1212.2,-1241.87,,session_close
TATAPOWER,stage1,MIS,2026-03-13 00:00:00,2026-03-13 00:00:00,402.15,394.95,74,-532.8,-564.02,,session_close
TATACONSUM,stage1,MIS,2026-03-16 00:00:00,2026-03-16 00:00:00,1083.6,1092.7,27,245.7,214.52,,session_close
ADANIPOWER,stage1,MIS,2026-03-17 00:00:00,2026-03-17 00:00:00,156.0,155.6,192,-76.8,-108.51,,session_close
ULTRACEMCO,stage1,MIS,2026-03-17 00:00:00,2026-03-17 00:00:00,10868,10894,2,52,28.92,,session_close
OFSS,stage1,MIS,2026-03-19 00:00:00,2026-03-19 00:00:00,6320.0,6191.0,4,-516.0,-542.48,,session_close
PREMIERENE,stage1,MIS,2026-03-19 00:00:00,2026-03-19 00:00:00,850.0,864.35,35,502.25,470.38,,session_close
WAAREEENER,stage1,MIS,2026-03-19 00:00:00,2026-03-19 00:00:00,3095.0,3155.9,9,548.1,518.21,,session_close
BIOCON,stage1,MIS,2026-03-23 00:00:00,2026-03-23 00:00:00,378.0,367.15,79,-857.15,-888.27,,session_close
INFY,stage1,MIS,2026-03-23 00:00:00,2026-03-23 00:00:00,1212.0,1230.2,24,436.8,405.67,,session_close
TATAELXSI,stage1,MIS,2026-03-23 00:00:00,2026-03-23 00:00:00,4190.0,4130.6,7,-415.8,-446.64,,session_close
SRF,stage1,MIS,2026-03-25 00:00:00,2026-03-25 00:00:00,2502.0,2568.1,11,727.1,697.45,,session_close
DMART,stage1,MIS,2026-03-27 00:00:00,2026-03-27 00:00:00,3900.0,3903.2,7,22.4,-6.56,,session_close
KALYANKJIL,stage1,MIS,2026-03-27 00:00:00,2026-03-27 00:00:00,387.95,388.35,77,30.8,-0.9,,session_close
ONGC,stage1,MIS,2026-03-30 00:00:00,2026-03-30 00:00:00,282.75,284.65,106,201.4,169.49,,session_close
BDL,stage1,MIS,2026-04-02 00:00:00,2026-04-02 00:00:00,1174.0,1185.6,25,290.0,258.69,,session_close
COCHINSHIP,stage1,MIS,2026-04-02 00:00:00,2026-04-02 00:00:00,1300.0,1314.5,23,333.5,301.58,,session_close
DMART,stage1,MIS,2026-04-02 00:00:00,2026-04-02 00:00:00,4228.4,4362.4,7,938.0,906.01,,session_close
MAZDOCK,stage1,MIS,2026-04-02 00:00:00,2026-04-02 00:00:00,2250.0,2264.6,13,189.8,158.66,,session_close
MOTILALOFS,stage1,MIS,2026-04-02 00:00:00,2026-04-02 00:00:00,665.0,684.95,45,897.75,865.44,,session_close
PREMIERENE,stage1,MIS,2026-04-02 00:00:00,2026-04-02 00:00:00,930.0,917.35,32,-404.8,-436.1,,session_close
DMART,stage1,MIS,2026-04-06 00:00:00,2026-04-06 00:00:00,4450.0,4551.3,6,607.8,579.1,,session_close
LTM,stage1,MIS,2026-04-06 00:00:00,2026-04-06 00:00:00,4279.8,4307.4,7,193.2,161.31,,session_close
ADANIGREEN,stage1,MIS,2026-04-07 00:00:00,2026-04-07 00:00:00,921.1,925.35,32,136.0,104.66,,session_close
BANKBARODA,stage1,MIS,2026-04-07 00:00:00,2026-04-07 00:00:00,249.9,250.0,120,12.0,-19.81,,session_close
DMART,stage1,MIS,2026-04-07 00:00:00,2026-04-07 00:00:00,4485.7,4466.0,6,-118.2,-146.67,,session_close
KALYANKJIL,stage1,MIS,2026-04-07 00:00:00,2026-04-07 00:00:00,435.0,414.35,68,-1404.2,-1434.67,,session_close
LODHA,stage1,MIS,2026-04-07 00:00:00,2026-04-07 00:00:00,710.0,717.65,42,321.3,289.47,,session_close
LTF,stage1,MIS,2026-04-07 00:00:00,2026-04-07 00:00:00,252.5,254.56,118,243.08,211.33,,session_close
NMDC,stage1,MIS,2026-04-07 00:00:00,2026-04-07 00:00:00,80.98,81.74,370,281.2,249.25,,session_close
TRENT,stage1,MIS,2026-04-07 00:00:00,2026-04-07 00:00:00,2545.5,2548.7,11,35.2,5.48,,session_close
ADANIENSOL,stage1,MIS,2026-04-09 00:00:00,2026-04-09 00:00:00,1073.2,1078.75,27,149.85,119.03,,session_close
ADANIGREEN,stage1,MIS,2026-04-09 00:00:00,2026-04-09 00:00:00,1032.0,1044.55,29,363.95,331.98,,session_close
ASHOKLEY,stage1,MIS,2026-04-09 00:00:00,2026-04-09 00:00:00,172.8,170.38,173,-418.66,-450.09,,session_close
DLF,stage1,MIS,2026-04-09 00:00:00,2026-04-09 00:00:00,570.0,562.95,52,-366.6,-397.8,,session_close
KALYANKJIL,stage1,MIS,2026-04-09 00:00:00,2026-04-09 00:00:00,443.35,446.1,67,184.25,152.63,,session_close
M&MFIN,stage1,MIS,2026-04-09 00:00:00,2026-04-09 00:00:00,290.15,289.6,103,-56.65,-88.31,,session_close
TITAN,stage1,MIS,2026-04-09 00:00:00,2026-04-09 00:00:00,4475.0,4439.8,6,-211.2,-239.54,,session_close
BHEL,stage1,MIS,2026-04-10 00:00:00,2026-04-10 00:00:00,279.0,284.71,107,610.97,578.92,,session_close
ADANIENSOL,stage1,MIS,2026-04-13 00:00:00,2026-04-13 00:00:00,1120.0,1175.3,26,1437.8,1406.0,,session_close
ASIANPAINT,stage1,MIS,2026-04-13 00:00:00,2026-04-13 00:00:00,2279.9,2352.4,13,942.5,910.47,,session_close
EXIDEIND,stage1,MIS,2026-04-13 00:00:00,2026-04-13 00:00:00,319.0,324.8,94,545.2,513.05,,session_close
POWERINDIA,stage1,MIS,2026-04-13 00:00:00,2026-04-13 00:00:00,27800.0,28325.0,1,525.0,495.18,,session_close
TATAINVEST,stage1,MIS,2026-04-13 00:00:00,2026-04-13 00:00:00,650.0,713.2,46,2907.2,2873.63,,session_close
SIEMENS,stage1,MIS,2026-04-16 00:00:00,2026-04-16 00:00:00,3600.0,3563.8,8,-289.6,-319.96,,session_close
SUZLON,stage1,MIS,2026-04-16 00:00:00,2026-04-16 00:00:00,50.03,50.25,599,131.78,99.92,,session_close
ADANIPORTS,stage1,MIS,2026-04-17 00:00:00,2026-04-17 00:00:00,1559.0,1573.4,19,273.6,242.01,,session_close
POLICYBZR,stage1,MIS,2026-04-17 00:00:00,2026-04-17 00:00:00,1557.7,1600.6,19,815.1,783.19,,session_close
RADICO,stage1,MIS,2026-04-17 00:00:00,2026-04-17 00:00:00,3040.1,3186.9,9,1321.2,1291.34,,session_close
360ONE,stage1,MIS,2026-04-20 00:00:00,2026-04-20 00:00:00,1107.7,1109.25,27,41.85,10.11,,session_close
COLPAL,stage1,MIS,2026-04-20 00:00:00,2026-04-20 00:00:00,2119.0,2129.0,14,140.0,108.45,,session_close
DABUR,stage1,MIS,2026-04-20 00:00:00,2026-04-20 00:00:00,443.95,441.7,67,-150.75,-182.2,,session_close
HINDUNILVR,stage1,MIS,2026-04-20 00:00:00,2026-04-20 00:00:00,2240.8,2231.5,13,-120.9,-151.71,,session_close
RADICO,stage1,MIS,2026-04-20 00:00:00,2026-04-20 00:00:00,3220.9,3340.1,9,1072.8,1041.37,,session_close
ENRIN,stage1,MIS,2026-04-21 00:00:00,2026-04-21 00:00:00,3187.3,3208.2,9,188.1,157.56,,session_close
RADICO,stage1,MIS,2026-04-21 00:00:00,2026-04-21 00:00:00,3356.8,3249.2,8,-860.8,-888.73,,session_close
TIINDIA,stage1,MIS,2026-04-21 00:00:00,2026-04-21 00:00:00,2896.5,2885.2,10,-113.0,-143.64,,session_close
LICHSGFIN,stage1,MIS,2026-04-22 00:00:00,2026-04-22 00:00:00,567.4,559.05,52,-434.2,-465.21,,session_close
NESTLEIND,stage1,MIS,2026-04-22 00:00:00,2026-04-22 00:00:00,1391.0,1395.8,21,100.8,69.76,,session_close
ADANIENSOL,stage1,MIS,2026-04-23 00:00:00,2026-04-23 00:00:00,1365.0,1361.25,21,-78.75,-109.1,,session_close
ADANIPOWER,stage1,MIS,2026-04-23 00:00:00,2026-04-23 00:00:00,216.0,214.18,138,-251.16,-282.61,,session_close
EXIDEIND,stage1,MIS,2026-04-23 00:00:00,2026-04-23 00:00:00,353.8,347.25,84,-550.2,-581.36,,session_close
IREDA,stage1,MIS,2026-04-23 00:00:00,2026-04-23 00:00:00,140.4,137.52,213,-613.44,-644.76,,session_close
CIPLA,stage1,MIS,2026-04-24 00:00:00,2026-04-24 00:00:00,1295.0,1295.0,23,0.0,-31.59,,session_close
DRREDDY,stage1,MIS,2026-04-24 00:00:00,2026-04-24 00:00:00,1293.0,1317.1,23,554.3,522.41,,session_close
GLENMARK,stage1,MIS,2026-04-24 00:00:00,2026-04-24 00:00:00,2351.0,2299.5,12,-618.0,-647.52,,session_close
JIOFIN,stage1,MIS,2026-04-24 00:00:00,2026-04-24 00:00:00,252.0,245.73,119,-746.13,-777.45,,session_close
OFSS,stage1,MIS,2026-04-24 00:00:00,2026-04-24 00:00:00,8574.5,8700.0,3,376.5,348.98,,session_close
ADANIENSOL,stage1,MIS,2026-04-27 00:00:00,2026-04-27 00:00:00,1425.0,1435.8,21,226.8,194.92,,session_close
HINDZINC,stage1,MIS,2026-04-28 00:00:00,2026-04-28 00:00:00,629.0,616.1,47,-606.3,-637.26,,session_close
INDUSINDBK,stage1,MIS,2026-04-28 00:00:00,2026-04-28 00:00:00,890.15,885.55,33,-151.8,-182.85,,session_close
SUNPHARMA,stage1,MIS,2026-04-28 00:00:00,2026-04-28 00:00:00,1724.0,1747.3,17,396.1,364.77,,session_close
VBL,stage1,MIS,2026-04-28 00:00:00,2026-04-28 00:00:00,521.5,518.55,57,-168.15,-199.56,,session_close
GLENMARK,stage1,MIS,2026-04-29 00:00:00,2026-04-29 00:00:00,2418.7,2413.9,12,-57.6,-88.34,,session_close
ONGC,stage1,MIS,2026-04-29 00:00:00,2026-04-29 00:00:00,303.9,301.4,98,-245.0,-276.43,,session_close
COCHINSHIP,stage1,MIS,2026-04-30 00:00:00,2026-04-30 00:00:00,1773.8,1733.4,16,-646.4,-676.08,,session_close
GODFRYPHLP,stage1,MIS,2026-04-30 00:00:00,2026-04-30 00:00:00,2265.1,2251.0,13,-183.3,-214.41,,session_close
VEDL,stage1,MIS,2026-04-30 00:00:00,2026-04-30 00:00:00,289.5,271.55,103,-1848.85,-1879.29,,session_close
BAJAJ-AUTO,stage1,MIS,2026-05-04 00:00:00,2026-05-04 00:00:00,10244.0,10132.0,2,-224.0,-245.58,,session_close
ADANIENT,stage1,MIS,2026-05-05 00:00:00,2026-05-05 00:00:00,2470.0,2462.0,12,-96.0,-127.37,,session_close
CHOLAFIN,stage1,MIS,2026-05-05 00:00:00,2026-05-05 00:00:00,1644.0,1657.4,18,241.2,209.66,,session_close
HAL,stage1,MIS,2026-05-05 00:00:00,2026-05-05 00:00:00,4559.0,4610.4,6,308.4,279.19,,session_close
LAURUSLABS,stage1,MIS,2026-05-05 00:00:00,2026-05-05 00:00:00,1172.5,1164.1,25,-210.0,-240.95,,session_close
VEDL,stage1,MIS,2026-05-05 00:00:00,2026-05-05 00:00:00,296.95,303.9,101,701.95,669.7,,session_close
ABCAPITAL,stage1,MIS,2026-05-06 00:00:00,2026-05-06 00:00:00,365.0,369.3,82,352.6,320.63,,session_close
CGPOWER,stage1,MIS,2026-05-06 00:00:00,2026-05-06 00:00:00,832.8,828.9,36,-140.4,-172.1,,session_close
M&M,stage1,MIS,2026-05-06 00:00:00,2026-05-06 00:00:00,3245.0,3300.8,9,502.2,470.91,,session_close
MARICO,stage1,MIS,2026-05-06 00:00:00,2026-05-06 00:00:00,826.2,814.8,36,-410.4,-441.68,,session_close
LICHSGFIN,stage1,MIS,2026-05-07 00:00:00,2026-05-07 00:00:00,586.5,586.35,51,-7.65,-39.36,,session_close
LUPIN,stage1,MIS,2026-05-07 00:00:00,2026-05-07 00:00:00,2454.9,2460.1,12,62.4,31.12,,session_close
PIDILITIND,stage1,MIS,2026-05-07 00:00:00,2026-05-07 00:00:00,1442.6,1450.4,20,156.0,125.3,,session_close
SRF,stage1,MIS,2026-05-07 00:00:00,2026-05-07 00:00:00,2714.9,2771.3,11,620.4,588.33,,session_close
YESBANK,stage1,MIS,2026-05-07 00:00:00,2026-05-07 00:00:00,22.04,22.51,1361,639.67,607.45,,session_close
ZYDUSLIFE,stage1,MIS,2026-05-07 00:00:00,2026-05-07 00:00:00,945.0,940.3,31,-145.7,-176.67,,session_close
BHARATFORG,stage1,MIS,2026-05-08 00:00:00,2026-05-08 00:00:00,2009.4,1989.7,14,-275.8,-305.46,,session_close
EXIDEIND,stage1,MIS,2026-05-08 00:00:00,2026-05-08 00:00:00,366.0,362.25,81,-303.75,-334.99,,session_close
HDFCLIFE,stage1,MIS,2026-05-08 00:00:00,2026-05-08 00:00:00,625.5,621.7,47,-178.6,-209.66,,session_close
PAYTM,stage1,MIS,2026-05-08 00:00:00,2026-05-08 00:00:00,1195.0,1187.1,25,-197.5,-229.05,,session_close
POLYCAB,stage1,MIS,2026-05-08 00:00:00,2026-05-08 00:00:00,9030.0,9083.0,3,159.0,130.17,,session_close
APOLLOHOSP,stage1,MIS,2026-05-11 00:00:00,2026-05-11 00:00:00,8046.0,8082.0,3,108.0,82.33,,session_close
COFORGE,stage1,MIS,2026-05-11 00:00:00,2026-05-11 00:00:00,1375.8,1375.2,21,-12.6,-43.23,,session_close
DABUR,stage1,MIS,2026-05-11 00:00:00,2026-05-11 00:00:00,485.0,473.45,61,-704.55,-735.47,,session_close
KALYANKJIL,stage1,MIS,2026-05-11 00:00:00,2026-05-11 00:00:00,411.0,385.2,72,-1857.6,-1887.79,,session_close
TITAN,stage1,MIS,2026-05-11 00:00:00,2026-05-11 00:00:00,4350.4,4205.6,6,-868.8,-895.92,,session_close
BIOCON,stage1,MIS,2026-05-12 00:00:00,2026-05-12 00:00:00,392.9,402.45,76,725.8,693.67,,session_close
IDEA,stage1,MIS,2026-05-12 00:00:00,2026-05-12 00:00:00,12.04,11.89,2491,-373.65,-405.22,,session_close
MCX,stage1,MIS,2026-05-12 00:00:00,2026-05-12 00:00:00,3200.0,3156.9,9,-387.9,-418.19,,session_close
TATACONSUM,stage1,MIS,2026-05-12 00:00:00,2026-05-12 00:00:00,1269.7,1253.0,23,-384.1,-414.82,,session_close
BIOCON,stage1,MIS,2026-05-14 00:00:00,2026-05-14 00:00:00,417.55,419.0,71,102.95,71.45,,session_close
DIXON,stage1,MIS,2026-05-14 00:00:00,2026-05-14 00:00:00,11150.0,11103.0,2,-94.0,-117.59,,session_close
HINDPETRO,stage1,MIS,2026-05-14 00:00:00,2026-05-14 00:00:00,388.8,377.55,77,-866.25,-897.44,,session_close
IDEA,stage1,MIS,2026-05-14 00:00:00,2026-05-14 00:00:00,12.92,12.97,2321,116.05,84.18,,session_close
MUTHOOTFIN,stage1,MIS,2026-05-14 00:00:00,2026-05-14 00:00:00,3534.0,3531.1,8,-23.2,-53.17,,session_close
SAIL,stage1,MIS,2026-05-14 00:00:00,2026-05-14 00:00:00,203.0,199.08,147,-576.24,-607.52,,session_close
ADANIENT,stage1,MIS,2026-05-15 00:00:00,2026-05-15 00:00:00,2781.1,2716.0,10,-651.0,-680.08,,session_close
BHARTIARTL,stage1,MIS,2026-05-15 00:00:00,2026-05-15 00:00:00,1883.2,1905.4,15,333.0,302.83,,session_close
CIPLA,stage1,MIS,2026-05-15 00:00:00,2026-05-15 00:00:00,1436.7,1432.1,20,-92.0,-122.41,,session_close
SOLARINDS,stage1,MIS,2026-05-15 00:00:00,2026-05-15 00:00:00,16740.0,17314.0,1,574.0,555.88,,session_close
TATACOMM,stage1,MIS,2026-05-15 00:00:00,2026-05-15 00:00:00,1670.0,1680.0,17,170.0,139.78,,session_close
ZYDUSLIFE,stage1,MIS,2026-05-15 00:00:00,2026-05-15 00:00:00,999.05,1011.7,30,379.5,347.47,,session_close
SOLARINDS,stage1,MIS,2026-05-18 00:00:00,2026-05-18 00:00:00,17509.0,18019.0,1,510.0,491.11,,session_close
SOLARINDS,stage1,MIS,2026-05-19 00:00:00,2026-05-19 00:00:00,18100.0,18116.0,1,16.0,-3.2,,session_close
TECHM,stage1,MIS,2026-05-19 00:00:00,2026-05-19 00:00:00,1409.7,1429.9,21,424.2,392.54,,session_close
INFY,stage1,MIS,2026-05-20 00:00:00,2026-05-20 00:00:00,1161.9,1168.4,25,162.5,131.59,,session_close
ENRIN,stage1,MIS,2026-05-21 00:00:00,2026-05-21 00:00:00,3485.0,3574.5,8,716.0,685.98,,session_close
HINDALCO,stage1,MIS,2026-05-21 00:00:00,2026-05-21 00:00:00,1098.7,1099.3,27,16.2,-15.27,,session_close
TATACOMM,stage1,MIS,2026-05-21 00:00:00,2026-05-21 00:00:00,1785.0,1896.3,16,1780.8,1749.37,,session_close
APOLLOHOSP,stage1,MIS,2026-05-22 00:00:00,2026-05-22 00:00:00,8308.5,8362.5,3,162.0,135.46,,session_close
GRASIM,stage1,MIS,2026-05-22 00:00:00,2026-05-22 00:00:00,3178.0,3155.3,9,-204.3,-234.5,,session_close
TATACOMM,stage1,MIS,2026-05-22 00:00:00,2026-05-22 00:00:00,1899.8,1964.0,15,963.0,932.16,,session_close
TATACOMM,stage1,MIS,2026-05-25 00:00:00,2026-05-25 00:00:00,1964.0,1936.0,15,-420.0,-450.97,,session_close
VBL,stage1,MIS,2026-05-25 00:00:00,2026-05-25 00:00:00,542.95,530.7,55,-673.75,-704.99,,session_close
EICHERMOT,stage1,MIS,2026-05-26 00:00:00,2026-05-26 00:00:00,7415.0,7376.0,4,-156.0,-187.35,,session_close
ATGL,stage1,MIS,2026-05-27 00:00:00,2026-05-27 00:00:00,719.8,808.55,41,3638.75,3605.12,,session_close
ATGL,stage1,MIS,2026-05-29 00:00:00,2026-05-29 00:00:00,821.9,773.3,36,-1749.6,-1779.86,,session_close
CGPOWER,stage1,MIS,2026-05-29 00:00:00,2026-05-29 00:00:00,938.9,917.45,31,-664.95,-695.39,,session_close
CUMMINSIND,stage1,MIS,2026-05-29 00:00:00,2026-05-29 00:00:00,6100.0,5881.0,4,-876.0,-901.31,,session_close
ENRIN,stage1,MIS,2026-05-29 00:00:00,2026-05-29 00:00:00,3814.9,3872.1,7,400.4,371.83,,session_close
EXIDEIND,stage1,MIS,2026-05-29 00:00:00,2026-05-29 00:00:00,396.0,386.5,75,-712.5,-743.54,,session_close
JSWENERGY,stage1,MIS,2026-05-29 00:00:00,2026-05-29 00:00:00,606.0,595.05,49,-536.55,-567.7,,session_close
PREMIERENE,stage1,MIS,2026-05-29 00:00:00,2026-05-29 00:00:00,1060.0,1061.0,28,28.0,-3.49,,session_close
SIEMENS,stage1,MIS,2026-05-29 00:00:00,2026-05-29 00:00:00,3859.7,3844.0,7,-109.9,-138.48,,session_close
SUZLON,stage1,MIS,2026-05-29 00:00:00,2026-05-29 00:00:00,58.0,56.99,517,-522.17,-553.63,,session_close
SWIGGY,stage1,MIS,2026-05-29 00:00:00,2026-05-29 00:00:00,270.65,257.9,110,-1402.5,-1433.17,,session_close
COALINDIA,stage1,MIS,2026-06-02 00:00:00,2026-06-02 00:00:00,469.85,472.15,63,144.9,113.42,,session_close
NMDC,stage1,MIS,2026-06-02 00:00:00,2026-06-02 00:00:00,92.79,95.31,323,813.96,781.66,,session_close
HCLTECH,stage1,MIS,2026-06-03 00:00:00,2026-06-03 00:00:00,1228.8,1179.0,24,-1195.2,-1225.71,,session_close
INFY,stage1,MIS,2026-06-03 00:00:00,2026-06-03 00:00:00,1215.8,1196.7,24,-458.4,-489.05,,session_close
TATAELXSI,stage1,MIS,2026-06-03 00:00:00,2026-06-03 00:00:00,4496.1,4347.0,6,-894.6,-922.63,,session_close
TCS,stage1,MIS,2026-06-03 00:00:00,2026-06-03 00:00:00,2393.0,2241.7,12,-1815.6,-1844.89,,session_close
DMART,stage1,MIS,2026-06-04 00:00:00,2026-06-04 00:00:00,4160.0,4139.3,7,-144.9,-175.69,,session_close
VOLTAS,stage1,MIS,2026-06-05 00:00:00,2026-06-05 00:00:00,1290.7,1298.3,23,174.8,143.21,,session_close
ADANIGREEN,stage1,MIS,2026-06-08 00:00:00,2026-06-08 00:00:00,1500.6,1490.5,19,-191.9,-222.01,,session_close
BANKBARODA,stage1,MIS,2026-06-10 00:00:00,2026-06-10 00:00:00,273.4,269.3,109,-446.9,-478.22,,session_close
BANKINDIA,stage1,MIS,2026-06-10 00:00:00,2026-06-10 00:00:00,147.32,144.86,203,-499.38,-530.77,,session_close
DIVISLAB,stage1,MIS,2026-06-10 00:00:00,2026-06-10 00:00:00,6750.0,6638.5,4,-446.0,-474.35,,session_close
MOTILALOFS,stage1,MIS,2026-06-10 00:00:00,2026-06-10 00:00:00,862.0,841.0,34,-714.0,-744.62,,session_close
PIIND,stage1,MIS,2026-06-10 00:00:00,2026-06-10 00:00:00,2866.4,2807.7,10,-587.0,-617.02,,session_close
ASHOKLEY,stage1,MIS,2026-06-15 00:00:00,2026-06-15 00:00:00,159.0,157.7,188,-244.4,-275.94,,session_close
AUBANK,stage1,MIS,2026-06-15 00:00:00,2026-06-15 00:00:00,1035.0,1033.6,28,-39.2,-69.91,,session_close
CHOLAFIN,stage1,MIS,2026-06-15 00:00:00,2026-06-15 00:00:00,1610.0,1653.6,18,784.8,753.57,,session_close
INDIGO,stage1,MIS,2026-06-15 00:00:00,2026-06-15 00:00:00,4820.0,4880.4,6,362.4,331.5,,session_close
MOTILALOFS,stage1,MIS,2026-06-15 00:00:00,2026-06-15 00:00:00,904.95,939.45,33,1138.5,1106.1,,session_close
360ONE,stage1,MIS,2026-06-16 00:00:00,2026-06-16 00:00:00,1143.2,1133.6,26,-249.6,-280.96,,session_close
BAJAJFINSV,stage1,MIS,2026-06-16 00:00:00,2026-06-16 00:00:00,1755.0,1787.3,17,549.1,517.11,,session_close
CHOLAFIN,stage1,MIS,2026-06-16 00:00:00,2026-06-16 00:00:00,1649.9,1680.4,18,549.0,517.16,,session_close
HDFCAMC,stage1,MIS,2026-06-16 00:00:00,2026-06-16 00:00:00,2622.9,2658.6,11,392.7,361.85,,session_close
KALYANKJIL,stage1,MIS,2026-06-16 00:00:00,2026-06-16 00:00:00,385.0,378.55,77,-496.65,-527.77,,session_close
MOTILALOFS,stage1,MIS,2026-06-16 00:00:00,2026-06-16 00:00:00,948.95,944.25,31,-145.7,-176.8,,session_close
DIXON,stage1,MIS,2026-06-17 00:00:00,2026-06-17 00:00:00,12325.0,12833.0,2,1016.0,989.21,,session_close
HCLTECH,stage1,MIS,2026-06-17 00:00:00,2026-06-17 00:00:00,1169.0,1166.8,25,-55.0,-85.96,,session_close
SUZLON,stage1,MIS,2026-06-17 00:00:00,2026-06-17 00:00:00,58.38,59.27,513,456.57,424.52,,session_close
BLUESTARCO,stage1,MIS,2026-06-18 00:00:00,2026-06-18 00:00:00,1696.9,1706.3,17,159.8,129.11,,session_close
COCHINSHIP,stage1,MIS,2026-06-18 00:00:00,2026-06-18 00:00:00,1511.1,1469.6,19,-788.5,-818.44,,session_close
DIXON,stage1,MIS,2026-06-18 00:00:00,2026-06-18 00:00:00,12860.0,12666.0,2,-388.0,-415.03,,session_close
DMART,stage1,MIS,2026-06-18 00:00:00,2026-06-18 00:00:00,4300.0,4306.7,6,40.2,12.81,,session_close
IRFC,stage1,MIS,2026-06-18 00:00:00,2026-06-18 00:00:00,100.52,100.13,298,-116.22,-147.91,,session_close
POLYCAB,stage1,MIS,2026-06-18 00:00:00,2026-06-18 00:00:00,9949.0,9952.5,3,10.5,-21.16,,session_close
TRENT,stage1,MIS,2026-06-18 00:00:00,2026-06-18 00:00:00,3125.0,3179.7,9,492.3,462.16,,session_close
YESBANK,stage1,MIS,2026-06-18 00:00:00,2026-06-18 00:00:00,25.24,25.48,1188,285.12,253.14,,session_close
DLF,stage1,MIS,2026-06-19 00:00:00,2026-06-19 00:00:00,639.0,624.5,46,-667.0,-697.74,,session_close
TRENT,stage1,MIS,2026-06-19 00:00:00,2026-06-19 00:00:00,3182.0,3205.8,9,214.2,183.69,,session_close
BDL,stage1,MIS,2026-06-22 00:00:00,2026-06-22 00:00:00,1384.7,1406.7,21,462.0,430.87,,session_close
RADICO,stage1,MIS,2026-06-22 00:00:00,2026-06-22 00:00:00,3770.0,3778.6,7,60.2,32.18,,session_close
ABCAPITAL,stage1,MIS,2026-06-23 00:00:00,2026-06-23 00:00:00,394.4,383.75,76,-809.4,-840.67,,session_close
BAJAJHLDNG,stage1,MIS,2026-06-23 00:00:00,2026-06-23 00:00:00,10920.0,10615.0,2,-610.0,-632.77,,session_close
LAURUSLABS,stage1,MIS,2026-06-24 00:00:00,2026-06-24 00:00:00,1484.0,1454.2,20,-596.0,-627.09,,session_close
AUBANK,stage1,MIS,2026-06-25 00:00:00,2026-06-25 00:00:00,1079.15,1033.85,27,-1223.1,-1253.22,,session_close
EXIDEIND,stage1,MIS,2026-06-25 00:00:00,2026-06-25 00:00:00,401.0,389.8,74,-828.8,-859.74,,session_close
M&MFIN,stage1,MIS,2026-06-25 00:00:00,2026-06-25 00:00:00,305.4,321.3,98,1558.2,1525.46,,session_close
OFSS,stage1,MIS,2026-06-25 00:00:00,2026-06-25 00:00:00,10504.0,10974.5,2,941.0,918.12,,session_close
INDIGO,stage1,MIS,2026-06-29 00:00:00,2026-06-29 00:00:00,5400.9,5315.2,5,-428.5,-456.86,,session_close
M&MFIN,stage1,MIS,2026-06-29 00:00:00,2026-06-29 00:00:00,321.3,308.45,93,-1195.05,-1225.97,,session_close
OFSS,stage1,MIS,2026-06-29 00:00:00,2026-06-29 00:00:00,10974.5,10874.5,2,-200.0,-223.15,,session_close
BHEL,stage1,MIS,2026-06-30 00:00:00,2026-06-30 00:00:00,414.55,414.1,72,-32.4,-64.03,,session_close
LUPIN,stage1,MIS,2026-06-30 00:00:00,2026-06-30 00:00:00,2409.4,2419.0,12,115.2,84.47,,session_close
MCX,stage1,MIS,2026-06-30 00:00:00,2026-06-30 00:00:00,2914.0,2837.2,10,-768.0,-798.41,,session_close
NATIONALUM,stage1,MIS,2026-06-30 00:00:00,2026-06-30 00:00:00,342.0,339.6,87,-208.8,-240.22,,session_close
SOLARINDS,stage1,MIS,2026-06-30 00:00:00,2026-06-30 00:00:00,17870.0,18696.0,1,826.0,806.52,,session_close
ALKEM,stage1,MIS,2026-07-01 00:00:00,2026-07-01 00:00:00,5594.0,5567.5,5,-132.5,-162.08,,session_close
AUROPHARMA,stage1,MIS,2026-07-01 00:00:00,2026-07-01 00:00:00,1578.7,1552.6,19,-495.9,-527.39,,session_close
COCHINSHIP,stage1,MIS,2026-07-01 00:00:00,2026-07-01 00:00:00,1512.7,1504.4,19,-157.7,-188.08,,session_close
MARUTI,stage1,MIS,2026-07-01 00:00:00,2026-07-01 00:00:00,14151.0,14395.0,2,488.0,457.67,,session_close
DABUR,stage1,MIS,2026-07-02 00:00:00,2026-07-02 00:00:00,444.75,447.0,67,150.75,119.05,,session_close
ETERNAL,stage1,MIS,2026-07-02 00:00:00,2026-07-02 00:00:00,282.0,279.7,106,-243.8,-275.34,,session_close
EXIDEIND,stage1,MIS,2026-07-03 00:00:00,2026-07-03 00:00:00,421.15,416.6,71,-323.05,-354.55,,session_close
OBEROIRLTY,stage1,MIS,2026-07-03 00:00:00,2026-07-03 00:00:00,1885.0,1934.4,15,741.0,710.54,,session_close
PRESTIGE,stage1,MIS,2026-07-03 00:00:00,2026-07-03 00:00:00,1682.0,1668.0,17,-238.0,-268.17,,session_close
CONCOR,stage1,MIS,2026-07-06 00:00:00,2026-07-06 00:00:00,490.0,481.3,61,-530.7,-562.06,,session_close
HUDCO,stage1,MIS,2026-07-06 00:00:00,2026-07-06 00:00:00,216.99,214.59,138,-331.2,-362.74,,session_close
LODHA,stage1,MIS,2026-07-06 00:00:00,2026-07-06 00:00:00,1063.95,1095.9,28,894.6,862.44,,session_close
M&MFIN,stage1,MIS,2026-07-06 00:00:00,2026-07-06 00:00:00,331.55,324.5,90,-634.5,-665.74,,session_close
DIXON,stage1,MIS,2026-07-07 00:00:00,2026-07-07 00:00:00,13319.0,13242.0,2,-154.0,-182.15,,session_close
GODREJPROP,stage1,MIS,2026-07-07 00:00:00,2026-07-07 00:00:00,2060.0,2043.1,14,-236.6,-267.03,,session_close
INDUSINDBK,stage1,MIS,2026-07-07 00:00:00,2026-07-07 00:00:00,1009.7,1022.25,29,363.95,332.67,,session_close
LODHA,stage1,MIS,2026-07-07 00:00:00,2026-07-07 00:00:00,1095.9,1102.55,27,179.55,148.06,,session_close
PHOENIXLTD,stage1,MIS,2026-07-07 00:00:00,2026-07-07 00:00:00,2120.0,2075.1,14,-628.6,-659.67,,session_close
RADICO,stage1,MIS,2026-07-07 00:00:00,2026-07-07 00:00:00,4135.7,4098.6,7,-259.7,-290.23,,session_close
JUBLFOOD,stage1,MIS,2026-07-08 00:00:00,2026-07-08 00:00:00,447.9,429.2,66,-1234.2,-1264.76,,session_close
NAUKRI,stage1,MIS,2026-07-08 00:00:00,2026-07-08 00:00:00,1172.0,1179.0,25,175.0,143.82,,session_close
SWIGGY,stage1,MIS,2026-07-08 00:00:00,2026-07-08 00:00:00,265.0,261.41,113,-405.67,-437.17,,session_close
KALYANKJIL,stage1,MIS,2026-07-10 00:00:00,2026-07-10 00:00:00,451.1,476.15,66,1653.3,1620.67,,session_close
SUNPHARMA,stage1,MIS,2026-07-10 00:00:00,2026-07-10 00:00:00,1942.8,1935.5,15,-109.5,-140.33,,session_close
SWIGGY,stage1,MIS,2026-07-10 00:00:00,2026-07-10 00:00:00,284.6,273.25,105,-1191.75,-1222.68,,session_close
DLF,stage1,MIS,2026-07-13 00:00:00,2026-07-13 00:00:00,679.55,682.35,44,123.2,91.41,,session_close
INDIANB,stage1,MIS,2026-07-13 00:00:00,2026-07-13 00:00:00,868.0,842.55,34,-865.3,-896.04,,session_close
JIOFIN,stage1,MIS,2026-07-13 00:00:00,2026-07-13 00:00:00,239.8,241.41,125,201.25,169.33,,session_close
KALYANKJIL,stage1,MIS,2026-07-13 00:00:00,2026-07-13 00:00:00,470.5,510.65,63,2529.45,2496.4,,session_close
PAYTM,stage1,MIS,2026-07-13 00:00:00,2026-07-13 00:00:00,1332.0,1386.5,22,1199.0,1167.16,,session_close
BAJAJ-AUTO,stage1,MIS,2026-07-14 00:00:00,2026-07-14 00:00:00,10212.5,10166.0,2,-93.0,-114.6,,session_close
TCS,stage1,MIS,2026-07-14 00:00:00,2026-07-14 00:00:00,2182.9,2200.6,13,230.1,199.86,,session_close
CONCOR,stage1,MIS,2026-07-15 00:00:00,2026-07-15 00:00:00,493.0,492.9,60,-6.0,-37.36,,session_close
DIVISLAB,stage1,MIS,2026-07-15 00:00:00,2026-07-15 00:00:00,7260.0,7273.0,4,52.0,21.17,,session_close
KALYANKJIL,stage1,MIS,2026-07-15 00:00:00,2026-07-15 00:00:00,534.0,548.1,56,789.6,757.38,,session_close
SBICARD,stage1,MIS,2026-07-15 00:00:00,2026-07-15 00:00:00,643.5,640.35,46,-144.9,-176.2,,session_close
ABB,stage1,MIS,2026-07-16 00:00:00,2026-07-16 00:00:00,7210.5,7667.5,4,1828.0,1796.24,,session_close
BHEL,stage1,MIS,2026-07-17 00:00:00,2026-07-17 00:00:00,445.0,422.0,67,-1541.0,-1571.63,,session_close
SRF,stage1,MIS,2026-07-17 00:00:00,2026-07-17 00:00:00,2899.2,2874.7,10,-245.0,-275.59,,session_close
EXIDEIND,stage1,MIS,2026-07-20 00:00:00,2026-07-20 00:00:00,435.0,436.65,68,112.2,80.76,,session_close
FEDERALBNK,stage1,MIS,2026-07-20 00:00:00,2026-07-20 00:00:00,341.5,350.75,87,804.75,772.73,,session_close
TECHM,stage1,MIS,2026-07-20 00:00:00,2026-07-20 00:00:00,1577.6,1576.4,19,-22.8,-54.57,,session_close
COLPAL,stage1,MIS,2026-07-21 00:00:00,2026-07-21 00:00:00,2120.0,2092.9,14,-379.4,-410.63,,session_close
OIL,stage1,MIS,2026-07-21 00:00:00,2026-07-21 00:00:00,451.5,445.15,66,-419.1,-450.43,,session_close
PNB,stage1,MIS,2026-07-21 00:00:00,2026-07-21 00:00:00,111.7,112.08,268,101.84,70.03,,session_close
INDUSINDBK,stage1,MIS,2026-07-22 00:00:00,2026-07-22 00:00:00,1058.0,1069.3,28,316.4,284.78,,session_close
TVSMOTOR,stage1,MIS,2026-07-22 00:00:00,2026-07-22 00:00:00,3850.7,3907.6,7,398.3,369.46,,session_close
BAJAJ-AUTO,stage1,MIS,2026-07-23 00:00:00,2026-07-23 00:00:00,10999.5,11283.5,2,568.0,544.31,,session_close
BAJAJ-AUTO,stage1,MIS,2026-07-24 00:00:00,2026-07-24 00:00:00,11229.0,11130.0,2,-198.0,-221.69,,session_close
TATAELXSI,stage1,MIS,2026-07-27 00:00:00,2026-07-27 00:00:00,3555.8,3554.4,8,-11.2,-41.36,,session_close
UNITDSPR,stage1,MIS,2026-07-27 00:00:00,2026-07-27 00:00:00,1477.7,1482.0,20,86.0,54.6,,session_close
AUBANK,stage1,MIS,2026-07-28 00:00:00,2026-07-28 00:00:00,1051.9,1047.7,28,-117.6,-148.76,,session_close
CONCOR,stage1,MIS,2026-07-28 00:00:00,2026-07-28 00:00:00,514.5,522.4,58,458.2,426.26,,session_close
JINDALSTEL,stage1,MIS,2026-07-28 00:00:00,2026-07-28 00:00:00,1072.0,1054.4,27,-475.2,-505.59,,session_close
LAURUSLABS,stage1,MIS,2026-07-28 00:00:00,2026-07-28 00:00:00,1713.0,1758.9,17,780.3,748.92,,session_close
COFORGE,stage1,MIS,2026-07-29 00:00:00,2026-07-29 00:00:00,1720.0,1714.9,17,-86.7,-117.65,,session_close
LODHA,stage1,MIS,2026-07-29 00:00:00,2026-07-29 00:00:00,1290.0,1316.35,23,606.05,574.2,,session_close
RADICO,stage1,MIS,2026-07-29 00:00:00,2026-07-29 00:00:00,4338.6,4373.8,6,211.2,183.46,,session_close
DIVISLAB,stage1,MIS,2026-07-30 00:00:00,2026-07-30 00:00:00,7885.5,7835.0,3,-151.5,-176.49,,session_close
GODFRYPHLP,stage1,MIS,2026-07-30 00:00:00,2026-07-30 00:00:00,2075.6,2131.8,14,786.8,755.48,,session_close
HINDUNILVR,stage1,MIS,2026-07-30 00:00:00,2026-07-30 00:00:00,2120.0,2107.9,14,-169.4,-200.77,,session_close
INFY,stage1,MIS,2026-07-30 00:00:00,2026-07-30 00:00:00,1168.0,1155.1,25,-322.5,-353.26,,session_close
SWIGGY,stage1,MIS,2026-07-30 00:00:00,2026-07-30 00:00:00,285.99,295.91,104,1031.68,999.48,,session_close
TVSMOTOR,stage1,MIS,2026-07-31 00:00:00,2026-07-31 00:00:00,4208.4,4313.1,7,732.9,701.19,,session_close
