symbol,stage,product,entry_time,exit_time,entry_price,exit_price,shares,gross_pnl,net_pnl,r_multiple,exit_reason
ADANIGREEN,swing,CNC,2024-08-21 00:00:00,2024-08-27 00:00:00,1925.0,1886.8,14,-534.8,-610.07,-0.19,max_hold_exit
HCLTECH,swing,CNC,2024-08-21 00:00:00,2024-08-27 00:00:00,1686.0,1711.6,27,691.2,573.38,0.23,max_hold_exit
HINDPETRO,swing,CNC,2024-08-21 00:00:00,2024-08-27 00:00:00,386.3,394.0,74,569.8,489.75,0.19,max_hold_exit
ICICIGI,swing,CNC,2024-08-21 00:00:00,2024-08-27 00:00:00,2070.0,2153.35,18,1500.3,1400.01,0.52,max_hold_exit
JIOFIN,swing,CNC,2024-08-21 00:00:00,2024-08-27 00:00:00,335.9,323.6,109,-1340.7,-1436.61,-0.45,max_hold_exit
KEI,swing,CNC,2024-08-21 00:00:00,2024-08-27 00:00:00,4715.45,4546.2,6,-1015.5,-1093.26,-0.37,max_hold_exit
MPHASIS,swing,CNC,2024-08-21 00:00:00,2024-08-27 00:00:00,2864.5,2896.9,10,324.0,244.07,0.12,max_hold_exit
PERSISTENT,swing,CNC,2024-08-21 00:00:00,2024-08-27 00:00:00,4935.0,4909.55,6,-152.7,-234.28,-0.06,max_hold_exit
TCS,swing,CNC,2024-08-21 00:00:00,2024-08-27 00:00:00,4518.0,4497.15,10,-208.5,-324.62,-0.08,max_hold_exit
ASHOKLEY,swing,CNC,2024-08-22 00:00:00,2024-08-28 00:00:00,130.1,130.2,288,28.8,-70.43,0.01,max_hold_exit
ASIANPAINT,swing,CNC,2024-08-22 00:00:00,2024-08-28 00:00:00,3167.0,3125.5,15,-622.5,-743.36,-0.21,max_hold_exit
AXISBANK,swing,CNC,2024-08-22 00:00:00,2024-08-28 00:00:00,1179.7,1170.95,47,-411.25,-549.98,-0.14,max_hold_exit
BAJAJHLDNG,swing,CNC,2024-08-22 00:00:00,2024-08-28 00:00:00,9740.0,9972.45,4,929.8,826.32,0.32,max_hold_exit
BPCL,swing,CNC,2024-08-22 00:00:00,2024-08-28 00:00:00,337.7,331.55,102,-627.3,-719.13,-0.21,max_hold_exit
COALINDIA,swing,CNC,2024-08-22 00:00:00,2024-08-28 00:00:00,501.45,494.25,64,-460.8,-547.58,-0.16,max_hold_exit
NYKAA,swing,CNC,2024-08-22 00:00:00,2024-08-28 00:00:00,213.9,217.15,84,273.0,216.85,0.09,max_hold_exit
OFSS,swing,CNC,2024-08-22 00:00:00,2024-08-28 00:00:00,10572.5,10380.5,2,-384.0,-446.53,-0.17,max_hold_exit
SUPREMEIND,swing,CNC,2024-08-22 00:00:00,2024-08-28 00:00:00,5649.5,5376.1,5,-1367.0,-1444.29,-0.52,max_hold_exit
TITAN,swing,CNC,2024-08-22 00:00:00,2024-08-28 00:00:00,3574.95,3527.5,13,-616.85,-735.43,-0.21,max_hold_exit
BLUESTARCO,swing,CNC,2024-08-23 00:00:00,2024-08-29 00:00:00,1759.7,1695.9,14,-893.2,-962.96,-0.3,max_hold_exit
BRITANNIA,swing,CNC,2024-08-23 00:00:00,2024-08-29 00:00:00,5837.0,5831.4,8,-44.8,-164.46,-0.02,max_hold_exit
HINDALCO,swing,CNC,2024-08-23 00:00:00,2024-08-29 00:00:00,690.05,700.5,47,491.15,402.63,0.16,max_hold_exit
INFY,swing,CNC,2024-08-23 00:00:00,2024-08-29 00:00:00,1838.4,1892.4,26,1404.0,1280.39,0.47,max_hold_exit
LTM,swing,CNC,2024-08-23 00:00:00,2024-08-29 00:00:00,5691.0,6132.1,6,2646.6,2552.04,1.03,max_hold_exit
M&MFIN,swing,CNC,2024-08-23 00:00:00,2024-08-29 00:00:00,291.3,291.0,115,-34.5,-124.85,-0.01,max_hold_exit
MARICO,swing,CNC,2024-08-23 00:00:00,2024-08-29 00:00:00,682.95,660.75,54,-1198.8,-1295.45,-0.4,max_hold_exit
MOTILALOFS,swing,CNC,2024-08-23 00:00:00,2024-08-29 00:00:00,703.85,725.45,32,691.2,624.5,0.24,max_hold_exit
RADICO,swing,CNC,2024-08-23 00:00:00,2024-08-29 00:00:00,1780.0,1817.6,20,752.0,656.17,0.26,max_hold_exit
SBILIFE,swing,CNC,2024-08-23 00:00:00,2024-08-29 00:00:00,1789.5,1843.7,20,1084.0,987.41,0.38,max_hold_exit
UPL,swing,CNC,2024-08-23 00:00:00,2024-08-29 00:00:00,560.85,554.25,60,-396.0,-486.31,-0.13,max_hold_exit
VEDL,swing,CNC,2024-08-23 00:00:00,2024-08-29 00:00:00,222.1,223.75,145,239.25,151.5,0.08,max_hold_exit
BANKBARODA,swing,CNC,2024-08-26 00:00:00,2024-08-30 00:00:00,237.15,234.2,180,-531.0,-641.25,-0.18,max_hold_exit
CGPOWER,swing,CNC,2024-08-26 00:00:00,2024-08-30 00:00:00,755.45,697.6464285714285,37,-2138.73,-2214.57,-0.72,chandelier_stop
HDFCLIFE,swing,CNC,2024-08-26 00:00:00,2024-08-30 00:00:00,734.0,738.7,48,225.6,131.13,0.08,max_hold_exit
INDIGO,swing,CNC,2024-08-26 00:00:00,2024-08-30 00:00:00,4718.0,4830.0,9,1008.0,896.66,0.34,max_hold_exit
JSWSTEEL,swing,CNC,2024-08-26 00:00:00,2024-08-30 00:00:00,945.5,941.1,42,-184.8,-288.79,-0.06,max_hold_exit
KOTAKBANK,swing,CNC,2024-08-26 00:00:00,2024-08-30 00:00:00,364.0,356.2,176,-1372.8,-1529.69,-0.46,max_hold_exit
TATAELXSI,swing,CNC,2024-08-26 00:00:00,2024-08-26 00:00:00,7149.0,7387.2071428571435,7,1667.45,1538.57,0.58,chandelier_stop
BAJAJFINSV,swing,CNC,2024-08-27 00:00:00,2024-09-02 00:00:00,1686.2,1840.55,31,4784.85,4647.79,1.64,max_hold_exit
BHARTIARTL,swing,CNC,2024-08-27 00:00:00,2024-09-02 00:00:00,1518.0,1571.35,32,1707.2,1581.54,0.57,max_hold_exit
DABUR,swing,CNC,2024-08-27 00:00:00,2024-09-02 00:00:00,655.0,636.65,73,-1339.55,-1460.36,-0.45,max_hold_exit
INDHOTEL,swing,CNC,2024-08-27 00:00:00,2024-09-02 00:00:00,667.05,655.9,56,-624.4,-722.7,-0.21,max_hold_exit
INDUSTOWER,swing,CNC,2024-08-27 00:00:00,2024-09-02 00:00:00,434.7,438.95,99,420.75,308.74,0.14,max_hold_exit
KALYANKJIL,swing,CNC,2024-08-27 00:00:00,2024-09-02 00:00:00,619.0,639.85,36,750.6,684.37,0.25,max_hold_exit
MOTHERSON,swing,CNC,2024-08-27 00:00:00,2024-09-02 00:00:00,132.1,128.81,240,-789.6,-875.17,-0.26,max_hold_exit
RELIANCE,swing,CNC,2024-08-27 00:00:00,2024-09-02 00:00:00,1510.5,1516.25,52,299.0,108.2,0.1,max_hold_exit
TATACONSUM,swing,CNC,2024-08-27 00:00:00,2024-09-02 00:00:00,1220.0,1199.7,44,-893.2,-1027.51,-0.3,max_hold_exit
ABB,swing,CNC,2024-08-28 00:00:00,2024-09-03 00:00:00,7929.95,7767.9,4,-648.2,-733.95,-0.22,max_hold_exit
BAJFINANCE,swing,CNC,2024-08-28 00:00:00,2024-09-03 00:00:00,687.5,735.5,96,4608.0,4440.61,1.54,max_hold_exit
ICICIBANK,swing,CNC,2024-08-28 00:00:00,2024-09-03 00:00:00,1222.65,1247.7,50,1252.5,1099.41,0.43,max_hold_exit
PIIND,swing,CNC,2024-08-28 00:00:00,2024-09-03 00:00:00,4458.0,4539.8,8,654.4,558.53,0.22,max_hold_exit
SBICARD,swing,CNC,2024-08-28 00:00:00,2024-09-03 00:00:00,739.8,766.05,87,2283.75,2122.41,0.77,max_hold_exit
TATAINVEST,swing,CNC,2024-08-28 00:00:00,2024-08-28 00:00:00,750.0,724.2857142857142,45,-1157.14,-1246.88,-0.39,chandelier_stop
TIINDIA,swing,CNC,2024-08-28 00:00:00,2024-09-03 00:00:00,4167.1,4085.55,9,-733.95,-832.47,-0.25,max_hold_exit
CHOLAFIN,swing,CNC,2024-08-29 00:00:00,2024-09-04 00:00:00,1443.0,1487.3,24,1063.2,969.2,0.36,max_hold_exit
DIVISLAB,swing,CNC,2024-08-29 00:00:00,2024-09-04 00:00:00,5049.9,5096.6,7,326.9,232.07,0.12,max_hold_exit
EICHERMOT,swing,CNC,2024-08-29 00:00:00,2024-09-04 00:00:00,4946.85,4833.55,11,-1246.3,-1381.87,-0.42,max_hold_exit
GODREJCP,swing,CNC,2024-08-29 00:00:00,2024-09-04 00:00:00,1484.7,1475.3,26,-244.4,-345.87,-0.08,max_hold_exit
JSWENERGY,swing,CNC,2024-08-29 00:00:00,2024-09-04 00:00:00,740.0,682.9285714285714,42,-2397.0,-2479.52,-0.81,chandelier_stop
LAURUSLABS,swing,CNC,2024-08-30 00:00:00,2024-09-05 00:00:00,457.55,489.0,91,2861.95,2750.52,0.96,max_hold_exit
PFC,swing,CNC,2024-08-30 00:00:00,2024-09-05 00:00:00,554.8,558.25,70,241.5,139.01,0.08,max_hold_exit
AUBANK,swing,CNC,2024-09-02 00:00:00,2024-09-06 00:00:00,684.95,703.0,62,1119.1,1007.63,0.38,max_hold_exit
BIOCON,swing,CNC,2024-09-02 00:00:00,2024-09-06 00:00:00,368.0,373.7,109,621.3,515.58,0.21,max_hold_exit
COFORGE,swing,CNC,2024-09-02 00:00:00,2024-09-06 00:00:00,1269.0,1325.0,33,1848.0,1737.09,0.63,max_hold_exit
HEROMOTOCO,swing,CNC,2024-09-02 00:00:00,2024-09-06 00:00:00,5399.5,5603.15,7,1425.55,1324.14,0.51,max_hold_exit
INDUSINDBK,swing,CNC,2024-09-02 00:00:00,2024-09-06 00:00:00,1425.25,1409.35,43,-683.7,-835.13,-0.23,max_hold_exit
RVNL,swing,CNC,2024-09-02 00:00:00,2024-09-06 00:00:00,610.5,565.6607142857143,40,-1793.57,-1861.92,-0.61,chandelier_stop
JIOFIN,swing,CNC,2024-09-03 00:00:00,2024-09-09 00:00:00,351.0,341.7,100,-930.0,-1022.97,-0.31,max_hold_exit
SOLARINDS,swing,CNC,2024-09-03 00:00:00,2024-09-09 00:00:00,11175.0,10881.5,3,-880.5,-970.03,-0.3,max_hold_exit
TATACOMM,swing,CNC,2024-09-03 00:00:00,2024-09-09 00:00:00,1965.2,1925.85,26,-1023.1,-1151.53,-0.35,max_hold_exit
CUMMINSIND,swing,CNC,2024-09-04 00:00:00,2024-09-09 00:00:00,3800.0,3670.0750000000003,13,-1689.02,-1812.99,-0.59,chandelier_stop
IDFCFIRSTB,swing,CNC,2024-09-04 00:00:00,2024-09-10 00:00:00,73.0,72.59,728,-298.48,-432.21,-0.1,max_hold_exit
MFSL,swing,CNC,2024-09-04 00:00:00,2024-09-10 00:00:00,1120.0,1136.2,26,421.2,340.12,0.14,max_hold_exit
RECLTD,swing,CNC,2024-09-04 00:00:00,2024-09-09 00:00:00,618.0,587.2928571428571,66,-2026.67,-2131.15,-0.68,chandelier_stop
PIDILITIND,swing,CNC,2024-09-05 00:00:00,2024-09-11 00:00:00,1607.5,1627.2,38,748.6,596.14,0.26,max_hold_exit
PRESTIGE,swing,CNC,2024-09-05 00:00:00,2024-09-11 00:00:00,1870.0,1789.25,12,-969.0,-1033.8,-0.34,max_hold_exit
TIINDIA,swing,CNC,2024-09-05 00:00:00,2024-09-11 00:00:00,4135.0,3919.65,9,-1938.15,-2034.78,-0.67,max_hold_exit
360ONE,swing,CNC,2024-09-06 00:00:00,2024-09-12 00:00:00,1119.65,1108.15,29,-333.5,-421.25,-0.11,max_hold_exit
SRF,swing,CNC,2024-09-06 00:00:00,2024-09-12 00:00:00,2618.55,2488.2,18,-2346.3,-2464.55,-0.82,max_hold_exit
BLUESTARCO,swing,CNC,2024-09-09 00:00:00,2024-09-13 00:00:00,1737.7,1888.0,18,2705.4,2617.15,0.92,max_hold_exit
JSWENERGY,swing,CNC,2024-09-10 00:00:00,2024-09-16 00:00:00,738.0,771.6,41,1377.6,1293.0,0.47,max_hold_exit
MARICO,swing,CNC,2024-09-12 00:00:00,2024-09-18 00:00:00,683.45,695.3,61,722.85,613.52,0.24,max_hold_exit
BOSCHLTD,swing,CNC,2024-09-13 00:00:00,2024-09-19 00:00:00,34419.95,34436.85,1,16.9,-75.54,0.01,max_hold_exit
CUMMINSIND,swing,CNC,2024-09-13 00:00:00,2024-09-19 00:00:00,3848.0,3727.8,11,-1322.2,-1430.83,-0.48,max_hold_exit
GVT&D,swing,CNC,2024-09-13 00:00:00,2024-09-19 00:00:00,1768.0,1606.85,12,-1933.8,-1994.88,-0.67,max_hold_exit
JINDALSTEL,swing,CNC,2024-09-13 00:00:00,2024-09-19 00:00:00,1010.1,1002.8,41,-299.3,-406.96,-0.1,max_hold_exit
KOTAKBANK,swing,CNC,2024-09-13 00:00:00,2024-09-19 00:00:00,367.4,374.4,211,1477.0,1287.25,0.49,max_hold_exit
MAXHEALTH,swing,CNC,2024-09-13 00:00:00,2024-09-19 00:00:00,915.0,984.85,37,2584.45,2490.6,0.87,max_hold_exit
POLYCAB,swing,CNC,2024-09-13 00:00:00,2024-09-19 00:00:00,6860.0,6511.067857142858,8,-2791.46,-2926.46,-0.97,chandelier_stop
ULTRACEMCO,swing,CNC,2024-09-13 00:00:00,2024-09-19 00:00:00,11461,11395,5,-330,-472.95,-0.12,max_hold_exit
VBL,swing,CNC,2024-09-13 00:00:00,2024-09-19 00:00:00,650.0,652.15,42,90.3,13.6,0.03,max_hold_exit
ABCAPITAL,swing,CNC,2024-09-16 00:00:00,2024-09-20 00:00:00,227.25,228.29,177,184.08,78.57,0.06,max_hold_exit
LICHSGFIN,swing,CNC,2024-09-16 00:00:00,2024-09-19 00:00:00,726.95,659.9285714285713,47,-3150.01,-3238.61,-1.05,chandelier_stop
LTF,swing,CNC,2024-09-16 00:00:00,2024-09-20 00:00:00,179.0,181.31,221,510.51,406.13,0.17,max_hold_exit
PAGEIND,swing,CNC,2024-09-16 00:00:00,2024-09-20 00:00:00,43740.0,43053.0,1,-687.0,-799.43,-0.24,max_hold_exit
TATAPOWER,swing,CNC,2024-09-16 00:00:00,2024-09-20 00:00:00,443.5,444.15,102,66.3,-50.24,0.02,max_hold_exit
OBEROIRLTY,swing,CNC,2024-09-17 00:00:00,2024-09-23 00:00:00,1809.0,1899.65,23,2084.95,1974.39,0.7,max_hold_exit
ADANIGREEN,swing,CNC,2024-09-18 00:00:00,2024-09-24 00:00:00,1940.0,2070.55,14,1827.7,1749.51,0.62,max_hold_exit
APLAPOLLO,swing,CNC,2024-09-18 00:00:00,2024-09-24 00:00:00,1444.25,1475.3,24,745.2,651.46,0.25,max_hold_exit
NATIONALUM,swing,CNC,2024-09-18 00:00:00,2024-09-24 00:00:00,182.55,187.48,194,956.42,860.79,0.32,max_hold_exit
CGPOWER,swing,CNC,2024-09-19 00:00:00,2024-09-25 00:00:00,746.3,775.85,45,1329.75,1237.8,0.45,max_hold_exit
LODHA,swing,CNC,2024-09-19 00:00:00,2024-09-25 00:00:00,1303.0,1389.4,27,2332.8,2236.26,0.78,max_hold_exit
MOTHERSON,swing,CNC,2024-09-19 00:00:00,2024-09-25 00:00:00,137.67,136.99,253,-172.04,-265.2,-0.06,max_hold_exit
NTPC,swing,CNC,2024-09-20 00:00:00,2024-09-26 00:00:00,428.05,434.6,98,641.9,532.08,0.21,max_hold_exit
DLF,swing,CNC,2024-09-23 00:00:00,2024-09-27 00:00:00,883.7,914.05,47,1426.45,1316.73,0.49,max_hold_exit
EICHERMOT,swing,CNC,2024-09-23 00:00:00,2024-09-27 00:00:00,4990.0,5062.6,11,798.6,659.85,0.27,max_hold_exit
M&M,swing,CNC,2024-09-23 00:00:00,2024-09-27 00:00:00,2962.75,3183.65,15,3313.5,3195.37,1.15,max_hold_exit
TIINDIA,swing,CNC,2024-09-23 00:00:00,2024-09-27 00:00:00,4186.05,4146.95,7,-273.7,-354.47,-0.09,max_hold_exit
GODREJPROP,swing,CNC,2024-09-24 00:00:00,2024-09-30 00:00:00,3192.35,3160.95,11,-345.4,-439.02,-0.12,max_hold_exit
PHOENIXLTD,swing,CNC,2024-09-24 00:00:00,2024-09-30 00:00:00,1801.5,1845.65,11,485.65,425.18,0.16,max_hold_exit
ABB,swing,CNC,2024-09-25 00:00:00,2024-10-01 00:00:00,8099.0,8268.1,4,676.4,587.77,0.28,max_hold_exit
MARUTI,swing,CNC,2024-09-25 00:00:00,2024-10-01 00:00:00,12727.25,13166.0,5,2193.75,2034.12,0.81,max_hold_exit
POWERGRID,swing,CNC,2024-09-25 00:00:00,2024-10-01 00:00:00,353.85,350.8,164,-500.2,-644.58,-0.17,max_hold_exit
UNIONBANK,swing,CNC,2024-09-25 00:00:00,2024-10-01 00:00:00,121.19,114.49,298,-1996.6,-2090.72,-0.67,max_hold_exit
SIEMENS,swing,CNC,2024-09-26 00:00:00,2024-10-03 00:00:00,5492.6,5596.5,9,935.1,808.34,0.34,max_hold_exit
TATASTEEL,swing,CNC,2024-09-26 00:00:00,2024-10-03 00:00:00,158.31,163.17,295,1433.7,1312.49,0.48,max_hold_exit
ADANIENT,swing,CNC,2024-09-27 00:00:00,2024-10-04 00:00:00,3026.7,3015.7,16,-176.0,-299.37,-0.06,max_hold_exit
ASTRAL,swing,CNC,2024-09-27 00:00:00,2024-10-04 00:00:00,1986.15,1900.242857142857,26,-2233.59,-2361.97,-0.76,chandelier_stop
NMDC,swing,CNC,2024-09-27 00:00:00,2024-10-04 00:00:00,74.17,73.96,455,-95.55,-186.38,-0.03,max_hold_exit
RELIANCE,swing,CNC,2024-09-27 00:00:00,2024-10-01 00:00:00,1499.0,1463.3428571428572,54,-1925.49,-2119.32,-0.64,chandelier_stop
SHREECEM,swing,CNC,2024-09-27 00:00:00,2024-10-04 00:00:00,26125.0,26034.2,2,-181.6,-313.46,-0.06,max_hold_exit
BPCL,swing,CNC,2024-09-30 00:00:00,2024-10-04 00:00:00,349.65,325.59285714285716,109,-2622.23,-2720.14,-0.88,chandelier_stop
CANBK,swing,CNC,2024-09-30 00:00:00,2024-10-07 00:00:00,105.61,97.41499999999999,412,-3376.34,-3485.47,-1.13,chandelier_stop
GRASIM,swing,CNC,2024-09-30 00:00:00,2024-10-07 00:00:00,2784.0,2720.5,15,-952.5,-1060.25,-0.33,max_hold_exit
HDFCLIFE,swing,CNC,2024-09-30 00:00:00,2024-10-07 00:00:00,735.0,705.85,65,-1894.75,-2014.89,-0.64,max_hold_exit
POLYCAB,swing,CNC,2024-09-30 00:00:00,2024-10-07 00:00:00,7065.0,7076.9,6,71.4,-38.81,0.03,max_hold_exit
SAIL,swing,CNC,2024-09-30 00:00:00,2024-10-07 00:00:00,141.4,132.19,243,-2238.03,-2328.0,-0.75,max_hold_exit
BANKBARODA,swing,CNC,2024-10-01 00:00:00,2024-10-08 00:00:00,234.1,231.5,200,-520.0,-639.45,-0.17,max_hold_exit
GAIL,swing,CNC,2024-10-01 00:00:00,2024-10-08 00:00:00,224.45,210.01,173,-2498.12,-2597.76,-0.84,max_hold_exit
IDFCFIRSTB,swing,CNC,2024-10-01 00:00:00,2024-10-08 00:00:00,74.55,73.13,633,-898.86,-1018.74,-0.3,max_hold_exit
IOC,swing,CNC,2024-10-01 00:00:00,2024-10-04 00:00:00,170.95,159.34571428571428,240,-2785.03,-2889.26,-0.93,chandelier_stop
EXIDEIND,swing,CNC,2024-10-03 00:00:00,2024-10-09 00:00:00,507.95,519.35,78,889.2,784.29,0.3,max_hold_exit
FEDERALBNK,swing,CNC,2024-10-03 00:00:00,2024-10-07 00:00:00,193.3,182.76785714285717,240,-2527.71,-2644.13,-0.84,chandelier_stop
GVT&D,swing,CNC,2024-10-09 00:00:00,2024-10-15 00:00:00,1695.0,1864.4,11,1863.4,1804.1,0.65,max_hold_exit
SUPREMEIND,swing,CNC,2024-10-09 00:00:00,2024-10-15 00:00:00,5451.05,5348.7,5,-511.75,-587.72,-0.2,max_hold_exit
GAIL,swing,CNC,2024-10-14 00:00:00,2024-10-18 00:00:00,214.36,206.91,135,-1005.75,-1084.95,-0.34,max_hold_exit
KEI,swing,CNC,2024-10-14 00:00:00,2024-10-16 00:00:00,4600.95,4200.9857142857145,6,-2399.79,-2474.58,-0.89,chandelier_stop
HDFCAMC,swing,CNC,2024-10-15 00:00:00,2024-10-21 00:00:00,2161.2,2210.6,17,839.8,741.35,0.28,max_hold_exit
HDFCLIFE,swing,CNC,2024-10-15 00:00:00,2024-10-21 00:00:00,742.8,745.85,65,198.25,74.81,0.07,max_hold_exit
FEDERALBNK,swing,CNC,2024-10-16 00:00:00,2024-10-22 00:00:00,197.2,189.34,175,-1375.5,-1466.7,-0.46,max_hold_exit
KPITTECH,swing,CNC,2024-10-16 00:00:00,2024-10-22 00:00:00,1800.0,1689.9,19,-2091.9,-2181.67,-0.72,max_hold_exit
360ONE,swing,CNC,2024-10-17 00:00:00,2024-10-23 00:00:00,1125.6,1008.0,18,-2116.8,-2175.57,-0.72,max_hold_exit
HINDPETRO,swing,CNC,2024-10-17 00:00:00,2024-10-23 00:00:00,420.9,387.7,61,-2025.2,-2096.09,-0.68,max_hold_exit
LAURUSLABS,swing,CNC,2024-10-17 00:00:00,2024-10-23 00:00:00,480.0,449.45,68,-2077.4,-2163.72,-0.7,max_hold_exit
SBIN,swing,CNC,2024-10-18 00:00:00,2024-10-24 00:00:00,811.1,794.55,65,-1075.75,-1207.74,-0.36,max_hold_exit
BANKBARODA,swing,CNC,2024-10-21 00:00:00,2024-10-25 00:00:00,232.25,224.3,154,-1224.3,-1318.45,-0.41,max_hold_exit
MAZDOCK,swing,CNC,2024-10-22 00:00:00,2024-10-28 00:00:00,2342.5,2008.0,9,-3010.5,-3070.17,-1.02,max_hold_exit
MPHASIS,swing,CNC,2024-10-24 00:00:00,2024-10-30 00:00:00,2867.3,2871.1,9,34.2,-39.12,0.01,max_hold_exit
HINDZINC,swing,CNC,2024-10-25 00:00:00,2024-10-31 00:00:00,538.5,553.2,54,793.8,712.42,0.27,max_hold_exit
LAURUSLABS,swing,CNC,2024-10-29 00:00:00,2024-11-04 00:00:00,491.0,487.45,51,-181.05,-252.44,-0.06,max_hold_exit
BANKBARODA,swing,CNC,2024-10-30 00:00:00,2024-11-05 00:00:00,238.5,241.5,131,393.0,307.23,0.13,max_hold_exit
FEDERALBNK,swing,CNC,2024-10-30 00:00:00,2024-11-05 00:00:00,199.21,204.27,162,819.72,731.22,0.27,max_hold_exit
INDIANB,swing,CNC,2024-10-30 00:00:00,2024-11-05 00:00:00,542.55,550.4,54,423.9,342.42,0.14,max_hold_exit
MAXHEALTH,swing,CNC,2024-10-30 00:00:00,2024-11-05 00:00:00,975.3,1044.6,34,2356.2,2264.13,0.8,max_hold_exit
SBIN,swing,CNC,2024-10-30 00:00:00,2024-11-05 00:00:00,828.0,849.2,57,1208.4,1086.33,0.41,max_hold_exit
EICHERMOT,swing,CNC,2024-11-01 00:00:00,2024-11-07 00:00:00,4984.85,4878.0,7,-747.95,-840.66,-0.28,max_hold_exit
PATANJALI,swing,CNC,2024-11-01 00:00:00,2024-11-07 00:00:00,598.3,633.6,43,1517.9,1443.22,0.51,max_hold_exit
POLICYBZR,swing,CNC,2024-11-05 00:00:00,2024-11-11 00:00:00,1700.5,1666.5,16,-544.0,-619.83,-0.18,max_hold_exit
BAJAJHLDNG,swing,CNC,2024-11-06 00:00:00,2024-11-12 00:00:00,10600.0,10794.15,3,582.45,495.24,0.21,max_hold_exit
COROMANDEL,swing,CNC,2024-11-06 00:00:00,2024-11-12 00:00:00,1672.9,1730.5,18,1036.8,952.87,0.35,max_hold_exit
NMDC,swing,CNC,2024-11-06 00:00:00,2024-11-12 00:00:00,74.34,70.28,356,-1445.36,-1518.61,-0.48,max_hold_exit
PREMIERENE,swing,CNC,2024-11-06 00:00:00,2024-11-11 00:00:00,1200.0,1035.4392857142857,16,-2632.97,-2688.84,-0.89,chandelier_stop
BANKINDIA,swing,CNC,2024-11-07 00:00:00,2024-11-13 00:00:00,106.24,97.87,276,-2310.12,-2388.82,-0.77,max_hold_exit
BEL,swing,CNC,2024-11-07 00:00:00,2024-11-13 00:00:00,301.0,281.55,97,-1886.65,-1965.51,-0.63,max_hold_exit
GLENMARK,swing,CNC,2024-11-07 00:00:00,2024-11-12 00:00:00,1768.95,1576.7392857142856,18,-3459.79,-3542.9,-1.19,chandelier_stop
GODFRYPHLP,swing,CNC,2024-11-07 00:00:00,2024-11-13 00:00:00,2377.0,2120.0714285714284,8,-2055.43,-2111.49,-0.76,chandelier_stop
JSWSTEEL,swing,CNC,2024-11-07 00:00:00,2024-11-13 00:00:00,1014.0,928.3928571428572,37,-3167.46,-3263.49,-1.06,chandelier_stop
LT,swing,CNC,2024-11-08 00:00:00,2024-11-14 00:00:00,3640.4,3526.25,11,-1255.65,-1359.28,-0.44,max_hold_exit
PIIND,swing,CNC,2024-11-08 00:00:00,2024-11-14 00:00:00,4709.95,4282.367857142857,8,-3420.66,-3516.78,-1.15,chandelier_stop
UNIONBANK,swing,CNC,2024-11-08 00:00:00,2024-11-14 00:00:00,113.32,107.01,279,-1760.49,-1844.86,-0.59,max_hold_exit
HDFCAMC,swing,CNC,2024-11-11 00:00:00,2024-11-18 00:00:00,2153.9,2008.6,15,-2179.5,-2264.98,-0.73,max_hold_exit
INDHOTEL,swing,CNC,2024-11-11 00:00:00,2024-11-18 00:00:00,737.95,737.2,41,-30.75,-113.89,-0.01,max_hold_exit
OFSS,swing,CNC,2024-11-11 00:00:00,2024-11-18 00:00:00,10832.5,10618.0,2,-429.0,-492.63,-0.16,max_hold_exit
JSWENERGY,swing,CNC,2024-11-13 00:00:00,2024-11-21 00:00:00,749.95,689.0571428571428,34,-2070.36,-2140.81,-0.7,chandelier_stop
LODHA,swing,CNC,2024-11-13 00:00:00,2024-11-21 00:00:00,1232.5,1232.7,16,3.2,-56.56,0.0,max_hold_exit
TATAINVEST,swing,CNC,2024-11-13 00:00:00,2024-11-21 00:00:00,690.0,652.0,48,-1824.0,-1911.65,-0.62,max_hold_exit
EICHERMOT,swing,CNC,2024-11-19 00:00:00,2024-11-26 00:00:00,4880.0,4931.75,7,362.25,270.03,0.12,max_hold_exit
POLICYBZR,swing,CNC,2024-11-19 00:00:00,2024-11-26 00:00:00,1751.0,1850.8,12,1197.6,1133.73,0.43,max_hold_exit
ETERNAL,swing,CNC,2024-11-21 00:00:00,2024-11-27 00:00:00,273.7,284.72,106,1168.12,1086.5,0.39,max_hold_exit
360ONE,swing,CNC,2024-11-22 00:00:00,2024-11-28 00:00:00,1097.95,1124.6,25,666.25,588.63,0.22,max_hold_exit
VBL,swing,CNC,2024-11-22 00:00:00,2024-11-28 00:00:00,626.0,630.7,45,211.5,132.74,0.07,max_hold_exit
JUBLFOOD,swing,CNC,2024-11-25 00:00:00,2024-11-29 00:00:00,645.85,644.55,44,-57.2,-136.23,-0.02,max_hold_exit
KALYANKJIL,swing,CNC,2024-11-25 00:00:00,2024-11-29 00:00:00,722.85,724.45,32,51.2,-16.19,0.02,max_hold_exit
M&M,swing,CNC,2024-11-25 00:00:00,2024-11-29 00:00:00,3075.0,2966.1,9,-980.1,-1056.52,-0.33,max_hold_exit
ASHOKLEY,swing,CNC,2024-11-26 00:00:00,2024-12-02 00:00:00,117.5,114.9,274,-712.4,-799.14,-0.24,max_hold_exit
ICICIBANK,swing,CNC,2024-11-26 00:00:00,2024-12-02 00:00:00,1310.6,1304.65,38,-226.1,-352.48,-0.08,max_hold_exit
LT,swing,CNC,2024-11-26 00:00:00,2024-12-02 00:00:00,3754.9,3704.05,12,-610.2,-725.64,-0.21,max_hold_exit
NAUKRI,swing,CNC,2024-11-26 00:00:00,2024-12-02 00:00:00,1647.0,1689.5,16,680.0,604.8,0.23,max_hold_exit
POWERGRID,swing,CNC,2024-11-26 00:00:00,2024-12-02 00:00:00,342.0,327.85,103,-1457.45,-1550.16,-0.49,max_hold_exit
TCS,swing,CNC,2024-11-26 00:00:00,2024-12-02 00:00:00,4321.05,4276.65,9,-399.6,-501.55,-0.14,max_hold_exit
UNIONBANK,swing,CNC,2024-11-26 00:00:00,2024-12-02 00:00:00,112.64,112.49,277,-41.55,-126.78,-0.01,max_hold_exit
BEL,swing,CNC,2024-11-27 00:00:00,2024-12-03 00:00:00,298.85,312.1,95,1258.75,1178.42,0.42,max_hold_exit
HYUNDAI,swing,CNC,2024-11-27 00:00:00,2024-12-03 00:00:00,1905.3,1849.2,17,-953.7,-1040.63,-0.33,max_hold_exit
INFY,swing,CNC,2024-11-27 00:00:00,2024-12-03 00:00:00,1889.2,1852.0,23,-855.6,-967.21,-0.29,max_hold_exit
LTM,swing,CNC,2024-11-27 00:00:00,2024-12-03 00:00:00,6227.95,6167.0,6,-365.7,-464.3,-0.14,max_hold_exit
PFC,swing,CNC,2024-11-27 00:00:00,2024-12-03 00:00:00,487.55,501.15,47,639.2,571.68,0.22,max_hold_exit
UNITDSPR,swing,CNC,2024-11-27 00:00:00,2024-12-03 00:00:00,1518.7,1542.95,28,679.0,567.86,0.23,max_hold_exit
BIOCON,swing,CNC,2024-11-28 00:00:00,2024-12-04 00:00:00,360.0,379.7,81,1595.7,1513.31,0.53,max_hold_exit
MAZDOCK,swing,CNC,2024-11-28 00:00:00,2024-12-04 00:00:00,2250.5,2440.35,12,2278.2,2199.89,0.8,max_hold_exit
MUTHOOTFIN,swing,CNC,2024-11-28 00:00:00,2024-12-04 00:00:00,1951.1,1947.8,17,-56.1,-145.69,-0.02,max_hold_exit
PHOENIXLTD,swing,CNC,2024-11-28 00:00:00,2024-12-04 00:00:00,1701.45,1762.35,15,913.5,839.9,0.32,max_hold_exit
POLYCAB,swing,CNC,2024-11-28 00:00:00,2024-12-04 00:00:00,7100.0,7300.1,5,1000.5,904.64,0.34,max_hold_exit
SIEMENS,swing,CNC,2024-11-28 00:00:00,2024-12-04 00:00:00,5702.0,5903.35,5,1006.75,926.41,0.36,max_hold_exit
UPL,swing,CNC,2024-11-28 00:00:00,2024-12-04 00:00:00,548.2,567.95,44,869.0,798.56,0.29,max_hold_exit
BANKINDIA,swing,CNC,2024-11-29 00:00:00,2024-12-05 00:00:00,104.79,110.57,280,1618.4,1535.58,0.54,max_hold_exit
KEI,swing,CNC,2024-11-29 00:00:00,2024-12-05 00:00:00,4290.05,4454.0,7,1147.65,1063.79,0.38,max_hold_exit
PNB,swing,CNC,2024-11-29 00:00:00,2024-12-05 00:00:00,100.91,103.01,318,667.8,579.86,0.22,max_hold_exit
SHREECEM,swing,CNC,2024-11-29 00:00:00,2024-12-05 00:00:00,25660.0,26608.0,1,948.0,874.06,0.52,max_hold_exit
HAL,swing,CNC,2024-12-02 00:00:00,2024-12-06 00:00:00,4475.0,4559.65,6,507.9,431.77,0.18,max_hold_exit
HUDCO,swing,CNC,2024-12-02 00:00:00,2024-12-06 00:00:00,240.0,247.77,85,660.45,598.5,0.22,max_hold_exit
NMDC,swing,CNC,2024-12-02 00:00:00,2024-12-06 00:00:00,72.53,74.62,435,909.15,822.16,0.3,max_hold_exit
ATGL,swing,CNC,2024-12-03 00:00:00,2024-12-09 00:00:00,780.3,729.5,18,-914.4,-960.6,-0.31,max_hold_exit
BDL,swing,CNC,2024-12-03 00:00:00,2024-12-09 00:00:00,1151.85,1216.6,17,1100.75,1040.16,0.38,max_hold_exit
CGPOWER,swing,CNC,2024-12-03 00:00:00,2024-12-09 00:00:00,762.95,793.5,36,1099.8,1021.69,0.38,max_hold_exit
COCHINSHIP,swing,CNC,2024-12-03 00:00:00,2024-12-09 00:00:00,1714.55,1683.15,15,-471.0,-543.6,-0.16,max_hold_exit
DLF,swing,CNC,2024-12-03 00:00:00,2024-12-09 00:00:00,860.0,862.7,41,110.7,16.29,0.04,max_hold_exit
INDIGO,swing,CNC,2024-12-03 00:00:00,2024-12-09 00:00:00,4450.0,4489.45,9,355.05,249.74,0.13,max_hold_exit
JIOFIN,swing,CNC,2024-12-03 00:00:00,2024-12-09 00:00:00,331.35,336.85,117,643.5,540.74,0.22,max_hold_exit
ULTRACEMCO,swing,CNC,2024-12-03 00:00:00,2024-12-09 00:00:00,11441,11578,3,411,318.36,0.15,max_hold_exit
APOLLOHOSP,swing,CNC,2024-12-04 00:00:00,2024-12-10 00:00:00,7216.65,7258.3,6,249.9,137.48,0.09,max_hold_exit
BANKBARODA,swing,CNC,2024-12-04 00:00:00,2024-12-10 00:00:00,238.8,246.2,128,947.2,862.36,0.32,max_hold_exit
GRASIM,swing,CNC,2024-12-04 00:00:00,2024-12-10 00:00:00,2708.3,2655.3,15,-795.0,-900.39,-0.28,max_hold_exit
JSWSTEEL,swing,CNC,2024-12-04 00:00:00,2024-12-10 00:00:00,996.1,1012.95,40,674.0,568.82,0.23,max_hold_exit
LICHSGFIN,swing,CNC,2024-12-04 00:00:00,2024-12-10 00:00:00,639.0,630.45,67,-572.85,-683.34,-0.19,max_hold_exit
RECLTD,swing,CNC,2024-12-04 00:00:00,2024-12-10 00:00:00,542.9,570.15,54,1471.5,1388.89,0.5,max_hold_exit
TORNTPHARM,swing,CNC,2024-12-04 00:00:00,2024-12-10 00:00:00,3366.0,3350.0,12,-192.0,-297.5,-0.07,max_hold_exit
APLAPOLLO,swing,CNC,2024-12-05 00:00:00,2024-12-11 00:00:00,1582.75,1598.3,18,279.9,200.36,0.1,max_hold_exit
CANBK,swing,CNC,2024-12-05 00:00:00,2024-12-11 00:00:00,102.17,101.64,326,-172.78,-262.56,-0.06,max_hold_exit
MCX,swing,CNC,2024-12-05 00:00:00,2024-12-11 00:00:00,1266.0,1341.0,27,2025.0,1931.0,0.68,max_hold_exit
PRESTIGE,swing,CNC,2024-12-05 00:00:00,2024-12-11 00:00:00,1780.0,1751.9,14,-393.4,-464.31,-0.13,max_hold_exit
SOLARINDS,swing,CNC,2024-12-05 00:00:00,2024-12-11 00:00:00,10645.1,10863.95,2,437.7,374.0,0.16,max_hold_exit
TATAINVEST,swing,CNC,2024-12-05 00:00:00,2024-12-11 00:00:00,688.0,699.0,55,605.0,504.35,0.2,max_hold_exit
BLUESTARCO,swing,CNC,2024-12-06 00:00:00,2024-12-12 00:00:00,1979.8,2052.45,18,1307.7,1211.21,0.44,max_hold_exit
INDUSTOWER,swing,CNC,2024-12-06 00:00:00,2024-12-12 00:00:00,368.0,343.85,92,-2221.8,-2310.67,-0.75,max_hold_exit
IREDA,swing,CNC,2024-12-06 00:00:00,2024-12-12 00:00:00,220.4,221.03,123,77.49,1.23,0.03,max_hold_exit
IRFC,swing,CNC,2024-12-06 00:00:00,2024-12-12 00:00:00,150.84,162.73,224,2663.36,2569.58,0.89,max_hold_exit
M&MFIN,swing,CNC,2024-12-06 00:00:00,2024-12-12 00:00:00,266.45,259.9,144,-943.2,-1043.43,-0.32,max_hold_exit
PIDILITIND,swing,CNC,2024-12-06 00:00:00,2024-12-12 00:00:00,1591.0,1595.0,28,112.0,-3.05,0.04,max_hold_exit
SBICARD,swing,CNC,2024-12-06 00:00:00,2024-12-12 00:00:00,725.0,726.8,76,136.8,-1.73,0.05,max_hold_exit
TITAN,swing,CNC,2024-12-06 00:00:00,2024-12-12 00:00:00,3453.95,3445.75,12,-98.4,-206.34,-0.03,max_hold_exit
VEDL,swing,CNC,2024-12-06 00:00:00,2024-12-12 00:00:00,239.75,263.5,196,4655.0,4529.81,1.55,max_hold_exit
YESBANK,swing,CNC,2024-12-06 00:00:00,2024-12-12 00:00:00,21.19,21.2,1701,17.01,-79.04,0.01,max_hold_exit
BOSCHLTD,swing,CNC,2024-12-09 00:00:00,2024-12-13 00:00:00,36367.8,36469.6,1,101.8,4.94,0.05,max_hold_exit
HINDPETRO,swing,CNC,2024-12-09 00:00:00,2024-12-13 00:00:00,388.85,404.45,100,1560.0,1456.03,0.52,max_hold_exit
JINDALSTEL,swing,CNC,2024-12-09 00:00:00,2024-12-13 00:00:00,950.05,998.75,45,2191.5,2078.28,0.74,max_hold_exit
SAIL,swing,CNC,2024-12-09 00:00:00,2024-12-13 00:00:00,124.0,124.76,331,251.56,144.15,0.08,max_hold_exit
TATAELXSI,swing,CNC,2024-12-09 00:00:00,2024-12-13 00:00:00,7400.0,7364.4,5,-178.0,-275.98,-0.06,max_hold_exit
CONCOR,swing,CNC,2024-12-10 00:00:00,2024-12-13 00:00:00,691.15,652.7928571428572,68,-2608.29,-2725.96,-0.88,chandelier_stop
EXIDEIND,swing,CNC,2024-12-10 00:00:00,2024-12-16 00:00:00,465.0,459.55,81,-441.45,-540.63,-0.15,max_hold_exit
KOTAKBANK,swing,CNC,2024-12-10 00:00:00,2024-12-16 00:00:00,356.6,360.9,173,743.9,590.09,0.25,max_hold_exit
MANKIND,swing,CNC,2024-12-10 00:00:00,2024-12-16 00:00:00,2649.45,2690.75,13,536.9,443.87,0.19,max_hold_exit
NHPC,swing,CNC,2024-12-10 00:00:00,2024-12-16 00:00:00,87.29,85.23,391,-805.46,-896.41,-0.27,max_hold_exit
SUPREMEIND,swing,CNC,2024-12-10 00:00:00,2024-12-16 00:00:00,5050.0,4901.4,6,-891.6,-973.95,-0.31,max_hold_exit
TATAPOWER,swing,CNC,2024-12-10 00:00:00,2024-12-16 00:00:00,441.95,425.5,95,-1562.75,-1670.37,-0.53,max_hold_exit
GODREJPROP,swing,CNC,2024-12-11 00:00:00,2024-12-17 00:00:00,2877.5,2992.95,9,1039.05,964.49,0.37,max_hold_exit
HDFCAMC,swing,CNC,2024-12-11 00:00:00,2024-12-17 00:00:00,2146.1,2120.6,21,-535.5,-651.04,-0.19,max_hold_exit
KPITTECH,swing,CNC,2024-12-11 00:00:00,2024-12-17 00:00:00,1542.3,1511.25,21,-652.05,-739.29,-0.22,max_hold_exit
SHRIRAMFIN,swing,CNC,2024-12-11 00:00:00,2024-12-17 00:00:00,639.1,600.3678571428571,55,-2130.27,-2222.11,-0.71,chandelier_stop
BAJFINANCE,swing,CNC,2024-12-12 00:00:00,2024-12-18 00:00:00,712.0,707.5,62,-279.0,-392.75,-0.09,max_hold_exit
CUMMINSIND,swing,CNC,2024-12-12 00:00:00,2024-12-18 00:00:00,3604.5,3526.3,10,-782.0,-877.23,-0.27,max_hold_exit
HAVELLS,swing,CNC,2024-12-12 00:00:00,2024-12-18 00:00:00,1759.95,1697.05,26,-1635.4,-1751.33,-0.56,max_hold_exit
IRCTC,swing,CNC,2024-12-12 00:00:00,2024-12-18 00:00:00,855.0,813.4785714285715,66,-2740.41,-2878.92,-0.92,chandelier_stop
LUPIN,swing,CNC,2024-12-12 00:00:00,2024-12-18 00:00:00,2159.25,2099.1,22,-1323.3,-1443.43,-0.45,max_hold_exit
RVNL,swing,CNC,2024-12-12 00:00:00,2024-12-18 00:00:00,474.0,457.45,63,-1042.65,-1123.87,-0.35,max_hold_exit
TATASTEEL,swing,CNC,2024-12-12 00:00:00,2024-12-18 00:00:00,147.43,141.17,369,-2309.94,-2444.38,-0.77,max_hold_exit
VOLTAS,swing,CNC,2024-12-12 00:00:00,2024-12-18 00:00:00,1796.7,1757.0,22,-873.4,-976.27,-0.29,max_hold_exit
CHOLAFIN,swing,CNC,2024-12-13 00:00:00,2024-12-19 00:00:00,1334.85,1226.85,27,-2916.0,-3009.01,-1.0,chandelier_stop
TATACOMM,swing,CNC,2024-12-13 00:00:00,2024-12-19 00:00:00,1839.1,1768.0,26,-1848.6,-1968.88,-0.62,max_hold_exit
BHARTIARTL,swing,CNC,2024-12-16 00:00:00,2024-12-20 00:00:00,1681.75,1573.4928571428572,24,-2598.17,-2701.11,-0.88,chandelier_stop
MARICO,swing,CNC,2024-12-17 00:00:00,2024-12-23 00:00:00,645.15,636.55,59,-507.4,-607.4,-0.17,max_hold_exit
POWERINDIA,swing,CNC,2024-12-18 00:00:00,2024-12-24 00:00:00,13199.05,14030.95,2,1663.8,1587.48,0.64,max_hold_exit
SUZLON,swing,CNC,2024-12-18 00:00:00,2024-12-23 00:00:00,69.8,63.49214285714286,453,-2857.46,-2940.7,-0.95,chandelier_stop
DRREDDY,swing,CNC,2024-12-19 00:00:00,2024-12-26 00:00:00,1275.0,1355.15,41,3286.15,3150.64,1.12,max_hold_exit
LUPIN,swing,CNC,2024-12-20 00:00:00,2024-12-27 00:00:00,2165.0,2227.8,20,1256.0,1142.54,0.43,max_hold_exit
TATAINVEST,swing,CNC,2024-12-30 00:00:00,2025-01-03 00:00:00,687.0,689.0,43,86.0,4.33,0.03,max_hold_exit
CIPLA,swing,CNC,2025-01-01 00:00:00,2025-01-07 00:00:00,1531.95,1497.45,33,-1138.5,-1265.6,-0.38,max_hold_exit
DIVISLAB,swing,CNC,2025-01-01 00:00:00,2025-01-07 00:00:00,6090.0,5907.95,7,-1274.35,-1383.7,-0.47,max_hold_exit
GLENMARK,swing,CNC,2025-01-01 00:00:00,2025-01-07 00:00:00,1609.1,1642.05,23,757.85,658.88,0.25,max_hold_exit
VOLTAS,swing,CNC,2025-01-01 00:00:00,2025-01-07 00:00:00,1790.0,1779.7,19,-195.7,-287.01,-0.07,max_hold_exit
ATGL,swing,CNC,2025-01-02 00:00:00,2025-01-08 00:00:00,749.0,704.95,32,-1409.6,-1477.34,-0.47,max_hold_exit
AUROPHARMA,swing,CNC,2025-01-02 00:00:00,2025-01-08 00:00:00,1353.0,1281.65,28,-1997.8,-2095.86,-0.67,max_hold_exit
EICHERMOT,swing,CNC,2025-01-02 00:00:00,2025-01-02 00:00:00,4885.0,4965.767857142857,10,807.68,682.34,0.29,chandelier_stop
KOTAKBANK,swing,CNC,2025-01-03 00:00:00,2025-01-09 00:00:00,370.2,358.0,148,-1805.6,-1941.43,-0.61,max_hold_exit
ASHOKLEY,swing,CNC,2025-01-06 00:00:00,2025-01-09 00:00:00,117.0,108.13571428571429,327,-2898.62,-2996.58,-0.97,chandelier_stop
MARUTI,swing,CNC,2025-01-06 00:00:00,2025-01-10 00:00:00,11929.0,11631.1,4,-1191.6,-1312.34,-0.4,max_hold_exit
PATANJALI,swing,CNC,2025-01-06 00:00:00,2025-01-10 00:00:00,623.0,604.9,53,-959.3,-1047.62,-0.32,max_hold_exit
TITAN,swing,CNC,2025-01-07 00:00:00,2025-01-13 00:00:00,3490.0,3382.75,14,-1501.5,-1624.46,-0.51,max_hold_exit
BAJAJFINSV,swing,CNC,2025-01-08 00:00:00,2025-01-14 00:00:00,1681.0,1713.5,26,845.0,731.06,0.28,max_hold_exit
SBICARD,swing,CNC,2025-01-08 00:00:00,2025-01-14 00:00:00,732.45,734.7,53,119.25,16.92,0.04,max_hold_exit
ONGC,swing,CNC,2025-01-09 00:00:00,2025-01-15 00:00:00,259.4,246.2,138,-1821.6,-1915.2,-0.61,max_hold_exit
SRF,swing,CNC,2025-01-09 00:00:00,2025-01-15 00:00:00,2500.0,2491.7,17,-141.1,-251.34,-0.05,max_hold_exit
CHOLAFIN,swing,CNC,2025-01-10 00:00:00,2025-01-16 00:00:00,1294.0,1282.1,26,-309.4,-399.78,-0.11,max_hold_exit
M&MFIN,swing,CNC,2025-01-10 00:00:00,2025-01-16 00:00:00,259.1,250.55,145,-1239.75,-1337.89,-0.42,max_hold_exit
TATACONSUM,swing,CNC,2025-01-10 00:00:00,2025-01-16 00:00:00,965.2,937.7,51,-1402.5,-1526.38,-0.47,max_hold_exit
BHARTIARTL,swing,CNC,2025-01-13 00:00:00,2025-01-17 00:00:00,1580.0,1627.5,33,1567.5,1434.07,0.54,max_hold_exit
UPL,swing,CNC,2025-01-13 00:00:00,2025-01-17 00:00:00,546.25,551.7,63,343.35,250.58,0.12,max_hold_exit
SBILIFE,swing,CNC,2025-01-15 00:00:00,2025-01-21 00:00:00,1504.5,1466.55,33,-1252.35,-1377.32,-0.42,max_hold_exit
IDEA,swing,CNC,2025-01-16 00:00:00,2025-01-22 00:00:00,8.94,9.51,2536,1445.52,1377.71,0.48,max_hold_exit
AUBANK,swing,CNC,2025-01-17 00:00:00,2025-01-23 00:00:00,603.0,582.4,47,-968.2,-1046.11,-0.33,max_hold_exit
KOTAKBANK,swing,CNC,2025-01-17 00:00:00,2025-01-23 00:00:00,359.4,379.0,126,2469.6,2350.47,0.83,max_hold_exit
NYKAA,swing,CNC,2025-01-17 00:00:00,2025-01-23 00:00:00,173.42,170.31,196,-609.56,-700.4,-0.2,max_hold_exit
ADANIPOWER,swing,CNC,2025-01-20 00:00:00,2025-01-24 00:00:00,110.25,102.95,175,-1277.5,-1334.99,-0.43,max_hold_exit
DABUR,swing,CNC,2025-01-20 00:00:00,2025-01-24 00:00:00,528.65,521.65,88,-616.0,-734.68,-0.21,max_hold_exit
GODREJCP,swing,CNC,2025-01-20 00:00:00,2025-01-24 00:00:00,1192.8,1130.35,32,-1998.4,-2097.09,-0.68,max_hold_exit
ICICIGI,swing,CNC,2025-01-20 00:00:00,2025-01-23 00:00:00,1980.0,1823.0892857142858,16,-2510.57,-2594.31,-0.87,chandelier_stop
INDUSTOWER,swing,CNC,2025-01-20 00:00:00,2025-01-24 00:00:00,380.4,367.95,82,-1020.9,-1105.1,-0.34,max_hold_exit
OIL,swing,CNC,2025-01-20 00:00:00,2025-01-24 00:00:00,474.8,424.8107142857143,46,-2299.51,-2361.59,-0.77,chandelier_stop
RELIANCE,swing,CNC,2025-01-20 00:00:00,2025-01-24 00:00:00,1316.0,1246.3,37,-2578.9,-2700.37,-0.88,max_hold_exit
MAZDOCK,swing,CNC,2025-01-21 00:00:00,2025-01-27 00:00:00,2460.0,2228.45,8,-1852.4,-1910.15,-0.69,max_hold_exit
APLAPOLLO,swing,CNC,2025-01-22 00:00:00,2025-01-28 00:00:00,1588.0,1488.8,18,-1785.6,-1863.21,-0.61,max_hold_exit
LTF,swing,CNC,2025-01-22 00:00:00,2025-01-28 00:00:00,145.93,141.87,176,-714.56,-786.83,-0.24,max_hold_exit
WIPRO,swing,CNC,2025-01-23 00:00:00,2025-01-29 00:00:00,297.35,304.6,109,790.25,701.47,0.26,max_hold_exit
BRITANNIA,swing,CNC,2025-01-24 00:00:00,2025-01-30 00:00:00,5037.7,5075.35,8,301.2,195.39,0.11,max_hold_exit
BAJAJHLDNG,swing,CNC,2025-01-27 00:00:00,2025-01-31 00:00:00,11286.0,11559.7,2,547.4,480.74,0.23,max_hold_exit
BANKINDIA,swing,CNC,2025-01-30 00:00:00,2025-02-04 00:00:00,103.56,99.86,267,-987.9,-1064.26,-0.33,max_hold_exit
LTF,swing,CNC,2025-01-30 00:00:00,2025-02-04 00:00:00,146.2,152.03,164,956.12,885.91,0.32,max_hold_exit
JSWSTEEL,swing,CNC,2025-01-31 00:00:00,2025-02-05 00:00:00,949.75,949.9,45,6.75,-104.17,0.0,max_hold_exit
SHREECEM,swing,CNC,2025-01-31 00:00:00,2025-02-05 00:00:00,27124.0,28402.1,1,1278.1,1200.56,0.62,max_hold_exit
ULTRACEMCO,swing,CNC,2025-01-31 00:00:00,2025-02-05 00:00:00,11259,11354,3,285,193.71,0.11,max_hold_exit
CHOLAFIN,swing,CNC,2025-02-01 00:00:00,2025-02-06 00:00:00,1296.25,1381.9,18,1541.7,1472.32,0.54,max_hold_exit
HINDUNILVR,swing,CNC,2025-02-01 00:00:00,2025-02-01 00:00:00,2475.0,2436.1964285714284,19,-737.27,-856.94,-0.25,chandelier_stop
INDIANB,swing,CNC,2025-02-01 00:00:00,2025-02-06 00:00:00,529.85,523.1,51,-344.25,-419.88,-0.12,max_hold_exit
M&MFIN,swing,CNC,2025-02-01 00:00:00,2025-02-06 00:00:00,264.65,275.85,112,1254.4,1171.29,0.42,max_hold_exit
NESTLEIND,swing,CNC,2025-02-01 00:00:00,2025-02-06 00:00:00,1156.5,1119.7,36,-1324.8,-1431.89,-0.44,max_hold_exit
RVNL,swing,CNC,2025-02-01 00:00:00,2025-02-03 00:00:00,485.0,412.26071428571424,40,-2909.57,-2965.6,-0.98,chandelier_stop
TITAN,swing,CNC,2025-02-01 00:00:00,2025-02-06 00:00:00,3527.0,3410.75,12,-1395.0,-1503.55,-0.49,max_hold_exit
TVSMOTOR,swing,CNC,2025-02-01 00:00:00,2025-02-06 00:00:00,2466.0,2591.35,13,1629.55,1540.68,0.55,max_hold_exit
COLPAL,swing,CNC,2025-02-03 00:00:00,2025-02-07 00:00:00,2899.95,2635.917857142857,11,-2904.35,-2988.17,-1.03,chandelier_stop
DMART,swing,CNC,2025-02-03 00:00:00,2025-02-07 00:00:00,3899.95,3743.5,9,-1408.05,-1500.53,-0.5,max_hold_exit
INDIGO,swing,CNC,2025-02-03 00:00:00,2025-02-07 00:00:00,4482.95,4364.55,7,-828.8,-913.61,-0.28,max_hold_exit
JUBLFOOD,swing,CNC,2025-02-03 00:00:00,2025-02-07 00:00:00,735.0,688.4,32,-1491.2,-1557.86,-0.51,max_hold_exit
LAURUSLABS,swing,CNC,2025-02-03 00:00:00,2025-02-07 00:00:00,590.1,641.35,29,1486.25,1430.75,0.5,max_hold_exit
NYKAA,swing,CNC,2025-02-03 00:00:00,2025-02-07 00:00:00,176.0,173.46,148,-375.92,-449.35,-0.13,max_hold_exit
GODREJCP,swing,CNC,2025-02-04 00:00:00,2025-02-10 00:00:00,1161.2,1091.25,28,-1958.6,-2044.76,-0.66,max_hold_exit
INDUSINDBK,swing,CNC,2025-02-04 00:00:00,2025-02-10 00:00:00,1022.45,1068.0,34,1548.7,1453.91,0.53,max_hold_exit
M&M,swing,CNC,2025-02-04 00:00:00,2025-02-10 00:00:00,3225.0,3137.25,10,-877.5,-964.19,-0.32,max_hold_exit
PHOENIXLTD,swing,CNC,2025-02-04 00:00:00,2025-02-10 00:00:00,1822.3,1622.15,12,-2401.8,-2463.84,-0.83,max_hold_exit
VMM,swing,CNC,2025-02-04 00:00:00,2025-02-10 00:00:00,117.7,111.32,180,-1148.4,-1210.22,-0.38,max_hold_exit
MAXHEALTH,swing,CNC,2025-02-05 00:00:00,2025-02-11 00:00:00,1180.0,1050.307142857143,22,-2853.24,-2923.91,-0.99,chandelier_stop
RELIANCE,swing,CNC,2025-02-05 00:00:00,2025-02-11 00:00:00,1282.65,1234.85,36,-1720.8,-1837.57,-0.58,max_hold_exit
SBILIFE,swing,CNC,2025-02-05 00:00:00,2025-02-11 00:00:00,1472.4,1419.0,22,-1174.8,-1261.5,-0.4,max_hold_exit
DIVISLAB,swing,CNC,2025-02-06 00:00:00,2025-02-12 00:00:00,6148.3,5969.85,4,-713.8,-783.65,-0.26,max_hold_exit
KPITTECH,swing,CNC,2025-02-06 00:00:00,2025-02-12 00:00:00,1440.0,1353.15,15,-1302.75,-1365.34,-0.46,max_hold_exit
COROMANDEL,swing,CNC,2025-02-07 00:00:00,2025-02-13 00:00:00,1865.1,1851.25,14,-193.9,-267.66,-0.07,max_hold_exit
HDFCLIFE,swing,CNC,2025-02-07 00:00:00,2025-02-13 00:00:00,631.95,629.6,52,-122.2,-211.04,-0.04,max_hold_exit
HYUNDAI,swing,CNC,2025-02-07 00:00:00,2025-02-13 00:00:00,1828.95,1799.2,16,-476.0,-556.47,-0.16,max_hold_exit
UNIONBANK,swing,CNC,2025-02-07 00:00:00,2025-02-13 00:00:00,111.8,106.18,263,-1478.06,-1557.81,-0.49,max_hold_exit
ZYDUSLIFE,swing,CNC,2025-02-07 00:00:00,2025-02-12 00:00:00,1008.2,922.15,34,-2925.7,-3014.78,-0.98,chandelier_stop
BLUESTARCO,swing,CNC,2025-02-10 00:00:00,2025-02-14 00:00:00,2040.75,1963.6,8,-617.2,-668.77,-0.22,max_hold_exit
IDFCFIRSTB,swing,CNC,2025-02-10 00:00:00,2025-02-14 00:00:00,64.09,60.6,456,-1591.44,-1670.67,-0.53,max_hold_exit
PERSISTENT,swing,CNC,2025-02-10 00:00:00,2025-02-14 00:00:00,6280.0,5515.25,3,-2294.25,-2349.67,-0.82,chandelier_stop
GODFRYPHLP,swing,CNC,2025-02-11 00:00:00,2025-02-17 00:00:00,1814.0,2346.0,8,4256.0,4203.41,1.57,max_hold_exit
ASHOKLEY,swing,CNC,2025-02-18 00:00:00,2025-02-24 00:00:00,111.7,111.55,218,-32.7,-102.71,-0.01,max_hold_exit
CIPLA,swing,CNC,2025-02-18 00:00:00,2025-02-24 00:00:00,1474.65,1476.75,26,54.6,-46.6,0.02,max_hold_exit
HDFCBANK,swing,CNC,2025-02-18 00:00:00,2025-02-24 00:00:00,856.5,838.6,67,-1199.3,-1341.52,-0.4,max_hold_exit
SBILIFE,swing,CNC,2025-02-18 00:00:00,2025-02-24 00:00:00,1476.25,1486.5,24,246.0,151.07,0.08,max_hold_exit
HINDALCO,swing,CNC,2025-02-19 00:00:00,2025-02-25 00:00:00,607.0,619.45,55,684.75,593.91,0.23,max_hold_exit
BSE,swing,CNC,2025-02-21 00:00:00,2025-02-27 00:00:00,1980.0,1713.4285714285716,10,-2665.71,-2722.89,-0.91,chandelier_stop
PATANJALI,swing,CNC,2025-02-21 00:00:00,2025-02-28 00:00:00,621.7,563.4214285714286,52,-3030.49,-3115.12,-1.02,chandelier_stop
SHRIRAMFIN,swing,CNC,2025-02-21 00:00:00,2025-02-28 00:00:00,580.85,617.3,40,1458.0,1388.92,0.49,max_hold_exit
UNIONBANK,swing,CNC,2025-02-21 00:00:00,2025-02-28 00:00:00,109.22,105.32,227,-885.3,-955.41,-0.3,max_hold_exit
NESTLEIND,swing,CNC,2025-02-28 00:00:00,2025-03-04 00:00:00,1130.5,1068.1214285714286,51,-3181.31,-3322.08,-1.07,chandelier_stop
BLUESTARCO,swing,CNC,2025-03-05 00:00:00,2025-03-11 00:00:00,2121.7,2021.4,9,-902.7,-960.13,-0.33,max_hold_exit
HDFCBANK,swing,CNC,2025-03-05 00:00:00,2025-03-11 00:00:00,851.0,842.8,66,-541.2,-681.4,-0.18,max_hold_exit
JINDALSTEL,swing,CNC,2025-03-06 00:00:00,2025-03-12 00:00:00,902.0,903.05,35,36.75,-49.38,0.01,max_hold_exit
SAIL,swing,CNC,2025-03-06 00:00:00,2025-03-12 00:00:00,113.5,106.66,204,-1395.36,-1461.3,-0.47,max_hold_exit
FORTIS,swing,CNC,2025-03-07 00:00:00,2025-03-13 00:00:00,644.2,605.45,39,-1511.25,-1581.45,-0.5,max_hold_exit
NTPC,swing,CNC,2025-03-07 00:00:00,2025-03-13 00:00:00,335.85,331.9,101,-398.95,-489.85,-0.13,max_hold_exit
POWERINDIA,swing,CNC,2025-03-07 00:00:00,2025-03-13 00:00:00,13543.7,12033.5,1,-1510.2,-1554.67,-0.69,max_hold_exit
TATAINVEST,swing,CNC,2025-03-07 00:00:00,2025-03-13 00:00:00,615.0,611.0,26,-104.0,-155.36,-0.04,max_hold_exit
AXISBANK,swing,CNC,2025-03-10 00:00:00,2025-03-17 00:00:00,1036.0,1034.15,52,-96.2,-231.76,-0.03,max_hold_exit
MAZDOCK,swing,CNC,2025-03-10 00:00:00,2025-03-17 00:00:00,2344.7,2322.05,8,-181.2,-238.63,-0.06,max_hold_exit
NMDC,swing,CNC,2025-03-10 00:00:00,2025-03-17 00:00:00,63.6,60.89,444,-1203.24,-1280.68,-0.4,max_hold_exit
SOLARINDS,swing,CNC,2025-03-11 00:00:00,2025-03-18 00:00:00,9800.0,10085.65,3,856.95,774.79,0.35,max_hold_exit
BEL,swing,CNC,2025-03-12 00:00:00,2025-03-19 00:00:00,278.78,290.0,101,1133.22,1053.54,0.38,max_hold_exit
COALINDIA,swing,CNC,2025-03-12 00:00:00,2025-03-19 00:00:00,369.55,385.4,94,1489.9,1395.22,0.5,max_hold_exit
HDFCLIFE,swing,CNC,2025-03-12 00:00:00,2025-03-19 00:00:00,636.95,664.55,75,2070.0,1945.76,0.7,max_hold_exit
NESTLEIND,swing,CNC,2025-03-12 00:00:00,2025-03-19 00:00:00,1124.5,1092.0,36,-1170.0,-1274.69,-0.4,max_hold_exit
VEDL,swing,CNC,2025-03-12 00:00:00,2025-03-19 00:00:00,224.6,232.5,124,979.6,900.76,0.33,max_hold_exit
ADANIENSOL,swing,CNC,2025-03-13 00:00:00,2025-03-20 00:00:00,783.8,815.1,30,939.0,869.84,0.32,max_hold_exit
ADANIPOWER,swing,CNC,2025-03-13 00:00:00,2025-03-20 00:00:00,103.4,103.95,241,132.55,61.1,0.04,max_hold_exit
VOLTAS,swing,CNC,2025-03-13 00:00:00,2025-03-20 00:00:00,1451.95,1469.9,22,394.9,307.57,0.13,max_hold_exit
DMART,swing,CNC,2025-03-17 00:00:00,2025-03-21 00:00:00,3797.1,3892.2,10,951.0,849.7,0.33,max_hold_exit
GMRAIRPORT,swing,CNC,2025-03-17 00:00:00,2025-03-21 00:00:00,74.8,77.36,439,1123.84,1033.77,0.37,max_hold_exit
NHPC,swing,CNC,2025-03-17 00:00:00,2025-03-21 00:00:00,77.6,82.56,396,1964.16,1877.9,0.66,max_hold_exit
RELIANCE,swing,CNC,2025-03-17 00:00:00,2025-03-21 00:00:00,1242.15,1276.35,40,1368.0,1240.23,0.46,max_hold_exit
CIPLA,swing,CNC,2025-03-18 00:00:00,2025-03-24 00:00:00,1499.1,1524.05,34,848.3,718.21,0.28,max_hold_exit
COROMANDEL,swing,CNC,2025-03-18 00:00:00,2025-03-24 00:00:00,1894.95,1986.0,12,1092.6,1025.0,0.37,max_hold_exit
EICHERMOT,swing,CNC,2025-03-18 00:00:00,2025-03-24 00:00:00,5066.2,5424.2,7,2506.0,2408.66,0.95,max_hold_exit
LAURUSLABS,swing,CNC,2025-03-18 00:00:00,2025-03-24 00:00:00,585.0,623.0,47,1786.0,1707.11,0.6,max_hold_exit
MUTHOOTFIN,swing,CNC,2025-03-18 00:00:00,2025-03-24 00:00:00,2290.2,2352.55,16,997.6,899.2,0.35,max_hold_exit
RADICO,swing,CNC,2025-03-18 00:00:00,2025-03-24 00:00:00,2214.35,2301.6,12,1047.0,970.93,0.38,max_hold_exit
CGPOWER,swing,CNC,2025-03-19 00:00:00,2025-03-25 00:00:00,639.45,626.9,36,-451.8,-518.42,-0.15,max_hold_exit
GLENMARK,swing,CNC,2025-03-19 00:00:00,2025-03-25 00:00:00,1465.0,1480.75,25,393.75,296.01,0.13,max_hold_exit
HDFCBANK,swing,CNC,2025-03-19 00:00:00,2025-03-25 00:00:00,867.5,910.7,73,3153.6,2993.66,1.05,max_hold_exit
HINDZINC,swing,CNC,2025-03-19 00:00:00,2025-03-25 00:00:00,441.5,444.45,77,227.15,135.43,0.08,max_hold_exit
ICICIBANK,swing,CNC,2025-03-19 00:00:00,2025-03-25 00:00:00,1305.6,1343.7,51,1943.1,1777.17,0.65,max_hold_exit
NMDC,swing,CNC,2025-03-19 00:00:00,2025-03-25 00:00:00,63.45,66.18,457,1247.61,1165.94,0.42,max_hold_exit
ABCAPITAL,swing,CNC,2025-03-20 00:00:00,2025-03-26 00:00:00,173.0,181.43,191,1610.13,1519.1,0.54,max_hold_exit
ADANIENT,swing,CNC,2025-03-20 00:00:00,2025-03-26 00:00:00,2276.4,2242.0,15,-516.0,-607.28,-0.18,max_hold_exit
ASIANPAINT,swing,CNC,2025-03-20 00:00:00,2025-03-26 00:00:00,2290.0,2323.15,21,696.15,572.62,0.24,max_hold_exit
BDL,swing,CNC,2025-03-20 00:00:00,2025-03-26 00:00:00,1210.0,1326.75,17,1984.75,1921.05,0.69,max_hold_exit
CUMMINSIND,swing,CNC,2025-03-20 00:00:00,2025-03-26 00:00:00,3025.2,3004.95,10,-202.5,-285.45,-0.07,max_hold_exit
INDHOTEL,swing,CNC,2025-03-20 00:00:00,2025-03-26 00:00:00,821.8,808.2,42,-571.2,-663.25,-0.19,max_hold_exit
LTF,swing,CNC,2025-03-20 00:00:00,2025-03-26 00:00:00,147.59,152.95,212,1136.32,1049.67,0.38,max_hold_exit
M&MFIN,swing,CNC,2025-03-20 00:00:00,2025-03-26 00:00:00,270.2,266.7,124,-434.0,-523.94,-0.15,max_hold_exit
MFSL,swing,CNC,2025-03-20 00:00:00,2025-03-26 00:00:00,1103.0,1117.6,27,394.2,311.67,0.13,max_hold_exit
SAIL,swing,CNC,2025-03-20 00:00:00,2025-03-26 00:00:00,114.05,113.29,240,-182.4,-258.97,-0.06,max_hold_exit
SUZLON,swing,CNC,2025-03-20 00:00:00,2025-03-26 00:00:00,58.9,57.43,368,-540.96,-604.5,-0.18,max_hold_exit
TATAPOWER,swing,CNC,2025-03-20 00:00:00,2025-03-26 00:00:00,374.8,376.0,98,117.6,19.92,0.04,max_hold_exit
APLAPOLLO,swing,CNC,2025-03-21 00:00:00,2025-03-27 00:00:00,1510.3,1531.1,17,353.6,280.24,0.12,max_hold_exit
BHARTIARTL,swing,CNC,2025-03-21 00:00:00,2025-03-27 00:00:00,1709.65,1724.7,22,331.1,231.24,0.11,max_hold_exit
BHEL,swing,CNC,2025-03-21 00:00:00,2025-03-27 00:00:00,206.54,213.98,139,1034.16,953.35,0.34,max_hold_exit
COCHINSHIP,swing,CNC,2025-03-21 00:00:00,2025-03-27 00:00:00,1455.1,1424.95,15,-452.25,-516.22,-0.16,max_hold_exit
HAL,swing,CNC,2025-03-21 00:00:00,2025-03-27 00:00:00,3849.0,4160.95,7,2183.65,2105.58,0.76,max_hold_exit
HDFCAMC,swing,CNC,2025-03-21 00:00:00,2025-03-27 00:00:00,1899.5,1956.2,17,963.9,875.2,0.34,max_hold_exit
MAXHEALTH,swing,CNC,2025-03-21 00:00:00,2025-03-27 00:00:00,1126.05,1129.4,23,77.05,3.48,0.03,max_hold_exit
SBILIFE,swing,CNC,2025-03-21 00:00:00,2025-03-27 00:00:00,1500.0,1544.9,28,1257.2,1146.62,0.43,max_hold_exit
SUNPHARMA,swing,CNC,2025-03-21 00:00:00,2025-03-27 00:00:00,1759.0,1731.45,26,-716.3,-833.13,-0.24,max_hold_exit
TATACOMM,swing,CNC,2025-03-21 00:00:00,2025-03-27 00:00:00,1604.8,1594.55,20,-205.0,-292.05,-0.07,max_hold_exit
TORNTPHARM,swing,CNC,2025-03-21 00:00:00,2025-03-27 00:00:00,3240.0,3233.15,12,-82.2,-184.45,-0.03,max_hold_exit
VBL,swing,CNC,2025-03-21 00:00:00,2025-03-27 00:00:00,547.0,536.3,47,-502.9,-575.45,-0.17,max_hold_exit
AMBUJACEM,swing,CNC,2025-03-24 00:00:00,2025-03-28 00:00:00,516.9,538.35,71,1522.95,1423.88,0.51,max_hold_exit
AUROPHARMA,swing,CNC,2025-03-24 00:00:00,2025-03-27 00:00:00,1209.0,1134.1107142857143,33,-2471.35,-2573.38,-0.83,chandelier_stop
BANKINDIA,swing,CNC,2025-03-24 00:00:00,2025-03-28 00:00:00,99.42,100.1,348,236.64,143.57,0.08,max_hold_exit
BHARATFORG,swing,CNC,2025-03-24 00:00:00,2025-03-28 00:00:00,1185.0,1169.15,25,-396.25,-477.61,-0.14,max_hold_exit
GAIL,swing,CNC,2025-03-24 00:00:00,2025-03-28 00:00:00,173.36,177.51,204,846.6,751.19,0.28,max_hold_exit
GODREJCP,swing,CNC,2025-03-24 00:00:00,2025-03-28 00:00:00,1116.0,1063.932142857143,35,-1822.37,-1923.23,-0.62,chandelier_stop
GRASIM,swing,CNC,2025-03-24 00:00:00,2025-03-28 00:00:00,2478.65,2611.15,20,2650.0,2521.15,0.91,max_hold_exit
HINDPETRO,swing,CNC,2025-03-24 00:00:00,2025-03-28 00:00:00,361.5,351.15,71,-734.85,-807.06,-0.25,max_hold_exit
HUDCO,swing,CNC,2025-03-24 00:00:00,2025-03-28 00:00:00,203.5,199.45,127,-514.35,-587.19,-0.17,max_hold_exit
INDIANB,swing,CNC,2025-03-24 00:00:00,2025-03-28 00:00:00,527.95,516.8,59,-657.85,-742.33,-0.22,max_hold_exit
LICHSGFIN,swing,CNC,2025-03-24 00:00:00,2025-03-28 00:00:00,573.0,563.85,58,-530.7,-619.94,-0.18,max_hold_exit
LUPIN,swing,CNC,2025-03-24 00:00:00,2025-03-28 00:00:00,2129.0,2027.95,19,-1919.95,-2023.79,-0.67,max_hold_exit
NESTLEIND,swing,CNC,2025-03-24 00:00:00,2025-03-28 00:00:00,1136.6,1125.4,35,-392.0,-495.94,-0.13,max_hold_exit
NYKAA,swing,CNC,2025-03-24 00:00:00,2025-03-28 00:00:00,173.0,179.08,183,1112.64,1025.2,0.37,max_hold_exit
PHOENIXLTD,swing,CNC,2025-03-24 00:00:00,2025-03-28 00:00:00,1671.45,1643.3,15,-422.25,-493.46,-0.14,max_hold_exit
POWERGRID,swing,CNC,2025-03-24 00:00:00,2025-03-28 00:00:00,285.0,290.35,134,716.9,615.35,0.24,max_hold_exit
SBIN,swing,CNC,2025-03-24 00:00:00,2025-03-28 00:00:00,758.0,771.5,77,1039.5,892.78,0.35,max_hold_exit
ADANIGREEN,swing,CNC,2025-03-25 00:00:00,2025-04-01 00:00:00,959.0,919.15,25,-996.25,-1064.43,-0.33,max_hold_exit
ALKEM,swing,CNC,2025-03-25 00:00:00,2025-04-01 00:00:00,5087.0,4835.55,8,-2011.6,-2115.89,-0.72,max_hold_exit
BANKBARODA,swing,CNC,2025-03-25 00:00:00,2025-04-01 00:00:00,211.55,214.05,217,542.5,423.98,0.18,max_hold_exit
DIVISLAB,swing,CNC,2025-03-25 00:00:00,2025-04-01 00:00:00,5940.25,5549.7,7,-2733.85,-2839.36,-1.0,max_hold_exit
FEDERALBNK,swing,CNC,2025-03-25 00:00:00,2025-04-01 00:00:00,196.74,192.43,244,-1051.64,-1173.17,-0.35,max_hold_exit
INDUSTOWER,swing,CNC,2025-03-25 00:00:00,2025-04-01 00:00:00,350.9,352.45,88,136.4,51.7,0.05,max_hold_exit
LT,swing,CNC,2025-03-25 00:00:00,2025-04-01 00:00:00,3505.0,3436.8,13,-886.6,-1002.88,-0.32,max_hold_exit
TMPV,swing,CNC,2025-03-25 00:00:00,2025-03-27 00:00:00,495.05,461.6071428571429,88,-2942.97,-3052.67,-0.99,chandelier_stop
WAAREEENER,swing,CNC,2025-03-25 00:00:00,2025-04-01 00:00:00,2450.55,2379.85,11,-777.7,-852.73,-0.27,max_hold_exit
APOLLOHOSP,swing,CNC,2025-03-26 00:00:00,2025-04-02 00:00:00,6653.8,6732.15,8,626.8,491.92,0.21,max_hold_exit
FORTIS,swing,CNC,2025-03-26 00:00:00,2025-04-02 00:00:00,650.0,662.6,42,529.2,452.05,0.18,max_hold_exit
LODHA,swing,CNC,2025-03-26 00:00:00,2025-04-02 00:00:00,1210.25,1218.45,17,139.4,77.6,0.05,max_hold_exit
TVSMOTOR,swing,CNC,2025-03-26 00:00:00,2025-04-02 00:00:00,2415.0,2496.1,15,1216.5,1118.8,0.42,max_hold_exit
ULTRACEMCO,swing,CNC,2025-03-26 00:00:00,2025-04-02 00:00:00,11153,11026,4,-508,-622.55,-0.2,max_hold_exit
KPITTECH,swing,CNC,2025-03-27 00:00:00,2025-04-03 00:00:00,1335.0,1211.1,19,-2354.1,-2423.96,-0.8,max_hold_exit
MARICO,swing,CNC,2025-03-27 00:00:00,2025-04-03 00:00:00,642.0,660.95,79,1497.05,1366.85,0.5,max_hold_exit
MOTHERSON,swing,CNC,2025-03-27 00:00:00,2025-04-03 00:00:00,87.0,85.96,354,-368.16,-452.16,-0.12,max_hold_exit
PAYTM,swing,CNC,2025-03-27 00:00:00,2025-04-03 00:00:00,771.0,836.4,27,1765.8,1701.78,0.6,max_hold_exit
PIDILITIND,swing,CNC,2025-03-27 00:00:00,2025-04-03 00:00:00,1410.3,1430.8,37,758.5,625.81,0.26,max_hold_exit
CANBK,swing,CNC,2025-03-28 00:00:00,2025-04-04 00:00:00,83.79,84.47,446,303.28,203.98,0.1,max_hold_exit
PNB,swing,CNC,2025-03-28 00:00:00,2025-04-04 00:00:00,91.04,91.24,428,85.6,-17.02,0.03,max_hold_exit
UNITDSPR,swing,CNC,2025-03-28 00:00:00,2025-04-04 00:00:00,1417.0,1427.35,30,310.5,199.77,0.11,max_hold_exit
BRITANNIA,swing,CNC,2025-04-01 00:00:00,2025-04-07 00:00:00,4890.1,4717.3035714285725,8,-1382.37,-1483.81,-0.51,chandelier_stop
COFORGE,swing,CNC,2025-04-01 00:00:00,2025-04-03 00:00:00,1614.0,1449.107142857143,18,-2968.07,-3045.49,-1.0,chandelier_stop
BSE,swing,CNC,2025-04-02 00:00:00,2025-04-08 00:00:00,1823.0,1846.0,10,230.0,173.32,0.08,max_hold_exit
PATANJALI,swing,CNC,2025-04-02 00:00:00,2025-04-07 00:00:00,598.3,584.8214285714286,83,-1118.72,-1243.86,-0.38,chandelier_stop
TATACONSUM,swing,CNC,2025-04-02 00:00:00,2025-04-08 00:00:00,1018.0,1069.75,46,2380.5,2258.03,0.8,max_hold_exit
TRENT,swing,CNC,2025-04-02 00:00:00,2025-04-07 00:00:00,3753.7,3359.828571428571,8,-3150.97,-3230.38,-1.08,chandelier_stop
EXIDEIND,swing,CNC,2025-04-03 00:00:00,2025-04-07 00:00:00,367.0,336.5107142857143,96,-2926.97,-3018.17,-0.98,chandelier_stop
GODREJPROP,swing,CNC,2025-04-03 00:00:00,2025-04-07 00:00:00,2110.15,1933.189285714286,14,-2477.45,-2556.47,-0.83,chandelier_stop
VMM,swing,CNC,2025-04-03 00:00:00,2025-04-07 00:00:00,106.49,98.12214285714285,289,-2418.31,-2500.13,-0.81,chandelier_stop
AUBANK,swing,CNC,2025-04-04 00:00:00,2025-04-11 00:00:00,559.85,557.1,45,-123.75,-195.54,-0.04,max_hold_exit
IRCTC,swing,CNC,2025-04-04 00:00:00,2025-04-07 00:00:00,738.0,674.4857142857143,59,-3747.34,-3856.16,-1.26,chandelier_stop
KALYANKJIL,swing,CNC,2025-04-04 00:00:00,2025-04-11 00:00:00,506.1,510.75,43,199.95,135.45,0.07,max_hold_exit
LUPIN,swing,CNC,2025-04-04 00:00:00,2025-04-07 00:00:00,2089.95,1849.617857142857,16,-3845.31,-3931.58,-1.32,chandelier_stop
HINDUNILVR,swing,CNC,2025-04-11 00:00:00,2025-04-21 00:00:00,2394.6,2351.0,18,-784.8,-895.71,-0.27,max_hold_exit
ITC,swing,CNC,2025-04-11 00:00:00,2025-04-21 00:00:00,400.5,403.15,141,373.65,231.83,0.12,max_hold_exit
IDFCFIRSTB,swing,CNC,2025-04-15 00:00:00,2025-04-22 00:00:00,61.01,67.2,440,2723.6,2645.19,0.91,max_hold_exit
PIIND,swing,CNC,2025-04-15 00:00:00,2025-04-22 00:00:00,3664.0,3699.5,7,248.5,175.31,0.09,max_hold_exit
CONCOR,swing,CNC,2025-04-16 00:00:00,2025-04-23 00:00:00,559.2,570.75,47,542.85,467.95,0.18,max_hold_exit
HAVELLS,swing,CNC,2025-04-16 00:00:00,2025-04-23 00:00:00,1576.0,1612.0,22,792.0,698.19,0.27,max_hold_exit
IRCTC,swing,CNC,2025-04-16 00:00:00,2025-04-23 00:00:00,760.95,784.95,43,1032.0,942.28,0.35,max_hold_exit
MCX,swing,CNC,2025-04-16 00:00:00,2025-04-23 00:00:00,1120.0,1228.0,20,2160.0,2092.05,0.75,max_hold_exit
TITAN,swing,CNC,2025-04-16 00:00:00,2025-04-23 00:00:00,3250.0,3357.3,11,1180.3,1083.69,0.39,max_hold_exit
ADANIGREEN,swing,CNC,2025-04-17 00:00:00,2025-04-24 00:00:00,945.6,968.95,23,537.05,472.23,0.19,max_hold_exit
COLPAL,swing,CNC,2025-04-17 00:00:00,2025-04-24 00:00:00,2577.0,2732.0,15,2325.0,2220.75,0.8,max_hold_exit
DIXON,swing,CNC,2025-04-17 00:00:00,2025-04-24 00:00:00,15210.0,16588.0,1,1378.0,1326.84,0.68,max_hold_exit
IREDA,swing,CNC,2025-04-17 00:00:00,2025-04-24 00:00:00,175.0,175.14,122,17.08,-46.32,0.01,max_hold_exit
IRFC,swing,CNC,2025-04-17 00:00:00,2025-04-24 00:00:00,129.99,133.42,212,727.16,649.23,0.24,max_hold_exit
JIOFIN,swing,CNC,2025-04-17 00:00:00,2025-04-24 00:00:00,242.94,258.78,119,1884.96,1802.83,0.63,max_hold_exit
LODHA,swing,CNC,2025-04-17 00:00:00,2025-04-24 00:00:00,1240.4,1320.2,16,1276.8,1215.44,0.44,max_hold_exit
POLICYBZR,swing,CNC,2025-04-17 00:00:00,2025-04-24 00:00:00,1649.6,1667.2,12,211.2,151.06,0.07,max_hold_exit
POWERINDIA,swing,CNC,2025-04-17 00:00:00,2025-04-24 00:00:00,12720.0,13924.0,1,1204.0,1158.55,0.67,max_hold_exit
YESBANK,swing,CNC,2025-04-17 00:00:00,2025-04-24 00:00:00,17.84,18.43,1648,972.32,890.04,0.32,max_hold_exit
ASHOKLEY,swing,CNC,2025-04-21 00:00:00,2025-04-25 00:00:00,109.7,112.5,289,809.2,721.97,0.27,max_hold_exit
CIPLA,swing,CNC,2025-04-21 00:00:00,2025-04-25 00:00:00,1525.0,1525.9,19,17.1,-63.24,0.01,max_hold_exit
ETERNAL,swing,CNC,2025-04-21 00:00:00,2025-04-25 00:00:00,229.0,228.81,113,-21.47,-94.89,-0.01,max_hold_exit
RVNL,swing,CNC,2025-04-21 00:00:00,2025-04-25 00:00:00,372.0,361.2,65,-702.0,-770.94,-0.24,max_hold_exit
ATGL,swing,CNC,2025-04-22 00:00:00,2025-04-28 00:00:00,627.2,617.0,45,-459.0,-537.18,-0.16,max_hold_exit
AUROPHARMA,swing,CNC,2025-04-22 00:00:00,2025-04-28 00:00:00,1201.2,1247.2,17,782.0,719.88,0.26,max_hold_exit
BAJAJHLDNG,swing,CNC,2025-04-22 00:00:00,2025-04-28 00:00:00,12250.0,12354.0,1,104.0,60.74,0.06,max_hold_exit
HEROMOTOCO,swing,CNC,2025-04-22 00:00:00,2025-04-28 00:00:00,3901.0,3911.7,7,74.9,-1.8,0.03,max_hold_exit
HINDZINC,swing,CNC,2025-04-22 00:00:00,2025-04-28 00:00:00,453.0,452.5,50,-25.0,-91.24,-0.01,max_hold_exit
MOTILALOFS,swing,CNC,2025-04-22 00:00:00,2025-04-28 00:00:00,689.0,677.75,33,-371.25,-437.33,-0.12,max_hold_exit
ONGC,swing,CNC,2025-04-22 00:00:00,2025-04-28 00:00:00,237.4,239.0,115,184.0,107.2,0.06,max_hold_exit
PREMIERENE,swing,CNC,2025-04-22 00:00:00,2025-04-28 00:00:00,1036.85,1008.85,22,-616.0,-681.99,-0.21,max_hold_exit
RECLTD,swing,CNC,2025-04-22 00:00:00,2025-04-28 00:00:00,444.4,433.05,58,-658.3,-730.83,-0.22,max_hold_exit
RELIANCE,swing,CNC,2025-04-22 00:00:00,2025-04-28 00:00:00,1300.0,1368.8,29,1995.2,1893.42,0.69,max_hold_exit
SUZLON,swing,CNC,2025-04-22 00:00:00,2025-04-28 00:00:00,60.95,57.78,336,-1065.12,-1125.46,-0.36,max_hold_exit
WAAREEENER,swing,CNC,2025-04-22 00:00:00,2025-04-25 00:00:00,2520.0,2624.364285714286,9,939.28,871.97,0.33,chandelier_stop
360ONE,swing,CNC,2025-04-23 00:00:00,2025-04-29 00:00:00,1020.0,983.05,16,-591.2,-642.79,-0.21,max_hold_exit
ABB,swing,CNC,2025-04-23 00:00:00,2025-04-29 00:00:00,5715.0,5583.5,5,-657.5,-736.26,-0.23,max_hold_exit
BAJAJ-AUTO,swing,CNC,2025-04-23 00:00:00,2025-04-29 00:00:00,7910.5,7879.0,4,-126.0,-212.12,-0.04,max_hold_exit
CGPOWER,swing,CNC,2025-04-23 00:00:00,2025-04-29 00:00:00,649.05,638.45,37,-392.2,-461.1,-0.13,max_hold_exit
DIVISLAB,swing,CNC,2025-04-23 00:00:00,2025-04-29 00:00:00,5927.0,6108.0,4,724.0,654.63,0.25,max_hold_exit
MOTHERSON,swing,CNC,2025-04-23 00:00:00,2025-04-29 00:00:00,89.93,90.72,244,192.76,127.86,0.06,max_hold_exit
OBEROIRLTY,swing,CNC,2025-04-23 00:00:00,2025-04-29 00:00:00,1711.3,1620.5,15,-1362.0,-1433.57,-0.47,max_hold_exit
OIL,swing,CNC,2025-04-23 00:00:00,2025-04-29 00:00:00,405.0,404.45,62,-34.1,-105.8,-0.01,max_hold_exit
PHOENIXLTD,swing,CNC,2025-04-23 00:00:00,2025-04-29 00:00:00,1693.8,1632.4,15,-921.0,-992.44,-0.31,max_hold_exit
POLYCAB,swing,CNC,2025-04-23 00:00:00,2025-04-29 00:00:00,5585.0,5570.5,5,-72.5,-150.42,-0.03,max_hold_exit
PRESTIGE,swing,CNC,2025-04-23 00:00:00,2025-04-29 00:00:00,1320.2,1380.0,17,1016.6,949.74,0.36,max_hold_exit
ASTRAL,swing,CNC,2025-04-24 00:00:00,2025-04-30 00:00:00,1408.0,1345.1,20,-1258.0,-1335.21,-0.43,max_hold_exit
BOSCHLTD,swing,CNC,2025-04-24 00:00:00,2025-04-30 00:00:00,28415.0,29455.0,1,1040.0,959.84,0.51,max_hold_exit
DRREDDY,swing,CNC,2025-04-24 00:00:00,2025-04-30 00:00:00,1179.0,1183.9,24,117.6,38.66,0.04,max_hold_exit
IDEA,swing,CNC,2025-04-24 00:00:00,2025-04-30 00:00:00,7.94,7.213571428571429,2140,-1554.56,-1606.64,-0.52,chandelier_stop
JINDALSTEL,swing,CNC,2025-04-24 00:00:00,2025-04-30 00:00:00,917.0,895.65,28,-597.8,-670.17,-0.2,max_hold_exit
M&M,swing,CNC,2025-04-24 00:00:00,2025-04-30 00:00:00,2917.8,2928.8,11,121.0,33.61,0.04,max_hold_exit
OFSS,swing,CNC,2025-04-24 00:00:00,2025-04-30 00:00:00,8194.0,8215.0,3,63.0,-7.63,0.03,max_hold_exit
CUMMINSIND,swing,CNC,2025-04-25 00:00:00,2025-05-02 00:00:00,2938.0,2888.7,9,-443.7,-517.94,-0.15,max_hold_exit
GODREJPROP,swing,CNC,2025-04-25 00:00:00,2025-05-02 00:00:00,2147.1,2249.3,12,1226.4,1151.94,0.41,max_hold_exit
LUPIN,swing,CNC,2025-04-25 00:00:00,2025-05-02 00:00:00,2110.8,2057.1,10,-537.0,-599.29,-0.19,max_hold_exit
TRENT,swing,CNC,2025-04-25 00:00:00,2025-05-02 00:00:00,3556.0,3432.0,6,-744.0,-806.58,-0.25,max_hold_exit
MPHASIS,swing,CNC,2025-04-28 00:00:00,2025-05-05 00:00:00,2417.6,2345.1,8,-580.0,-638.31,-0.22,max_hold_exit
GVT&D,swing,CNC,2025-04-29 00:00:00,2025-05-06 00:00:00,1549.0,1540.7,13,-107.9,-168.47,-0.04,max_hold_exit
SUPREMEIND,swing,CNC,2025-04-29 00:00:00,2025-05-06 00:00:00,3630.0,3447.9,6,-1092.6,-1155.8,-0.42,max_hold_exit
BHARATFORG,swing,CNC,2025-04-30 00:00:00,2025-05-07 00:00:00,1135.0,1140.9,22,129.8,58.24,0.04,max_hold_exit
TECHM,swing,CNC,2025-04-30 00:00:00,2025-05-07 00:00:00,1431.3,1431.2,19,-1.9,-78.27,-0.0,max_hold_exit
LT,swing,CNC,2025-05-02 00:00:00,2025-05-08 00:00:00,3325.0,3323.9,12,-13.2,-117.79,-0.0,max_hold_exit
DLF,swing,CNC,2025-05-05 00:00:00,2025-05-09 00:00:00,692.7,629.4214285714286,47,-2974.09,-3059.3,-0.99,chandelier_stop
HYUNDAI,swing,CNC,2025-05-05 00:00:00,2025-05-09 00:00:00,1719.0,1734.1,26,392.6,276.93,0.13,max_hold_exit
TIINDIA,swing,CNC,2025-05-05 00:00:00,2025-05-09 00:00:00,2913.0,2860.3,10,-527.0,-607.12,-0.18,max_hold_exit
CUMMINSIND,swing,CNC,2025-05-06 00:00:00,2025-05-12 00:00:00,2820.0,2862.9,11,471.9,386.54,0.16,max_hold_exit
KEI,swing,CNC,2025-05-06 00:00:00,2025-05-12 00:00:00,3239.7,3386.0,9,1316.7,1234.6,0.46,max_hold_exit
BIOCON,swing,CNC,2025-05-08 00:00:00,2025-05-14 00:00:00,346.0,338.2,100,-780.0,-872.02,-0.26,max_hold_exit
TMPV,swing,CNC,2025-05-08 00:00:00,2025-05-14 00:00:00,481.95,481.25,72,-50.4,-143.4,-0.02,max_hold_exit
TCS,swing,CNC,2025-05-13 00:00:00,2025-05-19 00:00:00,3620.4,3518.8,13,-1320.8,-1439.96,-0.47,max_hold_exit
VEDL,swing,CNC,2025-05-14 00:00:00,2025-05-20 00:00:00,221.35,219.8,160,-248.0,-342.38,-0.08,max_hold_exit
ZYDUSLIFE,swing,CNC,2025-05-14 00:00:00,2025-05-20 00:00:00,903.45,883.3,45,-906.75,-1012.09,-0.31,max_hold_exit
360ONE,swing,CNC,2025-05-15 00:00:00,2025-05-21 00:00:00,995.0,1012.2,22,378.4,313.43,0.13,max_hold_exit
BAJAJ-AUTO,swing,CNC,2025-05-15 00:00:00,2025-05-21 00:00:00,7934.0,8473.0,5,2695.0,2588.11,0.99,max_hold_exit
DLF,swing,CNC,2025-05-15 00:00:00,2025-05-21 00:00:00,690.0,775.15,40,3406.0,3325.2,1.16,max_hold_exit
HINDALCO,swing,CNC,2025-05-15 00:00:00,2025-05-21 00:00:00,649.5,663.0,56,756.0,658.45,0.26,max_hold_exit
SUZLON,swing,CNC,2025-05-15 00:00:00,2025-05-21 00:00:00,60.4,61.28,406,357.28,286.48,0.12,max_hold_exit
GLENMARK,swing,CNC,2025-05-16 00:00:00,2025-05-22 00:00:00,1441.0,1431.4,21,-201.6,-284.57,-0.07,max_hold_exit
NATIONALUM,swing,CNC,2025-05-16 00:00:00,2025-05-22 00:00:00,178.0,184.95,146,1014.7,939.96,0.34,max_hold_exit
RVNL,swing,CNC,2025-05-16 00:00:00,2025-05-22 00:00:00,380.5,404.9,65,1586.0,1513.46,0.53,max_hold_exit
SHRIRAMFIN,swing,CNC,2025-05-16 00:00:00,2025-05-22 00:00:00,674.0,649.75,33,-800.25,-864.78,-0.27,max_hold_exit
ASTRAL,swing,CNC,2025-05-19 00:00:00,2025-05-23 00:00:00,1371.5,1456.7,23,1959.6,1871.53,0.67,max_hold_exit
CONCOR,swing,CNC,2025-05-19 00:00:00,2025-05-23 00:00:00,590.35,576.7,59,-805.35,-897.85,-0.27,max_hold_exit
CUMMINSIND,swing,CNC,2025-05-19 00:00:00,2025-05-23 00:00:00,3030.0,2940.4,10,-896.0,-978.34,-0.31,max_hold_exit
IRFC,swing,CNC,2025-05-19 00:00:00,2025-05-23 00:00:00,140.0,136.71,209,-687.61,-767.86,-0.23,max_hold_exit
OBEROIRLTY,swing,CNC,2025-05-19 00:00:00,2025-05-23 00:00:00,1685.0,1738.3,17,906.1,825.57,0.3,max_hold_exit
HINDZINC,swing,CNC,2025-05-20 00:00:00,2025-05-26 00:00:00,453.5,450.95,75,-191.25,-282.57,-0.06,max_hold_exit
JSWSTEEL,swing,CNC,2025-05-20 00:00:00,2025-05-26 00:00:00,1031.0,1032.3,32,41.6,-47.7,0.01,max_hold_exit
PFC,swing,CNC,2025-05-20 00:00:00,2025-05-26 00:00:00,420.2,412.5,72,-554.4,-636.99,-0.19,max_hold_exit
TATAINVEST,swing,CNC,2025-05-20 00:00:00,2025-05-26 00:00:00,638.0,627.0,68,-748.0,-859.57,-0.25,max_hold_exit
PHOENIXLTD,swing,CNC,2025-05-26 00:00:00,2025-05-30 00:00:00,1590.5,1537.1,17,-907.8,-982.88,-0.32,max_hold_exit
INDUSINDBK,swing,CNC,2025-05-28 00:00:00,2025-06-03 00:00:00,820.5,800.85,33,-648.45,-723.88,-0.22,max_hold_exit
PFC,swing,CNC,2025-05-28 00:00:00,2025-06-03 00:00:00,413.1,407.25,75,-438.75,-523.08,-0.15,max_hold_exit
M&MFIN,swing,CNC,2025-05-30 00:00:00,2025-06-05 00:00:00,251.05,250.65,150,-60.0,-159.56,-0.02,max_hold_exit
LAURUSLABS,swing,CNC,2025-06-02 00:00:00,2025-06-06 00:00:00,610.0,642.05,76,2435.8,2314.31,0.82,max_hold_exit
GLENMARK,swing,CNC,2025-06-03 00:00:00,2025-06-09 00:00:00,1520.0,1599.2,25,1980.0,1877.57,0.67,max_hold_exit
PHOENIXLTD,swing,CNC,2025-06-04 00:00:00,2025-06-10 00:00:00,1600.2,1627.1,19,511.1,427.07,0.18,max_hold_exit
MUTHOOTFIN,swing,CNC,2025-06-05 00:00:00,2025-06-11 00:00:00,2272.3,2538.6,18,4793.4,4681.6,1.61,max_hold_exit
SRF,swing,CNC,2025-06-05 00:00:00,2025-06-11 00:00:00,3057.0,3085.2,15,423.0,304.72,0.14,max_hold_exit
SWIGGY,swing,CNC,2025-06-05 00:00:00,2025-06-11 00:00:00,361.0,356.05,79,-391.05,-469.96,-0.13,max_hold_exit
DMART,swing,CNC,2025-06-09 00:00:00,2025-06-10 00:00:00,4201.6,3954.5928571428576,11,-2717.08,-2832.91,-0.98,chandelier_stop
PFC,swing,CNC,2025-06-09 00:00:00,2025-06-13 00:00:00,422.9,405.34285714285716,96,-1685.49,-1789.9,-0.56,chandelier_stop
ADANIENSOL,swing,CNC,2025-06-10 00:00:00,2025-06-16 00:00:00,907.15,865.7,45,-1865.25,-1969.97,-0.63,max_hold_exit
JUBLFOOD,swing,CNC,2025-06-10 00:00:00,2025-06-16 00:00:00,701.0,692.55,73,-616.85,-745.87,-0.21,max_hold_exit
RECLTD,swing,CNC,2025-06-10 00:00:00,2025-06-13 00:00:00,428.5,396.4214285714286,106,-3400.33,-3513.68,-1.13,chandelier_stop
CIPLA,swing,CNC,2025-06-11 00:00:00,2025-06-17 00:00:00,1512.5,1503.5,48,-432.0,-608.83,-0.15,max_hold_exit
WIPRO,swing,CNC,2025-06-11 00:00:00,2025-06-17 00:00:00,249.6,256.3,271,1815.7,1647.56,0.61,max_hold_exit
KOTAKBANK,swing,CNC,2025-06-12 00:00:00,2025-06-18 00:00:00,429.1,426.5,145,-377.0,-530.82,-0.13,max_hold_exit
ONGC,swing,CNC,2025-06-12 00:00:00,2025-06-18 00:00:00,239.85,238.75,269,-295.9,-454.92,-0.1,max_hold_exit
VOLTAS,swing,CNC,2025-06-12 00:00:00,2025-06-18 00:00:00,1312.3,1291.5,41,-852.8,-987.42,-0.29,max_hold_exit
TORNTPHARM,swing,CNC,2025-06-16 00:00:00,2025-06-20 00:00:00,3250.0,3167.2,19,-1573.2,-1724.74,-0.53,max_hold_exit
DMART,swing,CNC,2025-06-19 00:00:00,2025-06-25 00:00:00,4229.0,4276.4,9,426.6,325.64,0.15,max_hold_exit
EICHERMOT,swing,CNC,2025-06-23 00:00:00,2025-06-27 00:00:00,5495.0,5660.0,10,1650.0,1510.24,0.6,max_hold_exit
JSWSTEEL,swing,CNC,2025-06-25 00:00:00,2025-07-01 00:00:00,1008.0,1029.6,50,1080.0,950.94,0.36,max_hold_exit
CHOLAFIN,swing,CNC,2025-06-26 00:00:00,2025-07-02 00:00:00,1616.0,1554.6,20,-1228.0,-1314.49,-0.43,max_hold_exit
HAVELLS,swing,CNC,2025-06-26 00:00:00,2025-07-02 00:00:00,1572.0,1550.5,28,-602.0,-715.13,-0.2,max_hold_exit
ULTRACEMCO,swing,CNC,2025-06-26 00:00:00,2025-07-02 00:00:00,11456,12187,4,2924,2803.2,1.2,max_hold_exit
AMBUJACEM,swing,CNC,2025-06-27 00:00:00,2025-07-03 00:00:00,569.5,588.75,80,1540.0,1421.22,0.52,max_hold_exit
BAJAJFINSV,swing,CNC,2025-06-27 00:00:00,2025-07-03 00:00:00,2060.0,1980.7,23,-1823.9,-1943.24,-0.61,max_hold_exit
GODFRYPHLP,swing,CNC,2025-06-27 00:00:00,2025-07-03 00:00:00,2903.0,2958.0,11,605.0,517.47,0.21,max_hold_exit
MARICO,swing,CNC,2025-06-27 00:00:00,2025-07-03 00:00:00,728.0,713.35,85,-1245.25,-1397.41,-0.42,max_hold_exit
NESTLEIND,swing,CNC,2025-06-27 00:00:00,2025-07-03 00:00:00,1224.5,1194.2,47,-1424.1,-1566.46,-0.48,max_hold_exit
PFC,swing,CNC,2025-06-27 00:00:00,2025-07-03 00:00:00,424.0,415.45,84,-718.2,-812.54,-0.24,max_hold_exit
TATACONSUM,swing,CNC,2025-06-27 00:00:00,2025-07-03 00:00:00,1144.0,1089.4,47,-2566.2,-2698.97,-0.87,max_hold_exit
ASIANPAINT,swing,CNC,2025-06-30 00:00:00,2025-07-04 00:00:00,2362.0,2424.2,26,1617.2,1463.11,0.56,max_hold_exit
IDEA,swing,CNC,2025-06-30 00:00:00,2025-07-04 00:00:00,7.4,7.36,3589,-143.56,-218.37,-0.05,max_hold_exit
IRCTC,swing,CNC,2025-06-30 00:00:00,2025-07-04 00:00:00,788.55,781.15,69,-510.6,-646.92,-0.17,max_hold_exit
TORNTPHARM,swing,CNC,2025-06-30 00:00:00,2025-07-04 00:00:00,3416.0,3368.0,15,-720.0,-849.06,-0.24,max_hold_exit
DABUR,swing,CNC,2025-07-01 00:00:00,2025-07-07 00:00:00,487.0,512.75,134,3450.5,3285.96,1.16,max_hold_exit
JINDALSTEL,swing,CNC,2025-07-01 00:00:00,2025-07-07 00:00:00,941.7,953.5,40,472.0,371.87,0.16,max_hold_exit
KALYANKJIL,swing,CNC,2025-07-01 00:00:00,2025-07-07 00:00:00,557.5,584.05,61,1619.55,1526.36,0.55,max_hold_exit
PREMIERENE,swing,CNC,2025-07-01 00:00:00,2025-07-07 00:00:00,1063.0,1042.0,26,-546.0,-622.79,-0.19,max_hold_exit
SHREECEM,swing,CNC,2025-07-01 00:00:00,2025-07-07 00:00:00,31105.0,31105.0,1,0.0,-85.06,0.0,max_hold_exit
TIINDIA,swing,CNC,2025-07-01 00:00:00,2025-07-07 00:00:00,3105.0,2940.2,10,-1648.0,-1731.23,-0.59,max_hold_exit
UPL,swing,CNC,2025-07-01 00:00:00,2025-07-07 00:00:00,665.0,680.25,77,1174.25,1043.3,0.39,max_hold_exit
ATGL,swing,CNC,2025-07-02 00:00:00,2025-07-08 00:00:00,669.05,653.45,45,-702.0,-784.11,-0.24,max_hold_exit
BLUESTARCO,swing,CNC,2025-07-02 00:00:00,2025-07-08 00:00:00,1710.0,1810.1,20,2002.0,1907.99,0.7,max_hold_exit
PIDILITIND,swing,CNC,2025-07-02 00:00:00,2025-07-08 00:00:00,1512.6,1533.8,37,784.4,643.27,0.27,max_hold_exit
POWERGRID,swing,CNC,2025-07-02 00:00:00,2025-07-08 00:00:00,297.55,297.75,178,35.6,-98.08,0.01,max_hold_exit
GAIL,swing,CNC,2025-07-03 00:00:00,2025-07-09 00:00:00,185.53,179.44,235,-1431.15,-1542.49,-0.48,max_hold_exit
GMRAIRPORT,swing,CNC,2025-07-03 00:00:00,2025-07-09 00:00:00,90.0,92.8,539,1509.2,1383.89,0.5,max_hold_exit
DIXON,swing,CNC,2025-07-07 00:00:00,2025-07-11 00:00:00,15240.0,15786.0,1,546.0,495.63,0.34,max_hold_exit
AUROPHARMA,swing,CNC,2025-07-08 00:00:00,2025-07-14 00:00:00,1169.1,1138.6,39,-1189.5,-1305.53,-0.4,max_hold_exit
GODREJCP,swing,CNC,2025-07-09 00:00:00,2025-07-15 00:00:00,1272.0,1270.1,42,-79.8,-214.38,-0.03,max_hold_exit
HINDUNILVR,swing,CNC,2025-07-09 00:00:00,2025-07-15 00:00:00,2399.0,2526.9,32,4092.8,3902.02,1.38,max_hold_exit
NTPC,swing,CNC,2025-07-09 00:00:00,2025-07-15 00:00:00,343.25,342.0,177,-221.25,-371.98,-0.07,max_hold_exit
MANKIND,swing,CNC,2025-07-10 00:00:00,2025-07-16 00:00:00,2520.0,2625.5,16,1688.0,1580.71,0.59,max_hold_exit
NHPC,swing,CNC,2025-07-10 00:00:00,2025-07-16 00:00:00,88.29,88.58,561,162.69,36.51,0.05,max_hold_exit
COROMANDEL,swing,CNC,2025-07-16 00:00:00,2025-07-22 00:00:00,2358.8,2354.1,8,-37.6,-95.43,-0.01,max_hold_exit
SUNPHARMA,swing,CNC,2025-07-16 00:00:00,2025-07-22 00:00:00,1730.0,1678.0,37,-1924.0,-2080.2,-0.65,max_hold_exit
ITC,swing,CNC,2025-07-17 00:00:00,2025-07-23 00:00:00,406.0,395.65,252,-2608.2,-2848.81,-0.87,max_hold_exit
LODHA,swing,CNC,2025-07-17 00:00:00,2025-07-23 00:00:00,1446.8,1361.9,31,-2631.9,-2744.78,-0.88,chandelier_stop
PATANJALI,swing,CNC,2025-07-17 00:00:00,2025-07-23 00:00:00,617.7,645.0,69,1883.7,1771.09,0.64,max_hold_exit
ALKEM,swing,CNC,2025-07-18 00:00:00,2025-07-24 00:00:00,5048.0,4998.6,11,-543.4,-682.18,-0.2,max_hold_exit
AUROPHARMA,swing,CNC,2025-07-18 00:00:00,2025-07-24 00:00:00,1155.0,1114.1,36,-1472.4,-1579.21,-0.49,max_hold_exit
CGPOWER,swing,CNC,2025-07-18 00:00:00,2025-07-24 00:00:00,695.0,680.35,70,-1025.5,-1148.49,-0.34,max_hold_exit
VBL,swing,CNC,2025-07-18 00:00:00,2025-07-24 00:00:00,491.75,486.0,94,-540.5,-658.6,-0.18,max_hold_exit
NMDC,swing,CNC,2025-07-21 00:00:00,2025-07-25 00:00:00,69.78,69.54,698,-167.52,-291.52,-0.06,max_hold_exit
BAJAJ-AUTO,swing,CNC,2025-07-22 00:00:00,2025-07-28 00:00:00,8470.0,8089.5,7,-2663.5,-2808.44,-1.0,max_hold_exit
EXIDEIND,swing,CNC,2025-07-22 00:00:00,2025-07-28 00:00:00,391.0,382.1,145,-1290.5,-1431.09,-0.43,max_hold_exit
GODREJPROP,swing,CNC,2025-07-22 00:00:00,2025-07-25 00:00:00,2404.0,2236.2571428571428,18,-3019.37,-3128.34,-1.03,chandelier_stop
ICICIBANK,swing,CNC,2025-07-22 00:00:00,2025-07-28 00:00:00,1474.1,1488.4,53,757.9,567.55,0.25,max_hold_exit
ONGC,swing,CNC,2025-07-23 00:00:00,2025-07-28 00:00:00,234.6,227.53214285714284,354,-2502.02,-2699.93,-0.84,chandelier_stop
HAVELLS,swing,CNC,2025-07-24 00:00:00,2025-07-30 00:00:00,1572.7,1528.0,33,-1475.1,-1604.84,-0.5,max_hold_exit
CIPLA,swing,CNC,2025-07-29 00:00:00,2025-08-04 00:00:00,1563.4,1515.1,37,-1787.1,-1929.74,-0.6,max_hold_exit
SUPREMEIND,swing,CNC,2025-07-29 00:00:00,2025-08-04 00:00:00,4311.0,4291.0,8,-160.0,-252.41,-0.05,max_hold_exit
DRREDDY,swing,CNC,2025-07-31 00:00:00,2025-08-05 00:00:00,1274.5,1207.0214285714287,45,-3036.54,-3176.78,-1.03,chandelier_stop
LUPIN,swing,CNC,2025-07-31 00:00:00,2025-08-06 00:00:00,1935.0,1851.8,26,-2163.2,-2288.7,-0.72,max_hold_exit
MARUTI,swing,CNC,2025-08-01 00:00:00,2025-08-07 00:00:00,12521.0,12632.0,5,555.0,399.36,0.19,max_hold_exit
DMART,swing,CNC,2025-08-05 00:00:00,2025-08-11 00:00:00,4200.0,4184.5,10,-155.0,-264.11,-0.05,max_hold_exit
HEROMOTOCO,swing,CNC,2025-08-05 00:00:00,2025-08-11 00:00:00,4536.0,4562.2,10,262.0,144.99,0.09,max_hold_exit
LT,swing,CNC,2025-08-05 00:00:00,2025-08-11 00:00:00,3630.0,3668.4,16,614.4,468.75,0.21,max_hold_exit
TVSMOTOR,swing,CNC,2025-08-05 00:00:00,2025-08-11 00:00:00,2951.0,2981.2,15,453.0,338.22,0.16,max_hold_exit
EICHERMOT,swing,CNC,2025-08-06 00:00:00,2025-08-12 00:00:00,5684.5,5658.0,9,-238.5,-367.88,-0.08,max_hold_exit
PIDILITIND,swing,CNC,2025-08-11 00:00:00,2025-08-18 00:00:00,1549.5,1538.4,35,-388.5,-524.56,-0.13,max_hold_exit
SUPREMEIND,swing,CNC,2025-08-12 00:00:00,2025-08-19 00:00:00,4329.0,4598.1,8,2152.8,2057.67,0.73,max_hold_exit
SBIN,swing,CNC,2025-08-13 00:00:00,2025-08-20 00:00:00,822.65,828.95,87,548.1,372.54,0.18,max_hold_exit
TIINDIA,swing,CNC,2025-08-13 00:00:00,2025-08-20 00:00:00,3021.8,3180.0,10,1582.0,1497.27,0.54,max_hold_exit
APOLLOHOSP,swing,CNC,2025-08-14 00:00:00,2025-08-21 00:00:00,7830.0,7926.5,5,482.5,379.06,0.18,max_hold_exit
MFSL,swing,CNC,2025-08-14 00:00:00,2025-08-21 00:00:00,1588.0,1659.2,28,1993.6,1876.79,0.68,max_hold_exit
POLICYBZR,swing,CNC,2025-08-14 00:00:00,2025-08-21 00:00:00,1852.0,1907.9,17,950.3,863.41,0.33,max_hold_exit
BAJAJHLDNG,swing,CNC,2025-08-18 00:00:00,2025-08-22 00:00:00,14136.0,13545.0,2,-1182.0,-1259.54,-0.45,max_hold_exit
GRASIM,swing,CNC,2025-08-18 00:00:00,2025-08-22 00:00:00,2795.0,2813.8,17,319.6,197.74,0.11,max_hold_exit
HDFCLIFE,swing,CNC,2025-08-18 00:00:00,2025-08-22 00:00:00,809.0,788.75,72,-1458.0,-1601.87,-0.49,max_hold_exit
INDHOTEL,swing,CNC,2025-08-18 00:00:00,2025-08-22 00:00:00,780.0,788.85,72,637.2,495.8,0.21,max_hold_exit
LUPIN,swing,CNC,2025-08-18 00:00:00,2025-08-22 00:00:00,1975.0,1974.7,19,-5.7,-105.02,-0.0,max_hold_exit
MCX,swing,CNC,2025-08-18 00:00:00,2025-08-22 00:00:00,1660.0,1592.0,19,-1292.0,-1376.69,-0.44,max_hold_exit
ZYDUSLIFE,swing,CNC,2025-08-18 00:00:00,2025-08-22 00:00:00,988.8,988.8,41,0.0,-106.03,0.0,max_hold_exit
ASHOKLEY,swing,CNC,2025-08-19 00:00:00,2025-08-25 00:00:00,131.76,131.01,281,-210.75,-308.75,-0.07,max_hold_exit
BAJAJ-AUTO,swing,CNC,2025-08-19 00:00:00,2025-08-25 00:00:00,8609.0,8750.5,6,849.0,717.39,0.28,max_hold_exit
TITAN,swing,CNC,2025-08-19 00:00:00,2025-08-25 00:00:00,3555.0,3651.4,16,1542.4,1398.46,0.52,max_hold_exit
M&MFIN,swing,CNC,2025-08-20 00:00:00,2025-08-26 00:00:00,258.2,254.75,164,-565.8,-675.25,-0.19,max_hold_exit
MARICO,swing,CNC,2025-08-20 00:00:00,2025-08-26 00:00:00,727.85,717.75,63,-636.3,-753.48,-0.21,max_hold_exit
NATIONALUM,swing,CNC,2025-08-20 00:00:00,2025-08-26 00:00:00,191.22,186.02,231,-1201.2,-1314.06,-0.4,max_hold_exit
TRENT,swing,CNC,2025-08-20 00:00:00,2025-08-26 00:00:00,3664.0,3530.0,10,-1340.0,-1435.97,-0.46,max_hold_exit
BANKINDIA,swing,CNC,2025-08-21 00:00:00,2025-08-28 00:00:00,112.86,107.59357142857142,469,-2469.96,-2600.96,-0.82,chandelier_stop
CANBK,swing,CNC,2025-08-21 00:00:00,2025-08-26 00:00:00,109.1,103.18214285714286,524,-3100.96,-3240.73,-1.03,chandelier_stop
HAVELLS,swing,CNC,2025-08-21 00:00:00,2025-08-28 00:00:00,1573.0,1519.4,29,-1554.4,-1670.1,-0.52,max_hold_exit
MPHASIS,swing,CNC,2025-08-21 00:00:00,2025-08-28 00:00:00,2770.7,2757.9,14,-179.2,-281.15,-0.06,max_hold_exit
NTPC,swing,CNC,2025-08-21 00:00:00,2025-08-28 00:00:00,342.35,330.8,182,-2102.1,-2254.33,-0.7,max_hold_exit
TATASTEEL,swing,CNC,2025-08-21 00:00:00,2025-08-28 00:00:00,161.92,153.63,259,-2147.11,-2254.02,-0.72,max_hold_exit
VOLTAS,swing,CNC,2025-08-21 00:00:00,2025-08-28 00:00:00,1368.1,1359.3,22,-193.6,-276.22,-0.07,max_hold_exit
CGPOWER,swing,CNC,2025-08-22 00:00:00,2025-08-29 00:00:00,678.45,694.3,74,1172.9,1044.18,0.39,max_hold_exit
EXIDEIND,swing,CNC,2025-08-22 00:00:00,2025-08-29 00:00:00,400.45,396.25,107,-449.4,-560.09,-0.15,max_hold_exit
ICICIGI,swing,CNC,2025-08-22 00:00:00,2025-08-29 00:00:00,1963.1,1848.9714285714285,23,-2624.96,-2738.51,-0.88,chandelier_stop
PHOENIXLTD,swing,CNC,2025-08-22 00:00:00,2025-08-29 00:00:00,1567.1,1503.2,24,-1533.6,-1631.53,-0.51,max_hold_exit
SIEMENS,swing,CNC,2025-08-22 00:00:00,2025-08-29 00:00:00,3210.0,3063.7,11,-1609.3,-1702.04,-0.54,max_hold_exit
WAAREEENER,swing,CNC,2025-08-22 00:00:00,2025-08-29 00:00:00,3223.4,3402.0,7,1250.2,1182.83,0.47,max_hold_exit
GODREJCP,swing,CNC,2025-08-25 00:00:00,2025-09-01 00:00:00,1264.2,1256.8,29,-214.6,-311.79,-0.07,max_hold_exit
LTM,swing,CNC,2025-08-25 00:00:00,2025-09-01 00:00:00,5253.0,5197.0,9,-504.0,-624.48,-0.17,max_hold_exit
MANKIND,swing,CNC,2025-08-25 00:00:00,2025-09-01 00:00:00,2614.6,2520.9,14,-1311.8,-1407.72,-0.45,max_hold_exit
DRREDDY,swing,CNC,2025-08-26 00:00:00,2025-09-02 00:00:00,1276.0,1253.7,40,-892.0,-1020.44,-0.3,max_hold_exit
VEDL,swing,CNC,2025-08-26 00:00:00,2025-09-02 00:00:00,227.7,225.9,208,-374.4,-495.2,-0.13,max_hold_exit
BRITANNIA,swing,CNC,2025-08-29 00:00:00,2025-09-04 00:00:00,5671.0,6083.0,6,2472.0,2377.89,0.94,max_hold_exit
COLPAL,swing,CNC,2025-09-02 00:00:00,2025-09-08 00:00:00,2359.3,2388.8,17,501.5,395.91,0.17,max_hold_exit
NESTLEIND,swing,CNC,2025-09-02 00:00:00,2025-09-08 00:00:00,1174.4,1187.7,35,465.5,357.74,0.16,max_hold_exit
NATIONALUM,swing,CNC,2025-09-03 00:00:00,2025-09-09 00:00:00,201.51,206.62,219,1119.09,1003.92,0.37,max_hold_exit
TATACONSUM,swing,CNC,2025-09-03 00:00:00,2025-09-09 00:00:00,1102.9,1083.5,46,-892.4,-1020.16,-0.3,max_hold_exit
APLAPOLLO,swing,CNC,2025-09-04 00:00:00,2025-09-10 00:00:00,1675.1,1695.7,27,556.2,439.18,0.19,max_hold_exit
HINDZINC,swing,CNC,2025-09-04 00:00:00,2025-09-10 00:00:00,449.9,432.85,106,-1807.3,-1927.34,-0.61,max_hold_exit
MANKIND,swing,CNC,2025-09-04 00:00:00,2025-09-10 00:00:00,2610.1,2608.5,15,-24.0,-126.92,-0.01,max_hold_exit
NMDC,swing,CNC,2025-09-04 00:00:00,2025-09-10 00:00:00,72.69,73.06,600,222.0,108.91,0.07,max_hold_exit
SIEMENS,swing,CNC,2025-09-04 00:00:00,2025-09-10 00:00:00,3225.0,3142.7,13,-1069.9,-1177.9,-0.37,max_hold_exit
TATASTEEL,swing,CNC,2025-09-04 00:00:00,2025-09-10 00:00:00,169.0,169.43,271,116.53,-1.31,0.04,max_hold_exit
TRENT,swing,CNC,2025-09-04 00:00:00,2025-09-09 00:00:00,3683.3,3512.828571428571,12,-2045.66,-2157.7,-0.71,chandelier_stop
YESBANK,swing,CNC,2025-09-04 00:00:00,2025-09-10 00:00:00,20.49,20.77,2160,604.8,489.88,0.2,max_hold_exit
BAJFINANCE,swing,CNC,2025-09-05 00:00:00,2025-09-11 00:00:00,942.0,970.25,45,1271.25,1159.79,0.43,max_hold_exit
COALINDIA,swing,CNC,2025-09-05 00:00:00,2025-09-11 00:00:00,382.05,382.95,163,146.7,-7.78,0.05,max_hold_exit
ASTRAL,swing,CNC,2025-09-08 00:00:00,2025-09-12 00:00:00,1470.1,1461.1,27,-243.0,-346.89,-0.08,max_hold_exit
BAJAJFINSV,swing,CNC,2025-09-08 00:00:00,2025-09-12 00:00:00,2014.4,2081.5,28,1878.8,1735.57,0.65,max_hold_exit
IDFCFIRSTB,swing,CNC,2025-09-08 00:00:00,2025-09-12 00:00:00,72.6,72.04,708,-396.48,-526.23,-0.13,max_hold_exit
GLENMARK,swing,CNC,2025-09-09 00:00:00,2025-09-15 00:00:00,2073.0,2099.5,22,583.0,465.11,0.2,max_hold_exit
IDEA,swing,CNC,2025-09-09 00:00:00,2025-09-15 00:00:00,7.28,8.14,2568,2208.48,2148.71,0.74,max_hold_exit
SAIL,swing,CNC,2025-09-09 00:00:00,2025-09-15 00:00:00,131.45,132.79,318,426.12,316.85,0.14,max_hold_exit
JUBLFOOD,swing,CNC,2025-09-10 00:00:00,2025-09-15 00:00:00,666.3,630.3357142857143,72,-2589.43,-2709.29,-0.87,chandelier_stop
LUPIN,swing,CNC,2025-09-10 00:00:00,2025-09-16 00:00:00,1969.0,2051.8,26,2152.8,2020.86,0.73,max_hold_exit
BANKINDIA,swing,CNC,2025-09-11 00:00:00,2025-09-17 00:00:00,113.83,115.86,491,996.73,855.55,0.33,max_hold_exit
KPITTECH,swing,CNC,2025-09-11 00:00:00,2025-09-17 00:00:00,1288.5,1296.9,35,294.0,177.54,0.1,max_hold_exit
MOTHERSON,swing,CNC,2025-09-11 00:00:00,2025-09-17 00:00:00,100.91,109.34,353,2975.79,2877.61,0.99,max_hold_exit
ADANIPORTS,swing,CNC,2025-09-12 00:00:00,2025-09-18 00:00:00,1395.5,1412.8,38,657.4,522.93,0.22,max_hold_exit
BHARATFORG,swing,CNC,2025-09-12 00:00:00,2025-09-18 00:00:00,1229.0,1268.6,29,1148.4,1052.07,0.38,max_hold_exit
CANBK,swing,CNC,2025-09-12 00:00:00,2025-09-18 00:00:00,109.28,111.72,457,1115.08,987.0,0.37,max_hold_exit
OFSS,swing,CNC,2025-09-12 00:00:00,2025-09-18 00:00:00,8905.0,8919.5,3,43.5,-31.85,0.02,max_hold_exit
PREMIERENE,swing,CNC,2025-09-12 00:00:00,2025-09-18 00:00:00,1072.0,1052.0,29,-580.0,-664.42,-0.2,max_hold_exit
SBIN,swing,CNC,2025-09-12 00:00:00,2025-09-18 00:00:00,824.1,854.35,113,3418.25,3191.82,1.14,max_hold_exit
CHOLAFIN,swing,CNC,2025-09-15 00:00:00,2025-09-19 00:00:00,1510.7,1590.9,29,2325.8,2210.09,0.78,max_hold_exit
COFORGE,swing,CNC,2025-09-15 00:00:00,2025-09-19 00:00:00,1765.9,1795.3,21,617.4,518.41,0.21,max_hold_exit
HAL,swing,CNC,2025-09-15 00:00:00,2025-09-19 00:00:00,4790.0,4916.2,11,1388.2,1253.73,0.48,max_hold_exit
INFY,swing,CNC,2025-09-15 00:00:00,2025-09-19 00:00:00,1493.3,1507.6,29,414.7,302.1,0.14,max_hold_exit
IOC,swing,CNC,2025-09-15 00:00:00,2025-09-19 00:00:00,138.5,144.08,463,2583.54,2422.42,0.86,max_hold_exit
SBICARD,swing,CNC,2025-09-15 00:00:00,2025-09-19 00:00:00,854.4,871.65,50,862.5,750.73,0.29,max_hold_exit
ADANIENSOL,swing,CNC,2025-09-16 00:00:00,2025-09-22 00:00:00,840.85,879.0428571428572,54,2062.41,1943.43,0.69,chandelier_stop
ADANIGREEN,swing,CNC,2025-09-16 00:00:00,2025-09-22 00:00:00,991.45,1077.425,48,4126.8,4000.83,1.39,chandelier_stop
BEL,swing,CNC,2025-09-16 00:00:00,2025-09-22 00:00:00,398.45,406.4,123,977.85,851.99,0.33,max_hold_exit
HUDCO,swing,CNC,2025-09-16 00:00:00,2025-09-22 00:00:00,223.99,239.96,198,3162.06,3044.29,1.06,max_hold_exit
JSWENERGY,swing,CNC,2025-09-16 00:00:00,2025-09-22 00:00:00,532.45,542.95,83,871.5,756.45,0.29,max_hold_exit
MAZDOCK,swing,CNC,2025-09-16 00:00:00,2025-09-22 00:00:00,2926.1,2976.4,13,653.9,552.75,0.23,max_hold_exit
MOTILALOFS,swing,CNC,2025-09-16 00:00:00,2025-09-22 00:00:00,945.0,950.3,35,185.5,95.87,0.06,max_hold_exit
PNB,swing,CNC,2025-09-16 00:00:00,2025-09-22 00:00:00,105.61,109.85,550,2332.0,2184.56,0.78,max_hold_exit
TATAINVEST,swing,CNC,2025-09-16 00:00:00,2025-09-18 00:00:00,691.0,706.3571428571429,81,1243.93,1102.32,0.42,chandelier_stop
AXISBANK,swing,CNC,2025-09-17 00:00:00,2025-09-23 00:00:00,1121.3,1170.8,60,2970.0,2801.47,0.99,max_hold_exit
BHARTIARTL,swing,CNC,2025-09-17 00:00:00,2025-09-23 00:00:00,1938.1,1938.7,38,22.8,-156.83,0.01,max_hold_exit
GAIL,swing,CNC,2025-09-17 00:00:00,2025-09-23 00:00:00,176.73,173.26,285,-988.95,-1115.8,-0.33,max_hold_exit
GMRAIRPORT,swing,CNC,2025-09-17 00:00:00,2025-09-23 00:00:00,93.0,90.53,540,-1333.8,-1459.96,-0.45,max_hold_exit
LT,swing,CNC,2025-09-17 00:00:00,2025-09-23 00:00:00,3672.0,3657.6,19,-273.6,-444.3,-0.09,max_hold_exit
NHPC,swing,CNC,2025-09-17 00:00:00,2025-09-23 00:00:00,88.3,86.63,543,-906.81,-1028.36,-0.3,max_hold_exit
PERSISTENT,swing,CNC,2025-09-17 00:00:00,2025-09-23 00:00:00,5534.5,5240.5,6,-1764.0,-1851.9,-0.67,max_hold_exit
POWERINDIA,swing,CNC,2025-09-17 00:00:00,2025-09-23 00:00:00,20100.0,18995.0,1,-1105.0,-1164.46,-0.61,max_hold_exit
TATAPOWER,swing,CNC,2025-09-17 00:00:00,2025-09-23 00:00:00,397.25,395.5,150,-262.5,-410.59,-0.09,max_hold_exit
360ONE,swing,CNC,2025-09-18 00:00:00,2025-09-23 00:00:00,1103.0,1030.0,40,-2920.0,-3030.96,-0.99,chandelier_stop
ABB,swing,CNC,2025-09-18 00:00:00,2025-09-24 00:00:00,5410.1,5237.3,11,-1900.8,-2047.02,-0.65,max_hold_exit
BANKBARODA,swing,CNC,2025-09-18 00:00:00,2025-09-24 00:00:00,238.9,246.4,256,1920.0,1766.16,0.64,max_hold_exit
BHEL,swing,CNC,2025-09-18 00:00:00,2025-09-24 00:00:00,235.0,236.01,184,185.84,73.62,0.06,max_hold_exit
COCHINSHIP,swing,CNC,2025-09-18 00:00:00,2025-09-24 00:00:00,1918.0,1895.0,14,-322.0,-397.27,-0.11,max_hold_exit
HINDPETRO,swing,CNC,2025-09-18 00:00:00,2025-09-24 00:00:00,405.7,424.9,132,2534.4,2396.83,0.85,max_hold_exit
IREDA,swing,CNC,2025-09-18 00:00:00,2025-09-24 00:00:00,154.8,152.68,339,-718.68,-850.49,-0.24,max_hold_exit
IRFC,swing,CNC,2025-09-18 00:00:00,2025-09-24 00:00:00,129.91,125.59,405,-1749.6,-1880.65,-0.58,max_hold_exit
RVNL,swing,CNC,2025-09-18 00:00:00,2025-09-24 00:00:00,362.85,347.65,93,-1413.6,-1503.06,-0.47,max_hold_exit
TATACOMM,swing,CNC,2025-09-18 00:00:00,2025-09-24 00:00:00,1703.0,1654.6,26,-1258.4,-1371.43,-0.42,max_hold_exit
TCS,swing,CNC,2025-09-18 00:00:00,2025-09-23 00:00:00,3185.0,3063.3285714285716,22,-2676.77,-2845.65,-0.9,chandelier_stop
UNIONBANK,swing,CNC,2025-09-18 00:00:00,2025-09-24 00:00:00,133.47,135.18,348,595.08,475.31,0.2,max_hold_exit
BPCL,swing,CNC,2025-09-19 00:00:00,2025-09-25 00:00:00,310.1,313.95,172,662.2,527.04,0.22,max_hold_exit
KOTAKBANK,swing,CNC,2025-09-19 00:00:00,2025-09-25 00:00:00,410.9,402.7,182,-1492.4,-1672.99,-0.5,max_hold_exit
PATANJALI,swing,CNC,2025-09-19 00:00:00,2025-09-25 00:00:00,607.0,600.0,104,-728.0,-883.47,-0.24,max_hold_exit
POWERGRID,swing,CNC,2025-09-19 00:00:00,2025-09-25 00:00:00,290.0,284.4,217,-1215.2,-1369.73,-0.41,max_hold_exit
RELIANCE,swing,CNC,2025-09-19 00:00:00,2025-09-25 00:00:00,1414.9,1374.9142857142856,63,-2519.1,-2730.53,-0.85,chandelier_stop
ATGL,swing,CNC,2025-09-22 00:00:00,2025-09-22 00:00:00,656.0,711.425,67,3713.47,3596.02,1.25,chandelier_stop
GODREJPROP,swing,CNC,2025-09-22 00:00:00,2025-09-25 00:00:00,2146.0,2009.5428571428572,21,-2865.6,-2978.72,-1.0,chandelier_stop
IRCTC,swing,CNC,2025-09-22 00:00:00,2025-09-25 00:00:00,735.4,714.0642857142857,139,-2965.66,-3205.7,-0.99,chandelier_stop
LICHSGFIN,swing,CNC,2025-09-22 00:00:00,2025-09-26 00:00:00,591.5,567.6357142857144,115,-2744.39,-2908.66,-0.92,chandelier_stop
NTPC,swing,CNC,2025-09-22 00:00:00,2025-09-26 00:00:00,339.15,337.9,209,-261.25,-434.44,-0.09,max_hold_exit
PFC,swing,CNC,2025-09-22 00:00:00,2025-09-26 00:00:00,408.0,396.1857142857143,167,-1972.99,-2138.3,-0.66,chandelier_stop
SUNPHARMA,swing,CNC,2025-09-22 00:00:00,2025-09-26 00:00:00,1650.0,1584.2928571428572,44,-2891.11,-3065.4,-0.98,chandelier_stop
MCX,swing,CNC,2025-09-23 00:00:00,2025-09-29 00:00:00,1598.0,1588.0,26,-260.0,-368.0,-0.09,max_hold_exit
NAUKRI,swing,CNC,2025-09-23 00:00:00,2025-09-26 00:00:00,1422.8,1323.6071428571427,28,-2777.4,-2878.99,-0.95,chandelier_stop
SBILIFE,swing,CNC,2025-09-23 00:00:00,2025-09-29 00:00:00,1865.0,1788.7,26,-1983.8,-2105.44,-0.67,max_hold_exit
AMBUJACEM,swing,CNC,2025-09-24 00:00:00,2025-09-29 00:00:00,589.0,561.5785714285714,78,-2138.87,-2254.69,-0.72,chandelier_stop
UNITDSPR,swing,CNC,2025-09-24 00:00:00,2025-09-30 00:00:00,1336.0,1324.3,44,-514.8,-660.84,-0.17,max_hold_exit
ONGC,swing,CNC,2025-09-26 00:00:00,2025-10-03 00:00:00,228.85,232.4,353,1253.15,1056.38,0.42,max_hold_exit
AUBANK,swing,CNC,2025-09-29 00:00:00,2025-10-06 00:00:00,744.1,762.95,68,1281.8,1152.09,0.43,max_hold_exit
OIL,swing,CNC,2025-09-30 00:00:00,2025-10-07 00:00:00,416.0,422.45,116,748.2,624.25,0.25,max_hold_exit
UNITDSPR,swing,CNC,2025-10-03 00:00:00,2025-10-09 00:00:00,1347.0,1337.6,38,-357.2,-486.52,-0.12,max_hold_exit
LICHSGFIN,swing,CNC,2025-10-06 00:00:00,2025-10-10 00:00:00,580.0,568.45,98,-1131.9,-1272.98,-0.38,max_hold_exit
MFSL,swing,CNC,2025-10-06 00:00:00,2025-10-10 00:00:00,1596.3,1581.7,30,-438.0,-559.91,-0.15,max_hold_exit
SUNPHARMA,swing,CNC,2025-10-07 00:00:00,2025-10-13 00:00:00,1649.4,1668.4,32,608.0,474.14,0.2,max_hold_exit
INDUSTOWER,swing,CNC,2025-10-08 00:00:00,2025-10-14 00:00:00,358.0,338.55,125,-2431.25,-2544.12,-0.81,max_hold_exit
PAYTM,swing,CNC,2025-10-08 00:00:00,2025-10-14 00:00:00,1239.0,1244.8,27,156.6,66.16,0.05,max_hold_exit
TATACOMM,swing,CNC,2025-10-08 00:00:00,2025-10-10 00:00:00,1672.5,1781.7642857142857,22,2403.81,2303.62,0.83,chandelier_stop
BHARTIARTL,swing,CNC,2025-10-09 00:00:00,2025-10-15 00:00:00,1945.0,1968.5,31,728.5,577.81,0.25,max_hold_exit
FEDERALBNK,swing,CNC,2025-10-09 00:00:00,2025-10-15 00:00:00,203.5,216.33,291,3733.53,3582.12,1.25,max_hold_exit
LTM,swing,CNC,2025-10-09 00:00:00,2025-10-15 00:00:00,5368.0,5609.5,7,1690.5,1589.31,0.56,max_hold_exit
360ONE,swing,CNC,2025-10-10 00:00:00,2025-10-16 00:00:00,1086.6,1171.8,35,2982.0,2878.46,1.01,max_hold_exit
GAIL,swing,CNC,2025-10-10 00:00:00,2025-10-16 00:00:00,172.91,173.75,333,279.72,135.53,0.09,max_hold_exit
IDFCFIRSTB,swing,CNC,2025-10-10 00:00:00,2025-10-16 00:00:00,73.4,71.79,725,-1167.25,-1300.24,-0.39,max_hold_exit
SRF,swing,CNC,2025-10-10 00:00:00,2025-10-16 00:00:00,3008.0,3190.0,17,3094.0,2961.22,1.08,max_hold_exit
BSE,swing,CNC,2025-10-13 00:00:00,2025-10-17 00:00:00,2375.0,2485.6,13,1437.8,1351.76,0.51,max_hold_exit
DIVISLAB,swing,CNC,2025-10-13 00:00:00,2025-10-17 00:00:00,6465.5,6621.5,6,936.0,832.88,0.33,max_hold_exit
GMRAIRPORT,swing,CNC,2025-10-13 00:00:00,2025-10-17 00:00:00,89.9,90.15,529,132.25,10.49,0.04,max_hold_exit
GODREJPROP,swing,CNC,2025-10-13 00:00:00,2025-10-17 00:00:00,2090.0,2236.2,17,2485.4,2387.93,0.87,max_hold_exit
NESTLEIND,swing,CNC,2025-10-13 00:00:00,2025-10-17 00:00:00,1199.0,1289.5,51,4615.5,4458.89,1.55,max_hold_exit
POWERGRID,swing,CNC,2025-10-13 00:00:00,2025-10-17 00:00:00,287.75,289.75,170,340.0,215.0,0.11,max_hold_exit
VOLTAS,swing,CNC,2025-10-13 00:00:00,2025-10-17 00:00:00,1410.0,1426.6,28,464.8,360.65,0.16,max_hold_exit
HCLTECH,swing,CNC,2025-10-14 00:00:00,2025-10-20 00:00:00,1515.4,1495.4,38,-760.0,-903.12,-0.26,max_hold_exit
APOLLOHOSP,swing,CNC,2025-10-15 00:00:00,2025-10-21 00:00:00,7800.0,8012.0,8,1696.0,1539.63,0.57,max_hold_exit
PERSISTENT,swing,CNC,2025-10-15 00:00:00,2025-10-21 00:00:00,5522.0,5800.1,7,1946.7,1842.85,0.68,max_hold_exit
PREMIERENE,swing,CNC,2025-10-15 00:00:00,2025-10-21 00:00:00,1061.0,1059.5,37,-55.5,-158.62,-0.02,max_hold_exit
TITAN,swing,CNC,2025-10-15 00:00:00,2025-10-21 00:00:00,3532.9,3729.0,14,2745.4,2616.7,0.96,max_hold_exit
CIPLA,swing,CNC,2025-10-16 00:00:00,2025-10-23 00:00:00,1559.0,1645.1,35,3013.5,2873.18,1.01,max_hold_exit
COFORGE,swing,CNC,2025-10-16 00:00:00,2025-10-23 00:00:00,1767.0,1754.7,19,-233.7,-324.0,-0.08,max_hold_exit
ICICIGI,swing,CNC,2025-10-16 00:00:00,2025-10-23 00:00:00,2010.5,1979.2,21,-657.3,-766.38,-0.22,max_hold_exit
INDIGO,swing,CNC,2025-10-16 00:00:00,2025-10-23 00:00:00,5895.5,5789.0,8,-852.0,-971.87,-0.31,max_hold_exit
PRESTIGE,swing,CNC,2025-10-16 00:00:00,2025-10-23 00:00:00,1677.2,1737.1,19,1138.1,1050.17,0.4,max_hold_exit
ASTRAL,swing,CNC,2025-10-17 00:00:00,2025-10-24 00:00:00,1448.6,1430.8,33,-587.4,-708.96,-0.2,max_hold_exit
GRASIM,swing,CNC,2025-10-17 00:00:00,2025-10-24 00:00:00,2862.0,2841.3,20,-414.0,-556.71,-0.14,max_hold_exit
HDFCAMC,swing,CNC,2025-10-17 00:00:00,2025-10-24 00:00:00,2839.9,2712.7,13,-1653.6,-1749.87,-0.58,max_hold_exit
SBILIFE,swing,CNC,2025-10-17 00:00:00,2025-10-24 00:00:00,1844.0,1839.8,31,-130.2,-273.04,-0.04,max_hold_exit
UNITDSPR,swing,CNC,2025-10-17 00:00:00,2025-10-24 00:00:00,1358.6,1357.4,37,-44.4,-172.0,-0.01,max_hold_exit
WIPRO,swing,CNC,2025-10-17 00:00:00,2025-10-24 00:00:00,243.7,236.85,236,-1616.6,-1758.68,-0.54,max_hold_exit
BRITANNIA,swing,CNC,2025-10-20 00:00:00,2025-10-27 00:00:00,6124.0,5912.0,8,-1696.0,-1819.05,-0.62,max_hold_exit
ICICIBANK,swing,CNC,2025-10-20 00:00:00,2025-10-21 00:00:00,1442.0,1383.992857142857,56,-3248.4,-3440.43,-1.09,chandelier_stop
LAURUSLABS,swing,CNC,2025-10-20 00:00:00,2025-10-27 00:00:00,903.05,940.15,45,1669.5,1561.53,0.56,max_hold_exit
MARICO,swing,CNC,2025-10-20 00:00:00,2025-10-27 00:00:00,735.1,723.6,87,-1000.5,-1157.53,-0.33,max_hold_exit
MAXHEALTH,swing,CNC,2025-10-20 00:00:00,2025-10-27 00:00:00,1211.9,1186.4,32,-816.0,-917.27,-0.28,max_hold_exit
OBEROIRLTY,swing,CNC,2025-10-20 00:00:00,2025-10-27 00:00:00,1708.0,1736.0,24,672.0,564.27,0.23,max_hold_exit
PIDILITIND,swing,CNC,2025-10-20 00:00:00,2025-10-27 00:00:00,1551.0,1504.4,40,-1864.0,-2015.88,-0.63,max_hold_exit
RELIANCE,swing,CNC,2025-10-20 00:00:00,2025-10-27 00:00:00,1440.0,1484.1,56,2469.6,2271.89,0.82,max_hold_exit
DLF,swing,CNC,2025-10-21 00:00:00,2025-10-28 00:00:00,775.0,774.05,74,-70.3,-213.61,-0.02,max_hold_exit
HINDUNILVR,swing,CNC,2025-10-21 00:00:00,2025-10-24 00:00:00,2594.0,2526.885714285714,25,-1677.86,-1836.17,-0.56,chandelier_stop
ASIANPAINT,swing,CNC,2025-10-23 00:00:00,2025-10-29 00:00:00,2518.9,2538.7,23,455.4,310.24,0.15,max_hold_exit
BIOCON,swing,CNC,2025-10-23 00:00:00,2025-10-29 00:00:00,367.9,373.7,135,783.0,655.88,0.26,max_hold_exit
COALINDIA,swing,CNC,2025-10-23 00:00:00,2025-10-29 00:00:00,381.25,372.4321428571429,211,-1860.57,-2053.35,-0.62,chandelier_stop
ITC,swing,CNC,2025-10-23 00:00:00,2025-10-29 00:00:00,396.65,402.0,241,1289.35,1059.63,0.43,max_hold_exit
DRREDDY,swing,CNC,2025-10-24 00:00:00,2025-10-30 00:00:00,1280.0,1215.6571428571428,47,-3024.11,-3170.61,-1.01,chandelier_stop
INDUSINDBK,swing,CNC,2025-10-24 00:00:00,2025-10-30 00:00:00,759.95,800.95,55,2255.0,2143.84,0.76,max_hold_exit
INDUSTOWER,swing,CNC,2025-10-24 00:00:00,2025-10-30 00:00:00,358.8,368.25,132,1247.4,1124.92,0.42,max_hold_exit
LICHSGFIN,swing,CNC,2025-10-24 00:00:00,2025-10-30 00:00:00,582.95,570.45,106,-1325.0,-1476.89,-0.45,max_hold_exit
TORNTPHARM,swing,CNC,2025-10-24 00:00:00,2025-10-30 00:00:00,3634.6,3602.4,15,-483.0,-619.6,-0.17,max_hold_exit
INFY,swing,CNC,2025-10-27 00:00:00,2025-10-31 00:00:00,1478.0,1450.9,32,-867.2,-987.34,-0.29,max_hold_exit
IRCTC,swing,CNC,2025-10-28 00:00:00,2025-11-03 00:00:00,722.0,723.45,100,145.0,-31.54,0.05,max_hold_exit
MPHASIS,swing,CNC,2025-10-28 00:00:00,2025-11-03 00:00:00,2848.6,2711.5,16,-2193.6,-2308.55,-0.76,max_hold_exit
TCS,swing,CNC,2025-10-28 00:00:00,2025-11-03 00:00:00,3076.0,3016.8,20,-1184.0,-1335.43,-0.4,max_hold_exit
ZYDUSLIFE,swing,CNC,2025-10-28 00:00:00,2025-11-03 00:00:00,1015.9,981.05,57,-1986.45,-2129.02,-0.66,max_hold_exit
JINDALSTEL,swing,CNC,2025-10-29 00:00:00,2025-11-04 00:00:00,1063.0,1080.7,41,725.7,612.16,0.25,max_hold_exit
KALYANKJIL,swing,CNC,2025-10-29 00:00:00,2025-11-04 00:00:00,505.0,522.6,86,1513.6,1399.58,0.51,max_hold_exit
NAUKRI,swing,CNC,2025-10-29 00:00:00,2025-11-04 00:00:00,1390.0,1338.7,30,-1539.0,-1646.01,-0.53,max_hold_exit
CONCOR,swing,CNC,2025-10-30 00:00:00,2025-11-06 00:00:00,557.0,528.5535714285714,117,-3328.23,-3485.55,-1.11,chandelier_stop
SAIL,swing,CNC,2025-10-30 00:00:00,2025-11-06 00:00:00,138.7,137.91,240,-189.6,-279.31,-0.06,max_hold_exit
UPL,swing,CNC,2025-10-30 00:00:00,2025-11-06 00:00:00,721.85,733.35,73,839.5,705.59,0.28,max_hold_exit
VBL,swing,CNC,2025-10-30 00:00:00,2025-11-06 00:00:00,495.0,471.85,81,-1875.15,-1978.25,-0.63,max_hold_exit
ABB,swing,CNC,2025-10-31 00:00:00,2025-11-07 00:00:00,5284.0,5013.392857142857,10,-2706.07,-2836.63,-0.99,chandelier_stop
PATANJALI,swing,CNC,2025-10-31 00:00:00,2025-11-03 00:00:00,612.8,574.0321428571428,91,-3527.87,-3664.08,-1.18,chandelier_stop
RECLTD,swing,CNC,2025-10-31 00:00:00,2025-11-07 00:00:00,378.5,364.95,131,-1775.05,-1899.34,-0.59,max_hold_exit
LODHA,swing,CNC,2025-11-03 00:00:00,2025-11-10 00:00:00,1200.0,1206.1,39,237.9,117.71,0.08,max_hold_exit
POLICYBZR,swing,CNC,2025-11-03 00:00:00,2025-11-10 00:00:00,1768.0,1798.5,17,518.5,435.23,0.18,max_hold_exit
SUZLON,swing,CNC,2025-11-03 00:00:00,2025-11-10 00:00:00,59.47,57.43,717,-1462.68,-1571.86,-0.49,max_hold_exit
LUPIN,swing,CNC,2025-11-06 00:00:00,2025-11-12 00:00:00,2010.9,2033.9,29,667.0,520.77,0.23,max_hold_exit
DABUR,swing,CNC,2025-11-07 00:00:00,2025-11-13 00:00:00,522.0,522.2,90,18.0,-102.36,0.01,max_hold_exit
PIIND,swing,CNC,2025-11-07 00:00:00,2025-11-12 00:00:00,3759.8,3571.0214285714283,13,-2454.12,-2576.14,-0.88,chandelier_stop
POWERINDIA,swing,CNC,2025-11-07 00:00:00,2025-11-13 00:00:00,20020.0,21415.0,1,1395.0,1333.13,0.7,max_hold_exit
BRITANNIA,swing,CNC,2025-11-10 00:00:00,2025-11-11 00:00:00,6190.0,5794.571428571428,7,-2768.0,-2877.36,-0.99,chandelier_stop
MFSL,swing,CNC,2025-11-10 00:00:00,2025-11-12 00:00:00,1625.1,1600.7357142857143,29,-706.56,-826.5,-0.24,chandelier_stop
INFY,swing,CNC,2025-11-11 00:00:00,2025-11-17 00:00:00,1492.7,1475.7,36,-612.0,-746.72,-0.21,max_hold_exit
HDFCLIFE,swing,CNC,2025-11-13 00:00:00,2025-11-19 00:00:00,782.9,761.1,68,-1482.4,-1615.11,-0.5,max_hold_exit
KPITTECH,swing,CNC,2025-11-13 00:00:00,2025-11-19 00:00:00,1244.3,1203.1,31,-1277.2,-1377.53,-0.43,max_hold_exit
NMDC,swing,CNC,2025-11-13 00:00:00,2025-11-19 00:00:00,75.21,73.04,593,-1286.81,-1400.53,-0.43,max_hold_exit
TCS,swing,CNC,2025-11-13 00:00:00,2025-11-19 00:00:00,3131.8,3147.7,20,318.0,162.53,0.11,max_hold_exit
INDIGO,swing,CNC,2025-11-14 00:00:00,2025-11-20 00:00:00,5900.0,5785.5,8,-916.0,-1035.88,-0.32,max_hold_exit
MPHASIS,swing,CNC,2025-11-14 00:00:00,2025-11-20 00:00:00,2717.2,2668.8,13,-629.2,-722.98,-0.22,max_hold_exit
BDL,swing,CNC,2025-11-17 00:00:00,2025-11-21 00:00:00,1620.1,1512.7,21,-2255.4,-2344.61,-0.78,max_hold_exit
JIOFIN,swing,CNC,2025-11-17 00:00:00,2025-11-21 00:00:00,316.0,303.55,194,-2415.3,-2564.97,-0.81,max_hold_exit
CGPOWER,swing,CNC,2025-11-18 00:00:00,2025-11-24 00:00:00,749.45,702.8857142857142,57,-2654.16,-2762.28,-0.89,chandelier_stop
HAL,swing,CNC,2025-11-18 00:00:00,2025-11-24 00:00:00,4814.0,4518.728571428572,10,-2952.71,-3072.57,-1.02,chandelier_stop
SIEMENS,swing,CNC,2025-11-19 00:00:00,2025-11-25 00:00:00,3222.0,3181.1,14,-572.6,-688.19,-0.2,max_hold_exit
ADANIENT,swing,CNC,2025-11-20 00:00:00,2025-11-26 00:00:00,2450.1,2315.0,14,-1891.4,-1981.6,-0.66,max_hold_exit
COROMANDEL,swing,CNC,2025-11-21 00:00:00,2025-11-27 00:00:00,2270.0,2366.7,18,1740.6,1632.06,0.59,max_hold_exit
EICHERMOT,swing,CNC,2025-11-21 00:00:00,2025-11-27 00:00:00,7125.5,6999.0,6,-759.0,-869.16,-0.28,max_hold_exit
WIPRO,swing,CNC,2025-11-21 00:00:00,2025-11-27 00:00:00,238.85,243.3,303,1348.35,1170.18,0.45,max_hold_exit
360ONE,swing,CNC,2025-11-24 00:00:00,2025-11-28 00:00:00,1147.6,1183.2,34,1210.4,1106.5,0.41,max_hold_exit
BAJAJ-AUTO,swing,CNC,2025-11-25 00:00:00,2025-12-01 00:00:00,9025.0,9096.0,7,497.0,340.15,0.17,max_hold_exit
MARUTI,swing,CNC,2025-11-25 00:00:00,2025-12-01 00:00:00,15958.0,16097.0,4,556.0,397.63,0.2,max_hold_exit
TECHM,swing,CNC,2025-11-25 00:00:00,2025-12-01 00:00:00,1463.2,1490.8,36,993.6,859.57,0.34,max_hold_exit
GLENMARK,swing,CNC,2025-11-28 00:00:00,2025-12-04 00:00:00,1949.5,1973.8,17,413.1,323.09,0.14,max_hold_exit
ICICIBANK,swing,CNC,2025-11-28 00:00:00,2025-12-04 00:00:00,1392.0,1386.7,59,-312.7,-510.83,-0.11,max_hold_exit
VOLTAS,swing,CNC,2025-11-28 00:00:00,2025-12-04 00:00:00,1385.1,1329.4,24,-1336.8,-1425.22,-0.45,max_hold_exit
BAJAJFINSV,swing,CNC,2025-12-01 00:00:00,2025-12-05 00:00:00,2102.5,2096.5,20,-120.0,-229.26,-0.04,max_hold_exit
DRREDDY,swing,CNC,2025-12-01 00:00:00,2025-12-05 00:00:00,1263.9,1275.2,53,598.9,433.47,0.2,max_hold_exit
INDHOTEL,swing,CNC,2025-12-01 00:00:00,2025-12-05 00:00:00,750.0,730.9,73,-1394.3,-1530.46,-0.47,max_hold_exit
MPHASIS,swing,CNC,2025-12-01 00:00:00,2025-12-05 00:00:00,2748.3,2876.5,16,2051.2,1935.42,0.7,max_hold_exit
TVSMOTOR,swing,CNC,2025-12-01 00:00:00,2025-12-05 00:00:00,3550.0,3665.4,16,1846.4,1702.32,0.63,max_hold_exit
VBL,swing,CNC,2025-12-01 00:00:00,2025-12-05 00:00:00,482.0,479.95,103,-211.15,-337.2,-0.07,max_hold_exit
HINDZINC,swing,CNC,2025-12-02 00:00:00,2025-12-08 00:00:00,499.85,490.45,85,-799.0,-908.53,-0.27,max_hold_exit
JUBLFOOD,swing,CNC,2025-12-02 00:00:00,2025-12-08 00:00:00,610.0,584.2,68,-1754.4,-1860.7,-0.59,max_hold_exit
KOTAKBANK,swing,CNC,2025-12-02 00:00:00,2025-12-08 00:00:00,428.0,426.3,165,-280.5,-453.09,-0.09,max_hold_exit
NAUKRI,swing,CNC,2025-12-03 00:00:00,2025-12-09 00:00:00,1374.0,1376.3,30,69.0,-38.61,0.02,max_hold_exit
NMDC,swing,CNC,2025-12-05 00:00:00,2025-12-11 00:00:00,73.73,73.09,738,-472.32,-608.69,-0.16,max_hold_exit
APLAPOLLO,swing,CNC,2025-12-08 00:00:00,2025-12-12 00:00:00,1776.9,1737.9,31,-1209.0,-1346.1,-0.41,max_hold_exit
BAJFINANCE,swing,CNC,2025-12-08 00:00:00,2025-12-12 00:00:00,1048.0,1017.3,46,-1412.2,-1533.81,-0.48,max_hold_exit
COALINDIA,swing,CNC,2025-12-11 00:00:00,2025-12-17 00:00:00,382.35,384.75,200,480.0,293.62,0.16,max_hold_exit
ABB,swing,CNC,2025-12-12 00:00:00,2025-12-18 00:00:00,5270.0,5097.5,10,-1725.0,-1856.27,-0.61,max_hold_exit
BAJAJFINSV,swing,CNC,2025-12-15 00:00:00,2025-12-19 00:00:00,2079.9,2043.8,25,-902.5,-1033.06,-0.31,max_hold_exit
NMDC,swing,CNC,2025-12-15 00:00:00,2025-12-19 00:00:00,75.7,74.05,626,-1032.9,-1153.08,-0.34,max_hold_exit
SRF,swing,CNC,2025-12-15 00:00:00,2025-12-19 00:00:00,3023.6,3090.3,15,1000.5,882.74,0.35,max_hold_exit
BRITANNIA,swing,CNC,2025-12-16 00:00:00,2025-12-22 00:00:00,6059.5,6083.0,9,211.5,74.15,0.08,max_hold_exit
GODREJCP,swing,CNC,2025-12-16 00:00:00,2025-12-22 00:00:00,1166.2,1185.4,44,844.8,713.95,0.29,max_hold_exit
GRASIM,swing,CNC,2025-12-16 00:00:00,2025-12-22 00:00:00,2822.0,2809.7,24,-295.2,-461.35,-0.1,max_hold_exit
SWIGGY,swing,CNC,2025-12-16 00:00:00,2025-12-22 00:00:00,410.0,406.4,79,-284.4,-372.02,-0.1,max_hold_exit
GVT&D,swing,CNC,2025-12-17 00:00:00,2025-12-23 00:00:00,3018.5,3129.9,8,891.2,820.68,0.32,max_hold_exit
KEI,swing,CNC,2025-12-17 00:00:00,2025-12-23 00:00:00,4140.0,4409.5,10,2695.0,2584.27,0.91,max_hold_exit
TATACONSUM,swing,CNC,2025-12-18 00:00:00,2025-12-24 00:00:00,1176.9,1179.2,47,108.1,-30.88,0.04,max_hold_exit
APLAPOLLO,swing,CNC,2025-12-19 00:00:00,2025-12-26 00:00:00,1798.0,1886.1,31,2731.1,2588.46,0.92,max_hold_exit
HINDPETRO,swing,CNC,2025-12-19 00:00:00,2025-12-26 00:00:00,466.0,467.7,100,170.0,50.33,0.06,max_hold_exit
INDHOTEL,swing,CNC,2025-12-24 00:00:00,2025-12-31 00:00:00,738.4,738.85,70,31.5,-99.34,0.01,max_hold_exit
RADICO,swing,CNC,2025-12-24 00:00:00,2025-12-31 00:00:00,3267.3,3298.4,10,311.0,222.13,0.11,max_hold_exit
RVNL,swing,CNC,2025-12-24 00:00:00,2025-12-26 00:00:00,343.95,357.1857142857143,118,1561.81,1454.07,0.52,chandelier_stop
TATAELXSI,swing,CNC,2025-12-24 00:00:00,2025-12-31 00:00:00,5429.5,5240.5,7,-1323.0,-1422.03,-0.48,max_hold_exit
DIVISLAB,swing,CNC,2025-12-26 00:00:00,2026-01-01 00:00:00,6495.0,6344.0,7,-1057.0,-1172.88,-0.39,max_hold_exit
POLYCAB,swing,CNC,2025-12-26 00:00:00,2026-01-01 00:00:00,7610.0,7673.0,5,315.0,214.18,0.11,max_hold_exit
IRFC,swing,CNC,2025-12-29 00:00:00,2025-12-30 00:00:00,135.0,124.30428571428571,259,-2770.19,-2860.96,-0.92,chandelier_stop
NAUKRI,swing,CNC,2025-12-29 00:00:00,2026-01-02 00:00:00,1365.8,1367.7,34,64.6,-54.6,0.02,max_hold_exit
NESTLEIND,swing,CNC,2025-12-29 00:00:00,2026-01-02 00:00:00,1275.0,1279.7,49,230.3,75.28,0.08,max_hold_exit
PNB,swing,CNC,2025-12-30 00:00:00,2026-01-05 00:00:00,116.82,121.55,470,2223.1,2082.84,0.74,max_hold_exit
NYKAA,swing,CNC,2025-12-31 00:00:00,2026-01-06 00:00:00,264.3,269.05,156,741.0,632.67,0.25,max_hold_exit
SAIL,swing,CNC,2025-12-31 00:00:00,2026-01-06 00:00:00,145.1,146.44,269,360.46,257.41,0.12,max_hold_exit
TATASTEEL,swing,CNC,2025-12-31 00:00:00,2026-01-06 00:00:00,180.0,186.2,305,1891.0,1751.1,0.63,max_hold_exit
AMBUJACEM,swing,CNC,2026-01-01 00:00:00,2026-01-07 00:00:00,556.9,562.0,102,520.2,377.49,0.17,max_hold_exit
BANKINDIA,swing,CNC,2026-01-01 00:00:00,2026-01-07 00:00:00,139.54,146.7,393,2813.88,2673.16,0.94,max_hold_exit
CONCOR,swing,CNC,2026-01-01 00:00:00,2026-01-07 00:00:00,527.55,532.8,117,614.25,460.51,0.21,max_hold_exit
AXISBANK,swing,CNC,2026-01-02 00:00:00,2026-01-08 00:00:00,1273.9,1286.8,52,670.8,506.95,0.23,max_hold_exit
CHOLAFIN,swing,CNC,2026-01-02 00:00:00,2026-01-08 00:00:00,1728.5,1754.0,21,535.5,438.34,0.18,max_hold_exit
JINDALSTEL,swing,CNC,2026-01-02 00:00:00,2026-01-08 00:00:00,1068.8,1013.2214285714284,43,-2389.88,-2505.47,-0.8,chandelier_stop
M&M,swing,CNC,2026-01-02 00:00:00,2026-01-08 00:00:00,3759.9,3724.0,17,-610.3,-767.65,-0.21,max_hold_exit
NTPC,swing,CNC,2026-01-02 00:00:00,2026-01-02 00:00:00,336.8,337.6678571428572,242,210.02,12.73,0.07,chandelier_stop
OBEROIRLTY,swing,CNC,2026-01-02 00:00:00,2026-01-08 00:00:00,1699.0,1722.0,25,575.0,464.08,0.2,max_hold_exit
OIL,swing,CNC,2026-01-02 00:00:00,2026-01-08 00:00:00,427.55,409.95,128,-2252.8,-2388.02,-0.75,max_hold_exit
RECLTD,swing,CNC,2026-01-02 00:00:00,2026-01-08 00:00:00,370.0,371.4,134,187.6,61.29,0.06,max_hold_exit
BDL,swing,CNC,2026-01-05 00:00:00,2026-01-09 00:00:00,1495.0,1520.5,23,586.5,493.54,0.2,max_hold_exit
BOSCHLTD,swing,CNC,2026-01-05 00:00:00,2026-01-09 00:00:00,39010.0,37995.0,1,-1015.0,-1116.58,-0.44,max_hold_exit
HDFCBANK,swing,CNC,2026-01-05 00:00:00,2026-01-06 00:00:00,1005.75,967.4535714285714,94,-3599.86,-3822.18,-1.2,chandelier_stop
HUDCO,swing,CNC,2026-01-05 00:00:00,2026-01-09 00:00:00,232.0,214.91,189,-3230.01,-3340.04,-1.08,max_hold_exit
INDIANB,swing,CNC,2026-01-05 00:00:00,2026-01-09 00:00:00,846.0,815.55,56,-1705.2,-1824.65,-0.57,max_hold_exit
IRCTC,swing,CNC,2026-01-05 00:00:00,2026-01-08 00:00:00,694.9,658.4178571428572,87,-3173.95,-3320.95,-1.06,chandelier_stop
JSWENERGY,swing,CNC,2026-01-05 00:00:00,2026-01-09 00:00:00,510.05,489.53571428571433,95,-1948.86,-2070.46,-0.65,chandelier_stop
JSWSTEEL,swing,CNC,2026-01-05 00:00:00,2026-01-09 00:00:00,1180.7,1158.8,46,-1007.4,-1142.99,-0.34,max_hold_exit
NHPC,swing,CNC,2026-01-05 00:00:00,2026-01-09 00:00:00,84.0,82.43,603,-946.71,-1074.23,-0.32,max_hold_exit
DABUR,swing,CNC,2026-01-06 00:00:00,2026-01-12 00:00:00,517.4,524.0,112,739.2,593.72,0.25,max_hold_exit
IREDA,swing,CNC,2026-01-06 00:00:00,2026-01-12 00:00:00,144.59,141.5,241,-744.69,-837.29,-0.25,max_hold_exit
KALYANKJIL,swing,CNC,2026-01-06 00:00:00,2026-01-12 00:00:00,505.9,494.84285714285716,95,-1050.43,-1172.08,-0.35,chandelier_stop
PFC,swing,CNC,2026-01-06 00:00:00,2026-01-12 00:00:00,376.0,371.8,131,-550.2,-675.03,-0.18,max_hold_exit
PIDILITIND,swing,CNC,2026-01-06 00:00:00,2026-01-12 00:00:00,1508.0,1500.8,48,-345.6,-522.04,-0.12,max_hold_exit
SHREECEM,swing,CNC,2026-01-06 00:00:00,2026-01-08 00:00:00,27670.0,26817.14285714286,2,-1705.71,-1842.87,-0.67,chandelier_stop
TRENT,swing,CNC,2026-01-06 00:00:00,2026-01-12 00:00:00,2805.5,2704.3,16,-1619.2,-1733.21,-0.57,max_hold_exit
ASIANPAINT,swing,CNC,2026-01-07 00:00:00,2026-01-13 00:00:00,2845.8,2886.3,22,891.0,735.0,0.3,max_hold_exit
ASTRAL,swing,CNC,2026-01-07 00:00:00,2026-01-13 00:00:00,1478.0,1438.5,32,-1264.0,-1383.73,-0.43,max_hold_exit
BEL,swing,CNC,2026-01-07 00:00:00,2026-01-13 00:00:00,413.1,413.7,125,75.0,-55.77,0.03,max_hold_exit
BLUESTARCO,swing,CNC,2026-01-07 00:00:00,2026-01-13 00:00:00,1823.4,1793.2,18,-543.6,-631.91,-0.19,max_hold_exit
DIVISLAB,swing,CNC,2026-01-07 00:00:00,2026-01-13 00:00:00,6680.0,6436.5,7,-1704.5,-1822.59,-0.59,max_hold_exit
HAVELLS,swing,CNC,2026-01-07 00:00:00,2026-01-13 00:00:00,1503.9,1427.9785714285713,41,-3112.78,-3262.52,-1.05,chandelier_stop
HEROMOTOCO,swing,CNC,2026-01-07 00:00:00,2026-01-12 00:00:00,6033.5,5688.892857142857,7,-2412.25,-2519.54,-0.9,chandelier_stop
ICICIGI,swing,CNC,2026-01-07 00:00:00,2026-01-08 00:00:00,2015.0,1924.2785714285712,36,-3265.97,-3439.73,-1.1,chandelier_stop
PATANJALI,swing,CNC,2026-01-07 00:00:00,2026-01-12 00:00:00,577.0,541.8714285714286,68,-2388.74,-2489.4,-0.8,chandelier_stop
SBICARD,swing,CNC,2026-01-07 00:00:00,2026-01-12 00:00:00,901.05,845.1464285714286,50,-2795.18,-2908.34,-0.95,chandelier_stop
SUPREMEIND,swing,CNC,2026-01-07 00:00:00,2026-01-13 00:00:00,3612.6,3464.8,14,-2069.2,-2195.39,-0.71,max_hold_exit
YESBANK,swing,CNC,2026-01-07 00:00:00,2026-01-13 00:00:00,22.89,22.79,2713,-271.3,-424.96,-0.09,max_hold_exit
ALKEM,swing,CNC,2026-01-08 00:00:00,2026-01-14 00:00:00,5805.5,5830.5,9,225.0,92.71,0.08,max_hold_exit
FORTIS,swing,CNC,2026-01-08 00:00:00,2026-01-14 00:00:00,939.65,909.95,49,-1455.3,-1572.05,-0.49,max_hold_exit
GODREJPROP,swing,CNC,2026-01-08 00:00:00,2026-01-09 00:00:00,2126.7,2024.042857142857,24,-2463.77,-2590.58,-0.86,chandelier_stop
HAL,swing,CNC,2026-01-08 00:00:00,2026-01-14 00:00:00,4526.0,4461.4,13,-839.8,-985.62,-0.28,max_hold_exit
HDFCLIFE,swing,CNC,2026-01-08 00:00:00,2026-01-14 00:00:00,773.0,743.2,83,-2473.4,-2629.36,-0.83,max_hold_exit
ICICIBANK,swing,CNC,2026-01-08 00:00:00,2026-01-14 00:00:00,1429.0,1418.4,56,-593.6,-786.76,-0.2,max_hold_exit
MANKIND,swing,CNC,2026-01-08 00:00:00,2026-01-14 00:00:00,2314.0,2244.4,20,-1392.0,-1509.34,-0.48,max_hold_exit
APOLLOHOSP,swing,CNC,2026-01-09 00:00:00,2026-01-16 00:00:00,7348.0,7235.5,7,-787.5,-916.93,-0.3,max_hold_exit
SOLARINDS,swing,CNC,2026-01-09 00:00:00,2026-01-16 00:00:00,13455.0,12835.0,2,-1240.0,-1314.45,-0.51,max_hold_exit
BSE,swing,CNC,2026-01-13 00:00:00,2026-01-20 00:00:00,2820.0,2653.7,13,-2161.9,-2257.06,-0.75,chandelier_stop
MPHASIS,swing,CNC,2026-01-14 00:00:00,2026-01-21 00:00:00,2801.0,2725.8,17,-1278.4,-1398.83,-0.43,max_hold_exit
ONGC,swing,CNC,2026-01-16 00:00:00,2026-01-22 00:00:00,241.2,238.4,182,-509.6,-622.56,-0.17,max_hold_exit
LTM,swing,CNC,2026-01-19 00:00:00,2026-01-20 00:00:00,6300.0,5956.785714285714,8,-2745.71,-2870.81,-0.92,chandelier_stop
PAYTM,swing,CNC,2026-01-19 00:00:00,2026-01-21 00:00:00,1336.1,1227.8785714285714,31,-3354.86,-3459.37,-1.12,chandelier_stop
COLPAL,swing,CNC,2026-01-23 00:00:00,2026-01-30 00:00:00,2185.0,2114.2,21,-1486.8,-1603.17,-0.5,max_hold_exit
SOLARINDS,swing,CNC,2026-01-23 00:00:00,2026-01-30 00:00:00,12951.0,13480.0,2,1058.0,983.41,0.39,max_hold_exit
OFSS,swing,CNC,2026-01-28 00:00:00,2026-02-02 00:00:00,7825.0,7519.0,4,-1224.0,-1308.22,-0.47,max_hold_exit
SUPREMEIND,swing,CNC,2026-01-29 00:00:00,2026-02-03 00:00:00,3521.3,3680.0,9,1428.3,1340.46,0.53,max_hold_exit
GRASIM,swing,CNC,2026-01-30 00:00:00,2026-02-04 00:00:00,2837.5,2844.9,16,118.4,1.45,0.04,max_hold_exit
HAL,swing,CNC,2026-01-30 00:00:00,2026-02-01 00:00:00,4620.0,4232.1,7,-2715.3,-2800.29,-1.0,chandelier_stop
M&MFIN,swing,CNC,2026-01-30 00:00:00,2026-02-02 00:00:00,367.75,337.6214285714285,83,-2500.67,-2581.85,-0.84,chandelier_stop
ABB,swing,CNC,2026-02-01 00:00:00,2026-02-05 00:00:00,5531.0,5770.0,5,1195.0,1116.37,0.44,max_hold_exit
ASTRAL,swing,CNC,2026-02-01 00:00:00,2026-02-05 00:00:00,1474.0,1503.6,21,621.6,536.23,0.22,max_hold_exit
GVT&D,swing,CNC,2026-02-01 00:00:00,2026-02-05 00:00:00,3250.0,3513.5,6,1581.0,1520.09,0.59,max_hold_exit
IOC,swing,CNC,2026-02-01 00:00:00,2026-02-05 00:00:00,162.52,175.77,271,3590.75,3473.22,1.2,max_hold_exit
BPCL,swing,CNC,2026-02-03 00:00:00,2026-02-09 00:00:00,372.0,388.3,92,1499.6,1406.05,0.5,max_hold_exit
BHARATFORG,swing,CNC,2026-02-04 00:00:00,2026-02-10 00:00:00,1540.0,1614.0,16,1184.0,1112.08,0.42,max_hold_exit
BLUESTARCO,swing,CNC,2026-02-04 00:00:00,2026-02-10 00:00:00,1817.8,1948.3,14,1827.0,1752.62,0.64,max_hold_exit
POWERGRID,swing,CNC,2026-02-04 00:00:00,2026-02-10 00:00:00,288.8,294.35,131,727.05,626.29,0.24,max_hold_exit
POWERINDIA,swing,CNC,2026-02-04 00:00:00,2026-02-10 00:00:00,19695.0,22457.0,1,2762.0,2699.44,1.17,max_hold_exit
SIEMENS,swing,CNC,2026-02-04 00:00:00,2026-02-10 00:00:00,3246.0,3111.5,9,-1210.5,-1290.1,-0.44,max_hold_exit
ADANIPORTS,swing,CNC,2026-02-05 00:00:00,2026-02-11 00:00:00,1568.0,1553.4,16,-233.6,-305.04,-0.08,max_hold_exit
AUROPHARMA,swing,CNC,2026-02-05 00:00:00,2026-02-11 00:00:00,1212.7,1146.6,25,-1652.5,-1734.1,-0.57,max_hold_exit
CONCOR,swing,CNC,2026-02-05 00:00:00,2026-02-11 00:00:00,528.4,515.15,58,-768.5,-851.75,-0.26,max_hold_exit
HDFCAMC,swing,CNC,2026-02-05 00:00:00,2026-02-11 00:00:00,2666.7,2766.4,11,1096.7,1014.44,0.37,max_hold_exit
IDEA,swing,CNC,2026-02-05 00:00:00,2026-02-11 00:00:00,11.3,11.85,1889,1038.95,974.5,0.35,max_hold_exit
IDFCFIRSTB,swing,CNC,2026-02-05 00:00:00,2026-02-11 00:00:00,85.0,82.56,417,-1017.48,-1111.13,-0.34,max_hold_exit
M&MFIN,swing,CNC,2026-02-05 00:00:00,2026-02-11 00:00:00,364.35,374.05,68,659.6,587.92,0.22,max_hold_exit
MOTHERSON,swing,CNC,2026-02-05 00:00:00,2026-02-11 00:00:00,121.95,130.17,221,1816.62,1738.91,0.61,max_hold_exit
TMPV,swing,CNC,2026-02-05 00:00:00,2026-02-11 00:00:00,375.0,384.7,77,746.9,666.02,0.25,max_hold_exit
TVSMOTOR,swing,CNC,2026-02-05 00:00:00,2026-02-11 00:00:00,3727.4,3865.1,8,1101.6,1018.26,0.38,max_hold_exit
WAAREEENER,swing,CNC,2026-02-05 00:00:00,2026-02-11 00:00:00,3090.0,3177.6,6,525.6,467.92,0.18,max_hold_exit
ADANIPOWER,swing,CNC,2026-02-06 00:00:00,2026-02-12 00:00:00,152.0,149.79,150,-331.5,-397.76,-0.11,max_hold_exit
CGPOWER,swing,CNC,2026-02-06 00:00:00,2026-02-12 00:00:00,669.9,685.1,31,471.2,408.63,0.16,max_hold_exit
ICICIBANK,swing,CNC,2026-02-06 00:00:00,2026-02-12 00:00:00,1396.7,1430.0,31,1032.3,919.07,0.35,max_hold_exit
KEI,swing,CNC,2026-02-06 00:00:00,2026-02-12 00:00:00,4425.0,4591.3,5,831.5,765.54,0.3,max_hold_exit
LT,swing,CNC,2026-02-06 00:00:00,2026-02-12 00:00:00,4055.0,4185.9,9,1178.1,1079.84,0.41,max_hold_exit
MFSL,swing,CNC,2026-02-06 00:00:00,2026-02-12 00:00:00,1686.2,1813.5,21,2673.3,2575.9,0.93,max_hold_exit
ADANIENSOL,swing,CNC,2026-02-09 00:00:00,2026-02-13 00:00:00,1023.8,988.0,19,-680.2,-738.66,-0.23,max_hold_exit
CHOLAFIN,swing,CNC,2026-02-09 00:00:00,2026-02-13 00:00:00,1760.0,1709.4,17,-860.2,-941.73,-0.3,max_hold_exit
CUMMINSIND,swing,CNC,2026-02-09 00:00:00,2026-02-13 00:00:00,4371.8,4412.4,6,243.6,169.12,0.09,max_hold_exit
DMART,swing,CNC,2026-02-09 00:00:00,2026-02-13 00:00:00,3893.1,3909.2,9,144.9,50.95,0.05,max_hold_exit
HINDUNILVR,swing,CNC,2026-02-09 00:00:00,2026-02-13 00:00:00,2425.0,2305.2,17,-2036.6,-2142.04,-0.69,max_hold_exit
NYKAA,swing,CNC,2026-02-09 00:00:00,2026-02-13 00:00:00,277.0,270.95,110,-665.5,-748.46,-0.22,max_hold_exit
POLYCAB,swing,CNC,2026-02-09 00:00:00,2026-02-13 00:00:00,7679.0,7587.5,4,-366.0,-449.82,-0.12,max_hold_exit
VOLTAS,swing,CNC,2026-02-09 00:00:00,2026-02-13 00:00:00,1440.0,1525.4,17,1451.8,1379.96,0.51,max_hold_exit
ADANIENT,swing,CNC,2026-02-10 00:00:00,2026-02-16 00:00:00,2259.0,2184.6,11,-818.4,-888.71,-0.28,max_hold_exit
DRREDDY,swing,CNC,2026-02-10 00:00:00,2026-02-16 00:00:00,1279.0,1269.4,26,-249.6,-339.18,-0.09,max_hold_exit
HINDPETRO,swing,CNC,2026-02-10 00:00:00,2026-02-16 00:00:00,463.3,452.05,60,-675.0,-752.01,-0.23,max_hold_exit
ADANIGREEN,swing,CNC,2026-02-11 00:00:00,2026-02-17 00:00:00,977.0,1016.8,20,796.0,735.82,0.27,max_hold_exit
APOLLOHOSP,swing,CNC,2026-02-11 00:00:00,2026-02-17 00:00:00,7405.0,7601.5,7,1375.5,1242.94,0.46,max_hold_exit
BAJAJFINSV,swing,CNC,2026-02-11 00:00:00,2026-02-17 00:00:00,2032.0,2044.4,22,272.8,157.23,0.09,max_hold_exit
DABUR,swing,CNC,2026-02-11 00:00:00,2026-02-17 00:00:00,519.7,516.8,76,-220.4,-323.88,-0.07,max_hold_exit
ETERNAL,swing,CNC,2026-02-11 00:00:00,2026-02-17 00:00:00,304.0,281.5,64,-1440.0,-1497.68,-0.48,max_hold_exit
LODHA,swing,CNC,2026-02-11 00:00:00,2026-02-17 00:00:00,1091.0,1096.95,20,119.0,54.45,0.04,max_hold_exit
MARICO,swing,CNC,2026-02-11 00:00:00,2026-02-17 00:00:00,765.6,774.6,61,549.0,428.71,0.19,max_hold_exit
PIDILITIND,swing,CNC,2026-02-11 00:00:00,2026-02-17 00:00:00,1476.8,1495.5,30,561.0,446.03,0.19,max_hold_exit
PRESTIGE,swing,CNC,2026-02-11 00:00:00,2026-02-17 00:00:00,1591.7,1525.6,16,-1057.6,-1129.03,-0.35,max_hold_exit
TRENT,swing,CNC,2026-02-11 00:00:00,2026-02-17 00:00:00,2803.3,2781.3,11,-242.0,-326.21,-0.09,max_hold_exit
UNITDSPR,swing,CNC,2026-02-11 00:00:00,2026-02-17 00:00:00,1420.0,1424.0,35,140.0,13.47,0.05,max_hold_exit
BAJAJHLDNG,swing,CNC,2026-02-12 00:00:00,2026-02-18 00:00:00,11113.0,11413.0,3,900.0,809.04,0.39,max_hold_exit
EICHERMOT,swing,CNC,2026-02-12 00:00:00,2026-02-18 00:00:00,7779.5,8009.5,4,920.0,833.96,0.34,max_hold_exit
BAJFINANCE,swing,CNC,2026-02-13 00:00:00,2026-02-19 00:00:00,995.0,1017.05,37,815.85,717.26,0.28,max_hold_exit
BRITANNIA,swing,CNC,2026-02-13 00:00:00,2026-02-19 00:00:00,6080.0,6108.5,6,171.0,73.82,0.06,max_hold_exit
FORTIS,swing,CNC,2026-02-13 00:00:00,2026-02-19 00:00:00,928.15,906.6,40,-862.0,-959.55,-0.29,max_hold_exit
GLENMARK,swing,CNC,2026-02-13 00:00:00,2026-02-19 00:00:00,2034.0,2016.7,16,-276.8,-364.77,-0.09,max_hold_exit
ICICIGI,swing,CNC,2026-02-13 00:00:00,2026-02-19 00:00:00,1885.7,1936.0,23,1156.9,1043.38,0.39,max_hold_exit
INDHOTEL,swing,CNC,2026-02-13 00:00:00,2026-02-19 00:00:00,707.0,672.1,51,-1779.9,-1874.12,-0.6,max_hold_exit
MAXHEALTH,swing,CNC,2026-02-13 00:00:00,2026-02-19 00:00:00,1062.0,1081.45,30,583.5,496.16,0.2,max_hold_exit
MUTHOOTFIN,swing,CNC,2026-02-13 00:00:00,2026-02-19 00:00:00,3870.0,3410.9,5,-2295.5,-2352.06,-0.84,max_hold_exit
TATAPOWER,swing,CNC,2026-02-13 00:00:00,2026-02-19 00:00:00,377.0,369.3,105,-808.5,-911.57,-0.27,max_hold_exit
ZYDUSLIFE,swing,CNC,2026-02-13 00:00:00,2026-02-19 00:00:00,920.95,902.4,43,-797.65,-900.76,-0.27,max_hold_exit
GODREJCP,swing,CNC,2026-02-17 00:00:00,2026-02-23 00:00:00,1203.8,1222.9,35,668.5,558.24,0.23,max_hold_exit
HAVELLS,swing,CNC,2026-02-17 00:00:00,2026-02-23 00:00:00,1417.1,1412.8,29,-124.7,-231.83,-0.04,max_hold_exit
JSWENERGY,swing,CNC,2026-02-17 00:00:00,2026-02-23 00:00:00,489.75,486.4,72,-241.2,-335.25,-0.08,max_hold_exit
COROMANDEL,swing,CNC,2026-02-18 00:00:00,2026-02-24 00:00:00,2369.9,2280.3,14,-1254.4,-1342.77,-0.45,max_hold_exit
SBILIFE,swing,CNC,2026-02-18 00:00:00,2026-02-24 00:00:00,2034.4,2082.9,22,1067.0,950.49,0.36,max_hold_exit
BANKBARODA,swing,CNC,2026-02-19 00:00:00,2026-02-25 00:00:00,294.1,305.95,116,1374.6,1281.43,0.46,max_hold_exit
GMRAIRPORT,swing,CNC,2026-02-19 00:00:00,2026-02-25 00:00:00,100.7,102.27,311,488.27,402.23,0.16,max_hold_exit
GODREJPROP,swing,CNC,2026-02-19 00:00:00,2026-02-25 00:00:00,1880.0,1797.8,12,-986.4,-1051.45,-0.36,max_hold_exit
LTF,swing,CNC,2026-02-19 00:00:00,2026-02-25 00:00:00,300.3,303.35,93,283.65,205.36,0.09,max_hold_exit
PNB,swing,CNC,2026-02-19 00:00:00,2026-02-25 00:00:00,124.5,126.85,296,695.6,597.05,0.23,max_hold_exit
GODFRYPHLP,swing,CNC,2026-02-20 00:00:00,2026-02-25 00:00:00,2480.0,2083.1785714285716,8,-3174.57,-3231.31,-1.06,chandelier_stop
UPL,swing,CNC,2026-02-20 00:00:00,2026-02-23 00:00:00,760.1,688.7428571428571,42,-2997.0,-3080.77,-1.02,chandelier_stop
CANBK,swing,CNC,2026-02-23 00:00:00,2026-02-27 00:00:00,150.05,152.34,247,565.63,466.74,0.19,max_hold_exit
DIVISLAB,swing,CNC,2026-02-23 00:00:00,2026-02-27 00:00:00,6337.0,6408.5,4,286.0,213.44,0.11,max_hold_exit
TATAINVEST,swing,CNC,2026-02-23 00:00:00,2026-02-27 00:00:00,719.8,658.7,32,-1955.2,-2020.3,-0.66,max_hold_exit
LICHSGFIN,swing,CNC,2026-02-25 00:00:00,2026-03-04 00:00:00,534.8,514.275,98,-2011.45,-2141.78,-0.67,chandelier_stop
TATACONSUM,swing,CNC,2026-02-25 00:00:00,2026-03-02 00:00:00,1183.1,1117.0285714285715,49,-3237.5,-3378.91,-1.09,chandelier_stop
ABCAPITAL,swing,CNC,2026-02-26 00:00:00,2026-03-04 00:00:00,354.0,325.925,101,-2835.57,-2928.03,-0.95,chandelier_stop
AUROPHARMA,swing,CNC,2026-02-27 00:00:00,2026-03-06 00:00:00,1225.3,1231.9,22,145.2,69.21,0.05,max_hold_exit
MANKIND,swing,CNC,2026-02-27 00:00:00,2026-03-06 00:00:00,2261.1,2187.0,21,-1556.1,-1675.95,-0.53,max_hold_exit
MAZDOCK,swing,CNC,2026-03-13 00:00:00,2026-03-19 00:00:00,2434.0,2361.4,9,-653.4,-717.34,-0.23,max_hold_exit
ADANIPOWER,swing,CNC,2026-03-16 00:00:00,2026-03-20 00:00:00,149.9,151.54,199,326.36,243.8,0.11,max_hold_exit
ATGL,swing,CNC,2026-03-16 00:00:00,2026-03-17 00:00:00,588.95,491.6071428571428,34,-3309.66,-3366.66,-1.1,chandelier_stop
BSE,swing,CNC,2026-03-17 00:00:00,2026-03-23 00:00:00,2890.0,2688.342857142857,10,-2016.57,-2094.64,-0.7,chandelier_stop
PREMIERENE,swing,CNC,2026-03-17 00:00:00,2026-03-23 00:00:00,795.75,866.55,29,2053.2,1983.86,0.69,max_hold_exit
WAAREEENER,swing,CNC,2026-03-19 00:00:00,2026-03-25 00:00:00,3095.0,3177.9,8,663.2,591.55,0.24,max_hold_exit
ATGL,swing,CNC,2026-03-20 00:00:00,2026-03-27 00:00:00,576.15,529.1,23,-1082.15,-1126.41,-0.37,max_hold_exit
NHPC,swing,CNC,2026-03-27 00:00:00,2026-04-06 00:00:00,77.2,76.16,501,-521.04,-622.39,-0.17,max_hold_exit
DMART,swing,CNC,2026-04-01 00:00:00,2026-04-08 00:00:00,4075.0,4368.8,8,2350.4,2259.58,0.8,max_hold_exit
LAURUSLABS,swing,CNC,2026-04-07 00:00:00,2026-04-13 00:00:00,1059.9,1087.8,23,641.7,570.93,0.22,max_hold_exit
SAIL,swing,CNC,2026-04-07 00:00:00,2026-04-13 00:00:00,159.42,167.88,132,1116.72,1052.86,0.37,max_hold_exit
NMDC,swing,CNC,2026-04-08 00:00:00,2026-04-15 00:00:00,83.25,87.17,373,1462.16,1375.7,0.49,max_hold_exit
OBEROIRLTY,swing,CNC,2026-04-08 00:00:00,2026-04-15 00:00:00,1633.0,1705.7,17,1235.9,1156.99,0.41,max_hold_exit
OFSS,swing,CNC,2026-04-08 00:00:00,2026-04-15 00:00:00,7089.0,7332.5,3,730.5,666.55,0.32,max_hold_exit
PERSISTENT,swing,CNC,2026-04-08 00:00:00,2026-04-15 00:00:00,5485.0,5488.5,5,17.5,-59.4,0.01,max_hold_exit
ADANIENSOL,swing,CNC,2026-04-09 00:00:00,2026-04-16 00:00:00,1073.2,1222.6,21,3137.4,3068.13,1.07,max_hold_exit
ADANIGREEN,swing,CNC,2026-04-09 00:00:00,2026-04-16 00:00:00,1032.0,1118.9,21,1824.9,1758.91,0.64,max_hold_exit
ATGL,swing,CNC,2026-04-09 00:00:00,2026-04-16 00:00:00,554.0,597.6,30,1308.0,1253.78,0.45,max_hold_exit
CGPOWER,swing,CNC,2026-04-09 00:00:00,2026-04-16 00:00:00,725.95,755.9,38,1138.1,1059.68,0.39,max_hold_exit
HINDALCO,swing,CNC,2026-04-09 00:00:00,2026-04-16 00:00:00,959.0,1039.9,32,2588.8,2501.98,0.88,max_hold_exit
INDIANB,swing,CNC,2026-04-09 00:00:00,2026-04-16 00:00:00,937.05,920.45,26,-431.6,-501.23,-0.15,max_hold_exit
KALYANKJIL,swing,CNC,2026-04-09 00:00:00,2026-04-16 00:00:00,443.35,440.3,53,-161.65,-229.63,-0.05,max_hold_exit
LICHSGFIN,swing,CNC,2026-04-09 00:00:00,2026-04-16 00:00:00,529.85,534.85,58,290.0,205.47,0.1,max_hold_exit
NHPC,swing,CNC,2026-04-09 00:00:00,2026-04-16 00:00:00,78.0,81.38,485,1639.3,1537.6,0.55,max_hold_exit
PFC,swing,CNC,2026-04-09 00:00:00,2026-04-16 00:00:00,418.55,458.9,57,2299.95,2228.61,0.78,max_hold_exit
TATASTEEL,swing,CNC,2026-04-09 00:00:00,2026-04-16 00:00:00,204.51,210.69,148,914.64,830.49,0.31,max_hold_exit
TITAN,swing,CNC,2026-04-09 00:00:00,2026-04-16 00:00:00,4475.0,4461.4,6,-81.6,-157.12,-0.03,max_hold_exit
VEDL,swing,CNC,2026-04-09 00:00:00,2026-04-16 00:00:00,379.45,409.75,70,2121.0,2043.84,0.72,max_hold_exit
BHEL,swing,CNC,2026-04-10 00:00:00,2026-04-17 00:00:00,279.0,316.79,90,3401.1,3325.84,1.14,max_hold_exit
HCLTECH,swing,CNC,2026-04-10 00:00:00,2026-04-17 00:00:00,1452.0,1442.3,21,-203.7,-287.19,-0.07,max_hold_exit
JINDALSTEL,swing,CNC,2026-04-10 00:00:00,2026-04-17 00:00:00,1207.0,1270.0,21,1323.0,1249.37,0.45,max_hold_exit
AXISBANK,swing,CNC,2026-04-13 00:00:00,2026-04-20 00:00:00,1318.0,1354.7,22,807.4,726.19,0.28,max_hold_exit
BHARATFORG,swing,CNC,2026-04-13 00:00:00,2026-04-20 00:00:00,1770.0,1866.2,14,1346.8,1274.4,0.46,max_hold_exit
FEDERALBNK,swing,CNC,2026-04-13 00:00:00,2026-04-20 00:00:00,284.7,294.35,99,955.35,875.79,0.32,max_hold_exit
MAZDOCK,swing,CNC,2026-04-13 00:00:00,2026-04-20 00:00:00,2425.0,2621.2,8,1569.6,1508.93,0.58,max_hold_exit
MOTILALOFS,swing,CNC,2026-04-13 00:00:00,2026-04-20 00:00:00,760.0,807.95,28,1342.6,1277.98,0.45,max_hold_exit
NYKAA,swing,CNC,2026-04-13 00:00:00,2026-04-20 00:00:00,255.01,264.55,119,1135.26,1050.71,0.38,max_hold_exit
PHOENIXLTD,swing,CNC,2026-04-13 00:00:00,2026-04-20 00:00:00,1730.0,1767.9,14,530.6,460.29,0.19,max_hold_exit
SIEMENS,swing,CNC,2026-04-13 00:00:00,2026-04-20 00:00:00,3340.0,3709.0,7,2583.0,2512.43,0.96,max_hold_exit
SOLARINDS,swing,CNC,2026-04-13 00:00:00,2026-04-20 00:00:00,13899.0,14907.0,1,1008.0,960.14,0.58,max_hold_exit
SUZLON,swing,CNC,2026-04-13 00:00:00,2026-04-20 00:00:00,44.5,52.5,598,4784.0,4703.97,1.6,max_hold_exit
TRENT,swing,CNC,2026-04-13 00:00:00,2026-04-20 00:00:00,2559.0,2828.5,9,2425.5,2355.87,0.83,max_hold_exit
TVSMOTOR,swing,CNC,2026-04-13 00:00:00,2026-04-20 00:00:00,3769.8,3761.9,8,-63.2,-146.09,-0.02,max_hold_exit
UNIONBANK,swing,CNC,2026-04-13 00:00:00,2026-04-20 00:00:00,176.29,183.86,121,915.97,851.68,0.31,max_hold_exit
ABCAPITAL,swing,CNC,2026-04-15 00:00:00,2026-04-21 00:00:00,342.95,344.6,68,112.2,44.32,0.04,max_hold_exit
ADANIPORTS,swing,CNC,2026-04-15 00:00:00,2026-04-21 00:00:00,1484.3,1594.1,18,1976.4,1899.04,0.67,max_hold_exit
AUBANK,swing,CNC,2026-04-15 00:00:00,2026-04-21 00:00:00,994.0,1037.9,25,1097.5,1025.2,0.38,max_hold_exit
BAJAJ-AUTO,swing,CNC,2026-04-15 00:00:00,2026-04-21 00:00:00,9901.5,9793.0,3,-325.5,-407.11,-0.13,max_hold_exit
BDL,swing,CNC,2026-04-15 00:00:00,2026-04-21 00:00:00,1358.0,1375.0,17,289.0,221.46,0.1,max_hold_exit
BEL,swing,CNC,2026-04-15 00:00:00,2026-04-21 00:00:00,447.5,451.5,72,288.0,200.16,0.1,max_hold_exit
IREDA,swing,CNC,2026-04-15 00:00:00,2026-04-21 00:00:00,125.65,128.86,197,632.37,560.77,0.21,max_hold_exit
MUTHOOTFIN,swing,CNC,2026-04-15 00:00:00,2026-04-21 00:00:00,3650.3,3610.2,7,-280.7,-353.13,-0.09,max_hold_exit
RADICO,swing,CNC,2026-04-15 00:00:00,2026-04-21 00:00:00,2835.0,3249.2,9,3727.8,3651.3,1.32,max_hold_exit
TATAINVEST,swing,CNC,2026-04-15 00:00:00,2026-04-21 00:00:00,725.0,722.25,30,-82.5,-146.68,-0.03,max_hold_exit
ZYDUSLIFE,swing,CNC,2026-04-15 00:00:00,2026-04-21 00:00:00,925.55,928.6,37,112.85,20.69,0.04,max_hold_exit
ADANIENT,swing,CNC,2026-04-16 00:00:00,2026-04-22 00:00:00,2170.0,2260.8,10,908.0,842.9,0.32,max_hold_exit
APOLLOHOSP,swing,CNC,2026-04-16 00:00:00,2026-04-22 00:00:00,7678.0,7662.0,5,-80.0,-181.17,-0.03,max_hold_exit
ASIANPAINT,swing,CNC,2026-04-16 00:00:00,2026-04-22 00:00:00,2435.0,2562.9,12,1534.8,1452.34,0.53,max_hold_exit
COCHINSHIP,swing,CNC,2026-04-16 00:00:00,2026-04-22 00:00:00,1492.0,1583.1,13,1184.3,1124.04,0.4,max_hold_exit
CONCOR,swing,CNC,2026-04-16 00:00:00,2026-04-22 00:00:00,496.85,515.7,59,1112.15,1029.92,0.37,max_hold_exit
DIXON,swing,CNC,2026-04-16 00:00:00,2026-04-22 00:00:00,11250.0,11267.0,2,34.0,-31.97,0.01,max_hold_exit
ENRIN,swing,CNC,2026-04-16 00:00:00,2026-04-22 00:00:00,2935.0,3188.2,9,2278.8,2201.8,0.84,max_hold_exit
EXIDEIND,swing,CNC,2026-04-16 00:00:00,2026-04-22 00:00:00,331.9,354.55,82,1857.3,1778.96,0.62,max_hold_exit
GMRAIRPORT,swing,CNC,2026-04-16 00:00:00,2026-04-22 00:00:00,99.3,97.39,251,-479.41,-550.24,-0.16,max_hold_exit
GODREJPROP,swing,CNC,2026-04-16 00:00:00,2026-04-22 00:00:00,1750.0,1832.2,14,1150.8,1079.23,0.4,max_hold_exit
HAL,swing,CNC,2026-04-16 00:00:00,2026-04-22 00:00:00,4284.8,4400.6,7,810.6,727.17,0.29,max_hold_exit
HDFCAMC,swing,CNC,2026-04-16 00:00:00,2026-04-22 00:00:00,2643.4,2707.2,9,574.2,504.8,0.2,max_hold_exit
HUDCO,swing,CNC,2026-04-16 00:00:00,2026-04-22 00:00:00,190.0,199.88,125,1235.0,1165.01,0.41,max_hold_exit
INDIGO,swing,CNC,2026-04-16 00:00:00,2026-04-22 00:00:00,4699.9,4640.9,4,-236.0,-293.47,-0.08,max_hold_exit
JSWSTEEL,swing,CNC,2026-04-16 00:00:00,2026-04-22 00:00:00,1221.2,1263.4,28,1181.6,1088.45,0.4,max_hold_exit
KEI,swing,CNC,2026-04-16 00:00:00,2026-04-22 00:00:00,4640.0,4909.7,5,1348.5,1279.61,0.48,max_hold_exit
POLYCAB,swing,CNC,2026-04-16 00:00:00,2026-04-22 00:00:00,7845.0,8038.0,3,579.0,510.16,0.23,max_hold_exit
RECLTD,swing,CNC,2026-04-16 00:00:00,2026-04-22 00:00:00,355.0,383.35,82,2324.7,2241.67,0.78,max_hold_exit
SHRIRAMFIN,swing,CNC,2026-04-16 00:00:00,2026-04-22 00:00:00,1026.1,1044.55,20,369.0,307.08,0.13,max_hold_exit
VMM,swing,CNC,2026-04-16 00:00:00,2026-04-22 00:00:00,117.74,124.56,199,1357.18,1287.77,0.45,max_hold_exit
ALKEM,swing,CNC,2026-04-17 00:00:00,2026-04-23 00:00:00,5570.0,5520.5,6,-297.0,-386.9,-0.1,max_hold_exit
COFORGE,swing,CNC,2026-04-17 00:00:00,2026-04-23 00:00:00,1310.0,1220.6,19,-1698.6,-1768.09,-0.58,max_hold_exit
GAIL,swing,CNC,2026-04-17 00:00:00,2026-04-23 00:00:00,160.0,164.96,216,1071.36,977.51,0.36,max_hold_exit
GODFRYPHLP,swing,CNC,2026-04-17 00:00:00,2026-04-23 00:00:00,2200.0,2153.3,9,-420.3,-479.8,-0.15,max_hold_exit
HINDZINC,swing,CNC,2026-04-17 00:00:00,2026-04-23 00:00:00,595.0,592.1,48,-139.2,-218.46,-0.05,max_hold_exit
INDHOTEL,swing,CNC,2026-04-17 00:00:00,2026-04-23 00:00:00,654.0,639.45,43,-625.65,-703.43,-0.21,max_hold_exit
MOTHERSON,swing,CNC,2026-04-17 00:00:00,2026-04-23 00:00:00,122.5,127.22,196,925.12,854.87,0.31,max_hold_exit
NESTLEIND,swing,CNC,2026-04-17 00:00:00,2026-04-21 00:00:00,1258.1,1290.057142857143,33,1054.59,945.29,0.35,chandelier_stop
TATACOMM,swing,CNC,2026-04-17 00:00:00,2026-04-23 00:00:00,1555.4,1580.7,16,404.8,333.14,0.14,max_hold_exit
TMPV,swing,CNC,2026-04-17 00:00:00,2026-04-23 00:00:00,352.05,351.95,82,-8.2,-88.28,-0.0,max_hold_exit
VBL,swing,CNC,2026-04-17 00:00:00,2026-04-23 00:00:00,453.3,484.25,66,2042.7,1958.16,0.69,max_hold_exit
WIPRO,swing,CNC,2026-04-17 00:00:00,2026-04-23 00:00:00,205.0,202.76,179,-400.96,-498.03,-0.13,max_hold_exit
360ONE,swing,CNC,2026-04-20 00:00:00,2026-04-24 00:00:00,1107.7,1039.6,26,-1770.6,-1848.7,-0.59,max_hold_exit
APLAPOLLO,swing,CNC,2026-04-20 00:00:00,2026-04-24 00:00:00,2120.1,2004.5,13,-1502.8,-1578.43,-0.52,max_hold_exit
DIVISLAB,swing,CNC,2026-04-20 00:00:00,2026-04-24 00:00:00,6269.5,6361.5,6,552.0,451.9,0.19,max_hold_exit
DLF,swing,CNC,2026-04-20 00:00:00,2026-04-24 00:00:00,602.0,587.05,46,-687.7,-764.46,-0.23,max_hold_exit
ETERNAL,swing,CNC,2026-04-20 00:00:00,2026-04-24 00:00:00,251.85,256.79,113,558.22,478.46,0.19,max_hold_exit
FORTIS,swing,CNC,2026-04-20 00:00:00,2026-04-24 00:00:00,894.0,929.3,35,1235.5,1148.75,0.41,max_hold_exit
ICICIGI,swing,CNC,2026-04-20 00:00:00,2026-04-24 00:00:00,1891.6,1772.1,16,-1912.0,-1993.21,-0.67,max_hold_exit
IRFC,swing,CNC,2026-04-20 00:00:00,2026-04-24 00:00:00,105.14,103.92,260,-317.2,-393.56,-0.11,max_hold_exit
LTM,swing,CNC,2026-04-20 00:00:00,2026-04-24 00:00:00,4753.6,4326.650000000001,6,-2561.7,-2638.36,-0.85,chandelier_stop
PIIND,swing,CNC,2026-04-20 00:00:00,2026-04-24 00:00:00,3120.0,3081.2,9,-349.2,-427.17,-0.12,max_hold_exit
POLICYBZR,swing,CNC,2026-04-20 00:00:00,2026-04-24 00:00:00,1600.6,1696.7,17,1633.7,1555.6,0.56,max_hold_exit
RVNL,swing,CNC,2026-04-20 00:00:00,2026-04-24 00:00:00,304.5,303.44,79,-83.74,-153.05,-0.03,max_hold_exit
SBILIFE,swing,CNC,2026-04-20 00:00:00,2026-04-23 00:00:00,1976.3,1824.042857142857,19,-2892.89,-2989.27,-0.98,chandelier_stop
SHREECEM,swing,CNC,2026-04-20 00:00:00,2026-04-24 00:00:00,25300.0,24950.0,1,-350.0,-421.8,-0.16,max_hold_exit
ULTRACEMCO,swing,CNC,2026-04-20 00:00:00,2026-04-24 00:00:00,11731,11758,2,54,-14.13,0.03,max_hold_exit
BAJAJHLDNG,swing,CNC,2026-04-21 00:00:00,2026-04-27 00:00:00,10375.0,10333.5,2,-83.0,-144.96,-0.04,max_hold_exit
BLUESTARCO,swing,CNC,2026-04-21 00:00:00,2026-04-27 00:00:00,1898.4,1916.3,12,214.8,148.02,0.07,max_hold_exit
COLPAL,swing,CNC,2026-04-21 00:00:00,2026-04-27 00:00:00,2129.0,2141.0,16,192.0,100.17,0.07,max_hold_exit
MANKIND,swing,CNC,2026-04-21 00:00:00,2026-04-27 00:00:00,2150.0,2268.7,17,2017.9,1918.65,0.69,max_hold_exit
NAUKRI,swing,CNC,2026-04-21 00:00:00,2026-04-24 00:00:00,1071.0,984.1928571428572,28,-2430.6,-2510.66,-0.84,chandelier_stop
TATACONSUM,swing,CNC,2026-04-21 00:00:00,2026-04-27 00:00:00,1125.0,1160.5,35,1242.5,1137.77,0.43,max_hold_exit
VOLTAS,swing,CNC,2026-04-21 00:00:00,2026-04-27 00:00:00,1445.0,1515.0,17,1190.0,1118.24,0.4,max_hold_exit
GODREJCP,swing,CNC,2026-04-22 00:00:00,2026-04-28 00:00:00,1119.6,1092.0,30,-828.0,-917.72,-0.29,max_hold_exit
HINDUNILVR,swing,CNC,2026-04-22 00:00:00,2026-04-28 00:00:00,2310.4,2289.5,17,-355.3,-458.15,-0.12,max_hold_exit
SBIN,swing,CNC,2026-04-22 00:00:00,2026-04-28 00:00:00,1110.0,1091.3,30,-561.0,-650.36,-0.19,max_hold_exit
HAVELLS,swing,CNC,2026-04-23 00:00:00,2026-04-29 00:00:00,1294.6,1252.5,23,-968.3,-1049.4,-0.32,max_hold_exit
INDUSINDBK,swing,CNC,2026-04-23 00:00:00,2026-04-29 00:00:00,861.7,913.75,37,1925.85,1837.07,0.65,max_hold_exit
MARICO,swing,CNC,2026-04-23 00:00:00,2026-04-29 00:00:00,774.95,779.3,52,226.2,120.48,0.08,max_hold_exit
PIDILITIND,swing,CNC,2026-04-23 00:00:00,2026-04-29 00:00:00,1408.0,1389.0,24,-456.0,-546.56,-0.15,max_hold_exit
UNITDSPR,swing,CNC,2026-04-23 00:00:00,2026-04-29 00:00:00,1390.1,1363.4,27,-720.9,-819.5,-0.25,max_hold_exit
JUBLFOOD,swing,CNC,2026-04-24 00:00:00,2026-04-30 00:00:00,493.2,478.6,45,-657.0,-721.57,-0.22,max_hold_exit
COALINDIA,swing,CNC,2026-04-27 00:00:00,2026-05-04 00:00:00,458.5,479.95,92,1973.4,1861.68,0.66,max_hold_exit
DRREDDY,swing,CNC,2026-04-27 00:00:00,2026-05-04 00:00:00,1320.4,1287.2,26,-863.2,-954.53,-0.3,max_hold_exit
CIPLA,swing,CNC,2026-04-28 00:00:00,2026-05-05 00:00:00,1316.0,1333.7,37,654.9,530.08,0.22,max_hold_exit
JIOFIN,swing,CNC,2026-04-28 00:00:00,2026-05-05 00:00:00,255.5,248.45,128,-902.4,-990.08,-0.3,max_hold_exit
OIL,swing,CNC,2026-04-28 00:00:00,2026-05-05 00:00:00,479.8,464.5714285714286,79,-1203.06,-1301.98,-0.41,chandelier_stop
IDEA,swing,CNC,2026-04-29 00:00:00,2026-05-06 00:00:00,10.05,11.3,3414,4267.5,4170.89,1.42,max_hold_exit
ITC,swing,CNC,2026-04-30 00:00:00,2026-05-07 00:00:00,307.85,299.25,199,-1711.4,-1861.71,-0.57,max_hold_exit
RELIANCE,swing,CNC,2026-04-30 00:00:00,2026-05-07 00:00:00,1409.0,1436.2,33,897.6,777.4,0.31,max_hold_exit
KPITTECH,swing,CNC,2026-05-04 00:00:00,2026-05-08 00:00:00,767.0,704.2714285714285,39,-2446.41,-2526.29,-0.82,chandelier_stop
SUNPHARMA,swing,CNC,2026-05-04 00:00:00,2026-05-08 00:00:00,1820.0,1847.9,19,530.1,436.77,0.18,max_hold_exit
BRITANNIA,swing,CNC,2026-05-05 00:00:00,2026-05-11 00:00:00,5775.0,5489.071428571428,7,-2001.5,-2105.2,-0.73,chandelier_stop
IRCTC,swing,CNC,2026-05-05 00:00:00,2026-05-11 00:00:00,555.0,556.8,79,142.2,28.68,0.05,max_hold_exit
TORNTPHARM,swing,CNC,2026-05-05 00:00:00,2026-05-11 00:00:00,4251.8,4517.1,11,2918.3,2795.4,1.01,max_hold_exit
DABUR,swing,CNC,2026-05-06 00:00:00,2026-05-12 00:00:00,465.0,473.25,80,660.0,560.71,0.22,max_hold_exit
ALKEM,swing,CNC,2026-05-07 00:00:00,2026-05-13 00:00:00,5570.0,5462.5,5,-537.5,-614.77,-0.21,max_hold_exit
BIOCON,swing,CNC,2026-05-07 00:00:00,2026-05-13 00:00:00,384.0,417.6,111,3729.6,3615.08,1.25,max_hold_exit
MARUTI,swing,CNC,2026-05-07 00:00:00,2026-05-13 00:00:00,13722.0,13103.0,2,-1238.0,-1313.64,-0.62,max_hold_exit
SRF,swing,CNC,2026-05-07 00:00:00,2026-05-13 00:00:00,2714.9,2695.2,14,-275.8,-375.92,-0.09,max_hold_exit
BAJAJFINSV,swing,CNC,2026-05-08 00:00:00,2026-05-14 00:00:00,1824.5,1740.2,24,-2023.2,-2134.35,-0.69,max_hold_exit
M&M,swing,CNC,2026-05-08 00:00:00,2026-05-14 00:00:00,3357.8,3173.9,11,-2022.9,-2118.82,-0.68,max_hold_exit
M&MFIN,swing,CNC,2026-05-08 00:00:00,2026-05-14 00:00:00,319.8,313.85,81,-481.95,-554.95,-0.16,max_hold_exit
MFSL,swing,CNC,2026-05-08 00:00:00,2026-05-14 00:00:00,1718.8,1631.4,24,-2097.6,-2203.04,-0.72,max_hold_exit
COFORGE,swing,CNC,2026-05-11 00:00:00,2026-05-15 00:00:00,1375.8,1282.1,18,-1686.6,-1755.82,-0.58,max_hold_exit
SHRIRAMFIN,swing,CNC,2026-05-11 00:00:00,2026-05-15 00:00:00,990.0,937.9,32,-1667.2,-1751.81,-0.56,max_hold_exit
TVSMOTOR,swing,CNC,2026-05-11 00:00:00,2026-05-15 00:00:00,3651.0,3466.8,9,-1657.8,-1745.04,-0.57,max_hold_exit
ICICIGI,swing,CNC,2026-05-12 00:00:00,2026-05-18 00:00:00,1834.0,1813.0,23,-483.0,-592.18,-0.16,max_hold_exit
OIL,swing,CNC,2026-05-14 00:00:00,2026-05-20 00:00:00,525.4,504.4,58,-1218.0,-1300.39,-0.41,max_hold_exit
KOTAKBANK,swing,CNC,2026-05-15 00:00:00,2026-05-21 00:00:00,383.2,380.85,101,-237.35,-339.05,-0.08,max_hold_exit
BHARTIARTL,swing,CNC,2026-05-19 00:00:00,2026-05-25 00:00:00,1928.4,1874.8,19,-1018.4,-1114.7,-0.35,max_hold_exit
INDUSTOWER,swing,CNC,2026-05-20 00:00:00,2026-05-26 00:00:00,427.5,433.25,77,442.75,353.2,0.15,max_hold_exit
KPITTECH,swing,CNC,2026-05-22 00:00:00,2026-05-29 00:00:00,752.0,771.95,35,698.25,623.1,0.23,max_hold_exit
MFSL,swing,CNC,2026-05-25 00:00:00,2026-06-01 00:00:00,1700.0,1624.4,19,-1436.4,-1522.63,-0.5,max_hold_exit
EICHERMOT,swing,CNC,2026-05-27 00:00:00,2026-06-03 00:00:00,7375.0,7130.0,5,-1225.0,-1321.61,-0.45,max_hold_exit
UPL,swing,CNC,2026-05-27 00:00:00,2026-06-03 00:00:00,657.9,646.05,53,-628.05,-720.82,-0.21,max_hold_exit
WIPRO,swing,CNC,2026-05-27 00:00:00,2026-06-03 00:00:00,203.85,204.1,230,57.5,-62.69,0.02,max_hold_exit
ABB,swing,CNC,2026-05-29 00:00:00,2026-06-04 00:00:00,7280.0,7156.0,4,-496.0,-576.13,-0.17,max_hold_exit
ETERNAL,swing,CNC,2026-05-29 00:00:00,2026-06-04 00:00:00,256.75,254.35,135,-324.0,-416.63,-0.11,max_hold_exit
HYUNDAI,swing,CNC,2026-05-29 00:00:00,2026-06-04 00:00:00,1902.1,1932.4,18,545.4,452.81,0.18,max_hold_exit
INDIGO,swing,CNC,2026-05-29 00:00:00,2026-06-04 00:00:00,4550.0,4508.8,8,-329.6,-426.09,-0.12,max_hold_exit
PERSISTENT,swing,CNC,2026-05-29 00:00:00,2026-06-04 00:00:00,5150.0,5029.807142857143,6,-721.16,-805.01,-0.24,chandelier_stop
TECHM,swing,CNC,2026-05-29 00:00:00,2026-06-04 00:00:00,1439.5,1449.6,25,252.5,156.33,0.08,max_hold_exit
MPHASIS,swing,CNC,2026-06-02 00:00:00,2026-06-08 00:00:00,2262.5,2273.2,14,149.8,63.32,0.05,max_hold_exit
NAUKRI,swing,CNC,2026-06-03 00:00:00,2026-06-09 00:00:00,1010.1,982.6,26,-715.0,-788.56,-0.24,max_hold_exit
BANKBARODA,swing,CNC,2026-06-10 00:00:00,2026-06-16 00:00:00,273.4,275.35,144,280.8,177.08,0.09,max_hold_exit
AXISBANK,swing,CNC,2026-06-11 00:00:00,2026-06-17 00:00:00,1308.8,1350.9,36,1515.6,1393.38,0.51,max_hold_exit
ICICIBANK,swing,CNC,2026-06-12 00:00:00,2026-06-18 00:00:00,1330.0,1342.3,34,418.2,301.34,0.14,max_hold_exit
CANBK,swing,CNC,2026-06-15 00:00:00,2026-06-19 00:00:00,134.0,133.74,235,-61.1,-146.95,-0.02,max_hold_exit
LICHSGFIN,swing,CNC,2026-06-15 00:00:00,2026-06-19 00:00:00,564.5,549.9,67,-978.2,-1077.17,-0.33,max_hold_exit
PNB,swing,CNC,2026-06-15 00:00:00,2026-06-19 00:00:00,108.05,108.77,356,256.32,154.64,0.09,max_hold_exit
360ONE,swing,CNC,2026-06-16 00:00:00,2026-06-22 00:00:00,1143.2,1139.2,29,-116.0,-205.49,-0.04,max_hold_exit
AUBANK,swing,CNC,2026-06-16 00:00:00,2026-06-22 00:00:00,1039.0,1045.05,33,199.65,107.31,0.07,max_hold_exit
DLF,swing,CNC,2026-06-16 00:00:00,2026-06-22 00:00:00,618.0,627.6,55,528.0,435.98,0.18,max_hold_exit
INDIANB,swing,CNC,2026-06-16 00:00:00,2026-06-22 00:00:00,855.0,861.1,40,244.0,151.81,0.08,max_hold_exit
LT,swing,CNC,2026-06-16 00:00:00,2026-06-22 00:00:00,4205.0,4201.3,11,-40.7,-159.39,-0.01,max_hold_exit
MARUTI,swing,CNC,2026-06-16 00:00:00,2026-06-22 00:00:00,13861.0,13421.0,3,-1320.0,-1426.98,-0.47,max_hold_exit
MAXHEALTH,swing,CNC,2026-06-16 00:00:00,2026-06-22 00:00:00,1034.5,1095.05,39,2361.45,2253.41,0.8,max_hold_exit
PHOENIXLTD,swing,CNC,2026-06-16 00:00:00,2026-06-22 00:00:00,1867.5,1871.1,18,64.8,-25.9,0.02,max_hold_exit
PRESTIGE,swing,CNC,2026-06-16 00:00:00,2026-06-22 00:00:00,1478.0,1512.5,19,655.5,576.48,0.22,max_hold_exit
BAJFINANCE,swing,CNC,2026-06-17 00:00:00,2026-06-23 00:00:00,955.1,962.4,37,270.1,175.35,0.09,max_hold_exit
BPCL,swing,CNC,2026-06-17 00:00:00,2026-06-23 00:00:00,316.0,308.55,118,-879.1,-976.99,-0.29,max_hold_exit
CHOLAFIN,swing,CNC,2026-06-17 00:00:00,2026-06-23 00:00:00,1680.4,1725.9,17,773.5,693.28,0.26,max_hold_exit
COROMANDEL,swing,CNC,2026-06-17 00:00:00,2026-06-23 00:00:00,2059.7,1992.8,13,-869.7,-944.24,-0.3,max_hold_exit
ETERNAL,swing,CNC,2026-06-17 00:00:00,2026-06-23 00:00:00,254.0,258.95,120,594.0,509.71,0.2,max_hold_exit
LTF,swing,CNC,2026-06-17 00:00:00,2026-06-23 00:00:00,294.25,286.35,106,-837.4,-921.78,-0.28,max_hold_exit
NAUKRI,swing,CNC,2026-06-17 00:00:00,2026-06-23 00:00:00,1016.0,1011.6,31,-136.4,-222.19,-0.05,max_hold_exit
OBEROIRLTY,swing,CNC,2026-06-17 00:00:00,2026-06-23 00:00:00,1668.4,1704.4,20,720.0,629.17,0.25,max_hold_exit
RECLTD,swing,CNC,2026-06-17 00:00:00,2026-06-23 00:00:00,357.5,361.9,113,497.2,390.97,0.17,max_hold_exit
SHRIRAMFIN,swing,CNC,2026-06-17 00:00:00,2026-06-23 00:00:00,1005.0,993.35,33,-384.45,-473.69,-0.13,max_hold_exit
TITAN,swing,CNC,2026-06-17 00:00:00,2026-06-23 00:00:00,4338.0,4305.3,9,-294.3,-396.69,-0.1,max_hold_exit
UNIONBANK,swing,CNC,2026-06-17 00:00:00,2026-06-23 00:00:00,166.58,170.1,216,760.32,663.64,0.25,max_hold_exit
BAJAJHLDNG,swing,CNC,2026-06-18 00:00:00,2026-06-24 00:00:00,10550.0,10583.0,3,99.0,12.63,0.04,max_hold_exit
IOC,swing,CNC,2026-06-18 00:00:00,2026-06-24 00:00:00,145.8,146.3,273,136.5,31.97,0.05,max_hold_exit
BHARTIARTL,swing,CNC,2026-06-19 00:00:00,2026-06-25 00:00:00,1874.3,1850.7,27,-637.2,-764.94,-0.22,max_hold_exit
GODREJPROP,swing,CNC,2026-06-19 00:00:00,2026-06-25 00:00:00,1798.0,1850.6,17,894.2,809.41,0.3,max_hold_exit
HDFCAMC,swing,CNC,2026-06-19 00:00:00,2026-06-25 00:00:00,2720.1,2649.7,12,-844.8,-932.4,-0.3,max_hold_exit
HDFCBANK,swing,CNC,2026-06-19 00:00:00,2026-06-25 00:00:00,788.7,796.3,62,471.2,346.11,0.16,max_hold_exit
JIOFIN,swing,CNC,2026-06-19 00:00:00,2026-06-25 00:00:00,244.0,239.43,183,-836.31,-950.61,-0.28,max_hold_exit
SHREECEM,swing,CNC,2026-06-19 00:00:00,2026-06-25 00:00:00,25350.0,25735.0,1,385.0,312.33,0.22,max_hold_exit
SIEMENS,swing,CNC,2026-06-19 00:00:00,2026-06-25 00:00:00,3744.5,3627.9,10,-1166.0,-1263.94,-0.42,max_hold_exit
SUNPHARMA,swing,CNC,2026-06-19 00:00:00,2026-06-25 00:00:00,1824.0,1862.8,37,1435.6,1268.19,0.49,max_hold_exit
UNITDSPR,swing,CNC,2026-06-19 00:00:00,2026-06-25 00:00:00,1348.0,1384.9,36,1328.4,1203.24,0.45,max_hold_exit
VOLTAS,swing,CNC,2026-06-19 00:00:00,2026-06-25 00:00:00,1357.6,1302.4,24,-1324.8,-1411.77,-0.45,max_hold_exit
HAL,swing,CNC,2026-06-22 00:00:00,2026-06-29 00:00:00,4424.1,4342.8,9,-731.7,-835.36,-0.26,max_hold_exit
ICICIGI,swing,CNC,2026-06-22 00:00:00,2026-06-29 00:00:00,1877.9,1768.1,22,-2415.6,-2520.84,-0.83,max_hold_exit
KALYANKJIL,swing,CNC,2026-06-22 00:00:00,2026-06-29 00:00:00,383.5,377.85,64,-361.6,-431.7,-0.12,max_hold_exit
LUPIN,swing,CNC,2026-06-22 00:00:00,2026-06-29 00:00:00,2360.0,2409.3,25,1232.5,1084.17,0.42,max_hold_exit
MAZDOCK,swing,CNC,2026-06-22 00:00:00,2026-06-29 00:00:00,2530.0,2446.8,15,-1248.0,-1346.98,-0.44,max_hold_exit
MFSL,swing,CNC,2026-06-22 00:00:00,2026-06-29 00:00:00,1676.3,1570.735714285714,21,-2216.85,-2308.72,-0.75,chandelier_stop
TATAINVEST,swing,CNC,2026-06-22 00:00:00,2026-06-29 00:00:00,692.0,666.35,52,-1333.8,-1428.32,-0.45,max_hold_exit
ASTRAL,swing,CNC,2026-06-23 00:00:00,2026-06-29 00:00:00,1560.0,1438.3000000000002,26,-3164.2,-3266.99,-1.09,chandelier_stop
BAJAJFINSV,swing,CNC,2026-06-23 00:00:00,2026-06-30 00:00:00,1794.0,1780.2,27,-372.6,-495.8,-0.12,max_hold_exit
BDL,swing,CNC,2026-06-23 00:00:00,2026-06-30 00:00:00,1413.7,1368.4,25,-1132.5,-1225.8,-0.38,max_hold_exit
BEL,swing,CNC,2026-06-23 00:00:00,2026-06-25 00:00:00,435.0,406.84285714285716,120,-3378.86,-3507.3,-1.13,chandelier_stop
DMART,swing,CNC,2026-06-23 00:00:00,2026-06-30 00:00:00,4311.0,4380.7,9,627.3,524.49,0.21,max_hold_exit
DRREDDY,swing,CNC,2026-06-25 00:00:00,2026-07-02 00:00:00,1331.9,1345.7,41,565.8,427.92,0.19,max_hold_exit
ALKEM,swing,CNC,2026-06-29 00:00:00,2026-07-03 00:00:00,5429.0,5562.5,10,1335.0,1197.03,0.48,max_hold_exit
M&M,swing,CNC,2026-06-29 00:00:00,2026-07-03 00:00:00,3143.4,3136.9,13,-84.5,-191.16,-0.03,max_hold_exit
M&MFIN,swing,CNC,2026-06-29 00:00:00,2026-07-03 00:00:00,321.3,326.7,98,529.2,442.74,0.18,max_hold_exit
NHPC,swing,CNC,2026-06-29 00:00:00,2026-07-03 00:00:00,78.52,80.53,579,1163.79,1045.61,0.39,max_hold_exit
TVSMOTOR,swing,CNC,2026-06-29 00:00:00,2026-07-03 00:00:00,3542.4,3627.4,12,1020.0,908.54,0.36,max_hold_exit
PAYTM,swing,CNC,2026-06-30 00:00:00,2026-07-06 00:00:00,1133.8,1218.2,26,2194.4,2110.68,0.74,max_hold_exit
NESTLEIND,swing,CNC,2026-07-02 00:00:00,2026-07-08 00:00:00,1459.0,1450.5,29,-246.5,-356.21,-0.08,max_hold_exit
POLICYBZR,swing,CNC,2026-07-02 00:00:00,2026-07-08 00:00:00,1685.7,1562.5,19,-2340.8,-2425.49,-0.81,max_hold_exit
GODREJCP,swing,CNC,2026-07-03 00:00:00,2026-07-09 00:00:00,1079.0,1087.4,40,336.0,223.8,0.11,max_hold_exit
ULTRACEMCO,swing,CNC,2026-07-03 00:00:00,2026-07-09 00:00:00,11345,11293,4,-208,-324.57,-0.09,max_hold_exit
COCHINSHIP,swing,CNC,2026-07-06 00:00:00,2026-07-09 00:00:00,1524.1,1404.7357142857143,20,-2387.29,-2468.49,-0.82,chandelier_stop
CONCOR,swing,CNC,2026-07-06 00:00:00,2026-07-08 00:00:00,490.0,457.5607142857143,101,-3276.37,-3398.89,-1.09,chandelier_stop
AMBUJACEM,swing,CNC,2026-07-07 00:00:00,2026-07-13 00:00:00,444.0,432.15,104,-1232.4,-1349.68,-0.41,max_hold_exit
BRITANNIA,swing,CNC,2026-07-07 00:00:00,2026-07-13 00:00:00,5454.0,5348.5,11,-1160.5,-1308.56,-0.39,max_hold_exit
DABUR,swing,CNC,2026-07-07 00:00:00,2026-07-13 00:00:00,451.9,438.9,115,-1495.0,-1624.88,-0.5,max_hold_exit
HINDUNILVR,swing,CNC,2026-07-07 00:00:00,2026-07-13 00:00:00,2200.0,2130.6,25,-1735.0,-1871.37,-0.58,max_hold_exit
GLENMARK,swing,CNC,2026-07-08 00:00:00,2026-07-14 00:00:00,2267.0,2305.1,17,647.7,545.45,0.23,max_hold_exit
HAVELLS,swing,CNC,2026-07-08 00:00:00,2026-07-14 00:00:00,1225.0,1187.3,38,-1432.6,-1550.5,-0.48,max_hold_exit
MPHASIS,swing,CNC,2026-07-08 00:00:00,2026-07-14 00:00:00,2323.0,2372.3,13,640.9,557.19,0.22,max_hold_exit
ICICIGI,swing,CNC,2026-07-10 00:00:00,2026-07-16 00:00:00,1800.0,1666.1642857142858,26,-3479.73,-3596.06,-1.17,chandelier_stop
SWIGGY,swing,CNC,2026-07-10 00:00:00,2026-07-16 00:00:00,284.6,272.96,110,-1280.4,-1364.58,-0.43,max_hold_exit
TECHM,swing,CNC,2026-07-10 00:00:00,2026-07-16 00:00:00,1448.0,1510.3,21,1308.3,1223.43,0.44,max_hold_exit
SBILIFE,swing,CNC,2026-07-13 00:00:00,2026-07-17 00:00:00,1850.0,1829.4,24,-494.4,-608.49,-0.17,max_hold_exit
TATAINVEST,swing,CNC,2026-07-13 00:00:00,2026-07-17 00:00:00,693.85,662.3,66,-2082.3,-2197.85,-0.7,max_hold_exit
BAJAJ-AUTO,swing,CNC,2026-07-14 00:00:00,2026-07-20 00:00:00,10212.5,10522.5,4,1240.0,1132.0,0.43,max_hold_exit
BLUESTARCO,swing,CNC,2026-07-14 00:00:00,2026-07-20 00:00:00,1716.1,1714.3,23,-41.4,-145.01,-0.01,max_hold_exit
HCLTECH,swing,CNC,2026-07-14 00:00:00,2026-07-20 00:00:00,1200.0,1221.3,24,511.2,430.73,0.17,max_hold_exit
JIOFIN,swing,CNC,2026-07-14 00:00:00,2026-07-20 00:00:00,239.7,238.92,194,-151.32,-270.44,-0.05,max_hold_exit
PERSISTENT,swing,CNC,2026-07-14 00:00:00,2026-07-20 00:00:00,5189.9,5188.7,5,-6.0,-79.6,-0.0,max_hold_exit
BIOCON,swing,CNC,2026-07-15 00:00:00,2026-07-21 00:00:00,438.0,440.3,70,161.0,76.76,0.05,max_hold_exit
UNIONBANK,swing,CNC,2026-07-15 00:00:00,2026-07-21 00:00:00,171.21,176.11,220,1078.0,977.24,0.36,max_hold_exit
VOLTAS,swing,CNC,2026-07-15 00:00:00,2026-07-21 00:00:00,1361.9,1359.2,30,-81.0,-187.65,-0.03,max_hold_exit
BANKINDIA,swing,CNC,2026-07-16 00:00:00,2026-07-22 00:00:00,145.3,143.99,218,-285.58,-371.61,-0.1,max_hold_exit
CONCOR,swing,CNC,2026-07-16 00:00:00,2026-07-22 00:00:00,492.0,481.4,74,-784.4,-880.43,-0.26,max_hold_exit
SBICARD,swing,CNC,2026-07-16 00:00:00,2026-07-22 00:00:00,640.35,626.85,56,-756.0,-850.84,-0.25,max_hold_exit
ABB,swing,CNC,2026-07-17 00:00:00,2026-07-23 00:00:00,7667.5,7528.0,4,-558.0,-641.51,-0.19,max_hold_exit
TCS,swing,CNC,2026-07-20 00:00:00,2026-07-24 00:00:00,2280.1,2254.3,14,-361.2,-447.7,-0.12,max_hold_exit
COLPAL,swing,CNC,2026-07-21 00:00:00,2026-07-27 00:00:00,2120.0,2136.6,20,332.0,221.49,0.11,max_hold_exit
HAVELLS,swing,CNC,2026-07-21 00:00:00,2026-07-27 00:00:00,1206.9,1237.4,31,945.5,845.44,0.32,max_hold_exit
INDIANB,swing,CNC,2026-07-21 00:00:00,2026-07-27 00:00:00,856.45,831.25,35,-882.0,-963.64,-0.3,max_hold_exit
LICHSGFIN,swing,CNC,2026-07-21 00:00:00,2026-07-27 00:00:00,553.95,551.75,86,-189.2,-310.81,-0.06,max_hold_exit
PNB,swing,CNC,2026-07-21 00:00:00,2026-07-27 00:00:00,111.7,111.62,393,-31.44,-144.9,-0.01,max_hold_exit
HEROMOTOCO,swing,CNC,2026-07-22 00:00:00,2026-07-28 00:00:00,5050.0,5154.3,11,1147.3,1006.72,0.39,max_hold_exit
IOC,swing,CNC,2026-07-22 00:00:00,2026-07-28 00:00:00,142.45,141.28,333,-389.61,-510.56,-0.13,max_hold_exit
SIEMENS,swing,CNC,2026-07-22 00:00:00,2026-07-28 00:00:00,3685.0,3681.0,9,-36.0,-125.6,-0.01,max_hold_exit
OIL,swing,CNC,2026-07-23 00:00:00,2026-07-29 00:00:00,453.0,447.9,99,-504.9,-619.98,-0.17,max_hold_exit
CUMMINSIND,swing,CNC,2026-07-28 00:00:00,2026-07-31 00:00:00,5605.0,5519.0,8,-688.0,-802.87,-0.24,max_hold_exit
APLAPOLLO,swing,CNC,2026-07-29 00:00:00,2026-07-31 00:00:00,1860.0,1819.5,29,-1174.5,-1309.09,-0.4,max_hold_exit
AUBANK,swing,CNC,2026-07-30 00:00:00,2026-07-31 00:00:00,1040.0,1047.3,34,248.2,153.43,0.08,max_hold_exit
INFY,swing,CNC,2026-07-30 00:00:00,2026-07-31 00:00:00,1168.0,1130.1,29,-1099.1,-1189.17,-0.38,max_hold_exit
JIOFIN,swing,CNC,2026-07-30 00:00:00,2026-07-31 00:00:00,248.75,256.46,156,1202.76,1099.34,0.4,max_hold_exit
JSWSTEEL,swing,CNC,2026-07-30 00:00:00,2026-07-31 00:00:00,1279.1,1270.0,40,-364.0,-493.26,-0.12,max_hold_exit
PIIND,swing,CNC,2026-07-30 00:00:00,2026-07-31 00:00:00,2754.0,2751.2,18,-50.4,-176.45,-0.02,max_hold_exit
SUPREMEIND,swing,CNC,2026-07-30 00:00:00,2026-07-31 00:00:00,3487.7,3465.4,9,-200.7,-286.18,-0.07,max_hold_exit
JUBLFOOD,swing,CNC,2026-07-31 00:00:00,2026-07-31 00:00:00,441.0,438.25,101,-277.75,-392.38,-0.09,max_hold_exit
WIPRO,swing,CNC,2026-07-31 00:00:00,2026-07-31 00:00:00,184.85,183.65,267,-320.4,-445.69,-0.11,max_hold_exit
